⁉️|!?|?|знак|клічнік з пытальнікам|пунктуацыя|пытальнік
ℹ️|даведка|інфармацыя|крыніца інфармацыі
↔️|падвоеная|стрэлка ўлева-ўправа
↕️|падвоеная|стрэлка ўверх-уніз
↖️|кірунак|паўночны захад|стрэлка ўверх-улева|уверх-улева
↗️|кірунак|паўночны ўсход|стрэлка ўверх-управа|уверх-управа
↘️|кірунак|паўднёвы ўсход|стрэлка ўніз-управа|уніз-управа
↙️|кірунак|паўднёвы захад|стрэлка ўніз-улева|уніз-улева
⌨️|камп’ютар|клавішы|клавіятура|перыферыя
☀️|космас|надвор’е|промні|сонца
☁️|воблака|надвор’е|неба|пахмурна
☂️|аксесуар|дождж|надвор’е|парасон
☃️|снегавая баба|снегавік|снегавы балван|холад
☄️|камета|космас
☑️|адзнака|квадрат з птушкай|клетка|птушка
☔|аксесуар|дождж|кропля|надвор’е|парасон з кроплямі дажджу
☕|гарачы|гарбата|кава|напой|чай
☘️|расліна|трыліснік
☠️|косці|монстр|пірат|смерць|чэрап і косці
☢️|знак|небяспека|радыеактыўны|радыяцыя
☣️|біялагічная небяспека|біялагічны|знак|небяспека
☦️|крыж|праваслаўе|праваслаўны крыж|рэлігія|хрысціянства
☸️|будызм|дхарма|кола дхармы|рэлігія
☹️|засмучаны твар|засмучэнне|нахмураны
♈|авен|задыяк|знак задыяка авен
♉|бык|задыяк|знак задыяка цялец|цялец
♐|задыяк|знак задыяка стралец|стралец
♑|задыяк|знак задыяка казярог|казёл|казярог
♒|вадаліў|задыяк|знак задыяка вадалей
♓|задыяк|знак задыяка рыбы|рыба|рыбы
♠️|азарт|віны|гульня|карты|масць|пікі
♣️|гульня|карта|трэфы|хрэсці
♥️|гульня|карты|чырвы
♦️|гульня|звонкі|карты
♨️|гарачыя крыніцы|крыніцы|пара
⚒️|інструмент|кірка|малаток і кірка|шахта
⚓|інструмент|карабель|якар
⚔️|зброя|мячы|скрыжаваныя
⚖️|задыяк|шалі
⚗️|алхімія|інструмент|пасудзіна|перагонны куб|хімія
⚙️|дэталь|інструмент|шасцярня|шасцярэнька
✂️|выразанне|інструмент|нажніцы
✅|белая|вялікая белая птушка|знак|птушка
✈️|пералёт|самалёт|транспарт
✉️|канверт|ліст|пошта|электронная пошта
✒️|асадка|вастрыё|пісьмо|пяро|чорнае пяро
✔️|знак птушкі|птушка
✖️|знак множання|множанне|скасаванне|х
✡️|давід|зорка давіда|іудаізм|рэлігія|яўрэй
✨|*|зорка|іскра|іскры
✳️|*|астэрыск|васьміканцовая|зорачка
✴️|*|васьміканцовая зорка|зорка
❄️|надвор’е|снег|сняжынка|халодны
❇️|*|іскра
❓|?|знак|пунктуацыя|пытальнік|пытанне
❔|?|белы пытальнік|знак|контур|пунктуацыя|пытанне
❕|!|белы клічнік|вокліч|знак|контур|пунктуацыя
❗|!|вокліч|знак|клічнік|пунктуацыя|чырвоны клічнік
❣️|знак прыпынку|клічнік у форме сэрца|сэрца
❤️|сэрца|чырвонае сэрца
➕|+|знак складання|матэматыка|плюс|складанне
➖|-|−|адніманне|знак аднімання|матэматыка|мінус
➗|÷|дзяленне|знак дзялення|матэматыка
⤴️|кірунак|стрэлка ўправа з паваротам уверх|уверх
⤵️|кірунак|стрэлка ўправа з паваротам уніз|уніз
〰️|працяжнік|пунктуацыя|хвалісты
㊗️|віншаванні|віншую|вітанні|ідэаграма «віншаванні» ў квадраце|кітайскае|пісьмо|японскае
㊙️|ідэаграма «сакрэтна» ў крузе|кітайскае|пісьмо|сакрэтна|японскае
🥹|горды|засмучаны|злы|плача|стрымлівае слёзы|стрымліваецца
🧌|казка|пачвара|троль|фантастычны
🩻|доктар|косткі|медыцына|рэнтген|шкілет
🩼|апора для хадзьбы|інваліднасць|калецтва|кастыль|кій|мыліца|палка
🪩|блікі|вечарына|гулянка|дыскатэка|люстраны шар|танцы
🪪|бяспека|дакумент|пасведчанне асобы
🪫|нізкі зарад|электроніка
🪬|амулет|ахова|марыя|мірыям|рука|фатыма|хамса
🪷|будызм|в’етнам|індуізм|індыя|кветка|лотас|чысціня
🪸|акіян|карал|рыф
🪹|гнездаванне|пустое гняздо
🪺|гнездаванне|гняздо з яйкамі
🫃|жывот|поўны|раздзьмуты|цяжарны мужчына
🫄|жывот|поўны|раздзьмуты|цяжарны чалавек
🫅|вялікасць|знаць|кароль|манарх|цар|чалавек з каронай
🫗|ліць вадкасць|напой|пустая|разліваць|шклянка
🫘|бабовыя|боб|ежа|нырка
🫙|ёмістасць|крама|прыправа|пустая|слоік|соус
🫠|вадкі|знікае|растае|раствараецца|твар растае
🫡|аддаць чэсць|вайсковец|вясёлы|салют|так|твар салютуе
🫢|захоплены|зачараваны|збянтэжаны|здзіўлены|недаверлівы|спалоханы|твар з расплюшчанымі вачыма і закрытым рукой ротам
🫣|закрыты твар падглядае адным вокам|зачараваны|падглядаць|утаропіцца
🫤|незадаволены|няўпэўнены|расчараваны|скептычны|твар са скошаным ротам|хм
🫥|дэпрэсіўны|знікае|інтраверт|невідзімка|твар, намаляваны пункцірам|хаваецца
🫦|дыскамфорт|закусванне губы|нервовасць|неспакой|страх|трывога|флірт
🫧|бурбалкі|газы|мыла|пад вадой|чысціня
🫰|грошы|дорага|каханне|пстрычка|рука са скрыжаванымі вялікім і ўказальным пальцамі|сэрца
🫱|направа|права|рука
🫲|лева|налева|рука
🫳|адпусціць|кінуць|прэч|псік|рука далонню ўніз
🫴|лавіць|падазваць|падзываць|падыдзі|прапанова|рука далонню ўверх|хадзі сюды
🫵|ты|указальны палец накіраваны на гледача|указанне
🫶|каханне|любоў|рукі ў форме сэрца
🛝|гульня|дзіцячая горка|парк адпачынку
🛞|абарот|кола|круг|пакрышка|шына
🛟|бяспека|круг|ратавальны круг|ратавальны сродак|ратаванне|сродак ратавання
🟰|матэматыка|роўнасць|тоўсты знак роўнасці
😀|зубы|усмешка|шырока ўсміхаецца
😃|адкрыты|рот|усмешка|усміхаецца з адкрытым ротам
😄|вочы|рот|усмешка|усміхаецца, адкрыўшы рот і прыплюшчыўшы вочы
😁|вочы|зубы|усмешка|шырока ўсміхаецца, прыплюшчыўшы вочы
😆|адкрыты|задаволены|рот|смех|смяецца, адкрыўшы рот і заплюшчыўшы вочы
😅|пот|усмешка|усміхаецца адкрытым ротам з халодным потам на лбе|халодны
🤣|качацца|качаюся са смеху|смех
😂|зубы|слёзы шчасця|смех|шчасце
🙂|злёгку ўсміхаецца|усмешка
🙃|дагары нагамі|твар
😉|падморгвае|падморгванне|твар
😊|вочы|румянец|усмешка|усміхаецца, прыплюшчыўшы вочы
😇|анёл|арэол|казачны|німб|нявінны|твар з німбам|усмешка
🥰|закаханасць|захапленне|каханне|твар з трыма сэрцамі ўсміхаецца|улюбёнасць
😍|закаханы твар|каханне|сэрца|усмешка
🤩|вочы|зорка|твар з зоркамі|ухмылка
😘|паветраны пацалунак|падморгванне|пацалунак|сэрца
😗|пацалунак|цалуе
☺️|спакойны|усмешка|усмешлівы твар|усміхаецца
😚|губы|заплюшчаныя вочы|пацалунак|цалуе, заплюшчыўшы вочы
😙|вочы|пацалунак|усмешка|цалуе, прыплюшчыўшы вочы
🥲|гордасць|палёгка|расчулены|сляза|удзячнасць|усмешка|усмешлівы твар са слязой
😋|гам|смакаванне|смачна|усмешка
😛|гарэза|паказвае язык|язык
😜|вочы|жарт|падморгванне|паказвае язык і падморгвае|язык
🤪|вар’яцкі твар|вока|вялікае|маленькае
😝|вочы|гарэза|паказвае язык, заплюшчыўшы вочы|смак|язык
🤑|грошы|рот|скнара|чую грошы
🤗|абдымае|абдымкі|твар
🤭|закрывае рукой рот|ой
🤫|ціха|цыц|шыкае|шыканне
🤔|гм|развага|роздум|у роздуме
🤐|замок|маўчу|рот на замок
🤨|не верыць|скептычны|твар з узнятым брывом
😐|абыякавы|нейтральны твар
😑|без эмоцый|каменны|невыразны
😶|маўклівы|рот|твар без рота|ціхі
😶‍🌫️|галава ў аблоках|рассеяны|твар у аблоках|твар у тумане
😏|усмешка|ухмылка|ухмыляецца
😒|зануда|незадаволены твар|нудны
🙄|вочы|закочвае вочы|закочванне|толькі не гэта
😬|грымаса|перакошаны|скрыўлены твар
😮‍💨|выдых|палёгка|перахапіла дыханне|свіст|твар выдыхае|уздых|шэпт
🤥|пінокіа|твар хлуса|хлусня
😌|адчувае палёгку|палёгка|як добра
😔|задуменны твар|засмучаны
😪|санлівасць|сонны твар
🤤|пускае сліну|пускаць|сліна
😴|сон|спіць|хррр
😷|доктар|маска|медыцына|твар у медыцынскай масцы|хворы
🤒|прастуда|твар з тэрмометрам|тэрмометр|хворы
🤕|выцятае месца|павязка|твар з павязкай на галаве|траўма
🤢|моташна|нудзіць|твар
🤮|ванітуе|ваніты|твар
🤧|твар|чхае
🥵|гарачы твар|горача|ліхаманка|перагрэў|пот|чырвоны твар
🥶|замярзае|змерзлы твар|ільдзінкі|мароз|сіні твар|холадна
🥴|адурманены|ап’янелы твар|нецвярозы|п’яны|перакошаны рот|разбягаюцца вочы
😵|галава круціцца|галавакружэнне|заблытаны
😵‍💫|адурманены|гіпноз|загіпнатызаваны|ого|спіраль|твар з вачыма-спіралямі|турботы
🤯|галава выбухае|шакіраваны
🤠|капялюш|каўбой у капелюшы
🥳|вечарына|дудка|капялюш|свята|святкуе
🥸|акуляры|інкогніта|маскіроўка|нос|твар пад маскіроўкай
😎|акуляры|круты|сонца|усмешка|усміхаецца ў сонечных акулярах
🤓|батан|гік|задрот|нёрд
🧐|напышлівы|твар з маноклем
😕|азадачаны|збіты з панталыку|разгублены твар
😟|занепакоены твар|устрывожаны
🙁|засмучэнне|злёгку засмучаны твар|нахмураны
😮|адкрыты|рот|спачуванне|твар з адкрытым ротам
😯|ашаломлены|здзіўлены|змоўклы|твар
😲|здзіўлены твар|цалкам|шакіраваны
😳|аслупянелы твар|збянтэжаны твар|здранцвелы твар
🥺|моліць|просіць|умольвае|шчанячы позірк
😦|адкрыты|засмучаны твар з адкрытым ротам|засмучэнне|нахмураны|рот
😧|пакута|пакутлівы твар|туга
😨|жах|напалоханы твар|напужаны|страх
😰|пот|рот|сіні|стома|твар з адкрытым ротам і халодным потам на лбе
😥|вух|палёгка|расчараванне з палёгкай|расчараваны
😢|плача|слёзы|сумны
😭|плача ўголас|рыданне|слёзы|сумны
😱|жах|крык|напалоханы|спалохана крычыць|страх
😖|безвыходнасць|бязвыхадны|гамон|тупік
😣|настойваць|упартасць|упарты твар
😞|засмучэнне|расчараванне|расчараваны твар
😓|няёмкасць|пот|халодны пот на твары
😩|змораны твар|стомлены
😫|стомлены твар
🥱|нуда|пазяхае|пазяханне|стома
😤|пара з носа|пераможца|трыумф|упартасць
😡|злы|лютасць|надзьмуты твар|чырвоны
😠|злуецца|злы|люты|шалёны
🤬|лаецца|твар са знакамі на роце
😈|казачны|рагацік з усмешкай|рогі|усмешка
👿|д’ябал|дэман|злы рагаты чорт|казачны|нячысцік|чорт
💀|казачны|монстр|смерць|чэрап
💩|какашка|камічны|фекаліі|фу
🤡|клоун|твар клоуна
👹|казачны|людажэр|монстр|стварэнне|японскі
👺|гоблін|казачны|монстр|стварэнне|японскі
👻|бу|казачны|монстр|прывід|стварэнне
👽|іншапланецянін|космас|нла|пазаземны|стварэнне
👾|космас|монстр-іншапланецянін|пазаземны|стварэнне
🤖|монстр|паўстанне машын|робат
😺|адкрыты|кот усміхаецца, адкрыўшы рот|рот|усмешка
😸|вочы|зубы|кот шырока ўсміхаецца, прыплюснуўшы вочы|усмешка
😹|зубы|кот плача ад шчасця|слёзы|смех
😻|закаханы кот|каханне|кот|сэрца|усмешка
😼|іранічны|кот са скрыўленай усмешкай|скрыўлены|усмешка
😽|вочы|кот цалуе, закрыўшы вочы|кот цалуе, заплюшчыўшы вочы|пацалунак
🙀|здзіўлены|змораны|кот|ох
😿|кот плача|плач|слёзы|сумны
😾|кот|крыўда|надзьмуты
🙈|бачыць|жэст|забаронена|малпа|нічога не бачу
🙉|жэст|забаронена|малпа|нічога не чую|чуць
🙊|жэст|забаронена|малпа|нічога не скажу|размаўляць
💋|губы|пацалунак|след ад пацалунку
💌|каханне|ліст|любоўны ліст|пошта|сэрца
💘|купідон|страла ў сэрцы|сэрца
💝|валянцінка|стужка|сэрца са стужачкай
💖|бліскучае сэрца|бляск|захапленне|зіхаценне|сэрца
💗|біццё|захапленне|сэрца, якое павялічваецца|хваляванне
💓|біццё|пульсуючае сэрца|сэрцабіцце|хваляванне
💞|кручэнне|сэрцы, якія круцяцца
💕|два сэрцы|каханне|сэрцы
💟|стылізаванае сэрца|сэрца
💔|разбітае|расчараванне|сэрца
❤️‍🔥|агонь|жаданне|каханне|святое сэрца|сэрца ў агні
❤️‍🩹|аднаўленне|выздараўленне|загойванне|лепей|паляпшэнне|папраўленне|сэрца загойваецца
🧡|аранжавае сэрца|аранжавы
💛|жоўтае сэрца|жоўты|сэрца
💚|зялёнае сэрца|зялёны|сэрца
💙|сіні|сіняе сэрца|сэрца
💜|сэрца|фіялетавае сэрца|фіялетавы
🤎|карычневае|сэрца
🖤|злосць|сэрца|чорнае
🤍|белае|сэрца
💯|100|ачкоў|максімум|сто
💢|злы|камічны|раздражненне|сімвал злосці|шалёны
💥|бабах|бум|выбух|камічны
💫|галавакружэнне|зоркі|камічны|прытомнасць
💦|камічны|пот|пырскі поту
💨|бег|знікненне|камічны|рывок
🕳️|дзірка
💣|бомба|камічны
💬|бурбалка|воблачка з тэкстам|дыялог|камічны
👁️‍🗨️|бурбалка з тэкстам|вока ў бурбалцы|сведка
🗨️|бурбалка з тэкстам злева|дыялог|маўленне
🗯️|бурбалка з абурэннем справа|воблачка|злы|шалёны
💭|бурбалка|воблачка з думкамі|думкі|камічны
💤|камічны|сон|храп
👋|вітаю|махае рукой|маханне|рука
🤚|далонь|паднятая
🖐️|паднятая рука з растапыранымі пальцамі|пальцы|растапырванне|рука
✋|паднятая рука|рука|стоп|цела
🖖|вулканскі салют|жэст|спок|стартрэк
👌|добра|жэст «ок»|ок|рука
🤌|жэст рукі|зведзеныя|пальцы|пытанне|сарказм|шчыпок
🤏|маленькая колькасць|тры пальцы
✌️|жэст перамогі|рука
🤞|скрыжаваныя пальцы|удача
🤟|ily|жэст «люблю цябе»|рука
🤘|жыве рок|жэст «каза»|пальцы|рогі|цела
🤙|жэст|пазвані мне|рука
👈|налева|палец|рука з указальным пальцам улева|указальны палец улева|цела
👉|направа|палец|рука з указальным пальцам управа|указальны палец управа|цела
👆|палец|рука з указальным пальцам уверх|угару|указальны палец уверх|цела
🖕|палец|рука|сярэдні палец|цела
👇|палец|рука з указальным пальцам уніз|указальны палец уніз|уніз|цела
☝️|палец|рука|угару|указальны палец уверх|цела
👍|+1|вялікі палец уверх|лайк|падабайка|палец|уверх
👎|-1|вялікі палец уніз|дызлайк|палец|уніз
✊|кулак|падняты кулак|рука|рэвалюцыя|удар
👊|кулак|ляціць кулак|небяспека|рука|удар
🤛|кулак|улева
🤜|кулак|управа
👏|авацыі|апладысменты|пляскае ў ладкі|плясканне|рука
🙌|жэст|рукі|свята|ура|чалавек паднімае рукі
👐|адкрытыя|бяспека|рукі
🤲|моліцца|складзеныя разам далоні
🤝|дамовіліся|поціск рук|рукапацісканне|сустрэча
🙏|жэст|калі ласка|малітва|просьба|рукі|складзеныя рукі
✍️|асадка|пісьмо|пішучая рука|рука|ручка
💅|догляд|касметыка|лак для ногцяў|ногці|рука
🤳|сэлфі|тэлефон|фота
💪|біцэпс|дэманстрацыя біцэпса|мышцы|спорт|цела
🦾|асаблівыя фізічныя патрэбы|інваліднасць|механічная рука|пратэз
🦿|асаблівыя фізічныя патрэбы|інваліднасць|механічная нага|пратэз
🦵|выспятак|канечнасць|нага
🦶|выспятак|ступня
👂|вуха|слых|цела
🦻|асаблівыя фізічныя патрэбы|вуха са слыхавым апаратам|дрэнны слых|інваліднасць
👃|нос|нюх|цела
🧠|мозг|разумны
🫀|кардыялогія|орган|пульс|сэрцабіцце|цэнтр
🫁|выдых|дыханне|лёгкія|орган|подых|удых
🦷|зуб|стаматолаг
🦴|косць|шкілет
👀|вока|вочы|твар
👁️|вока|зрок
👅|смак|цела|язык
👄|губы|рот
👶|малеча|немаўля
🧒|дзіця|малады|невядомы пол|нявызначаны пол
👦|дзіця|мужчына|хлопчык
👧|дзева|дзіця|дзяўчынка|жанчына|задыяк|малышка
🧑|дарослы чалавек|няпэўнага полу
👱|бялявы чалавек
👨|мужчына
🧔|барада|чалавек з барадой
🧔‍♂️|барада|мужчына: барада
👱‍♂️|бландзін|бялявы|мужчына
👩|жанчына
🧔‍♀️|барада|жанчына: барада
👱‍♀️|бландзінка|бялявая|жанчына
🧓|няпэўнага полу|у гадах|чалавек сталага ўзросту
👴|дзядуля|мужчына|стары
👵|бабуля|жанчына|старая
🙍|жэст|засмуціцца|засмучаны чалавек
🙍‍♂️|жэст|засмучаны|мужчына
🙍‍♀️|жанчына|жэст|засмучаная
🙎|жэст|крыўда|надзьмуты чалавек
🙎‍♂️|жэст|крыўда|мужчына|надзьмуты
🙎‍♀️|жанчына|жэст|крыўда|надзьмутая
🙅|жэст|забаронена|рука|супраць|чалавек супраць
🙅‍♂️|жэст|мужчына|нязгода|супраць
🙅‍♀️|жанчына|жэст|нязгода|супраць
🙆|добра|жэст|згода|ок|чалавек за|чалавек паказвае згоду
🙆‍♂️|добра|жэст|мужчына за|мужчына паказвае згоду|ок
🙆‍♀️|добра|жанчына за|жанчына паказвае згоду|жэст|ок
💁|бойкі|дапамога|інфармацыя|рука|чалавек трасе рукой
💁‍♂️|бойкі|мужчына працягвае руку|мужчына трасе рукой|трасе рукой
💁‍♀️|бойкая|жанчына трасе рукой|жанчына цягне руку|трасе рукой
🙋|жэст|паднятая рука|радасны|рука|чалавек цягне руку
🙋‍♂️|жэст|мужчына цягне руку|цягне руку
🙋‍♀️|жанчына цягне руку|жэст|цягне руку
🧏|вуха|глухі чалавек|даступнасць|слых
🧏‍♂️|глухі|мужчына
🧏‍♀️|глухая|жанчына
🙇|выбачэнне|кланяцца|прабач|чалавек кланяецца
🙇‍♂️|жэст|мужчына нізка кланяецца|павага|прабач
🙇‍♀️|жанчына нізка кланяецца|жэст|павага|прабач
🤦|далонь на твары|не магу паверыць|няма слоў|рука|твар|фэйспалм
🤦‍♂️|мужчына з далонню на твары|не магу паверыць|няма слоў|рука|фэйспалм
🤦‍♀️|жанчына з далонню на твары|не магу паверыць|няма слоў|рука|фэйспалм
🤷|не ведаю|паціскае плячыма
🤷‍♂️|мужчына паціскае плячыма|не ведаю|сумнеў|усё роўна
🤷‍♀️|жанчына паціскае плячыма|не ведаю|сумнеў|усё роўна
🧑‍⚕️|ахова здароўя|доктар|медсястра|медыцынскі работнік|тэрапеўт
👨‍⚕️|ахова здароўя|доктар|мужчына|тэрапеўт
👩‍⚕️|ахова здароўя|доктарка|жанчына|тэрапеўт
🧑‍🎓|выпускнік|навучэнец|студэнт
👨‍🎓|выпускнік|мужчына|студэнт
👩‍🎓|выпускніца|жанчына|студэнтка
🧑‍🏫|выкладчык|настаўнік|прафесар
👨‍🏫|выкладчык|мужчына|настаўнік|прафесар
👩‍🏫|выкладчыца|жанчына|настаўніца|прафесар
🧑‍⚖️|суддзя|шалі
👨‍⚖️|мужчына|правасуддзе|суддзя-мужчына|шалі
👩‍⚖️|жанчына|суддзя-жанчына|шалі
🧑‍🌾|агароднік|аграрый|фермер
👨‍🌾|агароднік|мужчына|фермер
👩‍🌾|агародніца|жанчына|фермерка
🧑‍🍳|кухар|повар|шэф
👨‍🍳|кухар|мужчына|шэф-повар
👩‍🍳|жанчына|кухарка|шэф-кухар
🧑‍🔧|майстар|механік|сантэхнік|электрык
👨‍🔧|майстар|механік|мужчына-механік|сантэхнік|электрык
👩‍🔧|жанчына-механік|майстрыха|механік|сантэхнік|электрык
🧑‍🏭|завадчанін|завод|мужчына|прамыслоўца|працаўнік
👨‍🏭|завод|мужчына|прамыслоўца|працаўнік завода
👩‍🏭|жанчына|завод|прамысловасць|працаўніца завода
🧑‍💼|белы каўнер|бізнес|менеджар|офіс|службовец
👨‍💼|белы каўнер|бізнес|менеджар|мужчына|офіс|служачы
👩‍💼|белы каўнер|бізнес|жанчына|менеджар|офіс|служачая
🧑‍🔬|біёлаг|навуковец|фізік|хімік
👨‍🔬|біёлаг|вучоны|мужчына|навуковец|фізік|хімік
👩‍🔬|біёлаг|вучоная|жанчына-навуковец|фізік|хімік
🧑‍💻|камп’ютаршчык|праграміст|распрацоўшчык|тэхнік
👨‍💻|камп’ютаршчык|мужчына|праграміст|распрацоўшчык|тэхнік
👩‍💻|жанчына-тэхнік|камп’ютаршчык|камп’ютаршчыца|праграмістка|распрацоўшчыца
🧑‍🎤|зорка|пяюн|рок|спеў|спявак|эстраднік
👨‍🎤|зорка|мужчына|рок|спеў|спявак|эстраднік
👩‍🎤|жанчына|зорка|рок|спеў|спявачка|эстрадніца
🧑‍🎨|жывапісец|мастак|палітра
👨‍🎨|мастак|мужчына|палітра|пэндзаль
👩‍🎨|жанчына|мастачка|палітра|пэндзаль
🧑‍✈️|пілот|самалёт
👨‍✈️|мужчына-пілот|пілот|самалёт
👩‍✈️|жанчына-пілот|пілот|самалёт
🧑‍🚀|астранаўт|касманаўт|ракета
👨‍🚀|касманаўт|космас|мужчына|ракета
👩‍🚀|жанчына|касманаўтка|космас|ракета
🧑‍🚒|пажарная машына|пажарны
👨‍🚒|мужчына|пажарная машына|пажарнік
👩‍🚒|жанчына-пажарны|пажарная машына|пажарніца
👮|афіцэр|паліцыянт
👮‍♂️|афіцэр|мужчына|паліцыянт|паліцэйскі
👮‍♀️|афіцэр|жанчына-паліцыянт|паліцыянт|паліцэйская
🕵️|дэтэктыў|сышчык|шпіён
🕵️‍♂️|дэтэктыў|мужчына|сышчык|шпіён
🕵️‍♀️|дэтэктыў|жанчына|сышчыца|шпіёнка
💂|ахоўнік|варта|ганаровая варта|гвардыя
💂‍♂️|ахоўнік|ганаровая варта|гвардыя|каравульны|мужчына
💂‍♀️|ахоўніца|ганаровая варта|гвардыя|жанчына
🥷|баец|ніндзя|нябачны|схаваны
👷|будаўнік|будаўніцтва|каска|рабочы
👷‍♂️|будаўніцтва|мужчына-будаўнік|рабочы
👷‍♀️|будаўніца|будаўніцтва|жанчына|работніца
🤴|прынц
👸|казачны|карона|прынцэса|фантазія
👳|турбан|чалавек у турбане
👳‍♂️|мужчына ў турбане|турбан
👳‍♀️|жанчына ў турбане|турбан
👲|мужчына ў кітайскай шапачцы|цын|цюбецейка|шапка
🧕|жанчына ў хустцы|мантылья|хіджаб|хустка|ціхль
🤵|жаніх|мужчына ў смокінгу|смокінг|чалавек у смокінгу
🤵‍♂️|мужчына ў смокінгу|смокінг
🤵‍♀️|жанчына ў смокінгу|смокінг
👰|вэлюм|вяселле|нявеста ў вэлюме
👰‍♂️|вэлюм|вяселле|мужчына ў вэлюме
👰‍♀️|вэлюм|вяселле|жанчына ў вэлюме
🤰|цяжарная
🤱|грудзі|дзіця|кармленне|кормячая маці
👩‍🍼|дзіця|жанчына корміць дзіця|кармленне
👨‍🍼|дзіця|кармленне|мужчына корміць дзіця
🧑‍🍼|дзіця|кармленне|чалавек корміць дзіця
👼|анёлак|дзіця|казачны|німб
🎅|дзед мароз|каляды|раство|санта клаус|свята
🤶|каляды|місіс клаус|новы год|снягурка
🧑‍🎄|клаус, каляды, раство|спадарыня клаус
🦸|гераіня|герой|дабро|супергерой|суперсіла
🦸‍♂️|герой|дабро|мужчына-супергерой|суперсіла
🦸‍♀️|гераіня|герой|дабро|жанчына-супергерой|суперсіла
🦹|злачынца|зло|ліхадзей|суперзлачынца|суперсіла
🦹‍♂️|злачынца|зло|ліхадзей|мужчына|суперзлачынец|суперсіла
🦹‍♀️|жанчына|злачынца|зло|ліхадзей|суперзлачынка|суперсіла
🧙|ведзьма|вядзьмак|чараўнік|чараўніца
🧙‍♂️|вядзьмак|чарадзей|чараўнік
🧙‍♀️|ведзьма|чарадзейка|чараўніца
🧚|абэрон|пак|тытанія|фея
🧚‍♂️|абэрон|мужчына-фея|пак
🧚‍♀️|жанчына-фея|тытанія
🧛|бессмяротны|вампір|дракула
🧛‍♂️|бессмяротны|дракула|мужчына-вампір
🧛‍♀️|бессмяротны|вампірка
🧜|жанчына|мужчына|русалка|русалкі
🧜‍♂️|мужчына-русалка|трытон
🧜‍♀️|жанчына-русалка|русалка
🧝|казачныя|эльф
🧝‍♂️|казачны|мужчына-эльф
🧝‍♀️|казачная|эльфійка
🧞|джын
🧞‍♂️|джын|мужчына-джын
🧞‍♀️|джын|жанчына-джын
🧟|жывы мярцвяк|зомбі
🧟‍♂️|жывы мярцвяк|мужчына-зомбі
🧟‍♀️|жанчына-зомбі|жывы мярцвяк
💆|масаж|салон|твар|чалавека масажуюць
💆‍♂️|масаж|мужчына|мужчыну масажуюць|твар
💆‍♀️|жанчына|жанчыну масажуюць|масаж|твар
💇|нажніцы|прыгажосць|стрыгчыся|цырульнік|чалавеку стрыгуць валоссе
💇‍♂️|валоссе|мужчына|мужчыне стрыгуць валоссе|нажніцы|цырульня
💇‍♀️|валоссе|жанчына|жанчыне стрыгуць валоссе|нажніцы|цырульня
🚶|пешшу|хадзьба|чалавек ідзе|шпацыраваць
🚶‍♂️|мужчына ідзе|пешшу|хадзьба|шпацыраваць
🚶‍♀️|жанчына ідзе|пешшу|хадзьба|шпацыраваць
🧍|стаяць|стойма|чалавек стаіць
🧍‍♂️|мужчына|стаіць
🧍‍♀️|жанчына|стаіць
🧎|кленчыць|стаяць на каленях|чалавек на каленях
🧎‍♂️|мужчына стаіць на каленях|стаіць на каленях
🧎‍♀️|жанчына стаіць на каленях|стаіць на каленях
🧑‍🦯|асаблівыя фізічныя патрэбы|інваліднасць|сляпы|чалавек з палкай
👨‍🦯|асаблівыя фізічныя патрэбы|інваліднасць|мужчына з палкай|сляпы
👩‍🦯|асаблівыя фізічныя патрэбы|жанчына з палкай|інваліднасць|сляпы
🧑‍🦼|асаблівыя фізічныя патрэбы|інваліднасць|інвалідная каляска|чалавек у інваліднай калясцы з маторам
👨‍🦼|асаблівыя фізічныя патрэбы|інваліднасць|інвалідная каляска|мужчына ў інваліднай калясцы з маторам
👩‍🦼|асаблівыя фізічныя патрэбы|жанчына ў інваліднай калясцы з маторам|інваліднасць|інвалідная каляска
🧑‍🦽|асаблівыя фізічныя патрэбы|інваліднасць|інвалідная каляска|чалавек у калясцы з ручным прывадам
👨‍🦽|асаблівыя фізічныя патрэбы|інваліднасць|інвалідная каляска|мужчына ў калясцы з ручным прывадам
👩‍🦽|асаблівыя фізічныя патрэбы|жанчына ў калясцы з ручным прывадам|інваліднасць|інвалідная каляска
🏃|бег|марафон|чалавек бяжыць
🏃‍♂️|бег|марафон|мужчына бяжыць|спорт
🏃‍♀️|бег|жанчына бяжыць|марафон|спорт
💃|жанчына|танцорка|танцы
🕺|танцор
🕴️|бізнес|касцюм|мужчына ў дзелавым касцюме левітуе
👯|вуха|жанчыны|заяц|людзі весяляцца|танцор
👯‍♂️|вечарына|заечыя вушы|мужчыны весяляцца|танцор
👯‍♀️|вечарына|жанчыны весяляцца|заечыя вушы|танцорка
🧖|лазня|сауна|чалавек у лазні
🧖‍♂️|лазня|мужчына ў лазні|сауна
🧖‍♀️|жанчына ў лазні|лазня|сауна
🧗|альпініст|чалавек падымаецца на гару
🧗‍♂️|альпініст|мужчына падымаецца на гару
🧗‍♀️|альпіністка|жанчына падымаецца на гару
🤺|рапіра|спорт|фехтавальшчык|фехтаванне|чалавек
🏇|бегавы конь|гонкі|жакей|конь|скачкі
⛷️|лыжнік|лыжныя палкі|лыжы|снег|спорт
🏂|снаўбардыст|снаўборд|снег|спорт
🏌️|гольф|мяч|чалавек гуляе ў гольф
🏌️‍♂️|гольф|мужчына гуляе ў гольф
🏌️‍♀️|гольф|жанчына гуляе ў гольф
🏄|дошка|сёрфінг|хвалі
🏄‍♂️|мужчына|сёрфінг|серфінгіст
🏄‍♀️|жанчына|сёрфінг|серфінгістка
🚣|веславанне|вёслы|лодка|човен
🚣‍♂️|веславанне|вясляр|лодка|мужчына|човен
🚣‍♀️|веславанне|вяслярка|жанчына|лодка|човен
🏊|плаванне|чалавек плыве
🏊‍♂️|мужчына|плаванне|плывец
🏊‍♀️|жанчына|плаванне|плыўчыха
⛹️|гульня|мяч|чалавек з мячом
⛹️‍♂️|гульня|мужчына з мячом|мяч
⛹️‍♀️|гульня|жанчына з мячом|мяч
🏋️|атлетыка|цяжкая|чалавек са штангай|штанга
🏋️‍♂️|атлетыка|мужчына|цяжкаатлет|цяжкая|штанга
🏋️‍♀️|атлетыка|жанчына|цяжкаатлетка|цяжкая|штанга
🚴|веласіпед|педалі|ровар|чалавек на веласіпедзе
🚴‍♂️|веласіпедыст|мужчына|педалі|ровар
🚴‍♀️|веласіпедыстка|жанчына|педалі|ровар
🚵|веласіпед|гара|горнік|ровар|чалавек на горным веласіпедзе
🚵‍♂️|веласіпед|гара|горнік|мужчына на горным веласіпедзе|ровар
🚵‍♀️|веласіпед|гара|горнік|жанчына на горным веласіпедзе|ровар
🤸|акрабатыка|гімнастыка|кола|спорт|ходзіць колам|чалавек
🤸‍♂️|акрабатыка|гімнастыка|кола|мужчына ходзіць колам|спорт
🤸‍♀️|акрабатыка|гімнастыка|жанчына ходзіць колам|кола|спорт
🤼|барацьба|барцы|спорт|чалавек
🤼‍♂️|барацьба мужчын|мужчына|спорт
🤼‍♀️|барацьба|жанчына|жанчыны-барцы|спорт
🤽|воднае|пола|спорт|чалавек
🤽‍♂️|воднае|мужчына гуляе ў воднае пола|пола|спорт
🤽‍♀️|воднае|жанчына гуляе ў воднае пола|пола|спорт
🤾|гандбол|мяч|спорт|чалавек
🤾‍♂️|гандбаліст|гандбол|мужчына|спорт
🤾‍♀️|гандбалістка|гандбол|жанчына|спорт
🤹|жанглёр|раўнавага|умельства|шматзадачнасць
🤹‍♂️|жангліраванне|мужчына жангліруе|умельства|шматзадачнасць
🤹‍♀️|жанглёрка|жангліраванне|жанчына|умельства|шматзадачнасць
🧘|ёга|медытацыя|чалавек у позе лотаса
🧘‍♂️|ёга|медытацыя|мужчына ў позе лотаса
🧘‍♀️|ёга|жанчына ў позе лотаса|медытацыя
🛀|вада|ванна|чалавек прымае ванну
🛌|гатэль|сон|чалавек у ложку
🧑‍🤝‍🧑|людзі трымаюцца за рукі|пара|рукі|трымацца за рукі|трымаць|чалавек
👭|жанчына|жанчыны трымаюцца за рукі|пара|рука|трымаць
👫|жанчына|мужчына і жанчына трымаюцца за рукі|пара|рука
👬|блізнюкі|задыяк|мужчына|мужчыны трымаюцца за рукі|пара
💏|каханне|пара|пацалунак
💑|закаханая пара|каханне|пара|сэрца
👪|сям’я
🗣️|гаворачая галава|гаворачы|галава|сілуэт|твар
👤|бюст|сілуэт бюста
👥|бюст|сілуэты бюстаў
🫂|абдымкі|бывай|вітаю|дзякуй|людзі абдымаюцца
👣|адбітак|сляды ног|цела
🐵|малпа|пыска малпы|твар
🐒|малпа
🦍|гарыла
🦧|арангутан|малпа
🐶|дамашні пястун|пыска|сабака|сабачая пыска
🐕|дамашні пястун|сабака
🦮|асаблівыя фізічныя патрэбы|інваліднасць|павадыр|сабака-павадыр|сляпы
🐕‍🦺|асаблівыя фізічныя патрэбы|дапамога|інваліднасць|сабака|служба|службовы сабака
🐩|пудзель|сабака
🐺|воўк|пыска
🦊|ліса|пыска
🦝|хітры|цікаўны|янот
🐱|дамашні пястун|каціная пыска|кот|пыска
🐈|дамашні пястун|кот
🐈‍⬛|кот|няўдача|чорны
🦁|задыяк|леў|пыска
🐯|пыска тыгра|тыгр
🐅|тыгр
🐆|леапард
🐴|конь|пыска каня
🐎|гонкі|конь|скакавы конь
🦄|аднарог|пыска аднарога
🦓|зебра|палоскі
🦌|алень
🦬|бізон|буйвал|зубр|статак
🐮|карова|пыска каровы
🐂|бык|задыяк|цялец
🐃|буйвал|вада|вадзяны буйвал
🐄|карова
🐷|пыска свінні|свіння
🐖|свіння
🐗|дзік|свіння
🐽|пыска|пятачок|свіння|свіны пятачок
🐏|авен|авечка|баран|задыяк
🐑|авечка
🐐|задыяк|казёл|казярог
🐪|аднагорбы|вярблюд|горб|драмадэр|пустыня
🐫|вярблюд|горб|двухгорбы|пустыня
🦙|альпака|вікунья|воўна|гуанака|лама
🦒|жыраф|плямы
🐘|слон
🦣|бівень|вымерлы|вялікі|мамант|поўсць
🦏|жывёла|насарог
🦛|бегемот|гіпапатам
🐭|мышыная пыска|пыска
🐁|мыш
🐀|пацук
🐹|дамашні пястун|пыска хамяка|хамяк
🐰|дамашні пястун|заечая пыска|заяц|пыска|трус
🐇|дамашні пястун|заяц|трус
🐿️|бурундук|вавёрка
🦫|бабёр|плаціна
🦔|вожык|калючкі
🦇|вупар|кажан|лятак
🐻|мядзведжая пыска|мядзведзь|пыска
🐻‍❄️|арктыка|белы мядзведзь|мядзведзь|палярны
🐨|каала|мядзведзь
🐼|панда|пыска панды
🦥|лянівец|лянівы|павольны
🦦|выдра|гуллівая|ловіць|рыбу
🦨|скунс|смурод
🦘|аўстралія|кенгуронак|кенгуру|скачок|сумчатае
🦡|барсук|медаед
🐾|адбітак|лапа|след|сляды лап
🦃|індычка|птушка
🐔|курыца|птушка
🐓|певень|птушка
🐣|вылупліванне|дзіцяня|кураня вылупліваецца
🐤|дзіцяня|кураня
🐥|дзіцяня|кураня спераду
🐦|птушка
🐧|пінгвін|птушка
🕊️|голуб|мір|палёт|птушка
🦅|арол|птушка
🦆|качка|птушка
🦢|агіднае качаня|лебедзь|птушка
🦉|мудрасць|птушка|сава
🦤|вялікі|дадо|маўрыкійскі дронт|чырвоная кніга
🪶|лёгкі|палёт|пер’е|птушка|пяро
🦩|трапічны|фламінга|яркі|яскравы
🦚|ганарлівы|пава|паўлін|пафасны|птушка
🦜|гаворка|папугай|птушка
🐸|жаба|пыска
🐊|кракадзіл
🐢|чарапаха
🦎|рэптылія|яшчарка
🐍|задыяк|змеяносец|змяя|спакушальнік|яд
🐲|галава цмока|дракон|казачны|пыска|цмок
🐉|дракон|казачны|цмок
🦕|брантазаўр|брахіязаўр|дыпладок|заўрапод
🦖|тыраназаўр рэкс|тырэкс
🐳|кіт|пыска|фантанаванне|фантануючы кіт
🐋|кіт
🐬|акіян|дэльфін|плаўнік
🦭|марскі леў|цюлень
🐟|задыяк|рыба|рыбы
🐠|рыба|трапічная рыба|тропікі
🐡|іголкабрухавая рыба|рыба|фугу
🦈|акула|рыба
🐙|васьміног
🐚|ракушка|спіральная ракушка
🐌|смоўж
🦋|матылёк|насякомае|прыгожы
🐛|кузурка|насякомае
🐜|мураш|насякомае
🐝|меданосная пчала|насякомае|пчала
🪲|жук|кузурка|насякомае
🐞|божая кароўка|жук|насякомае
🦗|конік|цвыркун
🪳|насякомае|паразіт|прусак|таракан
🕷️|насякомае|павук
🕸️|павук|павуцінне
🦂|задыяк|скарпіён
🦟|вірус|камар|ліхаманка|малярыя|насякомае|хвароба
🪰|гніенне|лічынка|муха|хвароба|шкоднік
🪱|дажджавы чарвяк|кольчаты чарвяк|паразіт|чарвяк
🦠|амёба|бактэрыя|вірус|мікроб
💐|букет|кветка|расліна
🌸|вішнёвая квецень|вішня|кветка|квецень|расліна
💮|белая кветка|кветка
🏵️|разетка|расліна
🌹|кветка|расліна|ружа
🥀|завялая|кветка
🌺|гібіскус|кветка|расліна
🌻|кветка|расліна|сланечнік|сонца
🌼|кветка|квецень|расліна
🌷|кветка|расліна|цюльпан
🌱|малады|расада|расліна|саджанец|флянс
🪴|бескарысны|вазон|вырошчванне|вырошчваць|дом|нудна|расліна
🌲|вечназялёнае дрэва|дрэва|расліна|хвоя
🌳|ападанне|дрэва|ліставое дрэва|ліставы|расліна
🌴|дрэва|пальмавае дрэва|расліна
🌵|кактус|расліна
🌾|зерне|колас рыса|расліна|рыс
🌿|лекавая трава|лекавы|ліст|расліна
🍀|4|канюшына|ліст|расліна|чатырохлістая канюшына
🍁|ападанне|клён|кляновы ліст|ліст|расліна
🍂|ападанне|апалы ліст|восень|ліст|расліна
🍃|ападанне|вецер|ліст кружыцца ў паветры|расліна
🍇|вінаград|расліна|садавіна
🍈|дыня|расліна|садавіна
🍉|кавун|расліна|садавіна
🍊|апельсін|аранжавы|мандарын|расліна|садавіна
🍋|лімон|расліна|садавіна|цытрусавы
🍌|банан|расліна|садавіна
🍍|ананас|расліна|садавіна
🥭|манга|трапічны|фрукт
🍎|расліна|садавіна|чырвоны|яблык
🍏|зялёны|расліна|садавіна|яблык
🍐|груша|расліна|садавіна
🍑|персік|расліна|садавіна
🍒|вішні|вішня|расліна|садавіна|чарэшня
🍓|клубніцы|расліна|суніцы|ягада
🫐|буякі|дурніцы|сінія|чарніцы|ягады
🥝|ківі|садавіна|фрукт
🍅|гародніна|памідор|плод|тамат
🫒|аліва|ежа|масліна
🥥|какос|пальма|піна калада
🥑|авакада|садавіна|фрукт
🍆|баклажан|гародніна|расліна
🥔|бульба|гародніна|ежа
🥕|гародніна|ежа|морква
🌽|катах кукурузы|кукуруза|пачатак|расліна
🌶️|востры|перац|расліна
🫑|агародніна|балгарскі перац|перац|чырвоны перац
🥒|агурок|гародніна|ежа|саленне
🥬|бок-чой|зеляніна|кале|капуста|латук
🥦|брокалі|дзікая капуста
🧄|прыправа|часнок
🧅|прыправа|цыбуля
🍄|грыб|мухамор
🥜|арахіс|арэх|гародніна|ежа
🌰|каштан|расліна
🍞|бохан|хлеб
🥐|ежа|круасан|рагалік|французскі|хлеб
🥖|багет|батон|ежа|французскі
🫓|арэпа|лаваш|наан|піта|праснак
🥨|крэндзель|плеценая булка
🥯|выпечка|масла|пышка
🥞|бліны|ежа
🧇|вафельніца|вафля|няпэўнасць
🧀|кавалак сыру|сыр
🍖|косць|мяса на косці
🍗|косць|курыная ножка|курыца|мяса птушкі|нага
🥩|адбіўная|кавалак мяса|свініна|стэйк|ягняціна
🥓|бекон|ежа|мяса
🍔|бургер|гамбургер|фаст-фуд
🍟|бульба|фаст-фуд|фры
🍕|кавалак|піца|сыр|фаст-фуд
🌭|булка|сасіска|фаст-фуд|хот-дог
🥪|сандвіч|хлеб
🌮|мексіканскі|така
🌯|бурыта|мексіканскі
🫔|мексіканскі|тамале
🥙|златка|кебаб|лаваш|піта|шаўрма
🧆|нут|фалафель|фрыкадэлька|шарык
🥚|ежа|яйка
🍳|гатаванне|патэльня|скаварада|смажанне|яйка
🥘|ежа|патэльня|паэлья|рагу ў патэльні
🍲|гаршчок з ежай|тушэнне
🫕|каструля|расплаўлены|сыр|фандзю|шакалад|швейцарскі
🥣|каша|міска з лыжкай|сняданак|шматкі
🥗|гародніна|ежа|зеляніна|салата з зеляніны
🍿|папкорн
🧈|малочны прадукт|масла
🧂|прыправы|сальніца|соль
🥫|кансерваваная ежа|кансервы
🍱|бэнто|скрыначка
🍘|печыва|пячэнне|рысавае печыва|рысавае пячэнне
🍙|рысавы шарык|шарык|японскі
🍚|згатаваны|правараны|рыс
🍛|кары|рыс і кары
🍜|гарачы|локшына|міска з гарачай ежай|рамэн
🍝|макароны|паста|спагеці
🍠|бульба|запечаная салодкая бульба|запечаны|салодкі
🍢|кебаб|марскія прадукты|одэн|палка|шампур
🍣|сусі|сушы
🍤|крэветка|смажаная крэветка|смажаны|тэмпура
🍥|выпечка|завіток|пірог|рыба|рыбны пірог з завітком
🥮|восень|месяцовы пернік|фестываль|юэбін
🍡|данга|дэсерт|палачка|салодкі|японскі
🥟|варэнікі|гёдза|пельмені|цяоцзы|эмпанада
🥠|прадказанне|пячэнне з прадказаннем
🥡|ежа на вынас|каробка для кітайскай ежы
🦀|задыяк|краб|рак
🦞|амар|клюшні|морапрадукты|ракавы суп
🦐|ежа|крэветка|маленькая|морапрадукты
🦑|ежа|кальмар|малюск
🦪|вустрыца|жэмчуг|ныранне
🍦|дэсерт|марожанае|марозіва|мяккае марожанае|мяккі|пламбір|салодкі
🍧|дэсерт|лёд|салодкі|фруктовы
🍨|дэсерт|марожанае|марозіва|салодкі
🍩|дэсерт|пончык|салодкі
🍪|дэсерт|пячэнне|салодкі
🎂|дзень нараджэння|дэсерт|імянінны торт|салодкі|свята|торт
🍰|выпечка|дэсерт|пірог|салодкі|слоены пірог|торт
🧁|выпечка|кекс|салодкае
🥧|выпечка|начынка|пірог|торт
🍫|дэсерт|плітка шакаладу|салодкі|шакалад
🍬|дэсерт|салодкі|цукерка
🍭|дэсерт|ледзянец|салодкі|цукерка
🍮|дэсерт|карамельны пудынг|пудынг|салодкі
🍯|гаршчок мёду|мёд|салодкі
🍼|бутэлечка|дзіцячая бутэлечка|малако|напой|немаўля
🥛|малако|пітво|шклянка малака
🫖|імбрык|імбрычак|піць|чайнік
🍵|гарбата|кубачак чаю без ручкі|напой|піяла|чай|шклянка
🍶|алкаголь|бар|бутэлька|кубак|напой|саке
🍾|алкаголь|бар|бутэлька|корак|напой|шампанскае адкаркавана
🍷|бар|віно|келіх віна|напой
🍸|бар|кактэйль|келіх кактэйлю|напой
🍹|бар|напой|трапічны
🍺|бар|куфель|напой|піва
🍻|бар|куфель|кухаль|напой|піва|чоканне куфляў
🥂|дзынкаць|келіх|напітак|свята|чоканне келіхаў|чокацца
🥃|віно|віскі|кактэйль|лікёр|шклянка для віна
🥤|газіроўка|сок|шклянка з саломінкай
🧋|жамчужны|малако|чай з шарыкамі|шарыкі
🧃|пачак з напоем|пачак соку
🧉|матэ|напой
🧊|кубік лёду|ледзяны|халодны
🥢|палачкі|хашы
🍽️|відэлец|гатаванне|нож|талерка, відэлец і нож
🍴|відэлец і нож|гатаванне|нож
🥄|лыжка|сталовы прыбор
🔪|гатаванне|зброя|інструмент|кухонны нож|нож
🏺|амфара|вадаліў|задыяк|збан|напой
🌍|афрыка|еўропа|зямля|зямны шар (еўропа і афрыка)|свет
🌎|зямля|зямны шар (паўночная і паўднёвая амерыкі)|паўднёвая амерыка|паўночная амерыка|свет
🌏|азія|аўстралія|зямля|зямны шар (аўстралія і азія)|свет
🌐|зямля|зямны шар з мерыдыянамі|мерыдыяны|свет
🗺️|карта свету|мапа|свет
🗾|карта японіі|мапа|японія
🧭|арыентаванне|компас|магнетызм|навігацыя
🏔️|гара|заснежаная гара|снег|халодны
⛰️|гара
🌋|вулкан|вывяржэнне|гара|лава|надвор’е
🗻|гара|фудзіяма|японія
🏕️|кемпінг
🏖️|парасон|пляж і парасон
🏜️|пустыня
🏝️|бязлюдны|востраў|ненаселены
🏞️|нацыянальны парк|парк
🏟️|стадыён
🏛️|будынак у класічным стылі|класічны
🏗️|будаўніцтва|будынак
🧱|гліна|сцяна|цагліна|цэгла|цэмент
🪨|валун|камень|моцны|трывалы|цяжкі
🪵|бервяно|драўніна|дрэва|лесаматэрыял
🛖|дом|хата|юрта
🏘️|будынкі|дамы|хаты
🏚️|будынак|дом|закінуты|занядбаны
🏠|будынак|дом|хата
🏡|будынак|дом з садам|сад|хата
🏢|будынак|офісны будынак
🏣|будынак|пошта|юбінкёку|японскі паштамт
🏤|будынак|еўрапейскі|паштамт|пошта
🏥|бальніца|будынак|доктар|медыцына|паліклініка
🏦|банк|будынак|валюта|грошы
🏨|адпачынак|будынак|гатэль
🏩|будынак|гатэль|інтым|каханне|любоўны гатэль
🏪|будынак|крама|кругласутачная крама|магазін|начнік
🏫|адукацыя|будынак|установа|школа
🏬|будынак|крама|магазін|універмаг
🏭|будынак|вытворчасць|завод|прамысловасць
🏯|будынак|замак|японскі
🏰|будынак|еўрапейскі|замак
💒|вяселле|капліца|касцёл|царква|шлюб
🗼|вежа|такійская тэлевежа|токіа
🗽|свабода|статуя свабоды
⛪|касцёл|рэлігія|хрысціянства|царква
🕌|іслам|мусульманскі|мячэць|рэлігія
🛕|індуісцкі|храм
🕍|іудаізм|рэлігія|сінагога|храм|яўрэй
⛩️|рэлігія|сінтаізм|сінтаісцкі храм|храм
🕋|іслам|кааба|мусульманскі|рэлігія
⛲|фантан
⛺|кемпінг|палатка
🌁|надвор’е|туманнае надвор’е
🌃|зорка|зорная ноч|надвор’е|ноч
🏙️|будынкі|гарадскі краявід|горад
🌄|гара|надвор’е|раніца|сонца|узыход сонца над гарамі
🌅|надвор’е|раніца|світанне|сонца|узыход сонца
🌆|будынак|вечар|гарадскі краявід у змярканні|горад|захад|змярканне
🌇|будынак|захад сонца|змярканне|надвор’е|сонца
🌉|мост уначы|надвор’е|ноч
🎠|карусель|конік з каруселі|конь
🎡|забаўляльны парк|кола агляду
🎢|амерыканскія горкі|атракцыён|горка|забаўляльны парк
💈|барбершоп|знак цырульні|каляровы слуп|слуп|цырульнік|цырульня
🎪|палатка|цыркавая палатка|шапіто
🚂|лакаматыў|пара|рухавік|цягнік|чыгунка
🚃|вагон|чыгуначны вагон|чыгунка|электрычка
🚄|высакаскорасны цягнік|сінкансэн|хуткасць|цягнік|чыгунка
🚅|пуля|сінкансэн|хуткасць|цягнік-пуля|чыгунка
🚆|бч|рэйкі|цягнік|чыгунка
🚇|метрапалітэн|метро|рэйкі|цягнік
🚈|бч|рэйкі|чыгунка|электрычка
🚉|прыпынак|станцыя|цягнік|чыгунка
🚊|рэйкі|трамвай|цягнік
🚝|манарэйка|метро|рэйкі
🚞|гара|рэйкі|цягнік|чыгунка ў гарах
🚋|вагон|рэйкі|трамвайны вагон
🚌|аўтобус|транспарт
🚍|аўтобус|набліжаецца аўтобус|набліжэнне|транспарт
🚎|тралейбус|тралік|транспарт|электрычнасць
🚐|аўтобус|маршрутка|мікрааўтобус
🚑|103|мігалка|транспарт|хуткая дапамога
🚒|101|грузавік|мігалка|пажарная машына
🚓|102|мігалка|міліцыя|паліцыя|паліцэйская машына|патруль
🚔|102|мігалка|міліцыя|набліжаецца паліцэйская машына|набліжэнне|паліцыя
🚕|таксі|транспарт
🚖|набліжаецца таксі|набліжэнне|таксі|транспарт
🚗|аўтамабіль|машына|транспарт
🚘|аўтамабіль|машына|набліжаецца аўтамабіль|набліжэнне|транспарт
🚙|suv|адпачынак|джып|машына|пазадарожнік|уседарожнік
🛻|грузавік|пікап
🚚|грузавік|дастаўка|развоз
🚛|аўтапоезд|грузавік|дальнабойшчык|перавозка|фура
🚜|беларус|ммвз|мтз|трактар|транспарт
🏎️|аўтамабіль|балід|гоначны аўтамабіль|гонкі|формула
🏍️|байк|гонкі|матацыкл|хуткасць
🛵|скутар
🦽|асаблівыя фізічныя патрэбы|інваліднасць|інвалідная каляска з ручным прывадам
🦼|асаблівыя фізічныя патрэбы|інваліднасць|інвалідная каляска з маторам
🛺|аўтарыкша|тук-тук
🚲|аіст|веласіпед|горнік|ровар
🛴|самакат
🛹|дошка|скейтборд
🛼|канёк|ролікавы канёк
🚏|аўтобусны прыпынак|знак|прыпынак
🛣️|аўтамагістраль|дарога|траса|шаша
🛤️|рэйкі|цягнік|чыгунка|шпалы
🛢️|бочка з нафтай|нафта
⛽|азс|бензакалонка|бензін|запраўка|паліва|паліўная станцыя|салярка
🚨|аўтамабіль|маячок|міліцыя|паліцыя|паліцэйская мігалка|трывога
🚥|гарызантальны святлафор|рух|рэгуляванне|сігнал
🚦|вертыкальны святлафор|рух|рэгуляванне|сігнал
🛑|васьмівугольнік|знак стоп|стоп
🚧|агароджа|бар’ер|будаўнічыя работы|перашкода
⛵|ветразь|курорт|лодка|мора|паруснік|яхта
🛶|каноэ|лодка
🚤|быстраходны катар|вада|лодка|хуткасць
🛳️|карабель|круіз|падарожжа|пасажырскі лайнер|судна
⛴️|карабель|паром
🛥️|вада|лодка|маторная лодка
🚢|карабель|параход|перавозкі|транспарт
🛩️|лёгкаматорны|невялікі самалёт|самалёт|транспарт
🛫|адбыццё|вылет|рэгістрацыя|самалёт|узлёт
🛬|пасадка|прыбыццё|прылёт|самалёт
🪂|дэльтаплан|парасэйлінг|парашут|скайдайвінг
💺|крэсла|месца
🚁|верталёт|лопасці|транспарт
🚟|вагон|падвесная чыгунка|падвесны|чыгунка
🚠|вагон|гара|горны фунікулёр|трос
🚡|вагон|канатная дарога|паветраны|трамвай|трос
🛰️|космас|спадарожнік
🚀|космас|ракета
🛸|лятаючая талерка|нла
🛎️|выклік|гатэль|званок у гатэлі
🧳|багаж|падарожжа|чамадан
⌛|гадзіннік|пясок|пясочны гадзіннік адлічыў час|час
⏳|адлік часу|гадзіннік|пясок|пясочны гадзіннік лічыць час|таймер|час ідзе
⌚|гадзіннік|наручны гадзіннік|рука
⏰|будзільнік|звон|сігнал|час
⏱️|гадзіннік|замер|секундамер
⏲️|адлік|гадзіннік|таймер
🕰️|гадзіннік|камінны гадзіннік
🕛|дванаццаць гадзін|поўдзень|поўнач
🕧|00:30|12:30|дванаццаць|дня|ночы|палова на першую
🕐|1:00|13:00|адна|гадзіна|дня|ночы
🕜|1:30|13:30|гадзіна|дня|ночы|палова на другую
🕑|14:00|2:00|гадзіна|дзве гадзіны|дня|ночы
🕝|14:30|2:30|гадзіна|дня|ночы|палова на трэцюю
🕒|15:00|3:00|гадзіна|дня|ночы|тры гадзіны
🕞|15:30|3:30|гадзіна|дня|ночы|палова на чацвёртую
🕓|16:00|4:00|гадзіна|дня|раніцы|чатыры гадзіны
🕟|16:30|4:30|гадзіна|дня|палова на пятую|раніцы
🕔|17:00|5:00|вечара|гадзіна|пяць гадзін|раніцы
🕠|17:30|5:30|вечара|гадзіна|палова на шостую|раніцы
🕕|18:00|6:00|вечара|гадзіна|раніцы|шэсць гадзін
🕡|18:30|6:30|вечара|гадзіна|палова на сёмую|раніцы
🕖|19:00|7:00|вечара|гадзіна|раніцы|сем гадзін
🕢|19:30|7:30|вечара|гадзіна|палова на восьмую|раніцы
🕗|20:00|8:00|вечара|восем гадзін|гадзіна|раніцы
🕣|20:30|8:30|вечара|гадзіна|палова на дзявятую|раніцы
🕘|21:00|9:00|вечара|гадзіна|дзевяць гадзін|раніцы
🕤|21:30|9:30|вечара|гадзіна|палова на дзясятую|раніцы
🕙|10:00|22:00|вечара|гадзіна|дзесяць гадзін|раніцы
🕥|10:30|22:30|вечара|гадзіна|палова на адзінаццатую|раніцы
🕚|11:00|23:00|адзінаццаць гадзін|вечара|гадзіна|раніцы
🕦|11:30|23:30|вечара|гадзіна|палова на дванаццатую|раніцы
🌑|космас|маладзік|новы месяц|ноч|перакрой|пусты месяц
🌒|космас|маладзік|месяц|неаменія|ноч|рост сярпа|серп
🌓|квадра|космас|маладзік|месяц|ноч|палова|першая чвэрць|чвэрць
🌔|горб|космас|месяц|ноч|падпоўня|рост гарба
🌕|космас|ноч|поўны месяц|поўня
🌖|горб|змяншэнне гарба|космас|месяц|ноч|сход|убыванне
🌗|апошняя|квадра|космас|месяц|ноч|палова|сход|трэцяя|чвэрць
🌘|ветах|змяншэнне сярпа|космас|месяц|ноч|серп|стары|убыванне
🌙|космас|месяц|ноч|паўмесяц
🌚|космас|маладзік з тварам|месяц|ноч|твар
🌛|квадра|космас|месяц у першай чвэрці з тварам|першая|твар|чвэрць
🌜|апошняя|квадра|космас|месяц у апошняй чвэрці з тварам|твар|чвэрць
🌡️|надвор’е|тэмпература|тэрмометр
🌝|космас|месяц|ноч|поўня з тварам|яркі
🌞|космас|надвор’е|сонца з тварам|твар|яркае
🪐|планета з кальцом|сатурн
⭐|звычайная зорка|зорка
🌟|бліскучая зорка|бліскучы|ззянне|зорка|іскра
🌠|знічка|зорка|космас|мара|метэор
🌌|космас|млечны шлях|надвор’е|ноч
⛅|воблака|надвор’е|неба|сонца за воблакам
⛈️|гром|дождж|навальніца|хмара з маланкай і дажджом
🌤️|воблака|надвор’е|неба|сонца за маленькім воблакам
🌥️|воблака|надвор’е|неба|сонца за вялікім воблакам
🌦️|дождж|надвор’е|сонца за дажджавой хмарай|хмара
🌧️|ападкі|дождж|надвор’е|хмара і дождж
🌨️|ападкі|надвор’е|снег|хмара і снег
🌩️|бліскавіца|маланка|надвор’е|хмара з маланкай
🌪️|віхор|надвор’е|смерч|тарнада|хмара
🌫️|бачнасць|воблака|надвор’е|нізкая|туман
🌬️|вецер|надвор’е|твар ветру
🌀|завіхрэнне|надвор’е|тайфун|ураган|цыклон
🌈|вясёлка|дождж|надвор’е
🌂|аксесуар|дождж|закрыты парасон|надвор’е|парасон
⛱️|дождж|надвор’е|парасон|пляжны парасон|сонца
⚡|высокае напружанне|маланка|напружанне|небяспека|электрычнасць
⛄|снегавая баба без снегападу|снегавік без снегападу|снегавы балван|холад
🔥|агонь|інструмент|полымя
💧|вада|кропелька|надвор’е|пот|халодны
🌊|акіян|вада|надвор’е|хваля
🎃|гарбузны ліхтар|ліхтар|свята|хэлоўін
🎄|ёлка|каляды|навагодняя ёлка|ялінка
🎆|святкаванне|феерверк
🎇|бенгальскі агонь|іскра|свята|феерверк
🧨|выбуховы|дынаміт|петарда|узрыўчатка|феерверк
🎈|паветраны шарык|святкаванне
🎉|вечарына|віншую|свята|хлапушка
🎊|канфеці|свята|шарык з канфеці
🎋|дрэва танабата|свята|тандзаку|японскае
🎍|бамбук|кадамацу|свята|хвоя|японскае
🎎|лялька|свята|фестываль|японскія лялькі
🎏|каінаборы|карп|свята
🎐|вецер|званок|музычная падвеска|свята
🎑|любаванне месяцам|месяц|свята|цукімі|цырымонія
🧧|грошы|падарунак|прэзент|удача|хунбаа|чаявыя|чырвоны канверт
🎀|свята|святкаванне|стужка
🎁|загорнуты|запакаваны падарунак|каробка|падарунак|свята
🎗️|напамін|памятная стужка|свята|стужка
🎟️|білет|уваходныя білеты
🎫|білет|уваход
🎖️|ваенны|медаль|свята
🏆|кубак|прыз
🏅|медаль|спартыўны медаль
🥇|залаты медаль|золата|медаль|першае месца
🥈|другое месца|медаль|серабро|сярэбраны медаль
🥉|бронзавы медаль|медаль|трэцяе месца
⚽|мяч|футбольны мяч
⚾|бейсбольны мяч
🥎|мяч|падача|пальчатка|софтбол
🏀|баскетбол|кальцо|мяч
🏐|валейбол|гульня|мяч
🏈|амерыканскі|мяч|футбол
🏉|мяч|рэгбі|футбол
🎾|мяч|ракетка|тэніс
🥏|алцімат|лятучы дыск|фрысбі
🎳|боўлінг|гульня|шар
🏏|біта|гульня|крыкет|мяч
🏑|гульня|клюшка|мяч|поле|хакей на траве
🏒|гульня|клюшка|лёд|хакей з шайбай|хакей на лёдзе|шайба
🥍|гол|клюшка|лакрос|мяч
🏓|гульня|мяч|настольны|пінг-понг|ракетка|тэніс
🏸|бадмінтон|валанчык|гульня|ракетка
🥊|баксёрская пальчатка|бокс
🥋|баявыя мастацтва|дзюдо|каратэ|тэквандо|уніформа для адзінаборстваў|форма
🥅|вароты|футбольныя вароты
⛳|гольф|лунка|сцяжок|флажок у лунцы
⛸️|канёк|лёд
🎣|вуда для рыбалкі|рыбалка
🤿|маска для падводнага плавання|ныранне|падводнае плаванне|скуба
🎽|атлетыка|бег|майка|паласа|саколка для бегу
🎿|лыжныя палкі|лыжы|снег
🛷|сані|санкі
🥌|гульня|камень|шайба для кёрлінгу
🎯|гульня|дартс|дроцік|мішэнь|прамое пападанне|цэль
🪀|ё-ё|матляцца|цацка
🪁|лётаць|лунаць|лятаць|паветраны змей
🎱|8|більярд|восем|гульня|кій|шар
🔮|казачны|крыштальны|магія|прадказанне|шар
🪄|вядзьмак|вядзьмарка|магія|чароўная палачка
🧿|бірулька|вока фатымы|назар|пацерка|сурокі|талісман
🎮|відэагульня|геймпад|гульня|кантролер
🕹️|відэагульня|гульня|джойсцік|кантролер
🎰|аўтамат|гульнявы аўтамат|жэтон
🎲|азарт|гульня|ігральная косць|косць|кубік
🧩|ключ|мазаіка|пазл|частка пазла
🧸|забава|мяккі|плюшавы мядзведзь|цацка
🪅|вечарына|гулянка|піньята|святкаванне
🪆|лялька|матрошка|расія
♟️|дробязь|пешка|шахматы
🃏|азарт|гульня|джокер|карта
🀄|гульня|маджонг|цмок|чырвоны дракон у маджонгу
🎴|гульня|ігральныя карты ханафуда|кветка|ханафуда|японская
🎭|выканальніцкія віды мастацтва|ігра|маска|мастацтва|тэатр
🖼️|карціна ў рамцы|мастацтва|музей|рамка
🎨|карціна|мастацтва|музей|палітра мастака
🧵|іголка|нітка|шпулька|шыццё
🪡|вышыўка|іголка|пашыў|швейная іголка|швы|шыўкі|шыццё
🧶|вязанне|клубок|кручок|пража
🪢|вузел|вяроўка|завязаны|закручаны|шнурок
👓|аксесуар|акуляры|вочы|зрок
🕶️|аксесуар|акуляры|вочы|сонечныя акуляры|цёмны
🥽|ахова вачэй|ахоўныя акуляры|зварка|плаванне
🥼|вучоны|доктар|лабараторны халат|эксперымент
🦺|засцерагальная|камізэлька|сігнальная
👔|адзенне|гальштук
👕|адзенне|кашуля|майка|саколка|футболка
👖|адзенне|джынсы|штаны
🧣|шалік|шыя
🧤|пальчаткі|рука
🧥|куртка|паліто
🧦|панчохі|шкарпэткі
👗|адзенне|сукенка
👘|адзенне|кімано
🥻|адзенне|сары|сукенка
🩱|закрыты купальнік|купальны касцюм
🩲|закрыты купальнік|купальны касцюм|ніжняя бялізна|плаўкі
🩳|купальны касцюм|ніжняя бялізна|трусы|шорты
👙|адзенне|бікіні|купальнік
👚|адзенне|жаночае адзенне|жанчына
👛|аксесуар|капейка|кашалёк|манета
👜|аксесуар|дамская сумачка|сумка|торба
👝|аксесуар|сумачка|сумка|торба
🛍️|гатэль|пакеты для шопінгу|шопінг
🎒|кніжная сумка|сумка|школа|школьны ранец
🩴|в’етнамка|в’етнамкі|дзоры|пляжныя сандалі|сандалі
👞|абутак|мужчына|мужчынскі туфель|туфель
👟|абутак|бег|красовак|спорт
🥾|бот|паходны бот|пешы турызм|турызм
🥿|балетка|без шнуркоў|тапак
👠|абутак|абцас|жанчына|туфель на абцасе
👡|абутак|жаночая сандаля|жанчына|сандалі
🩰|балет|пуанты|танец
👢|абутак|боты|жаночы бот|жанчына
👑|аксесуар|каралева|кароль|карона
👒|адзенне|аксесуар|жаночы капялюш|жанчына|капялюш
🎩|адзенне|аксесуар|капялюш|мужчына|цыліндр
🎓|акадэмічная шапачка|выпуск|свята|шапачка|шапка
🧢|бейсболка|кепка
🪖|армія|баец|ваенная каска|ваенны|каска|салдат
⛑️|дапамога|каска з белым крыжам|крыж|шлем
📿|аксесуар|малітва|пацеркі|ружанец|рэлігія
💄|касметыка|макіяж|памада
💍|дыямент|кальцо
💎|дыямент|каштоўны самацвет|самацвет|ювелірны выраб
🔇|без гуку|бязгучнасць|гучнасць|дынамік|ціха
🔈|гучнасць|дынамік
🔉|гучнасць|дынамік|нізкая|ціха
🔊|высокая|гучнасць|дынамік
📢|вяшчанне|гучнагаварыцель|гучны|публічны зварот|рупар
📣|мегафон|мітынг|падбадзёрванне
📯|паштовая труба|паштовы|пошта|труба
🔔|званочак
🔕|без гуку|бязгучны|забаронена|званочак|перакрэслены званочак|ціха
🎼|запіс|музыка|музычны|нота|партытура
🎵|музыка|музычная нота|музычны|нота
🎶|музыка|музычныя ноты|ноты
🎙️|мікрафон|музыка|музычная|студыйны мікрафон|студыя
🎚️|музыка|паўзунок|узровень
🎛️|музыка|рэгуляванне|рэгулятары
🎤|караоке|мікрафон|музыка
🎧|вушы|гук|музыка|навушнікі
📻|відэа|перадача|прыёмнік|радыё|хваля
🎷|духавы|інструмент|музыка|музычны|саксафон
🪗|акардэон|гармонік|канцэрціна
🎸|гітара|інструмент|музыка|музычны|шчыпковы
🎹|інструмент|клавішны|клавіятура|музыка|музычная клавіятура|піяніна
🎺|духавы|інструмент|музыка|музычны|труба
🎻|інструмент|музыка|музычны|скрыпка|смычковы
🪕|банджа|музыка|струнныя
🥁|барабан|музыка|палачкі
🪘|барабан|біт|выцягнуты барабан|конга|рытм
📱|мабільнік|мабільны|смартфон|сотавы|тэлефон
📲|выклік|мабільнік|мабільны тэлефон са стрэлкай|прыём|смартфон|сотавы|стрэлка|тэлефон
☎️|тэлефон|хатні тэлефон
📞|трубка|тэлефонная трубка
📟|паведамленне|пэйджар|радок
📠|факсімільны апарат
🔋|акумулятар|батарэйка|батарэя
🔌|вілка|разетка|штэкер|электрычнасць
💻|камп’ютар|ноўтбук|персанальны|пк
🖥️|камп’ютар|стацыянарны
🖨️|друк|камп’ютар|папера|перыферыя|прынтар
🖱️|камп’ютарная мыш|кнопкі|мыш|перыферыя|тры
🖲️|камп’ютар|перыферыя|трэкбол|шар
💽|аптычны|дыск|камп’ютар|міні-дыск|носьбіт
💾|гібкі|дыскета|камп’ютар|носьбіт
💿|cd|аптычны дыск|камп’ютар|кампакт-дыск|носьбіт
📀|blu-ray|dvd|аптычны|блюрэй|камп’ютар|кампакт-дыск|носьбіт
🧮|лічыльнікі|разлік
🎥|камера|кінакамера|кіно|фільм
🎞️|кадры|кінаплёнка|кіно|плёнка|фільм
📽️|відэа|кінапраектар|кіно|праектар|фільм
🎬|здымка|нумаратар з хлапушкай|фільм|хлапушка
📺|відэа|тб|тэлебачанне|тэлевізар
📷|відэа|здымка|камера|фота
📸|здымка|камера з успышкай|успышка|фота
📹|відэакамера|здымка|камера
📼|відэакасета|касета|плёнка
🔍|інструмент|лупа павернута ўлева|павелічэнне|пошук|шкло
🔎|інструмент|лупа павернута ўправа|павелічэнне|пошук|шкло
🕯️|агонь|свечка|святло
💡|ідэя|комікс|лямпачка|святло|электрычнасць|эўрыка
🔦|інструмент|ліхтарык|святло|электрычнасць
🏮|ідзакая|святло|чырвоны папяровы ліхтар|японскі
🪔|алейная|дыя|каганец|лямпа
📔|вокладка|дэкаратыўны|кніга|нататнік з дэкаратыўнай вокладкай
📕|закрытая|кніга
📖|адкрытая|кніга
📗|зялёная|кніга
📘|кніга|сіняя
📙|аранжавая|кніга
📚|кніга|кнігі
📓|блакнот|запіс|нататка|нататнік
📒|бухгалтарская кніга|запіс|справаводства|улік
📃|дакумент|завіток|загіб|старонка з загібам
📜|папера|пергамент|скрутак
📄|аркуш|дакумент|ліст|старонка
📰|газета|навіны|папера|прэса
🗞️|газета|навіны|папера|скручаная
📑|закладка|закладкі|маркер|метка|укладка
🔖|закладка|маркер|метка
🏷️|бірка|цэтлік|ярлык
💰|грошы|долар|мяшок з грашыма
🪙|грошы|золата|манета|метал|скарб|срэбра
💴|банкнот іены|валюта|грошы|іена|купюра|японія
💵|аўстралія|банкнот долара|валюта|грошы|долар|зша|канада|купюра
💶|банкнот еўра|валюта|грошы|еўра|купюра
💷|банкнот фунта|валюта|вялікабрытанія|грошы|купюра|фунт
💸|грошы з крыламі|долар|крылы|купюра|палёт
💳|банк|грошы|картка|крэдытка|крэдытная карта
🧾|бухгалтэрыя|доказ|пацвярджэнне|разлікі|чэк
💹|валюта|графік|грошы|дыяграма росту са знакам іены|іена|рост|рынак|тэндэнцыя
📧|ліст|пошта|электронная пошта|электронны ліст
📨|атрыманы|канверт|пошта|уваходны ліст|электронная пошта
📩|адпраўленая|выходная|выходны ліст|канверт|ліст|пошта|стрэлка|электронная пошта
📤|адпраўленыя|выходныя|латок для выходнай пошты|ліст|пошта
📥|атрыманыя|латок для ўваходнай пошты|ліст|пошта|уваходныя
📦|каробка|пакет|пасылка
📫|закрытая паштовая скрынка з паднятым флажком|пошта|скрынка|флажок
📪|апушчаны|закрытая паштовая скрынка з апушчаным флажком|пошта|скрынка|флажок
📬|адкрытая паштовая скрынка з паднятым флажком|пошта|скрынка|флажок
📭|адкрытая паштовая скрынка з апушчаным флажком|апушчаны|пошта|скрынка|флажок
📮|паштовая скрынка|пошта|скрынка
🗳️|выбары|галасаванне|урна для галасавання
✏️|аловак|карандаш
🖋️|асадка|пёравая|пяро|ручка
🖊️|асадка|аўтаручка|ручка|шарыкавая
🖌️|жывапіс|маляванне|пэндзаль
🖍️|аловак|жывапіс|маляванне|мяккі|пастэль
📝|аловак|запіс|нататка|памятка|папера
💼|дакументы|паперы|партфель
📁|папка для файлаў|файл
📂|адкрытая папка для файлаў|папка|файл
🗂️|картатэка|раздзяляльнікі для картатэкі|сартаванне
📅|дата|каляндар|чысло
📆|адрыўны|каляндар
🗒️|блакнот|лісты|нататнік|перакідны
🗓️|каляндар|лісты|перакідны
📇|картатэка|картка|каталог|паказальнік
📈|графік|дыяграма росту|рост|тэндэнцыя
📉|графік|дыяграма зніжэння|зніжэнне|тэндэнцыя
📊|графік|дыяграма|лінейчастая|слупок
📋|заціск|папера|планшэт з заціскам
📌|канцылярская кнопка|кнопка
📍|кнопка|круглая канцылярская кнопка
📎|канцылярыя|папера|сашчэпка
🖇️|злучаныя сашчэпкі|папера|сашчэпка
📏|вымярэнне|край|лінейка|прамы
📐|вымярэнне|лінейка|трохвугольная лінейка|трохвугольнік
🗃️|каробка для картатэкі|карта|файл
🗄️|архіўная шафа|файл|шафа
🗑️|кошык для смецця|сметніца|смецце
🔒|заблакіравана|закрыта|замкнёны замок|замок
🔓|адамкнёны замок|адкрыта|замок|разблакіравана
🔏|бяспека|замкнёны замок з пяром|замок|канфідэнцыяльнасць|пяро
🔐|бяспека|закрыта|замкнёны замок з ключом|замок|ключ
🔑|замок|ключ|пароль
🗝️|замок|ключ|стары
🔨|інструмент|малаток
🪓|дрэва|рассякаць|сякера|сячы
⛏️|здабыча|інструмент|кірка|шахта
🛠️|гаечны|інструмент|ключ|малаток і гаечны ключ
🗡️|зброя|кінжал|корцік|нож
🔫|вадзяны пісталет|зброя|пісталет|пушка|рэвальвер
🪃|аўстралія|бумеранг|вяртанне|зварот
🏹|задыяк|лук са стралой|стралец
🛡️|абарона|зброя|рыштунак|шчыт
🪚|драўніна|інструмент|нажоўка|піла|цясляр
🔧|гаечны ключ|інструмент
🪛|адвёртка|інструмент
🔩|болт|гайка|інструмент|ніт і гайка|шруба
🗜️|інструмент|сцісканне|ціскі
🦯|даступнасць|палка|сляпы
🔗|злучаныя звёны|ланцуг|сувязь
⛓️|ланцугі
🪝|абыход|гак|крук|кручок|лавіць|прынада|чапляць
🧰|інструменты|механік|скрыня з інструментамі
🧲|магнетызм|магніт|падкова|прыцяжэнне
🪜|драбіны|караскацца|лесвіца|прыступка
🧪|лабараторыя|навука|прабірка|хімік|хімія|эксперымент
🧫|бактэрыя|біёлаг|біялогія|культура|лабараторыя|чашка петры
🧬|біёлаг|генетыка|днк|жыццё|эвалюцыя
🔬|інструмент|мікраскоп|прыбор
🔭|інструмент|прыбор|тэлескоп
📡|антэна|спадарожнікавая антэна|талерка
💉|доктар|іголка|ін’екцыя|лекі|укол|шпрыц
🩸|донарства крыві|кропля крыві|медыцына|менструацыя
💊|доктар|лекі|таблетка|хворы
🩹|бінт|пластыр
🩺|доктар|медыцына|стэтаскоп|сэрца
🚪|дзверы
🛗|даступнасць|ліфт|пад’ёмнік
🪞|адбітак|адлюстраванне|люстэрка
🪟|адчыняць|акно|від|празрысты|рама|свежае паветра
🛏️|гасцініца|гатэль|ложак|сон
🛋️|гасцініца|гатэль|канапа з лямпай|лямпа
🪑|крэсла|месца|сядзець
🚽|туалет|унітаз
🪠|адпампоўваць|вантуз|сантэхнік|туалет
🚿|вада|душ
🛁|вада|ванна|купанне
🪤|мышыная пастка|пастка|прынада|сіло
🪒|брытва|востры|галіцца
🧴|ахова ад сонца|бутэлька з ласьёнам|крэм|ласьён|шампунь
🧷|панк-рок|шпілька
🧹|ведзьма|мятла|падмятаць|прыбіраць
🧺|кошык|мыццё|пікнік|фермерства
🧻|папяровыя ручнікі|рулон паперы|туалетная папера
🪣|бітон|бочачка|вядро|ёмістасць
🧼|купанне|мыла|мыльніца|мыццё|пена
🪥|ванны пакой|гігіена|зубная шчотка|зубны|зубы|чысціць|шчотка
🧽|ачышчэнне|мачалка|мыццё|порысты
🧯|вогнетушыцель|гасіць|пажар|тушыць
🛒|каляска для тавараў|пакупкі|тавары
🚬|дым|курэнне|цыгарэта
⚰️|дамавіна|смерць|труна
🪦|магіла|магільны камень|могілкі|могільнік|надмагільны помнік
⚱️|прах|смерць|урна з прахам
🗿|востраў|мааі|пасхі|рапануі|статуя|твар
🪧|дэманстрацыя|знак|пікет|плакат|пратэст
🏧|банкамат|гатоўка|знак банкамата|наяўныя|тэрмінал
🚮|знак «кідайце смецце ў урну»|сметніца|урна
🚰|вада|пітная|піццё
♿|доступ|знак «для інвалідаў»|інвалід|каляска
🚹|мужчына|мужчынскі туалет|прыбіральня|туалет
🚺|жаночы туалет|жанчына|прыбіральня|туалет
🚻|прыбіральня|туалет
🚼|дзіця|знак «немаўля»|спавіванне
🚾|грамадская|прыбіральня|туалет
🛂|кантроль|пашпартны кантроль|праверка
🛃|кантроль|мытнік|мытня|праверка
🛄|атрыманне багажу|багаж
🛅|багаж|камера для хавання|хаванне|шафа
⚠️|папярэджанне|увага
🚸|дарожны рух|дзеці на дарозе|знак|пешаход
⛔|дарожны|забаронены|знак|рух|уезд
🚫|забаронена|знак|нельга|няма ўваходу
🚳|веласіпед|дарожны|забаронена|знак|ровар|рух на веласіпедзе забаронены
🚭|забаронена|курэнне|не курыць
🚯|забаронена|нельга|смеціць забаронена|смецце
🚱|вада|забаронена|непітны|непрыдатная для піцця вада|піццё
🚷|дарожны|забаронена|знак|нельга|пешаход|рух пешаходаў забаронены
📵|забаронена|карыстацца мабільнымі тэлефонамі забаронена|мабільнік|мабільны|сотавы|тэлефон
🔞|18|забаронена|паўналетнія|толькі для паўналетніх|узроставае абмежаванне
⬆️|кірунак|поўнач|стрэлка ўверх|уверх
➡️|кірунак|стрэлка ўправа|управа|усход
⬇️|кірунак|поўдзень|стрэлка ўніз|уніз
⬅️|захад|кірунак|стрэлка ўлева|улева
↩️|кірунак|рух|стрэлка ўправа з паваротам улева
↪️|кірунак|рух|стрэлка ўлева з паваротам управа
🔃|вертыкальныя стрэлкі па гадзіннікавай стрэлцы|па гадзіннікавай стрэлцы|перазагрузіць|стрэлка
🔄|абнавіць|кнопка са стрэлкамі супраць гадзіннікавай стрэлкі|стрэлка|супраць гадзіннікавай стрэлкі
🔙|назад|стрэлка «назад»
🔚|канец|стрэлка «канец»
🔛|актыўна|стрэлка «уключана!»|уключана
🔜|неўзабаве|стрэлка «неўзабаве»
🔝|дагары|стрэлка «верх»|уверх|угару
🛐|культавае памяшканне|пакланенне|рэлігія
⚛️|атам|атэізм|сімвал атама|фізіка
🕉️|індуізм|мантра|ом|рэлігія
☯️|даасізм|інь і ян|рэлігія|ян
✝️|каталіцкі крыж|каталіцтва|крыж|рэлігія|хрысціянства
☪️|зорка і паўмесяц|іслам|мусульманскі|рэлігія
☮️|мір|пацыфік|сімвал
🕎|падсвечнік|рэлігія|свечка|сямісвечнік|ханука
🔯|давід|зорка|шасціканцовая зорка з кропкай
♊|блізняты|задыяк|знак задыяка блізняты
♋|задыяк|знак задыяка рак|краб|рак
♌|задыяк|знак задыяка леў|леў
♍|дзева|задыяк|знак задыяка дзева
♎|баланс|задыяк|знак задыяка шалі|правасуддзе|шалі
♏|задыяк|знак задыяка скарпіён|скарпіён
⛎|задыяк|змеяносец|змяя|знак задыяка змеяносец|спакушальнік
🔀|кнопка «перамяшаць трэкі»|перакрыжаваныя|стрэлкі
🔁|кнопка «паўтарыць»|па гадзіннікавай стрэлцы|паўтарэнне|стрэлкі
🔂|кнопка «паўтараць адзін трэк»|па гадзіннікавай стрэлцы|паўтор|стрэлка|трэк
▶️|кнопка «прайграць»|прайграванне|трохвугольнік|управа
⏩|кнопка перамоткі наперад|падвоены|перамотка|трохвугольнік
⏭️|кнопка «наступны трэк»|наступны|трохвугольнік|трэк
⏯️|кнопка «прайграць» і «прыпыніць»|паўза|прайграванне|трохвугольнік|управа
◀️|кнопка «прайграць назад»|назад|прайграць|трохвугольнік|улева
⏪|кнопка перамоткі назад|падвоеная|перамотка|стрэлка
⏮️|кнопка «папярэдні трэк»|папярэдні|трохвугольнік|трэк
🔼|кнопка «уверх»|стрэлка|уверх|чырвоная
⏫|кнопка «хутка ўверх»|падвоеная|стрэлка|уверх
🔽|кнопка «ўніз»|стрэлка|уніз|чырвоная
⏬|кнопка «хутка ўніз»|падвоеная|стрэлка|уніз
⏸️|вертыкальная|кнопка «прыпыніць»|падвоеная|палоска|паўза|прыпыненне
⏹️|квадрат|кнопка «спыніць»|спыненне|стоп
⏺️|запіс|кнопка «запіс»|круг
⏏️|выманне|кнопка «выняць»
🎦|зала|камера|кіно|стужка|фільм
🔅|кнопка змяншэння яркасці|нізкі|узровень|цёмна|яркасць
🔆|высокі|кнопка павелічэння яркасці|узровень|яркасць
📶|антэна|мабільны|палоска|сетка|сігнал|сотавы|тэлефон|узровень сігналу сеткі
📳|вібрацыя|мабільны|рэжым вібрацыі|сотавы|тэлефон
📴|выключаны|мабільны|сотавы|тэлефон
⚧️|сімвал трансгендара|трансгендар
♾️|безгранічны|бясконцасць|вечны|універсальны
‼️|!!|вокліч|два клічнікі|знак|клічнікі|пунктуацыя|шум
💱|абмен валют|банк|валюта|грошы
💲|валюта|грошы|долар|знак долара
♻️|перапрацоўка|сімвал перапрацоўкі|утылізацыя
⚜️|геральдычная лілея|лілея|флёр-дэ-ліс|францыя|эмблема
🔱|карабель|сімвал|трызубец|эмблема|якар
📛|бірка|бэйдж з імем|імя
🔰|жоўты|зялёны|навічок|пачатковец|шаўрон|японскі сімвал «пачатковец»
⭕|вялікае|кола|о|чырвонае кольца
❌|знак|крыжык|множанне|скасаванне|х
❎|×|знак|квадрат|кнопка з крыжыкам|крыжык|х
➰|звілістая пятля|звілісты|пятля
➿|звілістая|падвойная|пятля
〽️|знак змены партыі|іарытэн|песенны|японскі
🔠|верхні рэгістр|вялікі|лацінскі|літары|увод лацінскіх літар верхнім рэгістрам
🔡|лацінскі|літары|малы|ніжні рэгістр|увод лацінскіх літар ніжнім рэгістрам
🔢|1234|лічбы|увод лічбаў
🔣|сімвалы|увод сімвалаў
🔤|алфавіт|лацінскі|літары|увод лацінскіх літар
🅰️|a|група|другая|значок «група крыві a»|кроў
🆎|ab (група крыві)|група|кроў|чацвёртая
🅱️|b|група|значок «група крыві b»|кроў|трэцяя
🆑|ачыстка|кнопка «ачысціць»
🆒|слова «файна» ў квадраце|файна
🆓|бясплатна|слова «бясплатна» ў квадраце
🆔|асоба|ідэнтыфікацыя|ідэнтычнасць|пасведчанне|слова «пасведчанне» ў квадраце
Ⓜ️|m|кола|круг|літара «m» у коле
🆕|новы|слова «новы» ў квадраце
🆖|блага|дрэнна|нічога добрага|скарачэнне «нічога добрага» ў квадраце
🅾️|0|група|значок «група крыві 0»|кроў|першая
🆗|добра|ок у квадраце
🅿️|знак «паркоўка»|паркінг|паркоўка|стаянка
🆘|sos|дапамажыце|знак «sos»|сос
🆙|гульня|знак «новы ўзровень!»|новы|слова «новы ўзровень!»|уверх|узровень
🆚|гульня|знак «супраць»|супраць
🈁|ідэаграма «тут» у квадраце|пісьмо|японскае
🈂️|бясплатна|ідэаграма «сэрвіс» у квадраце|пісьмо|японскае
🈷️|ідэаграма «месяц» у квадраце|пісьмо|штомесяц|японскае
🈶|ідэаграма «ў наяўнасці» ў квадраце|пісьмо|прадаецца|японскае
🈯|ідэаграма «паказванне пальцам» у квадраце|кірунак|кітайскае|пісьмо|японскае
🉐|ідэаграма «выгадная здзелка» ў крузе|пісьмо|японскае
🈹|дыскаўнт|ідэаграма «скідка» ў квадраце|пісьмо|японскае
🈚|ідэаграма «адсутнасць» у квадраце|кітайскае|няма|пісьмо|японскае
🈲|забарона|ідэаграма «забаронена» ў квадраце|пісьмо|японскае
🉑|ідэаграма «прыняць» ў крузе|кітайскае|пісьмо|прымальна
🈸|запыт|заява|ідэаграма «заяўка» у квадраце|кітайскае|пісьмо
🈴|згода|ідэаграма «пагадненне» ў квадраце|кітайскае|пісьмо|ухвала|японскае
🈳|ідэаграма «свабодна» ў квадраце|кітайскае|незаняты|пісьмо|японскае
🈺|адкрыта|ідэаграма «працуе» ў квадраце|кітайскае|пісьмо|час працы|японскае
🈵|заняты|ідэаграма «поўны» ў квадраце|пісьмо|поўны бак|сто працэнтаў|японскае
🔴|аб’ект|геаметрычны|круг|чырвоны
🟠|аранжавы|круг
🟡|жоўты|круг
🟢|зялёны|круг
🔵|аб’ект|геаметрычны|круг|сіні
🟣|круг|фіялетавы
🟤|карычневы|круг
⚫|аб’ект|геаметрычны|круг|чорны
⚪|аб’ект|белы|геаметрычны|круг
🟥|квадрат|чырвоны
🟧|аранжавы|квадрат
🟨|жоўты|квадрат
🟩|зялёны|квадрат
🟦|квадрат|сіні
🟪|квадрат|фіялетавы
🟫|карычневы|квадрат
⬛|аб’ект|вялікі чорны квадрат|геаметрычны|квадрат
⬜|аб’ект|вялікі белы квадрат|геаметрычны|квадрат
◼️|аб’ект|геаметрычны|квадрат|чорны сярэдні квадрат
◻️|аб’ект|белы сярэдні квадрат|геаметрычны|квадрат
◾|аб’ект|геаметрычны|квадрат|невялікі чорны квадрат
◽|аб’ект|геаметрычны|квадрат|невялікі белы квадрат
▪️|аб’ект|геаметрычны|квадрат|малы чорны квадрат
▫️|аб’ект|геаметрычны|квадрат|малы белы квадрат
🔶|аб’ект|вялікі аранжавы ромб|геаметрычны|ромб
🔷|аб’ект|вялікі сіні ромб|геаметрычны|ромб|сіні
🔸|аб’ект|геаметрычны|малы аранжавы ромб|ромб
🔹|аб’ект|геаметрычны|малы сіні ромб|ромб
🔺|аб’ект|геаметрычны|чырвоны трохвугольнік вяршыняй уверх
🔻|аб’ект|геаметрычны|чырвоны трохвугольнік вяршыняй уніз
💠|аб’ект|геаметрычны|кропка|ромб з кропкай
🔘|аб’ект|выбар|геаметрычны|кнопка|пераключальнік
🔳|аб’ект|белая квадратная кнопка|белы|геаметрычны|квадрат|кнопка
🔲|аб’ект|геаметрычны|квадрат|кнопка|чорная квадратная кнопка|чорны
🏁|гонкі|клятчасты сцяг|у клетку|фініш|формула адзін|формула-1
🚩|гольф|лунка|поле|трохвугольны сцяг
🎌|свята|скрыжаванне|скрыжаваныя сцягі|сцяг|японскі
🏴|лунанне|сцяг|чорны сцяг развяваецца
🏳️|белы сцяг развяваецца|лунанне|сцяг
🏳️‍🌈|вясёлкавы сцяг|сцяг
🏳️‍⚧️|белы|блакітны|ружовы|сцяг|трансгендарны сцяг
🏴‍☠️|вясёлы роджар|пірат|пірацкі сцяг|разбой|скарбы
🇦🇩|андора
🇦🇪|аб’яднаныя арабскія эміраты
🇦🇫|афганістан
🇦🇬|антыгуа і барбуда
🇦🇮|ангілья
🇦🇱|албанія
🇦🇲|арменія
🇦🇴|ангола
🇦🇶|антарктыка
🇦🇷|аргенціна
🇦🇸|амерыканскае самоа
🇦🇹|аўстрыя
🇦🇺|аўстралія
🇦🇼|аруба
🇦🇽|аландскія астравы
🇦🇿|азербайджан
🇧🇦|боснія і герцагавіна
🇧🇧|барбадас
🇧🇩|бангладэш
🇧🇪|бельгія
🇧🇫|буркіна-фасо
🇧🇬|балгарыя
🇧🇭|бахрэйн
🇧🇮|бурундзі
🇧🇯|бенін
🇧🇱|сен-бартэльмі
🇧🇲|бермудскія астравы
🇧🇳|бруней
🇧🇴|балівія
🇧🇶|карыбскія нідэрланды
🇧🇷|бразілія
🇧🇸|багамскія астравы
🇧🇹|бутан
🇧🇼|батсвана
🇧🇾|беларусь
🇧🇿|беліз
🇨🇦|канада
🇨🇨|какосавыя (кілінг) астравы
🇨🇩|конга (кіншаса)
🇨🇫|цэнтральна-афрыканская рэспубліка
🇨🇬|конга - бразавіль
🇨🇭|швейцарыя
🇨🇮|кот-д’івуар
🇨🇰|астравы кука
🇨🇱|чылі
🇨🇲|камерун
🇨🇳|кітай
🇨🇴|калумбія
🇨🇷|коста-рыка
🇨🇺|куба
🇨🇻|каба-вердэ
🇨🇼|кюрасаа
🇨🇽|востраў каляд
🇨🇾|кіпр
🇨🇿|чэхія
🇩🇪|германія
🇩🇯|джыбуці
🇩🇰|данія
🇩🇲|дамініка
🇩🇴|дамініканская рэспубліка
🇩🇿|алжыр
🇪🇨|эквадор
🇪🇪|эстонія
🇪🇬|егіпет
🇪🇭|заходняя сахара
🇪🇷|эрытрэя
🇪🇸|іспанія
🇪🇹|эфіопія
🇪🇺|еўрапейскі саюз
🇫🇮|фінляндыя
🇫🇯|фіджы
🇫🇰|фалклендскія астравы
🇫🇲|мікранезія
🇫🇴|фарэрскія астравы
🇫🇷|францыя
🇬🇦|габон
🇬🇧|вялікабрытанія
🇬🇩|грэнада
🇬🇪|грузія
🇬🇫|французская гвіяна
🇬🇬|гернсі
🇬🇭|гана
🇬🇮|гібралтар
🇬🇱|грэнландыя
🇬🇲|гамбія
🇬🇳|гвінея
🇬🇵|гвадэлупа
🇬🇶|экватарыяльная гвінея
🇬🇷|грэцыя
🇬🇸|паўднёвая георгія і паўднёвыя сандвічавы астравы
🇬🇹|гватэмала
🇬🇺|гуам
🇬🇼|гвінея-бісау
🇬🇾|гаяна
🇭🇰|ганконг, сар (кітай)
🇭🇳|гандурас
🇭🇷|харватыя
🇭🇹|гаіці
🇭🇺|венгрыя
🇮🇨|канарскія астравы
🇮🇩|інданезія
🇮🇪|ірландыя
🇮🇱|ізраіль
🇮🇲|востраў мэн
🇮🇳|індыя
🇮🇴|брытанская тэрыторыя ў індыйскім акіяне
🇮🇶|ірак
🇮🇷|іран
🇮🇸|ісландыя
🇮🇹|італія
🇯🇪|джэрсі
🇯🇲|ямайка
🇯🇴|іарданія
🇯🇵|японія
🇰🇪|кенія
🇰🇬|кыргызстан
🇰🇭|камбоджа
🇰🇮|кірыбаці
🇰🇲|каморскія астравы
🇰🇳|сент-кітс і невіс
🇰🇵|паўночная карэя
🇰🇷|паўднёвая карэя
🇰🇼|кувейт
🇰🇾|кайманавы астравы
🇰🇿|казахстан
🇱🇦|лаос
🇱🇧|ліван
🇱🇨|сент-люсія
🇱🇮|ліхтэнштэйн
🇱🇰|шры-ланка
🇱🇷|ліберыя
🇱🇸|лесота
🇱🇹|літва
🇱🇺|люксембург
🇱🇻|латвія
🇱🇾|лівія
🇲🇦|марока
🇲🇨|манака
🇲🇩|малдова
🇲🇪|чарнагорыя
🇲🇬|мадагаскар
🇲🇭|маршалавы астравы
🇲🇰|паўночная македонія
🇲🇱|малі
🇲🇲|м’янма (бірма)
🇲🇳|манголія
🇲🇴|макаа, сар (кітай)
🇲🇵|паўночныя марыянскія астравы
🇲🇶|марцініка
🇲🇷|маўрытанія
🇲🇸|мантсерат
🇲🇹|мальта
🇲🇺|маўрыкій
🇲🇻|мальдывы
🇲🇼|малаві
🇲🇽|мексіка
🇲🇾|малайзія
🇲🇿|мазамбік
🇳🇦|намібія
🇳🇨|новая каледонія
🇳🇪|нігер
🇳🇫|востраў норфалк
🇳🇬|нігерыя
🇳🇮|нікарагуа
🇳🇱|нідэрланды
🇳🇴|нарвегія
🇳🇵|непал
🇳🇷|науру
🇳🇺|ніуэ
🇳🇿|новая зеландыя
🇴🇲|аман
🇵🇦|панама
🇵🇪|перу
🇵🇫|французская палінезія
🇵🇬|папуа-новая гвінея
🇵🇭|філіпіны
🇵🇰|пакістан
🇵🇱|польшча
🇵🇲|сен-п’ер і мікелон
🇵🇳|астравы піткэрн
🇵🇷|пуэрта-рыка
🇵🇸|палесцінскія тэрыторыі
🇵🇹|партугалія
🇵🇼|палау
🇵🇾|парагвай
🇶🇦|катар
🇷🇪|рэюньён
🇷🇴|румынія
🇷🇸|сербія
🇷🇺|расія
🇷🇼|руанда
🇸🇦|саудаўская аравія
🇸🇧|саламонавы астравы
🇸🇨|сейшэльскія астравы
🇸🇩|судан
🇸🇪|швецыя
🇸🇬|сінгапур
🇸🇭|востраў святой алены
🇸🇮|славенія
🇸🇰|славакія
🇸🇱|сьера-леонэ
🇸🇲|сан-марына
🇸🇳|сенегал
🇸🇴|самалі
🇸🇷|сурынам
🇸🇸|паўднёвы судан
🇸🇹|сан-тамэ і прынсіпі
🇸🇻|сальвадор
🇸🇽|сінт-мартэн
🇸🇾|сірыя
🇸🇿|эсватыні
🇹🇨|астравы цёркс і кайкас
🇹🇩|чад
🇹🇫|французскія паўднёвыя тэрыторыі
🇹🇬|тога
🇹🇭|тайланд
🇹🇯|таджыкістан
🇹🇰|такелау
🇹🇱|тымор-лешці
🇹🇲|туркменістан
🇹🇳|туніс
🇹🇴|тонга
🇹🇷|турцыя
🇹🇹|трынідад і табага
🇹🇻|тувалу
🇹🇼|тайвань
🇹🇿|танзанія
🇺🇦|украіна
🇺🇬|уганда
🇺🇸|злучаныя штаты
🇺🇾|уругвай
🇺🇿|узбекістан
🇻🇦|ватыкан
🇻🇨|сент-вінсент і грэнадзіны
🇻🇪|венесуэла
🇻🇬|брытанскія віргінскія астравы
🇻🇮|амерыканскія віргінскія астравы
🇻🇳|в’етнам
🇻🇺|вануату
🇼🇫|уоліс і футуна
🇼🇸|самоа
🇽🇰|косава
🇾🇪|емен
🇾🇹|маёта
🇿🇦|паўднёва-афрыканская рэспубліка
🇿🇲|замбія
🇿🇼|зімбабвэ
🏴󠁧󠁢󠁥󠁮󠁧󠁿|англія
🏴󠁧󠁢󠁳󠁣󠁴󠁿|шатландыя
🏴󠁧󠁢󠁷󠁬󠁳󠁿|уэльс