â‰ï¸|!?|?|exclamaciÃ³|interrogaciÃ³|puntuaciÃ³|signe dâ€™exclamaciÃ³ i dâ€™interrogaciÃ³
â„¹ï¸|informaciÃ³|punt dâ€™informaciÃ³
â†”ï¸|dreta|esquerra|fletxa cap a lâ€™esquerra i cap a la dreta
â†•ï¸|amunt|avall|fletxa cap amunt i cap avall
â†–ï¸|amunt a lâ€™esquerra|direcciÃ³|fletxa cap amunt a lâ€™esquerra|nord-oest
â†—ï¸|amunt a la dreta|direcciÃ³|fletxa cap amunt a la dreta|nord-est
â†˜ï¸|avall a la dreta|direcciÃ³|fletxa cap avall a la dreta|sud-est
â†™ï¸|avall a lâ€™esquerra|direcciÃ³|fletxa cap avall a lâ€™esquerra|sud-oest
âŒ¨ï¸|ordinador|teclat
â˜€ï¸|assolellat|solejat|temps
â˜ï¸|nÃºvol|temps
â˜‚ï¸|paraigua|pluja
â˜ƒï¸|fred|neu|nevada|ninot de neu
â˜„ï¸|cometa|espai
â˜‘ï¸|âœ“|casella amb marca de verificaciÃ³|selecciÃ³|verificaciÃ³
â˜”|gotes|paraigua amb gotes de pluja|pluja
â˜•|beguda|cafÃ¨|calenta|te|xocolata calenta
â˜˜ï¸|planta|trÃ¨vol
â˜ ï¸|calavera|cara|crani amb ossos|monstre|ossos
â˜¢ï¸|radioactiu|senyal
â˜£ï¸|perill|risc biolÃ²gic|senyal
â˜¦ï¸|creu|ortodoxa|religiÃ³
â˜¸ï¸|budisme|budista|dharma|religiÃ³|roda del dharma
â˜¹ï¸|cara arrufada|emmurriat|empipat|enfadat
â™ˆ|Ã ries|marrÃ |zodÃ­ac
â™‰|bou|brau|taure|zodÃ­ac
â™|arquer|sagitari|zodÃ­ac
â™‘|cabra|capricorn|zodÃ­ac
â™’|aigua|aquari|zodÃ­ac
â™“|peixos|zodÃ­ac
â™ ï¸|cartes|pal de piques|partida|piques
â™£ï¸|carta|pal de trÃ¨vols|partida|trÃ¨vols
â™¥ï¸|cartes|cors|pal de cors|partida
â™¦ï¸|cartes|diamants|pal de diamants|partida
â™¨ï¸|aigÃ¼es termals|calor|complex turÃ­stic|fonts termals|vapor
âš’ï¸|eina|martell i pic|pic
âš“|Ã ncora|eina|vaixell
âš”ï¸|arma|creuades|espases
âš–ï¸|aparell|balanÃ§a (aparell)|eina|justÃ­cia|pes
âš—ï¸|alambÃ­|eina|quÃ­mica
âš™ï¸|eina|engranatge
âœ‚ï¸|eina|tall|tisores
âœ…|âœ“|botÃ³ de marca de verificaciÃ³|marca|selecciÃ³|verificaciÃ³
âœˆï¸|aeroplÃ |aviÃ³|vehicle|vol
âœ‰ï¸|carta|correu electrÃ²nic|mail|sobre
âœ’ï¸|negra|ploma
âœ”ï¸|âœ“|marca de verificaciÃ³|selecciÃ³|verificaciÃ³
âœ–ï¸|Ã—|cancelÂ·lar|multiplicaciÃ³|multiplicar|signe de multiplicar|x
âœ¡ï¸|estrella de david|judaisme|jueu|religiÃ³
âœ¨|*|espurna|espurnes|estrella
âœ³ï¸|*|asterisc de vuit radis
âœ´ï¸|*|estrella de vuit puntes
â„ï¸|floc de neu|fred|neu|volva de neu
â‡ï¸|*|espurna
â“|?|interrogaciÃ³|puntuaciÃ³|signe dâ€™interrogaciÃ³ vermell
â”|?|blanc|interrogaciÃ³|puntuaciÃ³|signe dâ€™interrogaciÃ³ blanc
â•|!|blanc|exclamaciÃ³|puntuaciÃ³|signe dâ€™exclamaciÃ³ blanc
â—|!|exclamaciÃ³|puntuaciÃ³|signe dâ€™exclamaciÃ³ vermell
â£ï¸|cor|exclamaciÃ³ en forma de cor|puntuaciÃ³
â¤ï¸|cor vermell
â•|+|matemÃ tiques|mÃ©s|signe de sumar
â–|-|âˆ’|matemÃ tiques|menys|signe de restar
â—|Ã·|divisiÃ³|matemÃ tiques|signe de dividir
â¤´ï¸|amunt|dreta|fletxa dreta que gira cap amunt|gir
â¤µï¸|avall|dreta|fletxa dreta que gira cap avall|gir
ã€°ï¸|guiÃ³|ondulat|puntuaciÃ³
ãŠ—ï¸|botÃ³ japonÃ¨s "enhorabona"|enhorabona|ideograma|japonÃ¨s|kanji
ãŠ™ï¸|"secret"|botÃ³ japonÃ¨s "secret"|ideograma|japonÃ¨s|kanji
ğŸ˜€|cara molt somrient|rialla|somriure|ulls
ğŸ˜ƒ|boca oberta|cara molt somrient amb els ulls ben oberts|somriure
ğŸ˜„|boca oberta|cara amb rialla i els ulls somrients|somriure
ğŸ˜|cara molt somrient amb els ulls alegres|gran somriure|ulls
ğŸ˜†|boca oberta|cara somrient amb els ulls tancats fortament|somriure|ulls tancats
ğŸ˜…|cara somrient amb una gota de suor|somriure|suor freda
ğŸ¤£|cara que es peta de riure|partir-se|petar-se de riure|pixar-se|riure
ğŸ˜‚|alegria|cara amb llÃ grimes dâ€™alegria|llÃ grimes
ğŸ™‚|cara que somriu una mica|somriure tÃ­mid
ğŸ™ƒ|cara de cap per avall|revÃ©s
ğŸ« |cara que es desfÃ |desaparÃ¨ixer|desfer-se|dissoldreâ€™s|fondreâ€™s|lÃ­quid
ğŸ˜‰|cara que pica lâ€™ullet|ullet
ğŸ˜Š|cara somrient amb els ulls alegres|galtes vermelles|somriure
ğŸ˜‡|angelet|aurÃ¨ola|cara somrient amb aurÃ¨ola|halo|santa
ğŸ¥°|amor|cara somrient amb 3 cors|cara somrient amb cors|enamorada|enamorament|enamorat
ğŸ˜|amor|cara somrient amb ulls en forma de cor|cor|ulls
ğŸ¤©|cara amb estrelles als ulls|estrella|somriure|ulls
ğŸ˜˜|amor|cara que llanÃ§a un petÃ³|cor|petÃ³
ğŸ˜—|cara que fa un petÃ³|petÃ³
â˜ºï¸|cara relaxada|cara somrient|somriure
ğŸ˜š|cara que fa un petÃ³ amb els ulls tancats|petÃ³|ulls tancats
ğŸ˜™|cara que fa un petÃ³ amb els ulls alegres|petÃ³|ulls alegres
ğŸ¥²|agraÃ¯ment|alleujament|cara somrient amb una llÃ grima|emociÃ³|llÃ grima|orgull|somriure
ğŸ˜‹|cara que assaboreix menjar|deliciÃ³s|llengua|llÃ©pol|nyam|somriure
ğŸ˜›|cara que fa llengotes|llengota|llengua fora
ğŸ˜œ|cara que fa llengotes i pica lâ€™ullet|llengota|llengua|ullet
ğŸ¤ª|boig|boja|cara de bogeria|ull gran|ull petit
ğŸ˜|cara amb els ulls tancats i la llengua fora|cara que fa llengotes i amb els ulls tancats|ecs|llengota|llengua|ulls tancats
ğŸ¤‘|cara de diners|diners|llengua|ulls
ğŸ¤—|abraÃ§ada|cara amb abraÃ§ada
ğŸ¤­|cara amb la mÃ  sobre la boca|tapant-se la boca|ups
ğŸ«¢|alÂ·lucinar|cara amb els ulls oberts i la mÃ  sobre la boca|cara amb ulls oberts i mÃ  sobre la boca|estupefacciÃ³|incredulitat|por|sorpresa|vergonya
ğŸ«£|cara tapada que espia amb un ull|espiar|fascinaciÃ³|mirada|mirar
ğŸ¤«|callar|cara que demana silenci|silenci
ğŸ¤”|cara|pensant|pensatiu|pensativa
ğŸ«¡|cara que saluda|exÃ¨rcit|ordre|salutaciÃ³|sÃ­|val
ğŸ¤|boca tancada|cara amb cremallera a la boca|cremallera
ğŸ¤¨|cara amb una cella aixecada|desconfiada|desconfiat|escÃ¨ptica
ğŸ˜|cara neutra|neutral
ğŸ˜‘|cara|inexpressiÃ³|inexpressiu|inexpressiva
ğŸ˜¶|callada|callat|cara sense boca|sense boca|silenci
ğŸ«¥|amagar-se|cara amb lÃ­nia de punts|depressiÃ³|desaparÃ¨ixer|introversiÃ³|invisible
ğŸ˜¶â€ğŸŒ«ï¸|cap als nÃºvols|cara entre nÃºvols|distracciÃ³|distret
ğŸ˜|cara somrient amb superioritat|somriure astut|superioritat
ğŸ˜’|avorriment|cara de desaprovaciÃ³|desaprovaciÃ³
ğŸ™„|cara amb els ulls en blanc|ulls en blanc
ğŸ˜¬|cara que fa una ganyota amb les dents|dents|ganyota
ğŸ˜®â€ğŸ’¨|alleujament|cara que exhala|exhalar|xiulet|xiuxiueig
ğŸ¤¥|cara de mentider|mentider|nas|pinotxo
ğŸ«¨|cara que tremola|terratrÃ¨mol|tremolar|tremolor|vibraciÃ³
ğŸ˜Œ|alleujament|cara dâ€™alleujament
ğŸ˜”|abatuda|cara|desanimada|pensativa
ğŸ˜ª|cara de son|son
ğŸ¤¤|bava|bavejant|cara que baveja
ğŸ˜´|cara de dormir|dormint|son|zzz
ğŸ˜·|cara amb mÃ scara|cara amb mascareta|malaltia|mÃ scara|mascareta
ğŸ¤’|cara amb termÃ²metre|malalta|malaltia|termÃ²metre
ğŸ¤•|cap embenat|cara amb el cap embenat
ğŸ¤¢|cara de nÃ usees|mareig|marejada|marejat|nÃ usea|vomitar
ğŸ¤®|cara que vomita|vÃ²mit
ğŸ¤§|cara que esternuda|constipat|esternudant|esternut|mocs|salut
ğŸ¥µ|calor|cara de calor|cara vermella|febre|suor
ğŸ¥¶|cara blava|cara de fred|caramell|fred|gel|glaÃ§at
ğŸ¥´|beguda|begut|boca ondulada|cara de mareig|embriac|embriaga|mareig
ğŸ˜µ|cara|marejada|marejat
ğŸ˜µâ€ğŸ’«|cara amb ulls dâ€™espiral|espiral|hipnosi|mareig|problema
ğŸ¤¯|cap que explota|estupefacta|estupefacte
ğŸ¤ |barret|cara amb barret de vaquer|cowboy|vaquera
ğŸ¥³|barret|cara festiva|celebraciÃ³|espanta-sogres|festa
ğŸ¥¸|cara disfressada|disfressa|incÃ²gnit|nas|ulleres
ğŸ˜|cara somrient amb ulleres de sol|sol|ulleres
ğŸ¤“|aplicada|aplicat|cara de setciÃ¨ncies|estudiar|estudiÃ³s|estudiosa
ğŸ§|cara amb monocle|estirada|estirat|monocle
ğŸ˜•|cara de confusiÃ³|confÃ³s|confosa|confusiÃ³
ğŸ«¤|cara amb la boca en diagonal|cara dâ€™escepticisme|cara dâ€™inseguretat|cara de decepciÃ³|decepcionat|insegur|meh
ğŸ˜Ÿ|cara de preocupaciÃ³|preocupaciÃ³|preocupada|preocupat
ğŸ™|cara una mica arrufada|emmurriat|empipat|enfadat
ğŸ˜®|boca oberta|cara amb la boca oberta
ğŸ˜¯|cara de sorpresa|sorpresa
ğŸ˜²|cara|estupefacta|estupefacte
ğŸ˜³|cara|enrojolada|galtes vermelles|vergonya
ğŸ¥º|cara de sÃºplica|pietat|sÃºplica|ulls de cadell
ğŸ¥¹|cara que sâ€™aguanta les llÃ grimes|dolor|emociÃ³|enuig|orgull|resistir|tristesa
ğŸ˜¦|boca oberta|cara emmurriada amb la boca oberta|emmurriada
ğŸ˜§|angoixada|angoixat|cara dâ€™angoixa
ğŸ˜¨|atemorida|atemorit|cara de por|espantada|espantat|por
ğŸ˜°|boca oberta|cara amb la boca oberta i suor freda|nervis|suor freda
ğŸ˜¥|alleujament|cara de decepciÃ³, perÃ² alleujada|decepciÃ³|uf
ğŸ˜¢|cara que plora|llÃ grimes|trista
ğŸ˜­|cara que plora desconsoladament|llÃ grimes de desconsol
ğŸ˜±|cara que crida de por|crit de por|pÃ nic|terror
ğŸ˜–|cara de frustraciÃ³|frustraciÃ³|frustrada|frustrat
ğŸ˜£|cara de perseveranÃ§a|perseveranÃ§a
ğŸ˜|cara de decepciÃ³|decebuda|decebut|decepciÃ³
ğŸ˜“|cara amb suor freda|suor freda
ğŸ˜©|cara dâ€™esgotament|esgotada|esgotament|esgotat
ğŸ˜«|cansament|cara de cansament
ğŸ¥±|avorriment|badall|cansament|cara que badalla
ğŸ˜¤|cara que treu fum del nas|fum|nas|victÃ²ria
ğŸ˜¡|cara vermella|enutjada|enutjat
ğŸ˜ |cara|enfadada|enfadat
ğŸ¤¬|cara amb sÃ­mbols a la boca|insults|paraulotes|renecs
ğŸ˜ˆ|banyes|cara somrient amb banyes|dimoni|somriure
ğŸ‘¿|cara enfadada amb banyes|diable|dimoniet|fantasia|trapella
ğŸ’€|calavera|cara|conte|crani|monstre|mort
ğŸ’©|caca|cara|cÃ²mic|merda|monstre
ğŸ¤¡|cara de pallasso|pallassa|pallasso
ğŸ‘¹|cara|conte|criatura|fantasia|ogre
ğŸ‘º|cara|conte|criatura|fantasia|follet
ğŸ‘»|cara|conte|criatura|fantasia|fantasma
ğŸ‘½|alienÃ­gena|cara|criatura|extraterrestre|fantasia|monstre|ovni
ğŸ‘¾|Ã lien|alienÃ­gena|extraterrestre|monstre|ovni
ğŸ¤–|cara|monstre|robot
ğŸ˜º|boca oberta|cara|gat somrient amb la boca oberta|somrient
ğŸ˜¸|cara|gat somrient amb els ulls alegres|somrient|ulls alegres
ğŸ˜¹|alegria|cara|gat amb llÃ grimes dâ€™alegria|llÃ grimes
ğŸ˜»|cara|cor|gat somrient amb cors als ulls|somriure|ulls
ğŸ˜¼|cara|gat amb somriure irÃ²nic|ironia|somriure
ğŸ˜½|cara|gat que fa un petÃ³|petÃ³|ulls tancats
ğŸ™€|cara|gat|sorprÃ¨s|sorpresa
ğŸ˜¿|cara|gat que plora|llÃ grimes
ğŸ˜¾|cara|enuig|gat enutjat
ğŸ™ˆ|mona que no mira|ulls tapats
ğŸ™‰|mona que no escolta|orelles tapades
ğŸ™Š|boca tapada|mona que no parla
ğŸ’Œ|amor|carta dâ€™amor
ğŸ’˜|cor amb fletxa|cupido|fletxa
ğŸ’|cor amb un llaÃ§|llaÃ§|sant valentÃ­
ğŸ’–|cor espurnejant|espurneig
ğŸ’—|batec|cor que creix|creixent|emocionada|emocionat
ğŸ’“|batec|cor que batega
ğŸ’|cors que giren|gir
ğŸ’•|amor|cor|dos cors
ğŸ’Ÿ|cor decoratiu
ğŸ’”|cor|trencar|trencat
â¤ï¸â€ğŸ”¥|amor|cor en flames|cor sagrat|foc|luxÃºria
â¤ï¸â€ğŸ©¹|cor embenat|millora|recuperaciÃ³|salut
ğŸ©·|agradar|amor|cor|rosa
ğŸ§¡|cor taronja|taronja
ğŸ’›|cor groc
ğŸ’š|cor verd
ğŸ’™|cor blau
ğŸ©µ|blau cel|cian|cor blau cel|turquesa
ğŸ’œ|cor lila
ğŸ¤|cor|marrÃ³
ğŸ–¤|cor negre
ğŸ©¶|cor|gris|plata|platejat
ğŸ¤|blanc|cor
ğŸ’‹|marca de petÃ³|petÃ³
ğŸ’¯|100|cent punts|punts|puntuaciÃ³
ğŸ’¢|cÃ²mic|enfadat|enuig|malhumorat|sÃ­mbol dâ€™enuig
ğŸ’¥|colÂ·lisiÃ³|cÃ²mic|esclat
ğŸ’«|cÃ²mic|estrella|mareig
ğŸ’¦|gotes de suor|suor
ğŸ’¨|cÃ²mic|cÃ³rrer|pressa|sortir corrent
ğŸ•³ï¸|forat
ğŸ’¬|bafarada de parlar|cÃ²mic|diÃ leg|parlar
ğŸ‘ï¸â€ğŸ—¨ï¸|bafarada|testimoni|ull dins dâ€™una bafarada|vist
ğŸ—¨ï¸|bafarada de parlar cap a lâ€™esquerra|esquerra|parlar
ğŸ—¯ï¸|bafarada dâ€™enuig cap a la dreta|dreta|parlar
ğŸ’­|bafarada de pensar|pensar
ğŸ’¤|cÃ²mic|son|zzz
ğŸ‘‹|mÃ  que saluda|salutaciÃ³
ğŸ¤š|alÃ§ada|mÃ |revers de la mÃ 
ğŸ–ï¸|dits oberts|mÃ  amb els dits oberts|mÃ  oberta
âœ‹|cos|mÃ  aixecada
ğŸ––|dit|mÃ |salutaciÃ³ vulcaniana|spock|vulcaniÃ 
ğŸ«±|a la dreta|dreta|mÃ  cap a la dreta
ğŸ«²|a lâ€™esquerra|esquerra|mÃ  cap a lâ€™esquerra
ğŸ«³|abaixa|descarta|mÃ  amb el palmell cap avall|no|rebutja
ğŸ«´|acostaâ€™t|donaâ€™m|mÃ  amb el palmell cap amunt|ofereix|vine
ğŸ«·|aturar|empÃ¨nyer|esperar|esquerra|mÃ  que empeny cap a lâ€™esquerra|prou|rebutjar
ğŸ«¸|aturar|dreta|empÃ¨nyer|esperar|mÃ  que empeny cap a la dreta|prou|rebutjar
ğŸ‘Œ|acceptaciÃ³|mÃ  dâ€™acceptaciÃ³|ok|senyal dâ€™aprovaciÃ³ amb la mÃ 
ğŸ¤Œ|dits junts|gest de la mÃ |interrogaciÃ³|sarcÃ stic
ğŸ¤|mÃ  que pessiga|quantitat petita
âœŒï¸|senyal de la victÃ²ria|victÃ²ria
ğŸ¤|creuats|dits|sort
ğŸ«°|car|diners|fregar els dits|mÃ  amb el dit Ã­ndex i el polze creuats|petar els dits
ğŸ¤Ÿ|dits|gest de tâ€™estimo|mÃ |tâ€™estimo
ğŸ¤˜|banyes|dits en forma de banyes|rock
ğŸ¤™|mÃ  que representa una trucada|trucada
ğŸ‘ˆ|dit Ã­ndex que apunta cap a lâ€™esquerra|esquerra|Ã­ndex
ğŸ‘‰|dit Ã­ndex que apunta cap a la dreta|dreta|Ã­ndex
ğŸ‘†|amunt|dit Ã­ndex que apunta cap amunt
ğŸ–•|dit cor|dit del cor|dit del mig|mÃ 
ğŸ‘‡|avall|dit Ã­ndex que apunta cap avall|Ã­ndex
â˜ï¸|amunt|Ã­ndex que apunta cap amunt
ğŸ«µ|apuntar|assenyalar|Ã­ndex que assenyala lâ€™espectador|tu
ğŸ‘|amunt|polze cap amunt
ğŸ‘|avall|polze cap avall
âœŠ|mÃ |puny alÃ§at
ğŸ‘Š|a prop|cop de puny|mÃ |puny
ğŸ¤›|dret|puny|salutaciÃ³
ğŸ¤œ|esquerre|puny|salutaciÃ³
ğŸ‘|aplaudiment|aplaudint|mans que aplaudeixen
ğŸ™Œ|celebraciÃ³|hurra|mans aixecades|mans enlaire
ğŸ«¶|amor|mans que formen un cor
ğŸ‘|cos|mÃ |mans obertes|oberta
ğŸ¤²|mans juntes amb els palmells cap amunt|pregÃ ria
ğŸ¤|acord|encaixada de mans|mans|salutaciÃ³
ğŸ™|grÃ cies|mans ajuntades|pregar|si us plau
âœï¸|escriure|mÃ  que escriu
ğŸ’…|cosmÃ¨tics|esmalt dâ€™ungles|manicura|ungla
ğŸ¤³|autofoto|cÃ mera|foto|mÃ²bil|selfie
ğŸ’ª|bÃ­ceps tensat|flexiÃ³ de bÃ­ceps|forÃ§ut|mÃºscul
ğŸ¦¾|accessibilitat|prÃ²tesi de braÃ§
ğŸ¦¿|accessibilitat|prÃ²tesi de cama
ğŸ¦µ|cama|extremitat|puntada de peu
ğŸ¦¶|peu|puntada de peu|trepitjada
ğŸ‘‚|cos|orella
ğŸ¦»|accessibilitat|orella amb audiÃ²fon|problema dâ€™audiciÃ³
ğŸ‘ƒ|cos|nas
ğŸ§ |cervell|intelÂ·ligent
ğŸ«€|batec|cardiologia|cor|Ã²rgan|pols
ğŸ«|exhalaciÃ³|inhalaciÃ³|Ã²rgan|pulmons|respiraciÃ³|respirar
ğŸ¦·|dentista
ğŸ¦´|esquelet|os
ğŸ‘€|cara|cos|ulls
ğŸ‘ï¸|cos|ull
ğŸ‘…|cos|llengua
ğŸ‘„|boca|cos|llavis
ğŸ«¦|boca que es mossega el llavi|flirteig|incomoditat|nervis|por|preocupaciÃ³
ğŸ‘¶|bebÃ¨|nadÃ³|nounat
ğŸ§’|criatura|infant
ğŸ‘¦|jove|nen|noi
ğŸ‘§|jove|nena|noia
ğŸ§‘|adult|persona
ğŸ‘±|cabells|persona amb els cabells rossos|persona: cabells rossos|ros
ğŸ‘¨|home|masculÃ­
ğŸ§”|barba|persona: barba
ğŸ§”â€â™‚ï¸|barba|home: barba
ğŸ‘±â€â™‚ï¸|cabell|home: cabell ros|ros
ğŸ‘©|dona|femenÃ­
ğŸ§”â€â™€ï¸|barba|dona: barba
ğŸ‘±â€â™€ï¸|cabell|dona: cabell ros|rossa
ğŸ§“|adult|gran|persona
ğŸ‘´|anciÃ |gran|home
ğŸ‘µ|anciana|dona|gran
ğŸ™|emmurriament|persona arrufada|persona emmurriada
ğŸ™â€â™‚ï¸|arrufar|celles|gest|home emmurriat|masculÃ­
ğŸ™â€â™€ï¸|arrufar|celles|dona emmurriada|femenÃ­|gest
ğŸ™|enuig|persona enutjada
ğŸ™â€â™‚ï¸|enuig|gest|home enutjat|masculÃ­
ğŸ™â€â™€ï¸|dona enutjada|enuig|femenÃ­|gest
ğŸ™…|gest de negaciÃ³|mÃ |negaciÃ³|no|prohibit
ğŸ™…â€â™‚ï¸|gest|home amb gest de negaciÃ³|mÃ |prohibit
ğŸ™…â€â™€ï¸|dona amb gest de negaciÃ³|gest|mÃ |prohibit
ğŸ™†|aprovaciÃ³|gest dâ€™aprovaciÃ³
ğŸ™†â€â™‚ï¸|acord|gest|home amb gest dâ€™aprovaciÃ³|mÃ |ok
ğŸ™†â€â™€ï¸|acord|dona amb gest dâ€™aprovaciÃ³|gest|mÃ |ok
ğŸ’|ajuda|flexiÃ³|informaciÃ³|mÃ |persona amb mÃ  inclinada cap amunt
ğŸ’â€â™‚ï¸|ajuda|home amb mÃ  inclinada cap amunt|informaciÃ³|mÃ 
ğŸ’â€â™€ï¸|ajuda|dona amb mÃ  inclinada cap amunt|informaciÃ³|mÃ 
ğŸ™‹|mÃ  aixecada|persona amb la mÃ  aixecada|persona contenta que aixeca la mÃ |somriure
ğŸ™‹â€â™‚ï¸|gest|home amb la mÃ  aixecada|mÃ |masculÃ­
ğŸ™‹â€â™€ï¸|dona amb la mÃ  aixecada|femenÃ­|gest|mÃ 
ğŸ§|accessibilitat|oÃ¯da|persona sorda|sentir|sord
ğŸ§â€â™‚ï¸|home|sord
ğŸ§â€â™€ï¸|dona|sorda
ğŸ™‡|disculpa|gest|persona capcota|reverÃ¨ncia
ğŸ™‡â€â™‚ï¸|disculpa|gest|home capcot|reverÃ¨ncia
ğŸ™‡â€â™€ï¸|disculpa|dona capcota|gest|reverÃ¨ncia
ğŸ¤¦|exasperaciÃ³|frustraciÃ³|incredulitat|persona amb la mÃ  a la cara|vergonya
ğŸ¤¦â€â™‚ï¸|exasperaciÃ³|home amb la mÃ  a la cara|incredulitat|mÃ 
ğŸ¤¦â€â™€ï¸|dona amb la mÃ  a la cara|exasperaciÃ³|incredulitat|mÃ 
ğŸ¤·|arronsar|espatlles|ni idea|persona que arronsa les espatlles
ğŸ¤·â€â™‚ï¸|dubte|home que arronsa les espatlles|ignorÃ ncia|indiferÃ¨ncia
ğŸ¤·â€â™€ï¸|dona que arronsa les espatlles|dubte|ignorÃ ncia|indiferÃ¨ncia
ğŸ§‘â€âš•ï¸|doctor|infermer|professional de la salut|salut|terapeuta
ğŸ‘¨â€âš•ï¸|doctor|home professional de la salut|infermer|masculÃ­|metge|salut
ğŸ‘©â€âš•ï¸|doctora|dona professional de la salut|infermera|metgessa|professional de la salut|salut|terapeuta
ğŸ§‘â€ğŸ“|estudiant|graduat
ğŸ‘¨â€ğŸ“|graduaciÃ³|graduat|home|masculÃ­|noi estudiant
ğŸ‘©â€ğŸ“|dona|femenÃ­|graduaciÃ³|graduada|noia estudiant
ğŸ§‘â€ğŸ«|instructor|mestre|professor
ğŸ‘¨â€ğŸ«|home|instructor|masculÃ­|mestre|professor
ğŸ‘©â€ğŸ«|dona|femenÃ­|instructora|mestra|professora
ğŸ§‘â€âš–ï¸|balanÃ§a|jutge
ğŸ‘¨â€âš–ï¸|balanÃ§a|home|justÃ­cia|jutge|masculÃ­
ğŸ‘©â€âš–ï¸|balanÃ§a|dona|femenÃ­|justÃ­cia|jutgessa
ğŸ§‘â€ğŸŒ¾|agricultor|granger|pagÃ¨s
ğŸ‘¨â€ğŸŒ¾|agricultor|granger|home|masculÃ­|pagÃ¨s
ğŸ‘©â€ğŸŒ¾|agricultora|dona|femenÃ­|grangera|pagesa
ğŸ§‘â€ğŸ³|cuiner|xef
ğŸ‘¨â€ğŸ³|cuiner|home|masculÃ­|xef
ğŸ‘©â€ğŸ³|cuinera|dona|femenÃ­|xef
ğŸ§‘â€ğŸ”§|electricista|lampista|mecÃ nic
ğŸ‘¨â€ğŸ”§|electricista|home|lampista|masculÃ­|mecÃ nic
ğŸ‘©â€ğŸ”§|dona|electricista|femenÃ­|lampista|mecÃ nica
ğŸ§‘â€ğŸ­|fÃ brica|industrial|operari|treballador
ğŸ‘¨â€ğŸ­|fÃ brica|home operari|industrial|operari|treballador
ğŸ‘©â€ğŸ­|fÃ brica|industrial|operÃ ria|treballadora
ğŸ§‘â€ğŸ’¼|arquitecte|negoci|oficina|treballador dâ€™oficina
ğŸ‘¨â€ğŸ’¼|arquitecte|home treballador dâ€™oficina|negoci|oficina|treballador dâ€™oficina
ğŸ‘©â€ğŸ’¼|arquitecta|dona|negoci|oficina|treballadora dâ€™oficina
ğŸ§‘â€ğŸ”¬|biÃ²leg|cientÃ­fic|enginyer|fÃ­sic|quÃ­mic
ğŸ‘¨â€ğŸ”¬|biÃ²leg|cientÃ­fic|enginyer|fÃ­sic|home cientÃ­fic|quÃ­mic
ğŸ‘©â€ğŸ”¬|biÃ²loga|cientÃ­fica|enginyera|fÃ­sica|quÃ­mica
ğŸ§‘â€ğŸ’»|desenvolupador|inventor|programador|tecnÃ²leg
ğŸ‘¨â€ğŸ’»|desenvolupador|home|inventor|programador|tecnÃ²leg
ğŸ‘©â€ğŸ’»|desenvolupadora|dona|inventora|programadora|tecnÃ²loga
ğŸ§‘â€ğŸ¤|actor|cantant|estrella|presentador
ğŸ‘¨â€ğŸ¤|actor|cantant home|estrella|presentador
ğŸ‘©â€ğŸ¤|actriu|cantant dona|estrella|presentadora
ğŸ§‘â€ğŸ¨|artista|paleta
ğŸ‘¨â€ğŸ¨|artista|home|masculÃ­|paleta
ğŸ‘©â€ğŸ¨|artista|dona|femenÃ­|paleta
ğŸ§‘â€âœˆï¸|aviÃ³|pilot
ğŸ‘¨â€âœˆï¸|aviÃ³|home|masculÃ­|pilot
ğŸ‘©â€âœˆï¸|aviÃ³|dona|femenÃ­|pilot
ğŸ§‘â€ğŸš€|astronauta|coet
ğŸ‘¨â€ğŸš€|astronauta|coet|espai|home
ğŸ‘©â€ğŸš€|astronauta|coet|dona|espai
ğŸ§‘â€ğŸš’|bombera|camiÃ³ de bombers
ğŸ‘¨â€ğŸš’|bomber|camiÃ³ de bombers|home|masculÃ­
ğŸ‘©â€ğŸš’|bombera|camiÃ³ de bombers|dona|femenÃ­
ğŸ‘®|agent de policia|policia|seguretat
ğŸ‘®â€â™‚ï¸|agent de policia home|home|masculÃ­|policia
ğŸ‘®â€â™€ï¸|agent de policia dona|dona|femenÃ­|policia
ğŸ•µï¸|detectiu|espia|investigador
ğŸ•µï¸â€â™‚ï¸|detectiu|espia|home|investigador
ğŸ•µï¸â€â™€ï¸|detectiu|dona|espia|investigadora
ğŸ’‚|guarda
ğŸ’‚â€â™‚ï¸|guarda|home|masculÃ­
ğŸ’‚â€â™€ï¸|dona|femenÃ­|guarda
ğŸ¥·|guerrer|lluitador|ninja|ocult|sigilÃ³s
ğŸ‘·|construcciÃ³|paleta|treballador de la construcciÃ³
ğŸ‘·â€â™‚ï¸|construcciÃ³|home paleta|masculÃ­|treballador
ğŸ‘·â€â™€ï¸|construcciÃ³|dona paleta|femenÃ­|treballadora
ğŸ«…|monarca|noblesa|persona amb corona|reialesa
ğŸ¤´|prÃ­ncep
ğŸ‘¸|conte|fades|fantasia|princesa
ğŸ‘³|persona amb turbant|turbant
ğŸ‘³â€â™‚ï¸|home amb turbant|masculÃ­|turbant
ğŸ‘³â€â™€ï¸|dona amb turbant|femenÃ­|turbant
ğŸ‘²|gorra|home amb barret xinÃ¨s|xinÃ¨s
ğŸ§•|cap cobert|dona amb el cap cobert|hijab|mantellina|mocador de cap
ğŸ¤µ|esmÃ²quing|nuvi|persona amb esmÃ²quing
ğŸ¤µâ€â™‚ï¸|esmÃ²quing|home amb esmÃ²quing
ğŸ¤µâ€â™€ï¸|dona amb esmÃ²quing|esmÃ²quing
ğŸ‘°|casament|nÃºvia|persona amb vel|vel
ğŸ‘°â€â™‚ï¸|home amb vel|vel
ğŸ‘°â€â™€ï¸|dona amb vel|vel
ğŸ¤°|dona|embarÃ s|embarassada|prenyada
ğŸ«ƒ|embarÃ s|embarassat|home embarassat|panxa|prenyat
ğŸ«„|embarÃ s|embarassada|embarassat|panxa|persona embarassada|prenyada|prenyat
ğŸ¤±|alletar|dona que alleta|lactÃ ncia|nadÃ³
ğŸ‘©â€ğŸ¼|alimentar|alletar|bebÃ¨|dona que alleta un bebÃ¨
ğŸ‘¨â€ğŸ¼|alimentar|alletar|bebÃ¨|home que alleta un bebÃ¨
ğŸ§‘â€ğŸ¼|alimentar|alletar|bebÃ¨|persona que alleta un bebÃ¨
ğŸ‘¼|ales|Ã ngel|angelet|bebÃ¨|fantasia
ğŸ…|nadal|noel|pare
ğŸ¤¶|Ã via|cÃ²fia|mare|nadal|noel
ğŸ§‘â€ğŸ„|noel, nadal
ğŸ¦¸|bo|heroi|heroÃ¯na|superheroi|sÃºperpoder
ğŸ¦¸â€â™‚ï¸|bo|heroi|home superheroi|superpoder
ğŸ¦¸â€â™€ï¸|bo|dona superheroÃ¯na|heroÃ¯na|superpoder
ğŸ¦¹|criminal|dolent|malvat|superdolent|superpoder
ğŸ¦¹â€â™‚ï¸|criminal|dolent|home superdolent|malvat|superpoder
ğŸ¦¹â€â™€ï¸|criminal|dolenta|dona superdolenta|malvada|superpoder
ğŸ§™|bruixa|bruixot|fetillera|mag
ğŸ§™â€â™‚ï¸|bruixot|fetiller|home mag
ğŸ§™â€â™€ï¸|bruixa|dona maga|fetillera
ğŸ§š|fada|oberÃ³|puck|titÃ nia
ğŸ§šâ€â™‚ï¸|home fada|oberÃ³|puck
ğŸ§šâ€â™€ï¸|dona fada|titÃ nia
ğŸ§›|drÃ cula|mort vivent|morta vivent|vampir
ğŸ§›â€â™‚ï¸|drÃ cula|home vampir|mort vivent
ğŸ§›â€â™€ï¸|dona vampir|morta vivent|vampiressa
ğŸ§œ|persona sirena|sirena|tritÃ³
ğŸ§œâ€â™‚ï¸|home sirena|tritÃ³
ğŸ§œâ€â™€ï¸|dona sirena|sirena
ğŸ§|elf|mÃ gic
ğŸ§â€â™‚ï¸|home elf|mÃ gica
ğŸ§â€â™€ï¸|dona elfa|mÃ gica
ğŸ§|geni
ğŸ§â€â™‚ï¸|geni|home geni
ğŸ§â€â™€ï¸|dona geni|geni
ğŸ§Ÿ|mort vivent|walking dead|zombi
ğŸ§Ÿâ€â™‚ï¸|home zombi|mort vivent
ğŸ§Ÿâ€â™€ï¸|dona zombi|morta vivent
ğŸ§Œ|conte|fades|fantasia|monstre|trol
ğŸ’†|bellesa|cara|massatge|persona que rep un massatge al cap|salÃ³
ğŸ’†â€â™‚ï¸|cara|home|masculÃ­|massatge facial a un home
ğŸ’†â€â™€ï¸|cara|dona|femenÃ­|massatge facial a una dona
ğŸ’‡|cabells|persona a la perruqueria|persona que es talla els cabells|tallada de cabells
ğŸ’‡â€â™‚ï¸|cabells|home que es talla els cabells|masculÃ­|tallada de cabells
ğŸ’‡â€â™€ï¸|cabells|dona que es talla els cabells|femenÃ­|tallada de cabells
ğŸš¶|caminada|passejada|persona caminant|persona que camina
ğŸš¶â€â™‚ï¸|caminada|home caminant|home que camina|masculÃ­|passejada
ğŸš¶â€â™€ï¸|caminada|dona caminant|dona que camina|femenÃ­|passejada
ğŸ§|dempeus|dreta|persona dreta
ğŸ§â€â™‚ï¸|dempeus|dret|home
ğŸ§â€â™€ï¸|dempeus|dona|dreta
ğŸ§|agenollada|agenollat|de genolls|genoll|persona agenollada
ğŸ§â€â™‚ï¸|agenollat|de genolls|home
ğŸ§â€â™€ï¸|agenollada|de genolls|dona
ğŸ§‘â€ğŸ¦¯|accessibilitat|invident|persona amb un bastÃ³ per a invidents
ğŸ‘¨â€ğŸ¦¯|accessibilitat|home amb un bastÃ³ per a invidents|invident
ğŸ‘©â€ğŸ¦¯|accessibilitat|dona amb un bastÃ³ per a invidents|invident
ğŸ§‘â€ğŸ¦¼|accessibilitat|cadira de rodes amb motor|cadira de rodes elÃ¨ctrica|persona amb una cadira de rodes amb motor|persona amb una cadira de rodes elÃ¨ctrica
ğŸ‘¨â€ğŸ¦¼|accessibilitat|cadira de rodes|home amb una cadira de rodes amb motor|home amb una cadira de rodes elÃ¨ctrica
ğŸ‘©â€ğŸ¦¼|accessibilitat|cadira de rodes|dona amb una cadira de rodes amb motor|dona amb una cadira de rodes elÃ¨ctrica
ğŸ§‘â€ğŸ¦½|accessibilitat|cadira de rodes manual|persona amb una cadira de rodes manual
ğŸ‘¨â€ğŸ¦½|accessibilitat|cadira de rodes|home amb una cadira de rodes manual
ğŸ‘©â€ğŸ¦½|accessibilitat|cadira de rodes|dona amb una cadira de rodes manual
ğŸƒ|corredor|maratÃ³|persona corrent|persona que corre
ğŸƒâ€â™‚ï¸|cÃ³rrer|cursa|home que corre|maratÃ³
ğŸƒâ€â™€ï¸|cÃ³rrer|cursa|dona que corre|maratÃ³
ğŸ’ƒ|dansa|dona que balla|flamenca
ğŸ•º|ballant|disco|home que balla|mÃºsica
ğŸ•´ï¸|home de negocis que levita|levitar|negocis
ğŸ‘¯|conillet|dansaires|festa|orelles de conill|persones que ballen disfressades
ğŸ‘¯â€â™‚ï¸|ballarÃ­|ballarins amb orelles de conill|conillet|festa|homes que ballen disfressats
ğŸ‘¯â€â™€ï¸|ballarina|ballarines amb orelles de conill|conilleta|dones que ballen disfressades|festa
ğŸ§–|persona a la sauna|sauna|vapor
ğŸ§–â€â™‚ï¸|home a la sauna|sauna|vapor
ğŸ§–â€â™€ï¸|dona a la sauna|sauna|vapor
ğŸ§—|escalada|escaladora|persona que escala
ğŸ§—â€â™‚ï¸|escalada|escalador|home
ğŸ§—â€â™€ï¸|dona|escalada|escaladora
ğŸ¤º|esgrima|esgrimidora|persona que fa esgrima|tiradora
ğŸ‡|cavalls|curses de cavalls|genet
â›·ï¸|esquiador|esquiar|neu
ğŸ‚|neu|surf de neu|surfista de neu
ğŸŒï¸|bola|golfista|pal|pilota
ğŸŒï¸â€â™‚ï¸|golfista|home que juga a golf|masculÃ­
ğŸŒï¸â€â™€ï¸|dona que juga a golf|femenÃ­|golfista
ğŸ„|onada|persona que fa surf|surf|taula
ğŸ„â€â™‚ï¸|home que fa surf|masculÃ­|surf|taula
ğŸ„â€â™€ï¸|dona que fa surf|femenÃ­|surf|taula
ğŸš£|bot|persona que rema en una barca|rems
ğŸš£â€â™‚ï¸|barca|home que rema en una barca|masculÃ­|rem
ğŸš£â€â™€ï¸|barca|dona que rema en una barca|femenÃ­|rem
ğŸŠ|nataciÃ³|nedar|persona nedant|persona que neda
ğŸŠâ€â™‚ï¸|home que neda|masculÃ­|nedador|nedar
ğŸŠâ€â™€ï¸|dona que neda|femenÃ­|nedadora|nedar
â›¹ï¸|persona amb una pilota|pilota
â›¹ï¸â€â™‚ï¸|home amb una pilota|masculÃ­|pilota
â›¹ï¸â€â™€ï¸|dona amb una pilota|femenÃ­|pilota
ğŸ‹ï¸|aixecador|halterofÃ­lia|persona que aixeca peses|pesa
ğŸ‹ï¸â€â™‚ï¸|aixecador|home que aixeca peses|masculÃ­|peses
ğŸ‹ï¸â€â™€ï¸|aixecadora|dona que aixeca peses|femenÃ­|peses
ğŸš´|bicicleta|ciclisme|ciclista
ğŸš´â€â™‚ï¸|bicicleta|ciclisme|ciclista|home|masculÃ­
ğŸš´â€â™€ï¸|bicicleta|ciclisme|ciclista|dona|femenÃ­
ğŸšµ|ciclista de muntanya|muntanya
ğŸšµâ€â™‚ï¸|bicicleta|ciclista de muntanya home|home|muntanya
ğŸšµâ€â™€ï¸|bicicleta|ciclista de muntanya dona|dona|muntanya
ğŸ¤¸|esport|gimnÃ stica|persona que fa la roda|roda
ğŸ¤¸â€â™‚ï¸|esport|gimnÃ stica|home que fa la roda|tombarella
ğŸ¤¸â€â™€ï¸|dona que fa la roda|esport|gimnÃ stica|tombarella
ğŸ¤¼|esport|lluitadores|lluitadors|persones lluitant|persones que lluiten
ğŸ¤¼â€â™‚ï¸|esport|jugadors de lluita|lluitar|masculÃ­
ğŸ¤¼â€â™€ï¸|dona|esport|femenÃ­|jugadores de lluita|lluita|persona
ğŸ¤½|aigua|esport|persona que juga a waterpolo|waterpolo
ğŸ¤½â€â™‚ï¸|esport|home|jugador de waterpolo|masculÃ­|waterpolo
ğŸ¤½â€â™€ï¸|dona|esport|femenÃ­|jugadora de waterpolo|waterpolo
ğŸ¤¾|esport|handbol|persona que juga a handbol|pilota
ğŸ¤¾â€â™‚ï¸|esport|handbol|home|jugador dâ€™handbol|masculÃ­
ğŸ¤¾â€â™€ï¸|dona|esport|femenÃ­|handbol|jugadora dâ€™handbol
ğŸ¤¹|circ|joc malabar|malabarisme|malabarista|persona que fa malabars
ğŸ¤¹â€â™‚ï¸|home|malabarista home|malabars|masculÃ­|multitasca
ğŸ¤¹â€â™€ï¸|dona|femenÃ­|malabarista dona|malabars|multitasca
ğŸ§˜|ioga|lotus|meditaciÃ³|persona en la posiciÃ³ de lotus
ğŸ§˜â€â™‚ï¸|home en la posiciÃ³ de lotus|ioga|lotus|meditaciÃ³
ğŸ§˜â€â™€ï¸|dona en la posiciÃ³ de lotus|ioga|lotus|meditaciÃ³
ğŸ›€|banyera|persona a la banyera
ğŸ›Œ|dormir|hotel|llit|persona al llit
ğŸ§‘â€ğŸ¤â€ğŸ§‘|agafar-se de la mÃ |mÃ |mans agafades|parella|persona|persones que sâ€™agafen de la mÃ 
ğŸ‘­|dones que sâ€™agafen de la mÃ |mans agafades|parella de dones
ğŸ‘«|dona|home i dona que sâ€™agafen de la mÃ |mans agafades|parella
ğŸ‘¬|bessons|gÃ¨mini|homes que sâ€™agafen de la mÃ |mans agafades|parella|zodÃ­ac
ğŸ’|parella|petÃ³
ğŸ’‘|cor|parella amb un cor
ğŸ‘ª|criatura|famÃ­lia|mare|pare
ğŸ—£ï¸|parlar|persona que parla|silueta que parla
ğŸ‘¤|bust|silueta dâ€™un bust
ğŸ‘¥|bustos|silueta de bustos|siluetes
ğŸ«‚|abraÃ§ada|adeu|grÃ cies|hola|persones que sâ€™abracen
ğŸ‘£|cos|empremta|petjades|vestit
ğŸµ|cara de mona|mona
ğŸ’|mico
ğŸ¦|animal|gorilÂ·la|simi
ğŸ¦§|orangutan|simi
ğŸ¶|cara de gos|gos
ğŸ•|gos|mascota
ğŸ¦®|accessibilitat|gos pigall|guia|invident
ğŸ•â€ğŸ¦º|accessibilitat|assistÃ¨ncia|gos de servei|servei
ğŸ©|caniche|gos|pÃºdel
ğŸº|cara|llop
ğŸ¦Š|cara|guineu
ğŸ¦|astut|curiÃ³s|os rentador
ğŸ±|cara de gat|gat
ğŸˆ|gat|mascota
ğŸˆâ€â¬›|gat|mala sort|negre
ğŸ¦|cara de lleÃ³|leo|lleÃ³|zodÃ­ac
ğŸ¯|cara de tigre|tigre
ğŸ…|tigre
ğŸ†|lleopard|pantera
ğŸ´|cara de cavall|cavall
ğŸ«|animal|ant|banyes|mamÃ­fer|uapitÃ­
ğŸ«|animal|ase|mamÃ­fer|mula|ruc|somer|tossut
ğŸ|cavall|curses|eqÃ¼estre
ğŸ¦„|cara|unicorn
ğŸ¦“|ratlla|zebra
ğŸ¦Œ|animal|cÃ©rvol
ğŸ¦¬|bisÃ³ europeu|bÃºfal|ramat
ğŸ®|cara de vaca|vaca
ğŸ‚|bou|brau|taure|zodÃ­ac
ğŸƒ|aigua|bÃºfal aquÃ tic
ğŸ„|vaca
ğŸ·|cara de porc|porc
ğŸ–|porc|truja
ğŸ—|porc|senglar
ğŸ½|nas de porc|porc
ğŸ|Ã ries|mardÃ |marrÃ |ovella|zodÃ­ac
ğŸ‘|femella|ovella|pÃ¨cora
ğŸ|cabra|capricorn|zodÃ­ac
ğŸª|camell|dromedari|gepa
ğŸ«|camell bactriÃ |dues gepes|gepes
ğŸ¦™|alpaca|guanac|llama|llana|vicunya
ğŸ¦’|girafa|taques
ğŸ˜|elefant
ğŸ¦£|extinciÃ³|gran|llanut|mamut|ullal
ğŸ¦|rinoceront
ğŸ¦›|hipopÃ²tam
ğŸ­|cara de ratolÃ­|ratolÃ­
ğŸ|ratolÃ­
ğŸ€|rata|ratolÃ­
ğŸ¹|cara|hÃ mster|mascota
ğŸ°|cara de conill|conill
ğŸ‡|conill|mascota
ğŸ¿ï¸|esquirol
ğŸ¦«|castor|presa
ğŸ¦”|eriÃ§Ã³|punxes
ğŸ¦‡|muricec|ratapenada|ratapinyada|ratpenat|vampir|voliac
ğŸ»|cara dâ€™os|os
ğŸ»â€â„ï¸|Ã rtic|blanc|os polar
ğŸ¨|coala|os
ğŸ¼|cara|panda
ğŸ¦¥|lent|mandrÃ³s|peresÃ³s
ğŸ¦¦|juganera|llÃºdria|llÃºdriga|pescadora
ğŸ¦¨|mofeta|pudor
ğŸ¦˜|austrÃ lia|cangur|marsupial|salt
ğŸ¦¡|teixÃ³|toixÃ³
ğŸ¾|animal|petjades dâ€™animal|potes
ğŸ¦ƒ|au|gall dindi|indiot
ğŸ”|au|pollastre
ğŸ“|au|gall
ğŸ£|au|ou|pollet que surt de lâ€™ou
ğŸ¤|au|bebÃ¨|petit|pollet de perfil
ğŸ¥|au|bebÃ¨|petit|pollet de cara
ğŸ¦|au|ocell
ğŸ§|au|pingÃ¼Ã­
ğŸ•Šï¸|au|colom|pau|volar
ğŸ¦…|Ã guila|Ã liga|animal|au|ocell
ğŸ¦†|Ã nec|animal|au|ocell
ğŸ¦¢|aneguet lleig|cigne|ocell
ğŸ¦‰|animal|au|mussol|ocell
ğŸ¦¤|au|dodo|extinciÃ³|gran|maurici
ğŸª¶|au|lleuger|plomatge|volar
ğŸ¦©|cridaner|flamenc|tropical
ğŸ¦š|cua|ocell|orgull|ostentÃ³s|paÃ³
ğŸ¦œ|lloro|ocell|parlar|pirata
ğŸª½|ala|angelical|aviaciÃ³|mitologia|ocell|volar
ğŸª¿|au|clacar|oca|ocell
ğŸ¸|cara|granota
ğŸŠ|cocodril
ğŸ¢|tortuga
ğŸ¦|animal|llangardaix|rÃ¨ptil
ğŸ|rÃ¨ptil|serpentari|zodÃ­ac
ğŸ²|cara de drac|drac
ğŸ‰|conte|drac|fades|fantasia
ğŸ¦•|braquiosaure|brontosaure|diplodocus|saurÃ²pode
ğŸ¦–|tiranosaure|tyrannosaurus rex
ğŸ³|aigua|balena que treu aigua
ğŸ‹|balena
ğŸ¬|aleta|dofÃ­
ğŸ¦­|foca|lleÃ³ marÃ­
ğŸŸ|peixos|zodÃ­ac
ğŸ |peix|tropical
ğŸ¡|globus|peix
ğŸ¦ˆ|animal|peix|taurÃ³
ğŸ™|pop
ğŸš|cargol de mar|mar
ğŸª¸|corall|escullera|mar|oceÃ 
ğŸª¼|coÃ¯ssor|cremada|dolor|invertebrat|marÃ­|medusa|picada
ğŸŒ|caragol|cargol
ğŸ¦‹|animal|insecte|papallona
ğŸ›|eruga|insecte
ğŸœ|formiga|insecte
ğŸ|abella|insecte
ğŸª²|cuca|escarabat|insecte
ğŸ|escarabat|insecte|marieta
ğŸ¦—|grill|llagosta
ğŸª³|ballarola|cuca molla|cuca panissera|escarabat de cuina|insecte|panderola|panerola
ğŸ•·ï¸|aranya|insecte
ğŸ•¸ï¸|aranya|teranyina
ğŸ¦‚|animal|escorpÃ­|escorpiÃ³|zodÃ­ac
ğŸ¦Ÿ|febre|insecte|malaltia|malÃ ria|mosquit|virus
ğŸª°|epidÃ¨mia|larva|malaltia|mosca|podrit
ğŸª±|annÃ¨lÂ·lid|cuc de terra|parÃ sit
ğŸ¦ |ameba|bacteri|microbi|virus
ğŸ’|flor|planta|ram de flors
ğŸŒ¸|cirerer|flor de cirerer
ğŸ’®|blanca|flor
ğŸª·|budisme|flor|hinduisme|Ã­ndia|lotus|puresa|vietnam
ğŸµï¸|planta|roseta
ğŸŒ¹|flor|planta|rosa
ğŸ¥€|flor|marcida|mÃºstia|pansida|rosa
ğŸŒº|flor|hibisc|planta
ğŸŒ»|flor|gira-sol|planta|sol
ğŸŒ¼|flor|planta
ğŸŒ·|flor|planta|tulipa
ğŸª»|antirrÃ­num|flor|jacint|lavanda|lupinus
ğŸŒ±|brot|nou|planta
ğŸª´|avorrit|casa|crÃ©ixer|inÃºtil|planta amb test
ğŸŒ²|arbre de fulla perenne|perenne
ğŸŒ³|arbre de fulla caduca|caduc
ğŸŒ´|arbre|palma|palmera|planta
ğŸŒµ|cactus|planta
ğŸŒ¾|arrÃ²s|espiga dâ€™arrÃ²s
ğŸŒ¿|fulla|herba|planta
ğŸ€|4|fulles|quatre|trÃ¨vol de quatre fulles
ğŸ|aurÃ³|fulla dâ€™aurÃ³
ğŸ‚|fulla que cau|seca
ğŸƒ|fulla que vola amb el vent|vent
ğŸª¹|covar|niu buit
ğŸªº|covar|niu amb ous|ous
ğŸ„|bolet|planta
ğŸ‡|fruita|planta|raÃ¯m
ğŸˆ|fruita|melÃ³|planta
ğŸ‰|fruita|melÃ³ dâ€™aigua|melÃ³ de moro|planta|sÃ­ndria
ğŸŠ|fruita|mandarina|planta|taronja
ğŸ‹|cÃ­tric|fruita|llimona|planta
ğŸŒ|fruita|plÃ tan
ğŸ|fruita|pinya
ğŸ¥­|fruita|mango|tropical
ğŸ|fruita|poma|vermella
ğŸ|fruita|poma|verda
ğŸ|fruita|pera|planta
ğŸ‘|fruita|planta|prÃ©ssec
ğŸ’|cirera|cireres|fruita|planta|vermell
ğŸ“|baia|fruita|maduixa|planta
ğŸ«|blau|fruit del bosc|gerd|nabius
ğŸ¥|fruita|kiwi|menjar
ğŸ…|hortalissa|planta|tomÃ quet|tomata|verdura
ğŸ«’|menjar|oliva
ğŸ¥¥|coco|palmera|pinya colada
ğŸ¥‘|alvocat|fruita|menjar
ğŸ†|albergÃ­nia|hortalissa|planta|verdura
ğŸ¥”|hortalissa|menjar|patata|tubercle
ğŸ¥•|hortalissa|menjar|pastanaga|verdura
ğŸŒ½|blat de moro|dacsa|moresc|panÃ­s|panotxa
ğŸŒ¶ï¸|bitxo|pebrot|picant|planta|xili
ğŸ«‘|capsicum|hortalissa|pebrot vermell
ğŸ¥’|cogombret|hortalissa|menjar
ğŸ¥¬|bleda xinesa|col|enciam|fulla verda|kale
ğŸ¥¦|brÃ²coli|brÃ²quil|col
ğŸ§„|all|aromatitzant|condiment
ğŸ§…|aromatitzant|ceba|condiment
ğŸ¥œ|cacauets|fruit|llegum|menjar|sec
ğŸ«˜|fesols|llegum|menjar|mongeta|ronyÃ³
ğŸŒ°|castanya|planta
ğŸ«š|arrel de gingebre|beguda|espÃ¨cia|gÃ­nger
ğŸ«›|beina de pÃ¨sol|edamame|llegum|mongeta|pÃ¨sol|verdura
ğŸ|llesca|pa
ğŸ¥|brioixeria|croissant|menjar
ğŸ¥–|baguet|barra|menjar|pa
ğŸ«“|arepa|coca|lavash|naan|pa de coca|pita
ğŸ¥¨|brÃ¨tzel|brioixeria|cargolat|menjar
ğŸ¥¯|bagel|fleca|forn|panet
ğŸ¥|americanes|creps|menjar|pancake
ğŸ§‡|gofra|gofrera
ğŸ§€|formatge|tall de formatge
ğŸ–|carn amb os|os
ğŸ—|cuixa de pollastre|pollastre
ğŸ¥©|bistec|tall de carn|tall de porc|tall de xai
ğŸ¥“|bacÃ³|cansalada|carn|menjar|porc|viada
ğŸ”|hamburguesa
ğŸŸ|fregides|patates
ğŸ•|formatge|pizza|porciÃ³|tall
ğŸŒ­|frankfurt|hot dog|salsitxa
ğŸ¥ª|entrepÃ |pa
ğŸŒ®|mexicÃ |taco
ğŸŒ¯|burrito|mexicÃ |rotlle|tortilla
ğŸ«”|enrotllat|mexicÃ |tamal
ğŸ¥™|durum|falÃ fel|farcit|kebab|pa
ğŸ§†|cigrÃ³|falÃ fel|mandonguilla
ğŸ¥š|menjar|ou
ğŸ³|cuina|ou ferrat
ğŸ¥˜|arrÃ²s|menjar|paella|valenciana
ğŸ²|cassola de menjar|estofat|guisat|menjar
ğŸ«•|cassola|desfet|fondue|formatge|suÃ¯ssa|xocolata
ğŸ¥£|bol amb cullera|cereals|esmorzar
ğŸ¥—|amanida|bol|enciam|menjar|verd
ğŸ¿|blat de moro|crispetes
ğŸ§ˆ|mantega|producte lacti
ğŸ§‚|condiment|saler
ğŸ¥«|conserva|llauna de conserva|menjar
ğŸ±|bento|caixa de bento
ğŸ˜|arrÃ²s|galeta dâ€™arrÃ²s
ğŸ™|arrÃ²s|bola dâ€™arrÃ²s
ğŸš|arrÃ²s|bullit
ğŸ›|arrÃ²s al curri|curri
ğŸœ|bol fumejant|fideus|fum|plat|ramen
ğŸ|espaguetis|pasta
ğŸ |moniato|rostit
ğŸ¢|broqueta de marisc|kebab|marisc|oden|pal
ğŸ£|cru|peix|sushi
ğŸ¤|fregida|gamba|tempura
ğŸ¥|pastÃ­s de peix amb remolÃ­|peix|remolÃ­
ğŸ¥®|festival|pastisset de lluna|tardor|yuÃ¨bÇng
ğŸ¡|broqueta dolÃ§a japonesa|dango|dolÃ§|japonÃ¨s|postres
ğŸ¥Ÿ|cresta japonesa|cresta xinesa|empanada|gyÅza
ğŸ¥ |fortuna|futur|galeta de la sort|profecia|sort
ğŸ¥¡|emportar|envÃ s|menjar per emportar|menjar xinÃ¨s|paper
ğŸ¦€|cÃ ncer|cranc|zodÃ­ac
ğŸ¦|bisque|llagosta|marisc|pinces|sopa de marisc
ğŸ¦|crustaci|gamba|llagostÃ­|marisc|menjar
ğŸ¦‘|animal|calamar|menjar|molusc
ğŸ¦ª|busseig|ostra|perla
ğŸ¦|gelat de mÃ quina|mÃ quina
ğŸ§|dolÃ§|gel|granissat|picat|postres
ğŸ¨|crema|dolÃ§|gelat|postres
ğŸ©|dolÃ§|dÃ²nut|postres|rosquilla
ğŸª|dolÃ§|galeta|postres
ğŸ‚|aniversari|celebraciÃ³|dolÃ§|pastÃ­s dâ€™aniversari|postres
ğŸ°|pastÃ­s|porciÃ³ de pastÃ­s
ğŸ§|cupcake|dolÃ§|fleca|forn|magdalena
ğŸ¥§|coca|farcit|pastÃ­s
ğŸ«|rajola de xocolata|xocolata
ğŸ¬|caramel|dolÃ§|postres
ğŸ­|caramel|dolÃ§|pal|piruleta|postres
ğŸ®|dolÃ§|flam|natilles|postres|pÃºding
ğŸ¯|mel|pot de mel
ğŸ¼|bebÃ¨|beguda|biberÃ³|llet|nadÃ³
ğŸ¥›|beguda|got de llet|llet
ğŸ«–|beguda|tetera
ğŸµ|tassa de te|te
ğŸ¶|ampolla|bar|beguda|got|sake
ğŸ¾|ampolla de cava|cava|suro|tap
ğŸ·|copa de vi|vi
ğŸ¸|bar|cÃ²ctel|copa de cÃ²ctel
ğŸ¹|bar|beguda|tropical
ğŸº|cervesa|gerra de cervesa
ğŸ»|brindis amb gerra de cervesa|cervesa|gerra
ğŸ¥‚|brindis|cava|copes|xampany|xin-xin
ğŸ¥ƒ|beguda|copeta|got de licor|licor|whisky
ğŸ«—|abocar|beguda|buit|got que aboca un lÃ­quid|rajar|vessar
ğŸ¥¤|beguda|canya|got amb canya|refresc|suc
ğŸ§‹|bombolla|llet|perla|te amb bombolles
ğŸ§ƒ|bric de suc
ğŸ§‰|beguda|mate
ğŸ§Š|fred|glaÃ§Ã³|iceberg
ğŸ¥¢|bastonets xinesos|oriental|xinÃ¨s
ğŸ½ï¸|forquilla, ganivet i plat|ganivet|plat
ğŸ´|cobert|forquilla i ganivet|ganivet
ğŸ¥„|cobert|cullera
ğŸ”ª|arma|cuina|ganivet de cuina
ğŸ«™|buit|condiment|contenidor|emmagatzemar|pot|salsa|vidre
ğŸº|Ã mfora|aquari|beguda|gerra|zodÃ­ac
ğŸŒ|Ã frica|europa|globus terraqÃ¼i amb europa i Ã frica|mÃ³n
ğŸŒ|amÃ¨rica|globus terraqÃ¼i amb amÃ¨rica|mÃ³n
ğŸŒ|Ã sia|austrÃ lia|globus terraqÃ¼i amb Ã sia i austrÃ lia|mÃ³n
ğŸŒ|globus terraqÃ¼i amb meridians|meridians|mÃ³n
ğŸ—ºï¸|mapa del mÃ³n|mÃ³n
ğŸ—¾|japÃ³|mapa del japÃ³
ğŸ§­|brÃºixola|magnÃ¨tic|navegaciÃ³|orientaciÃ³
ğŸ”ï¸|fred|muntanya amb neu al cim|muntanya nevada|neu
â›°ï¸|muntanya
ğŸŒ‹|erupciÃ³|muntanya|volcÃ 
ğŸ—»|fuji|mont|muntanya
ğŸ•ï¸|acampada|campament|cÃ mping
ğŸ–ï¸|para-sol|platja amb para-sol
ğŸœï¸|desert|desÃ¨rtic
ğŸï¸|deserta|illa
ğŸï¸|nacional|parc
ğŸŸï¸|estadi
ğŸ›ï¸|clÃ ssic|edifici
ğŸ—ï¸|construcciÃ³ dâ€™edificis|edificis
ğŸ§±|fang|maÃ³|morter|paret|totxo
ğŸª¨|pedra|penyal|pesat|roca|sÃ²lid
ğŸªµ|fusta|llenya|tronc
ğŸ›–|cabana|casa rodona|iurta
ğŸ˜ï¸|casa|cases|edifici
ğŸšï¸|abandonada|casa|ruÃ¯nes
ğŸ |casa|edifici|llar
ğŸ¡|casa amb jardÃ­|jardÃ­
ğŸ¢|edifici dâ€™oficines
ğŸ£|correus|japonesa|oficina de correus japonesa
ğŸ¤|correus|europea|oficina de correus europea
ğŸ¥|edifici|hospital|medicina|metge|salut
ğŸ¦|banc|edifici
ğŸ¨|edifici|hotel
ğŸ©|cites|hotel de cites
ğŸª|botiga a lâ€™abast|botiga de conveniÃ¨ncia
ğŸ«|edifici|escola
ğŸ¬|botiga|centre comercial|edifici|magatzem
ğŸ­|edifici|fÃ brica
ğŸ¯|castell|japonÃ¨s
ğŸ°|castell|construcciÃ³|europeu
ğŸ’’|amor|capella|casament
ğŸ—¼|tÃ²quio|torre de tÃ²quio
ğŸ—½|estÃ tua de la llibertat|llibertat
â›ª|creu|cristiÃ |edifici|esglÃ©sia|religiÃ³
ğŸ•Œ|islam|mesquita|musulmÃ |religiÃ³
ğŸ›•|hindÃº|hinduisme|temple
ğŸ•|jueu|religiÃ³|sinagoga|temple
â›©ï¸|religiÃ³|santuari|temple|xintoista
ğŸ•‹|islam|kaâ€™ba|musulmÃ |religiÃ³
â›²|font
â›º|acampada|campament|cÃ mping|tenda de campanya
ğŸŒ|boira|paisatge emboirat
ğŸŒƒ|estrelles|nit estrellada
ğŸ™ï¸|paisatge|urbÃ 
ğŸŒ„|alba sobre les muntanyes|muntanyes|sortida del sol
ğŸŒ…|alba|matÃ­|sol|sortida del sol|temps
ğŸŒ†|paisatge urbÃ  al vespre|vespre
ğŸŒ‡|ciutat|crepuscle|posta de sol
ğŸŒ‰|nit|pont de nit
ğŸ |atraccions|cavallets
ğŸ›|divertit|jugar|lliscar|parc|togoban
ğŸ¡|fira|roda de fira
ğŸ¢|muntanya|parc dâ€™atraccions|russa
ğŸ’ˆ|barberia|pal|tallada de cabells
ğŸª|carpa de circ|circ
ğŸš‚|locomotora|motor|tren|vapor|vehicle
ğŸšƒ|tren elÃ¨ctric|vagÃ³ de tren elÃ¨ctric
ğŸš„|alta velocitat|shinkansen|tren dâ€™alta velocitat|via del tren
ğŸš…|alta velocitat|bala|shinkansen|tren|via del tren
ğŸš†|tren|vehicle|via del tren
ğŸš‡|metro|vehicle
ğŸšˆ|ferrocarril|metro lleuger|tren lleuger|vehicle
ğŸš‰|estaciÃ³|tren|vehicle|vies
ğŸšŠ|tramvia|trÃ²lei|troleibÃºs|vehicle
ğŸš|monocarril|vehicle
ğŸš|ferrocarril de muntanya|muntanya
ğŸš‹|tramvia|vagÃ³ de tramvia
ğŸšŒ|autobÃºs|bus|vehicle
ğŸš|autobÃºs de cara|autobÃºs que arriba|bus de cara|proper
ğŸš|autobÃºs|bus|tramvia|trÃ²lei|troleibÃºs
ğŸš|autobÃºs|bus|microbÃºs|minibÃºs|vehicle
ğŸš‘|ambulÃ ncia|emergÃ¨ncia|urgÃ¨ncia|vehicle
ğŸš’|bombers|camiÃ³ de bombers|cotxe de bombers
ğŸš“|cotxe de policia|policia
ğŸš”|cotxe de policia de cara|cotxe de policia que arriba|policia|proper
ğŸš•|taxi|transport|vehicle
ğŸš–|proper|taxi de cara|taxi que arriba
ğŸš—|automÃ²bil|cotxe|vehicle
ğŸš˜|automÃ²bil de cara|automÃ²bil que arriba|proper
ğŸš™|recreatiu|tot camÃ­|vehicle tot camÃ­
ğŸ›»|camioneta|descoberta|pickup
ğŸšš|camiÃ³ de repartiment|repartiment
ğŸš›|articulat|camiÃ³
ğŸšœ|agricultura|tractor|vehicle
ğŸï¸|carreres|cotxe de curses|curses|fÃ³rmula 1
ğŸï¸|curses|motocicleta
ğŸ›µ|escÃºter|motocicleta|transport
ğŸ¦½|accessibilitat|cadira de rodes manual
ğŸ¦¼|accessibilitat|cadira de rodes elÃ¨ctrica
ğŸ›º|bicitaxi amb motor|rickshaw
ğŸš²|bicicleta|vehicle
ğŸ›´|patinet|transport
ğŸ›¹|monopatÃ­|patÃ­
ğŸ›¼|patÃ­ de rodes|rodes
ğŸš|autobÃºs|bus|parada dâ€™autobÃºs|parada de bus
ğŸ›£ï¸|autopista|autovia|carretera
ğŸ›¤ï¸|tren|via de tren
ğŸ›¢ï¸|barril de petroli|bidÃ³ de petroli|petroli
â›½|assortidor de gasolina|benzinera|combustible|gasolina
ğŸ›|cercle|girar|pneumÃ tic|rodar
ğŸš¨|cotxe|llum de cotxe de policia|policia
ğŸš¥|horitzontal|semÃ for|senyal|trÃ nsit
ğŸš¦|semÃ for|senyal|trÃ nsit|vertical
ğŸ›‘|detenciÃ³|estop|senyal dâ€™estop|senyal de detenciÃ³ obligatÃ²ria|stop
ğŸš§|barrera|obres|tanca
ğŸ›Ÿ|cÃ¨rcol|flotador|rescat|salvament|salvavides|seguretat
â›µ|iot|mar|vaixell|vehicle|veler
ğŸ›¶|canoa|kayak
ğŸš¤|llanxa|rÃ pida
ğŸ›³ï¸|passatgers|vaixell de passatgers
â›´ï¸|ferri|vaixell de passatgers
ğŸ›¥ï¸|llanxa de motor|motor|vaixell
ğŸš¢|mar|passatgers|riu|vaixell|vehicle
ğŸ›©ï¸|aeroplÃ |aviÃ³|avioneta|vehicle|vol
ğŸ›«|aviÃ³|enlairament dâ€™aviÃ³|sortida|vehicle
ğŸ›¬|arribada|aterratge dâ€™aviÃ³|aviÃ³|vehicle
ğŸª‚|ala delta|paracaigudes|paracaigudisme|paracaigudista|parapent
ğŸ’º|cadira|seient
ğŸš|helicÃ²pter|vehicle
ğŸšŸ|ferrocarril de suspensiÃ³|suspensiÃ³|tramvia elevat|vehicle
ğŸš |muntanya|telecabina|telecadira|telefÃ¨ric de muntanya
ğŸš¡|aeri|telecabina|telefÃ¨ric|tramvia|vehicle
ğŸ›°ï¸|espacial|espai|satÃ¨lÂ·lit|vehicle
ğŸš€|coet|espacial|espai|vehicle
ğŸ›¸|objecte volador no identificat|ovni|plat volador|ufo
ğŸ›ï¸|grum|hotel|recepciÃ³|timbre del grum
ğŸ§³|equipatge|maleta|viatge
âŒ›|rellotge de sorra|sorra|temporitzador
â³|rellotge amb sorra que cau|sorra|temporitzador
âŒš|hora|rellotge
â°|alarma|despertador|rellotge
â±ï¸|cronÃ²metre|rellotge
â²ï¸|rellotge|temporitzador
ğŸ•°ï¸|rellotge de sobretaula|rellotge de taula|taula
ğŸ•›|00.00|12.00|dotze|en punt|les dotze en punt|rellotge
ğŸ•§|00.30|12.30|dos quarts dâ€™una|rellotge
ğŸ•|1.00|13.00|en punt|la una en punt|rellotge
ğŸ•œ|1.30|13.30|dos quarts de dues|rellotge
ğŸ•‘|14.00|2|dues|en punt|les dues en punt|rellotge
ğŸ•|14.30|2.30|dos quarts de tres|rellotge
ğŸ•’|15.00|3|en punt|les tres en punt|rellotge|tres
ğŸ•|15.30|3.30|dos quarts de quatre|rellotge
ğŸ•“|16.00|4|en punt|les quatre en punt|quatre|rellotge
ğŸ•Ÿ|16.30|4.30|dos quarts de cinc|rellotge
ğŸ•”|17.00|5|cinc|en punt|les cinc en punt|rellotge
ğŸ• |17.30|5.30|dos quarts de sis|rellotge
ğŸ••|18.00|6|en punt|les sis en punt|rellotge|sis
ğŸ•¡|18.30|6.30|dos quarts de set|rellotge
ğŸ•–|19.00|7|en punt|les set en punt|rellotge|set
ğŸ•¢|19.30|7.30|dos quarts de vuit|rellotge
ğŸ•—|20.00|8|en punt|les vuit en punt|rellotge|vuit
ğŸ•£|20.30|8.30|dos quarts de nou|rellotge
ğŸ•˜|21.00|9|en punt|les nou en punt|nou|rellotge
ğŸ•¤|21.30|9.30|dos quarts de deu|rellotge
ğŸ•™|10.00|22|deu|en punt|les deu en punt|rellotge
ğŸ•¥|10.30|22.30|dos quarts dâ€™onze|rellotge
ğŸ•š|11.00|23|en punt|les onze en punt|onze|rellotge
ğŸ•¦|11.30|23.30|dos quarts de dotze|rellotge
ğŸŒ‘|fosc|lluna|nova
ğŸŒ’|creixent|lluna en quart creixent|quart
ğŸŒ“|creixent|lluna en el primer quart creixent|quart
ğŸŒ”|creixent|gibosa|lluna
ğŸŒ•|lluna|plena
ğŸŒ–|gibosa|lluna|minvant
ğŸŒ—|lluna en lâ€™Ãºltim quart minvant|minvant|quart
ğŸŒ˜|lluna|minvant
ğŸŒ™|creixent|lluna
ğŸŒš|cara de lluna nova|lluna nova
ğŸŒ›|cara|creixent|lluna en el primer quart amb cara|quart
ğŸŒœ|cara|lluna en lâ€™Ãºltim quart amb cara|minvant|quart
ğŸŒ¡ï¸|temperatura|temps|termÃ²metre
ğŸŒ|cara|lluna plena amb cara|plena
ğŸŒ|cara|sol amb cara
ğŸª|planeta amb anell|saturnÃ­
â­|estrella
ğŸŒŸ|brillant|brillar|espurna|estrella
ğŸŒ |cel|espai|estel|estrella|fugaÃ§
ğŸŒŒ|espai|temps|via lÃ ctia
â›…|nÃºvol|sol darrere un nÃºvol|temps
â›ˆï¸|llamp|nÃºvol amb llamp i pluja|pluja|temps
ğŸŒ¤ï¸|nÃºvol petit|sol darrere dâ€™un nÃºvol petit|temps
ğŸŒ¥ï¸|nÃºvol gran|sol darrere dâ€™un nÃºvol gran|temps
ğŸŒ¦ï¸|nÃºvol|pluja|sol darrere dâ€™un nÃºvol amb pluja|temps
ğŸŒ§ï¸|nÃºvol amb pluja|pluja|temps
ğŸŒ¨ï¸|neu|nÃºvol amb neu|temps
ğŸŒ©ï¸|llamp|nÃºvol amb llamp|temps
ğŸŒªï¸|remolÃ­|temps|tornado
ğŸŒ«ï¸|boira|nÃºvol|temps
ğŸŒ¬ï¸|bufar|cara|nÃºvol|vent
ğŸŒ€|ciclÃ³|mareig|remolÃ­|temps|tifÃ³
ğŸŒˆ|arc de sant martÃ­|pluja|sant martÃ­|temps
ğŸŒ‚|paraigua|pluja|tancat
â›±ï¸|para-sol a la sorra|sol|sorra
âš¡|alta tensiÃ³|electricitat|llamp|perill|tensiÃ³|voltatge
â›„|fred|neu|ninot de neu sense neu
ğŸ”¥|eina|flama|foc
ğŸ’§|fred|gota|suor
ğŸŒŠ|aigua|mar|onada
ğŸƒ|carabassa de halloween|celebraciÃ³|halloween|llanterna
ğŸ„|arbre de nadal|celebraciÃ³|nadal
ğŸ†|celebraciÃ³|focs artificials|focs dâ€™artifici
ğŸ‡|bengala|celebraciÃ³|espurna|foc|pirotÃ¨cnia
ğŸ§¨|dinamita|explosiu|focs dâ€™artifici|petard
ğŸˆ|celebraciÃ³|globus
ğŸ‰|celebraciÃ³|confeti|festa|tub de confeti
ğŸŠ|bola de confeti|celebraciÃ³|confeti|festa
ğŸ‹|arbre dels desitjos de tanabata|celebraciÃ³|desitjos|japonÃ¨s|tanabata
ğŸ|bambÃº|celebraciÃ³|decoraciÃ³ de pi|japonÃ¨s|pi
ğŸ|celebraciÃ³|festival|nines japoneses
ğŸ|banderins de carpes|carpes|celebraciÃ³
ğŸ|campaneta de vent|celebraciÃ³|vent
ğŸ‘|cerimÃ²nia de la lluna|lluna
ğŸ§§|bona sort|diners|hÃ³ngbÄo|lai see|regal|sobre vermell
ğŸ€|celebraciÃ³|cinta|llaÃ§
ğŸ|celebraciÃ³|embolicat|regal
ğŸ—ï¸|celebraciÃ³|cinta|commemorar|llaÃ§ commemoratiu
ğŸŸï¸|accÃ©s|admissiÃ³|bitllet dâ€™entrada|entrada
ğŸ«|admissiÃ³|entrada|tiquet
ğŸ–ï¸|celebraciÃ³|medalla|militar
ğŸ†|premi|trofeu
ğŸ…|esportiva|medalla
ğŸ¥‡|medalla dâ€™or|or|posiciÃ³|primer
ğŸ¥ˆ|argent|medalla de plata|plata|posiciÃ³|segon
ğŸ¥‰|bronze|medalla de bronze|posiciÃ³|tercer
âš½|futbol|pilota de futbol
âš¾|beisbol|pilota de beisbol
ğŸ¥|amb mÃ  baixa|guant|pilota de softbol
ğŸ€|bÃ squet|pilota de bÃ squet
ğŸ|bola|joc|partit|pilota de voleibol
ğŸˆ|futbol americÃ |pilota de futbol americÃ 
ğŸ‰|pilota de rugbi|rugbi
ğŸ¾|pilota|raqueta i pilota de tennis|tenis|tennis
ğŸ¥|disc volador|esport|plat a gol|ultimate
ğŸ³|bitlles|bola|joc
ğŸ|bat|bola|criquet|joc|partit
ğŸ‘|estic|herba|hoquei sobre herba
ğŸ’|disc|estic|gel|hoquei sobre gel
ğŸ¥|estic|gol|lacrosse|pilota
ğŸ“|ping-pong|tenis de taula|tennis de taula
ğŸ¸|bÃ dminton|joc|partit|raqueta|volant
ğŸ¥Š|boxa|esport|guant de boxa
ğŸ¥‹|arts marcials|judo|karate|quimono dâ€™arts marcials|taekwondo
ğŸ¥…|esport|gol|porteria|xarxa
â›³|banderÃ­ al forat|forat
â›¸ï¸|gel|patinatge sobre gel
ğŸ£|canya de pescar|pescar
ğŸ¤¿|busseig|immersiÃ³ lleugera|submarinisme|ulleres de busseig
ğŸ½|cÃ³rrer|samarreta per cÃ³rrer
ğŸ¿|esquiar|esquÃ­s|neu
ğŸ›·|lliscar|neu|trineu
ğŸ¥Œ|esport|gel|joc|pedra de cÃºrling
ğŸ¯|dards|diana|joc|punteria
ğŸª€|fluctuar|io-io|joguina
ğŸª|enlairar-se|estel|volar
ğŸ”«|arma de foc|eina|pistola dâ€™aigua|revÃ²lver
ğŸ±|8|billar|bola de billar|bola negra de billar
ğŸ”®|bola de vidre|fantasia|fortuna|sort
ğŸª„|bruixa|bruixot|mÃ gia|vareta mÃ gica
ğŸ®|comandament de consola|comandament de joc|comandament de videoconsola|joc|videojoc
ğŸ•¹ï¸|control|joystick|palanca de control|videojoc
ğŸ°|atzar|escurabutxaques|joc|mÃ quina escurabutxaques
ğŸ²|daus|joc
ğŸ§©|encaixar|peÃ§a|peces de trencaclosques|pista|puzle|trencaclosques
ğŸ§¸|joc|joguina|os de peluix|pelfa|peluix
ğŸª…|celebraciÃ³|festa|pinyata
ğŸª©|ballar|bola de miralls|brillant|discoteca|festa
ğŸª†|matrioixca|nina|nines russes|russa
â™Ÿï¸|escacs|peÃ³ dâ€™escacs|prescindible|sacrificable
ğŸƒ|carta|comodÃ­|partida
ğŸ€„|drac vermell de mahjong|joc|mahjong
ğŸ´|cartes de flors|cartes de les flors|flors|hanafuda|japonÃ¨s|joc
ğŸ­|arts interpretatives|interpretaciÃ³|mÃ scara|teatre
ğŸ–¼ï¸|art|marc amb quadre|museu|pintura|quadre emmarcat
ğŸ¨|artista|museu|paleta dâ€™artista|pintura
ğŸ§µ|bobina|cosir|fil|rodet
ğŸª¡|agulla de cosir|brodat|costura|modista|puntada|sutura
ğŸ§¶|bola|cabdell|ganxet|llana|mitja
ğŸª¢|bramant|corda|nus
ğŸ‘“|complements|ulleres|vestuari
ğŸ•¶ï¸|fosques|sol|ulleres de sol
ğŸ¥½|nataciÃ³|protecciÃ³ dels ulls|protecciÃ³ ocular|ulleres de piscina
ğŸ¥¼|bata de laboratori|cientÃ­fic|doctor|experiment
ğŸ¦º|armilla salvavides|emergÃ¨ncia|seguretat
ğŸ‘”|corbata|roba
ğŸ‘•|roba|samarreta
ğŸ‘–|pantalÃ³|pantalons|roba|texans
ğŸ§£|bufanda|coll
ğŸ§¤|guants|mÃ 
ğŸ§¥|abric|jaqueta
ğŸ§¦|mitja|mitjons
ğŸ‘—|roba|vestit
ğŸ‘˜|japonÃ¨s|quimono|roba|vestit
ğŸ¥»|roba|sari|vestit
ğŸ©±|banyador|vestit de bany
ğŸ©²|banyador|eslip|roba interior|vestit de bany
ğŸ©³|banyador|pantalÃ³|pantalons curts|roba interior|vestit de bany
ğŸ‘™|biquini|nedar|roba
ğŸ‘š|dona|roba de dona
ğŸª­|aire|calor|dansa|vano|ventall|vergonya
ğŸ‘›|accessori|moneda|moneder|roba
ğŸ‘œ|accessori|bossa de mÃ |roba
ğŸ‘|accessori|bossa|roba
ğŸ›ï¸|bosses de compres|compra|equipatge|hotel
ğŸ’|escola|motxilla dâ€™escola
ğŸ©´|xancleta de dit|xancleta de platja
ğŸ‘|calÃ§at|home|sabata dâ€™home
ğŸ‘Ÿ|calÃ§at|cÃ³rrer|sabatilla de cÃ³rrer
ğŸ¥¾|bota de muntanya|cÃ mping|excursionisme|trekking|tresc
ğŸ¥¿|ballarina|calÃ§at|sabata plana|sabatilla|xinelÂ·la
ğŸ‘ |calÃ§at|sabata de talÃ³|talÃ³
ğŸ‘¡|calÃ§at|dona|sandÃ lia de dona
ğŸ©°|ballet|dansa|sabatilles de ballet
ğŸ‘¢|bota de dona|calÃ§at|dona
ğŸª®|afro|cabell|pinÃ§a|pinta
ğŸ‘‘|cap|complement|corona|reina
ğŸ‘’|accessori|barret de dona|dona
ğŸ©|barret de copa|copa
ğŸ“|barret de graduaciÃ³|birret|celebraciÃ³|graduaciÃ³
ğŸ§¢|beisbol|gorra|visera
ğŸª–|casc|exÃ¨rcit|guerrer|militar|soldat
â›‘ï¸|casc amb creu blanca|creu blanca|emergÃ¨ncia|urgÃ¨ncia
ğŸ“¿|collaret|granadura|oraciÃ³|religiÃ³|rosari
ğŸ’„|cosmÃ¨tics|maquillatge|pintallavis
ğŸ’|anell|diamant
ğŸ’|diamant|gemma|joia
ğŸ”‡|altaveu desactivat|en silenci|silenciar|silenciat
ğŸ”ˆ|altaveu amb el volum baix|baix|volum suau
ğŸ”‰|altaveu amb el volum mitjÃ |mitjÃ |volum mitjÃ 
ğŸ”Š|altaveu amb el volum alt|volum fort
ğŸ“¢|altaveu de megafonia|megafonia
ğŸ“£|animar|aplaudiments|megÃ fon
ğŸ“¯|corn de posta|corneta de posta|corneta de postillÃ³|correus|sÃ­mbol de correus
ğŸ””|campana|timbre
ğŸ”•|campana ratllada|campana silenciada|prohibit|silenci
ğŸ¼|mÃºsica|pentagrama
ğŸµ|mÃºsica|nota musical
ğŸ¶|mÃºsica|notes musicals
ğŸ™ï¸|estudi|micrÃ²fon dâ€™estudi|mÃºsica
ğŸšï¸|control lliscant de nivell|nivell
ğŸ›ï¸|botons de control|control|mÃºsica
ğŸ¤|karaoke|micrÃ²fon
ğŸ§|auricular
ğŸ“»|rÃ dio|vÃ­deo
ğŸ·|instrument|mÃºsica|saxofon|saxÃ²fon
ğŸª—|acordiÃ³|concertina
ğŸ¸|corda|guitarra|instrument|mÃºsica|rock
ğŸ¹|instrument|mÃºsica|piano|teclat musical
ğŸº|instrument|mÃºsica|trompeta|vent
ğŸ»|corda|instrument|mÃºsica|violÃ­
ğŸª•|banjo|corda|mÃºsica
ğŸ¥|baquetes|mÃºsica|tambor|timbal
ğŸª˜|conga|percussiÃ³|ritme|timbal
ğŸª‡|instrument|maraques|mÃºsica|percussiÃ³|ritme|sacsejar|sonall
ğŸªˆ|flauta dolÃ§a|instrument de vent de fusta|mÃºsica|vent
ğŸ“±|mÃ²bil|telÃ¨fon
ğŸ“²|fletxa|mÃ²bil|rebre|telÃ¨fon mÃ²bil amb fletxa
â˜ï¸|telÃ¨fon
ğŸ“|auricular de telÃ¨fon|telÃ¨fon
ğŸ“Ÿ|buscapersones|cercapersones
ğŸ“ |fax
ğŸ”‹|bateria|cÃ rrega
ğŸª«|bateria baixa|electrÃ²nica|poca bateria
ğŸ”Œ|connexiÃ³|electricitat|endoll
ğŸ’»|equip|ordinador portÃ til|pc|personal|portÃ til
ğŸ–¥ï¸|equip|escriptori|ordinador dâ€™escriptori|ordinador de sobretaula
ğŸ–¨ï¸|impressora|ordinador
ğŸ–±ï¸|ordinador|ratolÃ­ dâ€™ordinador
ğŸ–²ï¸|ordinador|ratolÃ­ de bola
ğŸ’½|disc|equip|minidisc|Ã²ptic
ğŸ’¾|disc|disquet|equip
ğŸ’¿|cd|disc|dvd|equip|Ã²ptic|ordinador
ğŸ“€|blu-ray|cd|disc|dvd|equip|Ã²ptic|ordinador
ğŸ§®|Ã bac|cÃ lcul
ğŸ¥|cÃ mera cinematogrÃ fica|cinema
ğŸï¸|cinema|fotograma de pelÂ·lÃ­cula|pelÂ·lÃ­cula
ğŸ“½ï¸|cinema|projector cinematogrÃ fic
ğŸ¬|cinema|claqueta|pelÂ·lÃ­cula
ğŸ“º|televisiÃ³|tv|vÃ­deo
ğŸ“·|cÃ mera|vÃ­deo
ğŸ“¸|cÃ mera amb flaix|flaix|vÃ­deo
ğŸ“¹|cÃ mera de vÃ­deo|vÃ­deo
ğŸ“¼|cinta|vhs|vÃ­deo|videocasset
ğŸ”|buscar|eina|esquerra|lupa cap a lâ€™esquerra
ğŸ”|buscar|dreta|eina|lupa cap a la dreta
ğŸ•¯ï¸|cera|espelma|flama|llum
ğŸ’¡|bombeta|cÃ²mic|electricitat|idea|llum
ğŸ”¦|eina|electricitat|llanterna|llum
ğŸ®|fanal de paper vermell|paper|vermell
ğŸª”|ble|lÃ mpada|llÃ ntia|llum dâ€™oli|oli
ğŸ“”|coberta decorativa|llibre|quadern amb coberta decorativa
ğŸ“•|llibre|tancat
ğŸ“–|llibre|obert
ğŸ“—|llibre|verd
ğŸ“˜|blau|llibre
ğŸ“™|llibre|taronja
ğŸ“š|llibres
ğŸ““|llibreta|quadern
ğŸ“’|comptabilitat|llibre de comptabilitat
ğŸ“ƒ|cargolada|pÃ gina que es cargola
ğŸ“œ|escriptura|paper|pell|pergamÃ­
ğŸ“„|amunt|document|pÃ gina cap amunt
ğŸ“°|diari|notÃ­cies
ğŸ—ï¸|diari|enrotllat
ğŸ“‘|fitxa|marcadors|punt
ğŸ”–|marcador|punt de llibre
ğŸ·ï¸|etiqueta
ğŸ’°|bossa de diners|diners|dÃ²lar
ğŸª™|metall|moneda|or|plata|tresor
ğŸ’´|bitllets de ien|ien|signe
ğŸ’µ|bitllets de dÃ²lar|dÃ²lar|signe
ğŸ’¶|bitllets dâ€™euro|euro|signe
ğŸ’·|bitllets de lliura|lliura|signe
ğŸ’¸|ales|diners amb ales
ğŸ’³|crÃ¨dit|targeta de crÃ¨dit
ğŸ§¾|comptabilitat|llibres|prova|rebut|tiquet
ğŸ’¹|augment|creixement|grÃ fic dâ€™augment amb el signe del ien|ien|signe
ğŸ“§|correu|electrÃ²nic|mail
ğŸ“¨|recepciÃ³|sobre que arriba
ğŸ“©|fletxa|sobre amb fletxa|sortint
ğŸ“¤|safata de sortida|sortida
ğŸ“¥|entrada|safata dâ€™entrada
ğŸ“¦|caixa|paquet
ğŸ“«|bandera aixecada|bÃºstia tancada amb la bandera aixecada|tancada
ğŸ“ª|bandera abaixada|bÃºstia tancada amb la bandera abaixada|tancada
ğŸ“¬|bandera aixecada|bÃºstia plena amb la bandera aixecada|oberta
ğŸ“­|bandera abaixada|bÃºstia oberta amb la bandera abaixada|oberta
ğŸ“®|bÃºstia|carta|correu
ğŸ—³ï¸|urna amb vot|votaciÃ³
âœï¸|llapis
ğŸ–‹ï¸|estilogrÃ fica|ploma
ğŸ–Šï¸|bolÃ­graf
ğŸ–Œï¸|pintar|pintura|pinzell
ğŸ–ï¸|color|llapis de color
ğŸ“|llapis|nota
ğŸ’¼|maletÃ­
ğŸ“|arxius|carpeta dâ€™arxius|carpeta de fitxers|fitxers
ğŸ“‚|arxius|carpeta dâ€™arxius oberta|carpeta de fitxers oberta|fitxers|oberta
ğŸ—‚ï¸|organitzador|separadors per a organitzador de targetes|targetes
ğŸ“…|calendari|data
ğŸ“†|bloc|calendari de bloc
ğŸ—’ï¸|bloc de notes dâ€™espiral|espiral|notes
ğŸ—“ï¸|calendari dâ€™espiral|espiral
ğŸ“‡|organitzador de targetes|targetes
ğŸ“ˆ|a lâ€™alta|augment|grÃ fic dâ€™augment|tendÃ¨ncia
ğŸ“‰|a la baixa|disminuciÃ³|grÃ fic de disminuciÃ³|tendÃ¨ncia
ğŸ“Š|barres|grÃ fic de barres
ğŸ“‹|agafes|clip|petjapapers|porta-retalls
ğŸ“Œ|agulla|xinxeta
ğŸ“|rodona|xinxeta
ğŸ“|clip
ğŸ–‡ï¸|clips|enganxats
ğŸ“|recte|regle
ğŸ“|angle|esquadra|regle|triangle
ğŸ—ƒï¸|arxiu|arxivador de targetes|caixa|dossier|targeta
ğŸ—„ï¸|arxivador|dossier|moble
ğŸ—‘ï¸|cubell|paperera
ğŸ”’|cadenat|tancar|tancat
ğŸ”“|cadenat|obert|obrir
ğŸ”|cadenat amb ploma|cadenat tancat|ploma|privacitat|privadesa
ğŸ”|bloqueig|cadenat tancat amb clau|clau|segur|tancat
ğŸ”‘|bloqueig|clau|contrasenya
ğŸ—ï¸|antiga|clau|tancar
ğŸ”¨|eina|martell
ğŸª“|destral|llenya|tallar
â›ï¸|eina|mineria|pic
ğŸ› ï¸|clau anglesa|eina|martell i clau anglesa
ğŸ—¡ï¸|arma|daga|ganivet
ğŸ’£|bomba|cÃ²mic
ğŸªƒ|austrÃ lia|bumerang|rebot|repercussiÃ³
ğŸ¹|arc i fletxa|fletxa|sagitari|zodÃ­ac
ğŸ›¡ï¸|arma|escut
ğŸªš|eina|fuster|llenyataire|serra|xerrac
ğŸ”§|anglesa|clau|eina
ğŸª›|eina|tornavÃ­s|vis
ğŸ”©|cargol i femella|femella
ğŸ—œï¸|cargol de banc|compressiÃ³|eina|serjant
ğŸ¦¯|accessibilitat|bastÃ³ per a invidents|invident
ğŸ”—|enllaÃ§ar
â›“ï¸|cadena|cadenes
ğŸª|atrapar|corba|ganxo|ham|pescar|punt de venda
ğŸ§°|caixa dâ€™eines|eines|mecÃ nic
ğŸ§²|atracciÃ³|ferradura|imant|magnÃ¨tic
ğŸªœ|escala de mÃ |esglaÃ³|graÃ³|pujar
ğŸ§ª|ciÃ¨ncia|experiment|laboratori|quÃ­mica|tub dâ€™assaig
ğŸ§«|bacteri|biÃ²leg|biÃ²loga|biologia|cultiu|laboratori|placa de petri
ğŸ§¬|adn|biÃ²leg|biÃ²loga|evoluciÃ³|genÃ¨tica|vida
ğŸ”¬|augment|ciÃ¨ncia|eina|microscopi
ğŸ”­|augment|ciÃ¨ncia|eina|telescopi
ğŸ“¡|antena de satÃ¨lÂ·lit|satÃ¨lÂ·lit
ğŸ’‰|agulla|injecciÃ³|malalt|medicina|metge|xeringa
ğŸ©¸|donaciÃ³ de sang|gota de sang|medicina|menstruaciÃ³
ğŸ’Š|malalt|medicina|metge|pastilla|pÃ­ndola
ğŸ©¹|bena|tireta
ğŸ©¼|ajuda a la mobilitat|bastÃ³|crossa|discapacitat|lesiÃ³
ğŸ©º|cor|doctor|estetoscopi|medicina
ğŸ©»|diagnÃ²stic|esquelet|medicina|ossos|radiografia
ğŸšª|porta
ğŸ›—|accessibilitat|ascensor|muntacÃ rregues
ğŸª|espill|mirall|reflector|reflex
ğŸªŸ|aire fresc|finestra|marc|obertura|transparent|vista
ğŸ›ï¸|dormir|hotel|llit
ğŸ›‹ï¸|hotel|lÃ mpada|sofÃ  i lÃ mpada
ğŸª‘|cadira|seient|seure
ğŸš½|inodor|lavabo|tassa|vÃ ter
ğŸª |desembossador|embÃ³s|lampista|lavabo|succiÃ³
ğŸš¿|aigua|dutxa
ğŸ›|banyera
ğŸª¤|parany|rata|ratera|ratolÃ­|trampa
ğŸª’|afaitada|esmolada|navalla dâ€™afaitar
ğŸ§´|ampolla de crema|lociÃ³|protecciÃ³ solar|suavitzant|xampÃº
ğŸ§·|imperdible|punk rock
ğŸ§¹|bruixa|escombrar|netejar
ğŸ§º|bugada|cistella|granja|pÃ­cnic
ğŸ§»|paper de vÃ ter|paper higiÃ¨nic|rotlle de paper|tovalloleta de paper
ğŸª£|cubell|galleda
ğŸ§¼|bany|ensabonar-se|netejar|pastilla|sabÃ³|sabonera
ğŸ«§|bombolles|net|sabÃ³|subaquÃ tic|submarÃ­
ğŸª¥|dental|dents|higiene|lavabo|raspall de dents|rentar
ğŸ§½|absorbent|esponja|netejar|porosa
ğŸ§¯|apagar|extingir|extintor|foc
ğŸ›’|carretÃ³|compra
ğŸš¬|cigarreta|fumar
âš°ï¸|mort|taÃ¼t
ğŸª¦|cementiri|lÃ pida|tomba
âš±ï¸|funeral|mort|urna funerÃ ria
ğŸ§¿|amulet|nazar|pedra del mal dâ€™ull|talismÃ 
ğŸª¬|amulet|mÃ  de fÃ tima|mÃ  de mÃ­riam|protecciÃ³
ğŸ—¿|cara|estÃ tua|moai
ğŸª§|cartell|manifestaciÃ³|pancarta|protesta|senyal
ğŸªª|carnet|credencials|identificaciÃ³|seguretat|targeta dâ€™identificaciÃ³
ğŸ§|atm|banc|caixer automÃ tic|signe de caixer automÃ tic
ğŸš®|brossa|paperera|signe de paperera|tirar la brossa
ğŸš°|aigua|potable
â™¿|accÃ©s|accessible|cadira|rodes|sÃ­mbol de cadira de rodes
ğŸš¹|homes|lavabo dâ€™homes|servei
ğŸšº|dones|lavabo de dones|servei
ğŸš»|lavabos|servei|tocador|wc
ğŸš¼|bebÃ¨|canviador per a nadons|nadÃ³|sÃ­mbol de bebÃ¨|sÃ­mbol de nadÃ³
ğŸš¾|bany|lavabo|servei|vÃ ter|wc
ğŸ›‚|control de passaports|passaport
ğŸ›ƒ|duana
ğŸ›„|equipatges|recollida dâ€™equipatges
ğŸ›…|armari|consigna|equipatge|maletes|servei de consigna
âš ï¸|advertÃ¨ncia|avÃ­s
ğŸš¸|creuant|nens que creuen|trÃ nsit|vianant
â›”|direcciÃ³ prohibida|entrada|no passeu|prohibiciÃ³|prohibit entrar|trÃ nsit
ğŸš«|accÃ©s|no passeu|prohibiciÃ³|prohibit
ğŸš³|bicicletes prohibides|bicis prohibides|prohibiciÃ³
ğŸš­|fumar|prohibiciÃ³|prohibit fumar
ğŸš¯|brossa|llenÃ§ar|prohibiciÃ³|prohibit llenÃ§ar brossa
ğŸš±|aigua no potable|no potable
ğŸš·|prohibiciÃ³|prohibit el pas als vianants|vianants
ğŸ“µ|prohibiciÃ³|prohibit lâ€™Ãºs de telÃ¨fons mÃ²bils|prohibits els telÃ¨fons mÃ²bils|telÃ¨fons mÃ²bils
ğŸ”|menors dâ€™edat|prohibiciÃ³|prohibit a menors dâ€™edat|prohibit a menors de 18 anys|prohibit a menors de divuit anys
â¬†ï¸|amunt|direcciÃ³|fletxa cap amunt|nord
â¡ï¸|direcciÃ³|dreta|est|fletxa cap a la dreta
â¬‡ï¸|avall|direcciÃ³|fletxa cap avall|sud
â¬…ï¸|direcciÃ³|esquerra|fletxa cap a lâ€™esquerra|oest
â†©ï¸|dreta|esquerra|fletxa dreta que gira cap a lâ€™esquerra|gir
â†ªï¸|dreta|esquerra|fletxa esquerra que gira cap a la dreta|gir
ğŸ”ƒ|dreta|fletxes que giren cap a la dreta|fletxes verticals en sentit horari|gir
ğŸ”„|botÃ³ de fletxes que giren cap a lâ€™esquerra|esquerra|fletxes en sentit antihorari|gir|sentit antihorari
ğŸ”™|back|fletxa amb la paraula back|paraula
ğŸ”š|end|fletxa amb la paraula end|paraula
ğŸ”›|fletxa amb la paraula on!|on!|paraula
ğŸ”œ|fletxa amb la paraula soon|paraula|soon
ğŸ”|fletxa amb la paraula top|paraula|top
ğŸ›|culte|lloc de culte|religiÃ³
âš›ï¸|ateisme|ateu|Ã tom|sÃ­mbol dâ€™Ã tom
ğŸ•‰ï¸|hindÃº|hinduisme|om|religiÃ³|sÃ­mbol dâ€™om
â˜¯ï¸|religiÃ³|taoisme|taoista|yin i yang|yin-yang
âœï¸|creu llatina|cristiÃ |cristianisme|religiÃ³
â˜ªï¸|creixent lunar i estel|islamisme|musulmÃ |religiÃ³
â˜®ï¸|pau|sÃ­mbol de la pau
ğŸ•|canelobre de set braÃ§os|menorÃ |religiÃ³|set braÃ§os
ğŸ”¯|estrella de sis puntes amb punt|fortuna|punt|sis puntes
ğŸª¯|khanda|religiÃ³|sikh
â™Š|bessons|gÃ¨mini|zodÃ­ac
â™‹|cÃ ncer|cranc|zodÃ­ac
â™Œ|lleÃ³|zodÃ­ac
â™|verge|virgo|zodÃ­ac
â™|balanÃ§a|bÃ scula|justÃ­cia|zodÃ­ac
â™|escorpÃ­|escorpiÃ³|zodÃ­ac
â›|ofiÃ¼c|serpentari|zodÃ­ac
ğŸ”€|aleatÃ²ria|botÃ³ de reproducciÃ³ aleatÃ²ria|reproducciÃ³
ğŸ”|botÃ³ de repeticiÃ³|fletxes en sentit horari|repeticiÃ³
ğŸ”‚|botÃ³ de repeticiÃ³ Ãºnica|fletxes en sentit horari|repeticiÃ³|Ãºnica
â–¶ï¸|botÃ³ de reproducciÃ³|fletxa cap a la dreta|reproducciÃ³
â©|avanÃ§ar|botÃ³ dâ€™avanÃ§ar rÃ pidament|dues fletxes|rÃ pidament
â­ï¸|botÃ³ de pista segÃ¼ent|escena segÃ¼ent|pista|segÃ¼ent
â¯ï¸|botÃ³ de pausa o de reproducciÃ³|pausa|reproducciÃ³
â—€ï¸|botÃ³ de retrocedir|fletxa cap a lâ€™esquerra|retrocedir
âª|botÃ³ de retrocedir rÃ pidament|dues fletxes|rÃ pidament|retrocedir
â®ï¸|anterior|botÃ³ de pista anterior|escena anterior|pista
ğŸ”¼|amunt|botÃ³ dâ€™anar amunt|vermell
â«|amunt|botÃ³ dâ€™anar amunt rÃ pidament|dues fletxes|rÃ pidament
ğŸ”½|avall|botÃ³ dâ€™anar avall|vermell
â¬|avall|botÃ³ dâ€™anar avall rÃ pidament|dues fletxes|rÃ pidament
â¸ï¸|botÃ³ de pausa|dues barres|pausa|vertical
â¹ï¸|aturada|botÃ³ dâ€™aturada|quadrat
âºï¸|botÃ³ dâ€™enregistrar|cercle|enregistrar
âï¸|botÃ³ dâ€™expulsar|expulsar
ğŸ¦|cÃ mera|cinema|film|pelÂ·lÃ­cula
ğŸ”…|atenuar|botÃ³ dâ€™atenuar la brillantor|brillantor
ğŸ”†|augmentar|botÃ³ dâ€™augmentar la brillantor|brillantor
ğŸ“¶|barres de cobertura|cobertura|mÃ²bil|telÃ¨fon
ğŸ›œ|internet|ordinador|sense fil|xarxa
ğŸ“³|mode de vibraciÃ³|telÃ¨fon|vibraciÃ³
ğŸ“´|apagat|desactivat|desconnectat|mÃ²bil|telÃ¨fon
âš§ï¸|sÃ­mbol transgÃ¨nere|transgÃ¨nere
ğŸŸ°|igualtat|matemÃ tiques|signe dâ€™igual gran
â™¾ï¸|ilÂ·limitat|infinit|per sempre|universal
â€¼ï¸|!!|doble exclamaciÃ³|exclamaciÃ³|signe dâ€™exclamaciÃ³ doble
ğŸ’±|canvi de divisa|divisa
ğŸ’²|dÃ²lar|gran|signe de dÃ²lar gran
â™»ï¸|reciclatge|sÃ­mbol de reciclatge
âšœï¸|flor de lis|lis
ğŸ”±|Ã ncora|marca de trident|trident
ğŸ“›|etiqueta identificadora|identificaciÃ³
ğŸ”°|japonÃ¨s|principiant|sÃ­mbol japonÃ¨s de principiant
â­•|cercle buit vermell|gran|o|vermell
âŒ|Ã—|cancelÂ·lar|creu|marca de creu|multiplicaciÃ³|multiplicar|x
â|Ã—|botÃ³ de creu|marca|quadrat|x
â°|bucle|llaÃ§ arrissat
â¿|bucle|doble
ã€½ï¸|alternanÃ§a|signe dâ€™alternanÃ§a
ğŸ” |botÃ³ de lletres llatines en majÃºscules|llatines|lletres|majÃºscules
ğŸ”¡|botÃ³ de lletres llatines en minÃºscules|llatines|lletres|minÃºscules
ğŸ”¢|1234|botÃ³ de nÃºmeros|dÃ­gits|nÃºmeros|xifres
ğŸ”£|ã€’â™ª&%|botÃ³ de sÃ­mbols|sÃ­mbols
ğŸ”¤|abc|alfabet|botÃ³ de lletres llatines|lletres llatines
ğŸ…°ï¸|a|botÃ³ a (grup sanguini)
ğŸ†|ab|botÃ³ ab (grup sanguini)
ğŸ…±ï¸|botÃ³ b (grup sanguini)
ğŸ†‘|botÃ³ cl|botÃ³ esborrar|cl|esborrar|quadre
ğŸ†’|botÃ³ cool|cool|paraula|quadre
ğŸ†“|botÃ³ free|free|paraula|quadre
ğŸ†”|botÃ³ id|identificaciÃ³|identitat|sÃ­mbol dâ€™identificaciÃ³
â“‚ï¸|cercle|lletra m en cercle|m
ğŸ†•|botÃ³ new|new|nou|paraula|quadre
ğŸ†–|botÃ³ ng|ng|paraula|quadre
ğŸ…¾ï¸|botÃ³ o (grup sanguini)|o
ğŸ†—|botÃ³ ok|dâ€™acord|ok|paraula
ğŸ…¿ï¸|aparcament|botÃ³ p|lletra p|pÃ rquing
ğŸ†˜|auxili|botÃ³ sos|emergÃ¨ncia|socors|sos
ğŸ†™|botÃ³ amb la paraula up!|paraula|up!
ğŸ†š|botÃ³ vs|contra|versus|vs.
ğŸˆ|botÃ³ japonÃ¨s "aquÃ­"|japonÃ¨s|katakana|koko|quadre
ğŸˆ‚ï¸|botÃ³ japonÃ¨s "cÃ rrec per servei"|japonÃ¨s|katakana|quadre|sa
ğŸˆ·ï¸|"quantitat mensual"|botÃ³ japonÃ¨s "import mensual"|ideograma|japonÃ¨s|kanji
ğŸˆ¶|"de pagament"|botÃ³ japonÃ¨s "de pagament"|ideograma|japonÃ¨s|kanji
ğŸˆ¯|"reservat"|botÃ³ japonÃ¨s "reservat"|ideograma|japonÃ¨s|kanji
ğŸ‰|"ganga"|botÃ³ japonÃ¨s "ganga"|ideograma|japonÃ¨s|kanji
ğŸˆ¹|botÃ³ japonÃ¨s "descompte"|ideograma|japonÃ¨s|kanji|quadre
ğŸˆš|"gratis"|botÃ³ japonÃ¨s "gratis"|ideograma|japonÃ¨s|kanji
ğŸˆ²|botÃ³ japonÃ¨s "prohibit"|ideograma|japonÃ¨s|kanji|prohibiciÃ³
ğŸ‰‘|acceptable|botÃ³ japonÃ¨s "acceptable"|ideograma|japonÃ¨s|kanji
ğŸˆ¸|aplicar|botÃ³ japonÃ¨s "aplicaciÃ³"|ideograma|japonÃ¨s|kanji
ğŸˆ´|"qualificaciÃ³ dâ€™aprovat"|botÃ³ japonÃ¨s "qualificaciÃ³ dâ€™aprovat"|ideograma|japonÃ¨s|kanji
ğŸˆ³|botÃ³ japonÃ¨s "plaÃ§a lliure"|buit|ideograma|japonÃ¨s|kanji
ğŸˆº|botÃ³ japonÃ¨s "negoci obert"|ideograma|japonÃ¨s|kanji|obert
ğŸˆµ|botÃ³ japonÃ¨s "cap plaÃ§a lliure"|ideograma|japonÃ¨s|kanji|ple
ğŸ”´|cercle|geometria|vermell
ğŸŸ |cercle|taronja
ğŸŸ¡|cercle|groc
ğŸŸ¢|cercle|verd
ğŸ”µ|blau|cercle|geometria
ğŸŸ£|cercle|lila|morat|violeta
ğŸŸ¤|cercle|marrÃ³
âš«|cercle|geometria|negre
âšª|blanc|cercle|geometria
ğŸŸ¥|quadrat|vermell
ğŸŸ§|quadrat|taronja
ğŸŸ¨|groc|quadrat
ğŸŸ©|quadrat|verd
ğŸŸ¦|blau|quadrat
ğŸŸª|lila|morat|quadrat|violeta
ğŸŸ«|marrÃ³|quadrat
â¬›|geometria|gran|negre|quadrat
â¬œ|blanc|geometria|gran|quadrat
â—¼ï¸|geometria|mitjÃ |negre|quadrat
â—»ï¸|blanc|geometria|mitjÃ |quadrat
â—¾|geometria|negre|petit-mitjÃ |quadrat
â—½|blanc|geometria|petit-mitjÃ |quadrat
â–ªï¸|geometria|negre|petit|quadrat
â–«ï¸|blanc|geometria|petit|quadrat
ğŸ”¶|geometria|gran|rombe|taronja
ğŸ”·|blau|geometria|gran|rombe
ğŸ”¸|geometria|petit|rombe|taronja
ğŸ”¹|blau|geometria|petit|rombe
ğŸ”º|amunt|geometria|triangle vermell cap amunt|vermell cap amunt
ğŸ”»|avall|geometria|triangle vermell cap avall|vermell
ğŸ’ |flor|geometria|pÃ¨tals|rombe amb punt
ğŸ”˜|botÃ³ dâ€™opciÃ³|geometria|opciÃ³
ğŸ”³|blanc|botÃ³ de quadrat blanc|geometria|quadrat
ğŸ”²|botÃ³ de quadrat negre|geometria|negre|quadrat
ğŸ|automobilisme|bandera de quadres|curses|motor
ğŸš©|bandera triangular|banderÃ­
ğŸŒ|banderes creuades|celebraciÃ³|japÃ³
ğŸ´|bandera negra|oneig
ğŸ³ï¸|bandera blanca|oneig
ğŸ³ï¸â€ğŸŒˆ|arc de sant martÃ­|bandera de lâ€™arc de sant martÃ­
ğŸ³ï¸â€âš§ï¸|bandera|blanc|blau cel|rosa|transgÃ¨nere
ğŸ´â€â˜ ï¸|bandera pirata|botÃ­|jolly roger|pirata|tresor
ğŸ‡¦ğŸ‡©|andorra
ğŸ‡¦ğŸ‡ª|emirats Ã rabs units
ğŸ‡¦ğŸ‡«|afganistan
ğŸ‡¦ğŸ‡¬|antigua i barbuda
ğŸ‡¦ğŸ‡®|anguilla
ğŸ‡¦ğŸ‡±|albÃ nia
ğŸ‡¦ğŸ‡²|armÃ¨nia
ğŸ‡¦ğŸ‡´|angola
ğŸ‡¦ğŸ‡¶|antÃ rtida
ğŸ‡¦ğŸ‡·|argentina
ğŸ‡¦ğŸ‡¸|samoa nord-americana
ğŸ‡¦ğŸ‡¹|Ã ustria
ğŸ‡¦ğŸ‡º|austrÃ lia
ğŸ‡¦ğŸ‡¼|aruba
ğŸ‡¦ğŸ‡½|illes aland
ğŸ‡¦ğŸ‡¿|azerbaidjan
ğŸ‡§ğŸ‡¦|bÃ²snia i hercegovina
ğŸ‡§ğŸ‡§|barbados
ğŸ‡§ğŸ‡©|bangladesh
ğŸ‡§ğŸ‡ª|bÃ¨lgica
ğŸ‡§ğŸ‡«|burkina faso
ğŸ‡§ğŸ‡¬|bulgÃ ria
ğŸ‡§ğŸ‡­|bahrain
ğŸ‡§ğŸ‡®|burundi
ğŸ‡§ğŸ‡¯|benÃ­n
ğŸ‡§ğŸ‡±|saint-barthÃ©lemy
ğŸ‡§ğŸ‡²|bermudes
ğŸ‡§ğŸ‡³|brunei
ğŸ‡§ğŸ‡´|bolÃ­via
ğŸ‡§ğŸ‡¶|antilles neerlandeses
ğŸ‡§ğŸ‡·|brasil
ğŸ‡§ğŸ‡¸|bahames
ğŸ‡§ğŸ‡¹|bhutan
ğŸ‡§ğŸ‡¼|botswana
ğŸ‡§ğŸ‡¾|belarÃºs
ğŸ‡§ğŸ‡¿|belize
ğŸ‡¨ğŸ‡¦|canadÃ 
ğŸ‡¨ğŸ‡¨|illes cocos
ğŸ‡¨ğŸ‡©|congo - kinshasa
ğŸ‡¨ğŸ‡«|repÃºblica centreafricana
ğŸ‡¨ğŸ‡¬|congo - brazzaville
ğŸ‡¨ğŸ‡­|suÃ¯ssa
ğŸ‡¨ğŸ‡®|cÃ´te dâ€™ivoire
ğŸ‡¨ğŸ‡°|illes cook
ğŸ‡¨ğŸ‡±|xile
ğŸ‡¨ğŸ‡²|camerun
ğŸ‡¨ğŸ‡³|xina
ğŸ‡¨ğŸ‡´|colÃ²mbia
ğŸ‡¨ğŸ‡·|costa rica
ğŸ‡¨ğŸ‡º|cuba
ğŸ‡¨ğŸ‡»|cap verd
ğŸ‡¨ğŸ‡¼|curaÃ§ao
ğŸ‡¨ğŸ‡½|illa christmas
ğŸ‡¨ğŸ‡¾|xipre
ğŸ‡¨ğŸ‡¿|txÃ¨quia
ğŸ‡©ğŸ‡ª|alemanya
ğŸ‡©ğŸ‡¯|djibouti
ğŸ‡©ğŸ‡°|dinamarca
ğŸ‡©ğŸ‡²|dominica
ğŸ‡©ğŸ‡´|repÃºblica dominicana
ğŸ‡©ğŸ‡¿|algÃ¨ria
ğŸ‡ªğŸ‡¨|equador
ğŸ‡ªğŸ‡ª|estÃ²nia
ğŸ‡ªğŸ‡¬|egipte
ğŸ‡ªğŸ‡­|sÃ hara occidental
ğŸ‡ªğŸ‡·|eritrea
ğŸ‡ªğŸ‡¸|espanya
ğŸ‡ªğŸ‡¹|etiÃ²pia
ğŸ‡ªğŸ‡º|uniÃ³ europea
ğŸ‡«ğŸ‡®|finlÃ ndia
ğŸ‡«ğŸ‡¯|fiji
ğŸ‡«ğŸ‡°|illes malvines
ğŸ‡«ğŸ‡²|micronÃ¨sia
ğŸ‡«ğŸ‡´|illes fÃ¨roe
ğŸ‡«ğŸ‡·|franÃ§a
ğŸ‡¬ğŸ‡¦|gabon
ğŸ‡¬ğŸ‡§|regne unit
ğŸ‡¬ğŸ‡©|grenada
ğŸ‡¬ğŸ‡ª|geÃ²rgia
ğŸ‡¬ğŸ‡«|guaiana francesa
ğŸ‡¬ğŸ‡¬|guernsey
ğŸ‡¬ğŸ‡­|ghana
ğŸ‡¬ğŸ‡®|gibraltar
ğŸ‡¬ğŸ‡±|groenlÃ ndia
ğŸ‡¬ğŸ‡²|gÃ mbia
ğŸ‡¬ğŸ‡³|guinea
ğŸ‡¬ğŸ‡µ|guadalupe
ğŸ‡¬ğŸ‡¶|guinea equatorial
ğŸ‡¬ğŸ‡·|grÃ¨cia
ğŸ‡¬ğŸ‡¸|illes geÃ²rgia del sud i sandwich del sud
ğŸ‡¬ğŸ‡¹|guatemala
ğŸ‡¬ğŸ‡º|guam
ğŸ‡¬ğŸ‡¼|guinea bissau
ğŸ‡¬ğŸ‡¾|guyana
ğŸ‡­ğŸ‡°|hong kong (rae xina)
ğŸ‡­ğŸ‡³|hondures
ğŸ‡­ğŸ‡·|croÃ cia
ğŸ‡­ğŸ‡¹|haitÃ­
ğŸ‡­ğŸ‡º|hongria
ğŸ‡®ğŸ‡¨|illes canÃ ries
ğŸ‡®ğŸ‡©|indonÃ¨sia
ğŸ‡®ğŸ‡ª|irlanda
ğŸ‡®ğŸ‡±|israel
ğŸ‡®ğŸ‡²|illa de man
ğŸ‡®ğŸ‡³|Ã­ndia
ğŸ‡®ğŸ‡´|territori britÃ nic de lâ€™oceÃ  Ã­ndic
ğŸ‡®ğŸ‡¶|iraq
ğŸ‡®ğŸ‡·|iran
ğŸ‡®ğŸ‡¸|islÃ ndia
ğŸ‡®ğŸ‡¹|itÃ lia
ğŸ‡¯ğŸ‡ª|jersey
ğŸ‡¯ğŸ‡²|jamaica
ğŸ‡¯ğŸ‡´|jordÃ nia
ğŸ‡¯ğŸ‡µ|japÃ³
ğŸ‡°ğŸ‡ª|kenya
ğŸ‡°ğŸ‡¬|kirguizistan
ğŸ‡°ğŸ‡­|cambodja
ğŸ‡°ğŸ‡®|kiribati
ğŸ‡°ğŸ‡²|comores
ğŸ‡°ğŸ‡³|saint kitts i nevis
ğŸ‡°ğŸ‡µ|corea del nord
ğŸ‡°ğŸ‡·|corea del sud
ğŸ‡°ğŸ‡¼|kuwait
ğŸ‡°ğŸ‡¾|illes caiman
ğŸ‡°ğŸ‡¿|kazakhstan
ğŸ‡±ğŸ‡¦|laos
ğŸ‡±ğŸ‡§|lÃ­ban
ğŸ‡±ğŸ‡¨|saint lucia
ğŸ‡±ğŸ‡®|liechtenstein
ğŸ‡±ğŸ‡°|sri lanka
ğŸ‡±ğŸ‡·|libÃ¨ria
ğŸ‡±ğŸ‡¸|lesotho
ğŸ‡±ğŸ‡¹|lituÃ nia
ğŸ‡±ğŸ‡º|luxemburg
ğŸ‡±ğŸ‡»|letÃ²nia
ğŸ‡±ğŸ‡¾|lÃ­bia
ğŸ‡²ğŸ‡¦|marroc
ğŸ‡²ğŸ‡¨|mÃ²naco
ğŸ‡²ğŸ‡©|moldÃ via
ğŸ‡²ğŸ‡ª|montenegro
ğŸ‡²ğŸ‡¬|madagascar
ğŸ‡²ğŸ‡­|illes marshall
ğŸ‡²ğŸ‡°|macedÃ²nia del nord
ğŸ‡²ğŸ‡±|mali
ğŸ‡²ğŸ‡²|myanmar (birmÃ nia)
ğŸ‡²ğŸ‡³|mongÃ²lia
ğŸ‡²ğŸ‡´|macau (rae xina)
ğŸ‡²ğŸ‡µ|illes mariannes del nord
ğŸ‡²ğŸ‡¶|martinica
ğŸ‡²ğŸ‡·|mauritÃ nia
ğŸ‡²ğŸ‡¸|montserrat
ğŸ‡²ğŸ‡¹|malta
ğŸ‡²ğŸ‡º|maurici
ğŸ‡²ğŸ‡»|maldives
ğŸ‡²ğŸ‡¼|malawi
ğŸ‡²ğŸ‡½|mÃ¨xic
ğŸ‡²ğŸ‡¾|malÃ isia
ğŸ‡²ğŸ‡¿|moÃ§ambic
ğŸ‡³ğŸ‡¦|namÃ­bia
ğŸ‡³ğŸ‡¨|nova caledÃ²nia
ğŸ‡³ğŸ‡ª|nÃ­ger
ğŸ‡³ğŸ‡«|norfolk
ğŸ‡³ğŸ‡¬|nigÃ¨ria
ğŸ‡³ğŸ‡®|nicaragua
ğŸ‡³ğŸ‡±|paÃ¯sos baixos
ğŸ‡³ğŸ‡´|noruega
ğŸ‡³ğŸ‡µ|nepal
ğŸ‡³ğŸ‡·|nauru
ğŸ‡³ğŸ‡º|niue
ğŸ‡³ğŸ‡¿|nova zelanda
ğŸ‡´ğŸ‡²|oman
ğŸ‡µğŸ‡¦|panamÃ 
ğŸ‡µğŸ‡ª|perÃº
ğŸ‡µğŸ‡«|polinÃ¨sia francesa
ğŸ‡µğŸ‡¬|papua nova guinea
ğŸ‡µğŸ‡­|filipines
ğŸ‡µğŸ‡°|pakistan
ğŸ‡µğŸ‡±|polÃ²nia
ğŸ‡µğŸ‡²|saint-pierre-et-miquelon
ğŸ‡µğŸ‡³|illes pitcairn
ğŸ‡µğŸ‡·|puerto rico
ğŸ‡µğŸ‡¸|territoris palestins
ğŸ‡µğŸ‡¹|portugal
ğŸ‡µğŸ‡¼|palau
ğŸ‡µğŸ‡¾|paraguai
ğŸ‡¶ğŸ‡¦|qatar
ğŸ‡·ğŸ‡ª|illa de la reuniÃ³
ğŸ‡·ğŸ‡´|romania
ğŸ‡·ğŸ‡¸|sÃ¨rbia
ğŸ‡·ğŸ‡º|rÃºssia
ğŸ‡·ğŸ‡¼|ruanda
ğŸ‡¸ğŸ‡¦|arÃ bia saudita
ğŸ‡¸ğŸ‡§|illes salomÃ³
ğŸ‡¸ğŸ‡¨|seychelles
ğŸ‡¸ğŸ‡©|sudan
ğŸ‡¸ğŸ‡ª|suÃ¨cia
ğŸ‡¸ğŸ‡¬|singapur
ğŸ‡¸ğŸ‡­|santa helena
ğŸ‡¸ğŸ‡®|eslovÃ¨nia
ğŸ‡¸ğŸ‡°|eslovÃ quia
ğŸ‡¸ğŸ‡±|sierra leone
ğŸ‡¸ğŸ‡²|san marino
ğŸ‡¸ğŸ‡³|senegal
ğŸ‡¸ğŸ‡´|somÃ lia
ğŸ‡¸ğŸ‡·|surinam
ğŸ‡¸ğŸ‡¸|sudan del sud
ğŸ‡¸ğŸ‡¹|sÃ£o tomÃ© i prÃ­ncipe
ğŸ‡¸ğŸ‡»|el salvador
ğŸ‡¸ğŸ‡½|sint maarten
ğŸ‡¸ğŸ‡¾|sÃ­ria
ğŸ‡¸ğŸ‡¿|eswatini
ğŸ‡¹ğŸ‡¨|illes turks i caicos
ğŸ‡¹ğŸ‡©|txad
ğŸ‡¹ğŸ‡«|territoris australs francesos
ğŸ‡¹ğŸ‡¬|togo
ğŸ‡¹ğŸ‡­|tailÃ ndia
ğŸ‡¹ğŸ‡¯|tadjikistan
ğŸ‡¹ğŸ‡°|tokelau
ğŸ‡¹ğŸ‡±|timor oriental
ğŸ‡¹ğŸ‡²|turkmenistan
ğŸ‡¹ğŸ‡³|tunÃ­sia
ğŸ‡¹ğŸ‡´|tonga
ğŸ‡¹ğŸ‡·|turquia
ğŸ‡¹ğŸ‡¹|trinitat i tobago
ğŸ‡¹ğŸ‡»|tuvalu
ğŸ‡¹ğŸ‡¼|taiwan
ğŸ‡¹ğŸ‡¿|tanzÃ nia
ğŸ‡ºğŸ‡¦|ucraÃ¯na
ğŸ‡ºğŸ‡¬|uganda
ğŸ‡ºğŸ‡¸|estats units
ğŸ‡ºğŸ‡¾|uruguai
ğŸ‡ºğŸ‡¿|uzbekistan
ğŸ‡»ğŸ‡¦|ciutat del vaticÃ 
ğŸ‡»ğŸ‡¨|saint vincent i les grenadines
ğŸ‡»ğŸ‡ª|veneÃ§uela
ğŸ‡»ğŸ‡¬|illes verges britÃ niques
ğŸ‡»ğŸ‡®|illes verges nord-americanes
ğŸ‡»ğŸ‡³|vietnam
ğŸ‡»ğŸ‡º|vanuatu
ğŸ‡¼ğŸ‡«|wallis i futuna
ğŸ‡¼ğŸ‡¸|samoa
ğŸ‡½ğŸ‡°|kosovo
ğŸ‡¾ğŸ‡ª|iemen
ğŸ‡¾ğŸ‡¹|mayotte
ğŸ‡¿ğŸ‡¦|repÃºblica de sud-Ã frica
ğŸ‡¿ğŸ‡²|zÃ mbia
ğŸ‡¿ğŸ‡¼|zimbÃ bue
ğŸ´ó §ó ¢ó ¥ó ®ó §ó ¿|anglaterra
ğŸ´ó §ó ¢ó ³ó £ó ´ó ¿|escÃ²cia
ğŸ´ó §ó ¢ó ·ó ¬ó ³ó ¿|galÂ·les