â‰ï¸|!?|?|interpunkÄnÃ­ znamÃ©nka|otaznÃ­k|vykÅ™iÄnÃ­k a otaznÃ­k
â„¹ï¸|informace
â†”ï¸|Å¡ipka doleva a doprava
â†•ï¸|Å¡ipka nahoru a dolÅ¯
â†–ï¸|severozÃ¡pad|Å¡ipka doleva nahoru|smÄ›r|strany|svÄ›tovÃ©|vedlejÅ¡Ã­
â†—ï¸|severovÃ½chod|Å¡ipka doprava nahoru|smÄ›r|strany|svÄ›tovÃ©|vedlejÅ¡Ã­
â†˜ï¸|jihovÃ½chod|Å¡ipka doprava dolÅ¯|smÄ›r|strany|svÄ›tovÃ©|vedlejÅ¡Ã­
â†™ï¸|jihozÃ¡pad|Å¡ipka doleva dolÅ¯|smÄ›r|strany|svÄ›tovÃ©|vedlejÅ¡Ã­
âŒ¨ï¸|klÃ¡vesnice|poÄÃ­taÄ
â˜€ï¸|jasnÃ½|paprsky|poÄasÃ­|slunce|sluneÄno|vesmÃ­r
â˜ï¸|mrak|oblak|poÄasÃ­
â˜‚ï¸|dÃ©Å¡Å¥|deÅ¡tnÃ­k|obleÄenÃ­|poÄasÃ­
â˜ƒï¸|poÄasÃ­|snÄ›hulÃ¡k|snÃ­h|zima
â˜„ï¸|kometa|vesmÃ­r
â˜‘ï¸|âœ“|okÃ©nko|polÃ­Äko|zaÅ¡krtnutÃ© polÃ­Äko|zaÅ¡krtnutÃ­
â˜”|dÃ©Å¡Å¥|deÅ¡tnÃ­k s kapkami deÅ¡tÄ›|kapka|obleÄenÃ­|poÄasÃ­
â˜•|Äaj|horkÃ½|kÃ¡va|kouÅ™Ã­cÃ­|nÃ¡poj|pÃ¡ra|pitÃ­|teplÃ½ nÃ¡poj
â˜˜ï¸|jetel|rostlina|trojlÃ­stek
â˜ ï¸|lebka a zkÅ™Ã­Å¾enÃ© hnÃ¡ty|pÅ™Ã­Å¡era|smajlÃ­k|smrt|tÄ›lo|tvÃ¡Å™|vÃ½raz|zkÅ™Ã­Å¾enÃ© hnÃ¡ty
â˜¢ï¸|radioaktivita|radioaktivity|znaÄka
â˜£ï¸|biohazard|biologickÃ©|nebezpeÄÃ­|riziko|znaÄka
â˜¦ï¸|kÅ™esÅ¥anskÃ½|kÅ™esÅ¥anstvÃ­|kÅ™Ã­Å¾|nÃ¡boÅ¾enstvÃ­|pravoslavnÃ½ kÅ™Ã­Å¾
â˜¸ï¸|buddhismus|dharma|kolo dharmy|nÃ¡boÅ¾enstvÃ­
â˜¹ï¸|smajlÃ­k|tvÃ¡Å™|vÃ½raz|zamraÄenÃ­|zamraÄenÃ½ obliÄej
â™ˆ|beran|skopec|zvÄ›rokruh
â™‰|bÃ½k|vÅ¯l|zvÄ›rokruh
â™|stÅ™elec|zvÄ›rokruh
â™‘|koza|kozoroh|zvÄ›rokruh
â™’|voda|vodnÃ¡Å™|vodonoÅ¡|zvÄ›rokruh
â™“|ryba|ryby|zvÄ›rokruh
â™ ï¸|barva|hra|karta|piky
â™£ï¸|barva|hra|karta|kÅ™Ã­Å¾e
â™¥ï¸|barva|hra|karta|srdce
â™¦ï¸|barva|hra|kÃ¡ra|karta|kÃ¡ry
â™¨ï¸|horkÃ© prameny|horko|horkÃ½ pramen|lÃ¡zeÅˆ|pÃ¡ra
âš’ï¸|kladivo a Å¡piÄÃ¡k|nÃ¡Å™adÃ­|Å¡piÄÃ¡k
âš“|kotva|loÄ|zaÅ™Ã­zenÃ­
âš”ï¸|meÄe|zbraÅˆ|zkÅ™Ã­Å¾enÃ©
âš–ï¸|miskovÃ© vÃ¡hy|nÃ¡Å™adÃ­|rovnovÃ¡ha|spravedlnost|vÃ¡ha|zvÄ›rokruh
âš—ï¸|alembik|chemie|destilace|destilaÄnÃ­|kÅ™ivule|nÃ¡ÄinÃ­|nÃ¡dobÃ­
âš™ï¸|nÃ¡Å™adÃ­|ozubenÃ© kolo
âœ‚ï¸|nÃ¡stroj|nÅ¯Å¾ky|stÅ™ih|stÅ™Ã­hÃ¡nÃ­
âœ…|âœ“|tlaÄÃ­tko se znaÄkou zaÅ¡krtnutÃ­|zaÅ¡krtnutÃ­|znaÄka
âœˆï¸|doprava|letadlo|letoun
âœ‰ï¸|dopis|e-mail|email|obÃ¡lka|poÅ¡ta|psanÃ­
âœ’ï¸|hrot ÄernÃ©ho pera|pero
âœ”ï¸|âœ“|zaÅ¡krtnutÃ­|znaÄka
âœ–ï¸|Ã—|krÃ¡t|nÃ¡sobenÃ­|souÄin|x|znak|zruÅ¡enÃ­
âœ¡ï¸|davidova hvÄ›zda|hvÄ›zda|nÃ¡boÅ¾enstvÃ­|Å¾idovskÃ½
âœ¨|*|hvÄ›zda|jiskra|jiskry
âœ³ï¸|*|hvÄ›zdiÄka|osmicÃ­pÃ¡ hvÄ›zdiÄka
âœ´ï¸|*|hvÄ›zda|osmicÃ­pÃ¡ hvÄ›zda
â„ï¸|poÄasÃ­|snÄ›hovÃ¡ vloÄka|snÃ­h|zima
â‡ï¸|*|jiskÃ©rka|jiskra|jiskÅ™iÄka
â“|?|ÄervenÃ½ otaznÃ­k|interpunkÄnÃ­ znamÃ©nka|otaznÃ­k
â”|?|bÃ­lÃ½ otaznÃ­k|interpunkÄnÃ­ znamÃ©nka|obrys|otaznÃ­k
â•|!|bÃ­lÃ½ vykÅ™iÄnÃ­k|interpunkÄnÃ­ znamÃ©nka|obrys|vykÅ™iÄnÃ­k
â—|!|ÄervenÃ½ vykÅ™iÄnÃ­k|interpunkÄnÃ­ znamÃ©nka|vykÅ™iÄnÃ­k
â£ï¸|interpunkce|srdce jako vykÅ™iÄnÃ­k|vykÅ™iÄnÃ­k|znaÄka|znamÃ©nko
â¤ï¸|rudÃ© srdce|srdce
â•|+|matematika|plus|sÄÃ­tÃ¡nÃ­|souÄet|znak plus
â–|-|âˆ’|matematika|minus|odÄÃ­tÃ¡nÃ­|rozdÃ­l|znak minus
â—|Ã·|dÄ›lenÃ­|dÄ›leno|matematika|podÃ­l|znak dÄ›lenÃ­
â¤´ï¸|Å¡ipka doprava stÃ¡ÄejÃ­cÃ­ se nahoru
â¤µï¸|dolÅ¯|Å¡ipka doprava stÃ¡ÄejÃ­cÃ­ se dolÅ¯
ã€°ï¸|ÄÃ¡ra|dlouhÃ¡ vlnovka|interpunkce|interpunkÄnÃ­|pomlÄka|vlnitÃ¡|vlny|znamÃ©nka
ãŠ—ï¸|blahopÅ™ejeme|gratulace|ideogram|japonÅ¡tina|Å¡tÄ›stÃ­|Å¡tÃ­tek s japonskÃ½m znakem blahopÅ™Ã¡nÃ­|ç¥
ãŠ™ï¸|ideogram|japonÅ¡tina|Å¡tÃ­tek s japonskÃ½m znakem tajnÃ©|tajemstvÃ­|utajenÃ­|ç§˜
ğŸ˜€|smajlÃ­k|tvÃ¡Å™|ÃºÅ¡klebek|vÃ½raz|zubÃ­cÃ­ se obliÄej
ğŸ˜ƒ|otevÅ™enÃ½|smajlÃ­k|tvÃ¡Å™|ÃºsmÄ›v|Ãºsta|vÃ½raz|zubÃ­cÃ­ se obliÄej s velkÃ½ma oÄima
ğŸ˜„|oko|otevÅ™enÃ½|smajlÃ­k|tvÃ¡Å™|ÃºsmÄ›v|Ãºsta|vÃ½raz|zubÃ­cÃ­ se obliÄej s usmÄ›vavÃ½ma oÄima
ğŸ˜|oko|rozzÃ¡Å™enÃ½ obliÄej s usmÄ›vavÃ½ma oÄima|smajlÃ­k|tvÃ¡Å™|ÃºÅ¡klebek|ÃºsmÄ›v|vÃ½raz
ğŸ˜†|otevÅ™enÃ½|smajlÃ­k|smÃ­ch|spokojenÃ½|tvÃ¡Å™|ÃºsmÄ›v|Ãºsta|vÃ½raz|zubÃ­cÃ­ se obliÄej s mÅ¾ourajÃ­cÃ­ma oÄima
ğŸ˜…|otevÅ™enÃ½|pot|smajlÃ­k|studenÃ½|tvÃ¡Å™|ÃºsmÄ›v|vÃ½raz|zubÃ­cÃ­ se obliÄej s kapkou potu
ğŸ¤£|obliÄej vÃ¡lejÃ­cÃ­ se smÃ­chy|smajlÃ­k|smÃ­ch|tvÃ¡Å™|vÃ¡let|vÃ½raz
ğŸ˜‚|obliÄej slzÃ­cÃ­ smÃ­chy|radost|slzy|smajlÃ­k|smÃ­ch|tvÃ¡Å™|vÃ½raz
ğŸ™‚|obliÄej s mÃ­rnÃ½m ÃºsmÄ›vem|smajlÃ­k|tvÃ¡Å™|ÃºsmÄ›v|vÃ½raz
ğŸ™ƒ|pÅ™evrÃ¡cenÃ½ obliÄej|smajlÃ­k|tvÃ¡Å™|vÃ½raz|vzhÅ¯ru nohama
ğŸ˜‰|mrkajÃ­cÃ­ obliÄej|mrknutÃ­|smajlÃ­k|tvÃ¡Å™|vÃ½raz
ğŸ˜Š|ÄervenÃ¡nÃ­|oko|rumÄ›nec|smajlÃ­k|smÄ›jÃ­cÃ­ se obliÄej s usmÄ›vavÃ½ma oÄima|tvÃ¡Å™|ÃºsmÄ›v|vÃ½raz|zardÄ›nÃ­
ğŸ˜‡|andÄ›l|fantasy|nevinnÃ½|pohÃ¡dka|smajlÃ­k|svatozÃ¡Å™|tvÃ¡Å™|ÃºsmÄ›v|usmÃ­vajÃ­cÃ­ se obliÄej se svatozÃ¡Å™Ã­|vÃ½raz
ğŸ¥°|lÃ¡ska|usmÃ­vajÃ­cÃ­ se obliÄej se tÅ™emi srdÃ­Äky|zamilovanost|zboÅ¾ÅˆovÃ¡nÃ­
ğŸ˜|lÃ¡ska|oko|smajlÃ­k|srdce|tvÃ¡Å™|ÃºsmÄ›v|usmÃ­vajÃ­cÃ­ se obliÄej se srdÃ­Äky mÃ­sto oÄÃ­|vÃ½raz
ğŸ¤©|hvÄ›zda|obliÄej s hvÄ›zdami v oÄÃ­ch|oÄi|Å¡klebÃ­cÃ­|smajlÃ­k|tvÃ¡Å™|vÃ½raz
ğŸ˜˜|obliÄej posÃ­lajÃ­cÃ­ polibek|polibek|pusa|smajlÃ­k|srdce|tvÃ¡Å™|vÃ½raz
ğŸ˜—|lÃ­bajÃ­cÃ­ obliÄej|polibek|pusa|smajlÃ­k|tvÃ¡Å™|vÃ½raz
â˜ºï¸|pohoda|silueta|smajlÃ­k|tvÃ¡Å™|ÃºsmÄ›v|usmÃ­vajÃ­cÃ­ se obliÄej|vÃ½raz
ğŸ˜š|lÃ­bajÃ­cÃ­ obliÄej se zavÅ™enÃ½ma oÄima|oko|polibek|pusa|smajlÃ­k|tvÃ¡Å™|vÃ½raz|zavÅ™enÃ½
ğŸ˜™|lÃ­bajÃ­cÃ­ obliÄej s usmÄ›vavÃ½ma oÄima|oko|polibek|pusa|smajlÃ­k|tvÃ¡Å™|ÃºsmÄ›v|vÃ½raz
ğŸ¥²|dojatÃ½|hrdÃ½|slza|smajlÃ­k|tvÃ¡Å™|Ãºleva|ÃºsmÄ›v|usmÃ­vajÃ­cÃ­ se obliÄej se slzou|vdÄ›ÄnÃ½|vÃ½raz
ğŸ˜‹|chutnÃ½|lahodnÃ½|mÅˆam|olizujÃ­cÃ­ se obliÄej|smajlÃ­k|tvÃ¡Å™|ÃºsmÄ›v|vÃ½raz
ğŸ˜›|jazyk|obliÄej s vyplazenÃ½m jazykem|smajlÃ­k|tvÃ¡Å™|vÃ½raz
ğŸ˜œ|jazyk|mrkajÃ­cÃ­ obliÄej s vyplÃ¡znutÃ½m jazykem|mrknutÃ­|oko|smajlÃ­k|tvÃ¡Å™|vtip|vÃ½raz
ğŸ¤ª|malÃ©|oko|Å¡Ã­lenÃ½ obliÄej|velkÃ©
ğŸ˜|chuÅ¥|dÄ›s|jazyk|mÅ¾ourajÃ­cÃ­ obliÄej s vyplÃ¡znutÃ½m jazykem|oko|smajlÃ­k|tvÃ¡Å™|vÃ½raz
ğŸ¤‘|obliÄej s penÄ›zi na jazyku|penÃ­ze|smajlÃ­k|tvÃ¡Å™|Ãºsta|vÃ½raz
ğŸ¤—|obejmout|objetÃ­|obliÄej s otevÅ™enou nÃ¡ruÄÃ­|smajlÃ­k|tvÃ¡Å™|vÃ½raz
ğŸ¤­|ajaj|jejda|jÃ©je|obliÄej s dlanÃ­ pÅ™ed pusou|oj|oops|ouha|ups
ğŸ¤«|obliÄej s prstem na puse|pst|pÅ¡t|ticho|tiÅ¡e|tiÅ¡it|utiÅ¡it
ğŸ¤”|smajlÃ­k|tvÃ¡Å™|vÃ½raz|zamyÅ¡lenÃ­|zamyÅ¡lenÃ½ obliÄej
ğŸ¤|obliÄej s pusou na zip|smajlÃ­k|tvÃ¡Å™|Ãºsta|vÃ½raz|zip
ğŸ¤¨|nedÅ¯vÄ›ra|obliÄej se zvednutÃ½m oboÄÃ­m|skepse|skeptickÃ½
ğŸ˜|kamennÃ¡ tvÃ¡Å™|neutrÃ¡lnÃ­|obliÄej s neutrÃ¡lnÃ­m vÃ½razem|smajlÃ­k|tvÃ¡Å™|vÃ½raz
ğŸ˜‘|bez vÃ½razu|obliÄej bez vÃ½razu|prÃ¡zdnÃ½ vÃ½raz|smajlÃ­k|tvÃ¡Å™|vÃ½raz
ğŸ˜¶|obliÄej bez Ãºst|smajlÃ­k|tichÃ½|tvÃ¡Å™|Ãºsta|vÃ½raz
ğŸ˜¶â€ğŸŒ«ï¸|duchem nepÅ™Ã­tomnÃ½|hlava v oblacÃ­ch|nepÅ™Ã­tomnÃ½|obliÄej v mlze|obliÄej v oblacÃ­ch|smajlÃ­k|tvÃ¡Å™
ğŸ˜|drzost|drzÃ½|smajlÃ­k|tvÃ¡Å™|ÃºÅ¡klebek|uÅ¡klÃ­bajÃ­cÃ­ se obliÄej|vÃ½raz
ğŸ˜’|neÅ¡Å¥astnÃ½|obliÄej se znudÄ›nÃ½m vÃ½razem|smajlÃ­k|tvÃ¡Å™|vÃ½raz|znudÄ›nÃ½
ğŸ™„|koulejÃ­cÃ­|obliÄej s oÄima v sloup|oÄi|smajlÃ­k|tvÃ¡Å™|v sloup|vÃ½raz
ğŸ˜¬|grimasa s vycenÄ›nÃ½mi zuby|smajlÃ­k|tvÃ¡Å™|vÃ½raz
ğŸ˜®â€ğŸ’¨|lapÃ¡nÃ­ po dechu|oddechnutÃ­|pÃ­skÃ¡nÃ­|Å¡epot|Ãºleva|vÃ½dech|vydechnutÃ­|vydechujÃ­cÃ­ obliÄej
ğŸ¤¥|lhÃ¡t|obliÄej lhÃ¡Å™e|pinocchio|smajlÃ­k|tvÃ¡Å™|vÃ½raz
ğŸ˜Œ|obliÄej s vÃ½razem Ãºlevy|smajlÃ­k|tvÃ¡Å™|Ãºleva|vÃ½raz
ğŸ˜”|obliÄej se skleslÃ½m vÃ½razem|skleslÃ½|smajlÃ­k|trudnomyslnÃ½|trudomyslnÃ½|tvÃ¡Å™|vÃ½raz|zÃ¡dumÄivÃ½|zahloubanÃ½
ğŸ˜ª|ospalÃ½ obliÄej|smajlÃ­k|spÃ¡nek|tvÃ¡Å™|vÃ½raz
ğŸ¤¤|slina|slintajÃ­cÃ­ obliÄej|slintÃ¡nÃ­|slintat|smajlÃ­k|tvÃ¡Å™|vÃ½raz
ğŸ˜´|chrr|smajlÃ­k|spÃ¡nek|spÃ­cÃ­ obliÄej|tvÃ¡Å™|vÃ½raz|zzz
ğŸ˜·|doktor|lÃ©kaÅ™|maska|nachlazenÃ½|nemocnÃ½|obliÄej s lÃ©kaÅ™skou rouÅ¡kou|smajlÃ­k|tvÃ¡Å™|vÃ½raz
ğŸ¤’|nemocnÃ½|obliÄej s teplomÄ›rem|smajlÃ­k|teplomÄ›r|tvÃ¡Å™|vÃ½raz
ğŸ¤•|bolest|obliÄej s ovÃ¡zanou hlavou|obvaz|smajlÃ­k|tvÃ¡Å™|vÃ½raz|zranÄ›nÃ­
ğŸ¤¢|obliÄej se znechucenÃ½m vÃ½razem|smajlÃ­k|tvÃ¡Å™|vÃ½raz|znechucenÃ­|zvracet
ğŸ¤®|smajlÃ­k|Å¡patnÄ›|tvÃ¡Å™|vÃ½raz|zvracejÃ­cÃ­ obliÄej|zvracet
ğŸ¤§|kÃ½chajÃ­cÃ­ obliÄej|kÃ½chat|smajlÃ­k|tvÃ¡Å™|vÃ½raz
ğŸ¥µ|horeÄka|horko|pocenÃ­|rozpÃ¡lenÃ½ obliÄej|rudÃ½ obliÄej|vedro
ğŸ¥¶|modrÃ½ obliÄej|mrÃ¡z|promrzlÃ½|rampouchy|zima|zmrzlÃ½ obliÄej
ğŸ¥´|lÃ­znutÃ½|opilost|rÅ¯znÄ› velkÃ© oÄi|zÃ¡vraÅ¥|zpitomÄ›lÃ½ obliÄej|zvlnÄ›nÃ¡ pusa
ğŸ˜µ|obliÄej s vÃ½razem zÃ¡vrati|smajlÃ­k|tvÃ¡Å™|vÃ½raz|zÃ¡vraÅ¥
ğŸ˜µâ€ğŸ’«|hypnotizovanÃ½|no pÃ¡ni|obliÄej se spirÃ¡lami mÃ­sto oÄÃ­|potÃ­Å¾e|spirÃ¡la|spirÃ¡ly|zÃ¡vraÅ¥|zhypnotizovanÃ½
ğŸ¤¯|explodujÃ­cÃ­ hlava|obliÄej|smajlÃ­k|Å¡ok|tvÃ¡Å™|vÃ½buch|vÃ½raz
ğŸ¤ |klobouk|kovboj|obliÄej s kovbojskÃ½m kloboukem|smajlÃ­k|tvÃ¡Å™|vÃ½raz
ğŸ¥³|Äepice|ÄepiÄka|frkaÄka|oslava|oslavujÃ­cÃ­ obliÄej|pÃ¡rty
ğŸ¥¸|brÃ½le|incognito|inkognito|obliÄej v pÅ™estrojenÃ­|pÅ™estrojenÃ­|pÅ™evlek|smajlÃ­k|tvÃ¡Å™|vÃ½raz
ğŸ˜|brÃ½le|cool|frajer|jasno|oko|poÄasÃ­|slunce|sluneÄnÃ­ brÃ½le|smajlÃ­k|tvÃ¡Å™|ÃºsmÄ›v|usmÃ­vajÃ­cÃ­ se obliÄej s brÃ½lemi|vÃ½raz
ğŸ¤“|geek|nerd|obliÄej Å¡prta|smajlÃ­k|Å¡plhoun|Å¡prt|tvÃ¡Å™|vÃ½raz
ğŸ§|konvenÄnÃ­|obliÄej s brÃ½lovÃ½m monoklem|prudÃ©rnÃ­|staromÃ³dnÃ­
ğŸ˜•|smajlÃ­k|tvÃ¡Å™|vÃ½raz|zmatenÃ½ obliÄej
ğŸ˜Ÿ|obavy|smajlÃ­k|starost|tvÃ¡Å™|ustaranÃ½ obliÄej|vÃ½raz
ğŸ™|mÃ­rnÄ› zamraÄenÃ½ obliÄej|smajlÃ­k|tvÃ¡Å™|vÃ½raz|zamraÄenÃ­
ğŸ˜®|obliÄej s otevÅ™enou pusou|otevÅ™enÃ½|smajlÃ­k|soucit|tvÃ¡Å™|Ãºsta|vÃ½raz
ğŸ˜¯|obliÄej se zaraÅ¾enÃ½m vÃ½razem|pÅ™ekvapenÃ½|smajlÃ­k|tichÃ½|tvÃ¡Å™|vÃ½raz|zaraÅ¾enÃ½
ğŸ˜²|naprosto|ohromenÃ½|smajlÃ­k|Å¡ok|tvÃ¡Å™|ÃºplnÄ›|ÃºÅ¾as|uÅ¾aslÃ½ obliÄej|vÃ½raz
ğŸ˜³|ÄervenajÃ­cÃ­ se obliÄej|ÄervenÃ¡nÃ­|omÃ¡menÃ­|rumÄ›nec|smajlÃ­k|tvÃ¡Å™|vÃ½raz|zardÄ›nÃ­|zÄervenÃ¡nÃ­|zrudnutÃ­
ğŸ¥º|milost|prosba|prosebnÃ½ obliÄej|psÃ­ oÄi|slitovÃ¡nÃ­|Å¾adonÄ›nÃ­
ğŸ˜¦|otevÅ™enÃ½|smajlÃ­k|tvÃ¡Å™|Ãºsta|vÃ½raz|zamraÄenÃ­|zamraÄenÃ½ obliÄej s otevÅ™enou pusou
ğŸ˜§|nepÅ™Ã­jemnÃ½|obliÄej s ÃºzkostnÃ½m vÃ½razem|pÅ™ekvapenÃ­|smajlÃ­k|Å¡ok|trpÃ­cÃ­|tvÃ¡Å™|utrÃ¡penÃ½|utrpenÃ­|Ãºzkost|vÃ½raz|ztrÃ¡penÃ½
ğŸ˜¨|dÄ›s|smajlÃ­k|strach|tvÃ¡Å™|ustraÅ¡enÃ½ obliÄej|vÃ½raz
ğŸ˜°|modrÃ¡|otevÅ™enÃ½|pot|smajlÃ­k|studenÃ½|tvÃ¡Å™|Ãºsta|uÅ¡tvanÃ½|ÃºzkostnÃ½ obliÄej se studenÃ½m potem|vÃ½raz
ğŸ˜¥|smajlÃ­k|smutnÃ½ obliÄej s vÃ½razem Ãºlevy|tvÃ¡Å™|Ãºdiv|Ãºleva|vÃ½raz|zklamÃ¡nÃ­
ğŸ˜¢|plÃ¡Ä|plaÄÃ­cÃ­ obliÄej|slza|smajlÃ­k|smutek|tvÃ¡Å™|vÃ½raz
ğŸ˜­|nÃ¡Å™ek|plÃ¡Ä|slza|smajlÃ­k|smutek|tvÃ¡Å™|vÃ½raz|zoufale plaÄÃ­cÃ­ obliÄej
ğŸ˜±|dÄ›s|hrÅ¯za|munch|obliÄej kÅ™iÄÃ­cÃ­ hrÅ¯zou|smajlÃ­k|strach|tvÃ¡Å™|vÃ½kÅ™ik|vÃ½raz
ğŸ˜–|naÅ¡tvanÃ½|obliÄej s plÃ¡Äem na krajÃ­Äku|pÅ™ekvapenÃ½|rozpaÄitÃ½|smajlÃ­k|tvÃ¡Å™|vÃ½raz|zatracenÄ›|zmatenÃ½
ğŸ˜£|obliÄej s umÃ­nÄ›nÃ½m vÃ½razem|smajlÃ­k|tvÃ¡Å™|umÃ­nÄ›nost|vÃ½raz|vytrvalost
ğŸ˜|smajlÃ­k|tvÃ¡Å™|vÃ½raz|zklamÃ¡nÃ­|zklamanÃ½ obliÄej
ğŸ˜“|pot|sklÃ­ÄenÃ½ obliÄej se studenÃ½m potem|smajlÃ­k|studenÃ½|tvÃ¡Å™|vÃ½raz
ğŸ˜©|smajlÃ­k|tvÃ¡Å™|Ãºnava|vyÄerpÃ¡nÃ­|vyÄerpanÃ½ obliÄej|vÃ½raz
ğŸ˜«|smajlÃ­k|tvÃ¡Å™|Ãºnava|unavenÃ½ obliÄej|vÃ½raz
ğŸ¥±|unavenÃ½|vÃ½raz|zÃ­vajÃ­cÃ­ obliÄej|znudÄ›nÃ½
ğŸ˜¤|frustrace|hnÄ›v|obliÄej pouÅ¡tÄ›jÃ­cÃ­ pÃ¡ru nosem|odfouknutÃ­|rozhoÅ™ÄenÃ­|smajlÃ­k|triumf|tvÃ¡Å™|vÃ­tÄ›zstvÃ­|vÃ½dech|vyfouknutÃ­|vÃ½raz|vztek|zloba|zlost
ğŸ˜¡|ÄervenÃ½|hnÄ›v|naÅ¡tvanÃ½|nazlobenÃ½|obliÄej s podrÃ¡Å¾dÄ›nÃ½m vÃ½razem|podrÃ¡Å¾dÄ›nÃ½|rudÃ½|smajlÃ­k|tvÃ¡Å™|vÃ½raz|vztek|zloba|zlost|zuÅ™ivÃ½
ğŸ˜ |hnÄ›vivÃ½|naÅ¡tvanÃ½|rozhnÄ›vanÃ½|rozzlobenÃ½ obliÄej|smajlÃ­k|tvÃ¡Å™|vÃ½raz|vztek|zloba|zlost|zuÅ™ivost|zuÅ™ivÃ½
ğŸ¤¬|klenÃ­|nadÃ¡vajÃ­cÃ­|nadÃ¡vka|obliÄej se symboly na puse
ğŸ˜ˆ|fantasy|pohÃ¡dka|rohy|smajlÃ­k|tvÃ¡Å™|ÃºsmÄ›v|usmÃ­vajÃ­cÃ­ se obliÄej s rohy|vÃ½raz
ğŸ‘¿|ÄÃ¡bel|dÃ©mon|fantasy|pohÃ¡dka|rozzlobenÃ½ obliÄej s rohy|skÅ™et|smajlÃ­k|tvÃ¡Å™|vÃ½raz
ğŸ’€|lebka|pohÃ¡dka|pÅ™Ã­Å¡era|smajlÃ­k|smrt|tÄ›lo|tvÃ¡Å™|vÃ½raz
ğŸ’©|hovÃ­nko|hromÃ¡dka|obrÃ¡zek|pÅ™Ã­Å¡era|smajlÃ­k|tvÃ¡Å™|vÃ½kal|vÃ½raz
ğŸ¤¡|klaunskÃ½ obliÄej|smajlÃ­k|tvÃ¡Å™|vÃ½raz
ğŸ‘¹|bytost|fantasy|japonskÃ½|lidoÅ¾rout|obr|pohÃ¡dka|pÅ™Ã­Å¡era|smajlÃ­k|straÅ¡Ã¡k|straÅ¡idlo|tvÃ¡Å™|vÃ½raz|zlobr
ğŸ‘º|bytost|fantasy|japonskÃ½|pohÃ¡dka|pÅ™Ã­Å¡era|skÅ™Ã­tek|smajlÃ­k|Å¡otek|straÅ¡Ã¡k|straÅ¡idlo|tvÃ¡Å™|vÃ½raz
ğŸ‘»|bytost|duch|fantasy|pohÃ¡dka|pÅ™Ã­Å¡era|smajlÃ­k|straÅ¡idlo|tvÃ¡Å™|vÃ½raz
ğŸ‘½|bytost|fantasy|mimozemÅ¡Å¥an|pohÃ¡dka|pÅ™Ã­Å¡era|smajlÃ­k|tvÃ¡Å™|ufo|vesmÃ­r|vÃ½raz
ğŸ‘¾|bytost|fantasy|marÅ¥an|mimozemskÃ¡ pÅ™Ã­Å¡era|mimozemÅ¡Å¥an|pohÃ¡dka|pÅ™Ã­Å¡era|smajlÃ­k|tvÃ¡Å™|ufo|vesmÃ­r|vetÅ™elec|vÃ½raz
ğŸ¤–|obliÄej robota|pÅ™Ã­Å¡era|robot|smajlÃ­k|tvÃ¡Å™|vÃ½raz
ğŸ˜º|koÄka|otevÅ™enÃ½|Å¡klebÃ­cÃ­ se koÄiÄÃ­ obliÄej|smajlÃ­k|tvÃ¡Å™|ÃºÅ¡klebek|ÃºsmÄ›v|Ãºsta|vÃ½raz
ğŸ˜¸|koÄka|oko|Å¡klebÃ­cÃ­ se koÄka s usmÄ›vavÃ½ma oÄima|smajlÃ­k|tvÃ¡Å™|ÃºÅ¡klebek|ÃºsmÄ›v|vÃ½raz
ğŸ˜¹|koÄiÄÃ­ obliÄej slzÃ­cÃ­ smÃ­chy|koÄka|radost|slzy|smajlÃ­k|smÃ­ch|tvÃ¡Å™|vÃ½raz
ğŸ˜»|koÄka|lÃ¡ska|oko|smajlÃ­k|srdce|tvÃ¡Å™|ÃºsmÄ›v|usmÃ­vajÃ­cÃ­ se koÄka se srdÃ­Äky mÃ­sto oÄÃ­|vÃ½raz
ğŸ˜¼|ironie|jÃ­zlivÃ½|koÄiÄÃ­ obliÄej s jÃ­zlivÃ½m ÃºsmÄ›vem|koÄka|smajlÃ­k|tvÃ¡Å™|ÃºsmÄ›v|vÃ½raz
ğŸ˜½|koÄka|lÃ­bajÃ­cÃ­ koÄiÄÃ­ obliÄej|oko|polibek|pusa|smajlÃ­k|tvÃ¡Å™|vÃ½raz
ğŸ™€|jej|koÄka|pÅ™ekvapenÃ­|smajlÃ­k|tvÃ¡Å™|uf|Ãºnava|vyÄerpÃ¡nÃ­|vyÄerpanÃ½ koÄiÄÃ­ obliÄej|vÃ½raz
ğŸ˜¿|koÄka|plÃ¡Ä|plaÄÃ­cÃ­ koÄiÄÃ­ obliÄej|slza|smajlÃ­k|smutek|tvÃ¡Å™|vÃ½raz
ğŸ˜¾|hnÄ›v|koÄiÄÃ­ obliÄej s podrÃ¡Å¾dÄ›nÃ½m vÃ½razem|koÄka|naÅ¡tvanÃ½|nazlobenÃ½|podrÃ¡Å¾dÄ›nÃ­|podrÃ¡Å¾dÄ›nÃ½|smajlÃ­k|tvÃ¡Å™|vÃ½raz|vztek|zloba|zlost|zuÅ™ivÃ½
ğŸ™ˆ|gesto|ne|opice|opiÄka nic nevidÃ­m|smajlÃ­k|tvÃ¡Å™|vidÄ›t|vÃ½raz|zÃ¡kaz|zakÃ¡zÃ¡no|zlo
ğŸ™‰|gesto|ne|opice|opiÄka nic neslyÅ¡Ã­m|slyÅ¡et|smajlÃ­k|tvÃ¡Å™|vÃ½raz|zÃ¡kaz|zakÃ¡zÃ¡no|zlo
ğŸ™Š|gesto|mluvit|ne|opice|opiÄka nic nepovÃ­m|smajlÃ­k|tvÃ¡Å™|vÃ½raz|zÃ¡kaz|zakÃ¡zÃ¡no|zlo
ğŸ’‹|otisk rtÅ¯|polibek|pusa|romance|romantika|rty|srdce
ğŸ’Œ|dopis|lÃ¡ska|milostnÃ½ dopis|poÅ¡ta|romance|romantika|srdce
ğŸ’˜|amorek|lÃ¡ska|romance|romantika|Å¡Ã­p|srdce se Å¡Ã­pem|stÅ™ela
ğŸ’|maÅ¡le|srdce s maÅ¡lÃ­|stuha|stuÅ¾ka|valentÃ½n
ğŸ’–|jiskra|jiskÅ™Ã­cÃ­ srdce|srdce|vzruÅ¡enÃ­
ğŸ’—|nervozita|puls|rostoucÃ­|srdce|vzruÅ¡enÃ­
ğŸ’“|buÅ¡enÃ­|buÅ¡Ã­cÃ­ srdce|puls|srdce|tep
ğŸ’|kolo|otÃ¡ÄenÃ­|srdce vÃ­Å™Ã­cÃ­ v kole|vÃ­Å™enÃ­
ğŸ’•|dvÄ› srdce|lÃ¡ska|srdce
ğŸ’Ÿ|srdce jako ozdoba
ğŸ’”|srdce|zlomenÃ© srdce|zlomenÃ½|zlomit
â¤ï¸â€ğŸ”¥|hoÅ™et|hoÅ™Ã­cÃ­ srdce|lÃ¡ska|nejsvÄ›tÄ›jÅ¡Ã­ srdce|plamen|srdce|vÃ¡Å¡eÅˆ
â¤ï¸â€ğŸ©¹|nÃ¡plast|uzdravit|vylÃ©Äit|zÃ¡plata|zÃ¡platovanÃ© srdce|zdravÃ­|zlepÅ¡enÃ­|zotavenÃ­
ğŸ§¡|oranÅ¾ovÃ¡|oranÅ¾ovÃ© srdce|srdce
ğŸ’›|srdce|Å¾lutÃ¡|Å¾lutÃ© srdce
ğŸ’š|srdce|zelenÃ¡|zelenÃ© srdce
ğŸ’™|modrÃ¡|modrÃ© srdce|srdce
ğŸ’œ|fialovÃ¡|fialovÃ© srdce|srdce
ğŸ¤|hnÄ›dÃ¡|hnÄ›dÃ© srdce|srdce
ğŸ–¤|ÄernÃ¡|ÄernÃ© srdce|smutek|srdce|zkaÅ¾enost|zlo
ğŸ¤|bÃ­lÃ¡|bÃ­lÃ© srdce|srdce
ğŸ’¯|100|plnÃ½|skÃ³re|sto bodÅ¯
ğŸ’¢|hnÄ›v|japonskÃ½ symbol hnÄ›vu|komiks|manga|naÅ¡tvanÃ½|Ãºder|vztek|Å¾Ã­ly|zloba|zlost
ğŸ’¥|bum|komiks|nÃ¡raz|srÃ¡Å¾ka
ğŸ’«|hvÄ›zda|hvÄ›zdiÄky|komiks|zÃ¡vraÅ¥
ğŸ’¦|cÃ¡kÃ¡nÃ­|kapky potu|komiks|pot
ğŸ’¨|bÄ›h|komiks|spÄ›ch
ğŸ•³ï¸|dÃ­ra
ğŸ’£|bomba|komiks
ğŸ’¬|bublina|dialog|komiks|Å™eÄovÃ¡ bublina
ğŸ‘ï¸â€ğŸ—¨ï¸|oko v Å™eÄovÃ© bublinÄ›|Å™eÄovÃ¡ bublina|svÄ›dectvÃ­|svÄ›dek
ğŸ—¨ï¸|dialog|levÃ¡ Å™eÄovÃ¡ bublina|Å™eÄ
ğŸ—¯ï¸|bublina|hnÄ›v|naÅ¡tvanÃ½|pravÃ¡ rozzlobenÃ¡ bublina|vztek|zloba|zlost
ğŸ’­|bublina|komiks|myÅ¡lenka|myÅ¡lenkovÃ¡ bublina
ğŸ’¤|chrr|komiks|spÃ¡nek|spÃ¡t|zzz
ğŸ‘‹|mÃ¡vajÃ­cÃ­ ruka|mÃ¡vÃ¡nÃ­|mÃ¡vat|ruka|tÄ›lo
ğŸ¤š|hÅ™bet zvednutÃ© ruky|ruka|zdviÅ¾enÃ¡|zvednutÃ¡
ğŸ–|prst|roztaÅ¾enÃ©|ruka s roztaÅ¾enÃ½mi prsty|tÄ›lo
âœ‹|ruka|tÄ›lo|zvednutÃ¡ ruka
ğŸ––|prst|ruka|spock|tÄ›lo|vulkÃ¡nskÃ½ pozdrav
ğŸ‘Œ|gesto ok|ok|ruka|tÄ›lo
ğŸ¤Œ|gesto rukou|ironie|italskÃ© sarkastickÃ© gesto|otÃ¡zka|prsty|sarkasmus|sevÅ™enÃ©|Å¡petka z pÄ›ti prstÅ¯
ğŸ¤|gesto mÃ¡lo|malÃ© mnoÅ¾stvÃ­|Å¡petka|troÅ¡ka
âœŒï¸|gesto vÃ­tÄ›zstvÃ­|ruka|tÄ›lo|vÃ­tÄ›zstvÃ­
ğŸ¤|prsty|ruka|Å¡tÄ›stÃ­|zkÅ™Ã­Å¾enÃ© prsty|zkÅ™Ã­Å¾it
ğŸ¤Ÿ|gesto miluji tÄ›|lÃ¡ska|miluju|ruka
ğŸ¤˜|gesto parohÅ¯|parohÃ¡Ä|parohy|prst|rock|rohy|ruka|tÄ›lo
ğŸ¤™|gesto zavolej mi|ruka|zatelefonovat|zavolat|zavolej
ğŸ‘ˆ|hÅ™bet ruky|prst|ruka s prstem ukazujÃ­cÃ­m vlevo|tÄ›lo|ukazovÃ¡Äek|ukazovat
ğŸ‘‰|hÅ™bet ruky|prst|ruka s prstem ukazujÃ­cÃ­m vpravo|tÄ›lo|ukazovÃ¡Äek|ukazovat
ğŸ‘†|hÅ™bet ruky|nahoru|prst|ruka s prstem ukazujÃ­cÃ­m nahoru|tÄ›lo|ukazovÃ¡Äek|ukazovat
ğŸ–•|prostÅ™ednÃ­Äek|prst|ruka|tÄ›lo
ğŸ‘‡|dolÅ¯|hÅ™bet ruky|prst|ruka s prstem ukazujÃ­cÃ­m dolÅ¯|tÄ›lo|ukazovÃ¡Äek|ukazovat
â˜ï¸|nahoru|prst|ruka ukazujÃ­cÃ­ nahoru|tÄ›lo|ukazovÃ¡Äek|ukazovat
ğŸ‘|+1|nahoru|palec|ruka|tÄ›lo
ğŸ‘|-1|dolÅ¯|palec|ruka|tÄ›lo
âœŠ|pÄ›st|ruka|tÄ›lo|Ãºder|zaÅ¥atÃ¡|zvednutÃ¡ pÄ›st
ğŸ‘Š|namÃ­Å™enÃ¡ pÄ›st|pÄ›st|ruka|tÄ›lo|Ãºder|zaÅ¥atÃ¡
ğŸ¤›|doleva|pÄ›st mÃ­Å™Ã­cÃ­ doleva
ğŸ¤œ|doprava|pÄ›st mÃ­Å™Ã­cÃ­ doprava
ğŸ‘|ruka|tÄ›lo|tleskajÃ­cÃ­ ruce|tleskat
ğŸ™Œ|gesto|hurÃ¡|oslava|ruka|tÄ›lo|zdviÅ¾enÃ¡|zvednutÃ¡|zvednutÃ© ruce
ğŸ‘|otevÅ™enÃ½|rozevÅ™enÃ© dlanÄ›|ruka|tÄ›lo
ğŸ¤²|prosba|zdviÅ¾enÃ© dlanÄ› vedle sebe
ğŸ¤|podÃ¡nÃ­|potÅ™Ã¡st|potÅ™esenÃ­|ruka|rukou|ruky|seznÃ¡menÃ­|souhlas|stisk
ğŸ™|dÃ­ky|gesto|modlitba|otÃ¡zka|prosÃ­m|ruka|sepjatÃ© ruce|tÄ›lo|Ãºklona
âœï¸|pÃ­Å¡Ã­cÃ­ ruka|psÃ¡t|ruka|tÄ›lo
ğŸ’…|kosmetika|lak na nehty|manikÃºra|nehet|pÃ©Äe|tÄ›lo
ğŸ¤³|fotoaparÃ¡t|selfÃ­Äko|selfie|telefon
ğŸ’ª|biceps|obrÃ¡zek|sÃ­la|svaly|tÄ›lo|zatnutÃ½ biceps
ğŸ¦¾|handicap|hendikep|invalidnÃ­|mechanickÃ¡ paÅ¾e|pomÅ¯cka|postiÅ¾enÃ­|protÃ©za|usnadnÄ›nÃ­
ğŸ¦¿|handicap|hendikep|invalidnÃ­|mechanickÃ¡ noha|pomÅ¯cka|postiÅ¾enÃ­|protÃ©za|usnadnÄ›nÃ­
ğŸ¦µ|konÄetina|kopanec|kopnutÃ­|noha
ğŸ¦¶|chodidlo|kopanec|kopnutÃ­|noha|Å¡lapka|Å¡lÃ¡pnutÃ­
ğŸ‘‚|tÄ›lo|ucho
ğŸ¦»|handicap|hendikep|naslouchadlo|nedoslÃ½chavost|pomÅ¯cka|postiÅ¾enÃ­|ucho s naslouchÃ¡tkem|usnadnÄ›nÃ­
ğŸ‘ƒ|nos|tÄ›lo
ğŸ§ |inteligence|inteligentnÃ­|mozek
ğŸ«€|kardiologie|puls|pulz|srdce|srdeÄnÃ­ orgÃ¡n|tep|tlukot
ğŸ«|dech|dÃ½chÃ¡nÃ­|nÃ¡dech|orgÃ¡n|plÃ­ce|respirace|vÃ½dech
ğŸ¦·|dentista|zubaÅ™
ğŸ¦´|kostra
ğŸ‘€|obliÄej|oÄi|oko|tÄ›lo
ğŸ‘ï¸|oko|tÄ›lo
ğŸ‘…|jazyk|tÄ›lo
ğŸ‘„|pusa|rty|tÄ›lo|Ãºsta
ğŸ‘¶|batole|kojenec|malÃ© dÃ­tÄ›|nemluvnÄ›
ğŸ§’|dÃ­tÄ›|malÃ©|neutrÃ¡lnÃ­
ğŸ‘¦|chlapec|hoch|kluk
ğŸ‘§|dÄ›vÄe|dÃ­vka|holka|panna|zvÄ›rokruh
ğŸ§‘|ÄlovÄ›k|dospÄ›lÃ¡k|dospÄ›lÃ½ ÄlovÄ›k|neutrÃ¡lnÃ­|osoba
ğŸ‘±|blond|ÄlovÄ›k s blond vlasy|svÄ›tlÃ© vlasy
ğŸ‘¨|muÅ¾
ğŸ§”|osoba s plnovousem|plnovous|vousÃ¡Ä
ğŸ§”â€â™‚ï¸|muÅ¾ s plnovousem|plnovous|vousÃ¡Ä
ğŸ‘±â€â™‚ï¸|blond|blonÄÃ¡k|muÅ¾|plavovlasÃ½|svÄ›tlovlasÃ½
ğŸ‘©|Å¾ena
ğŸ§”â€â™€ï¸|plnovous|vousatÃ¡ Å¾ena|Å¾ena s plnovousem
ğŸ‘±â€â™€ï¸|blondÃ½na|blondÃ½nka|plavovlÃ¡ska|svÄ›tlovlÃ¡ska|Å¾ena
ğŸ§“|ÄlovÄ›k|neutrÃ¡lnÃ­|osoba|starÃ¡|starÅ¡Ã­ dospÄ›lÃ½ ÄlovÄ›k|starÃ½
ğŸ‘´|muÅ¾|pÃ¡n|senior|staÅ™ec|starÃ½
ğŸ‘µ|panÃ­|seniorka|starÃ¡|staÅ™ena|starÃ½|Å¾ena
ğŸ™|vÃ½raz|zamraÄenÃ¡ osoba|zamraÄenÃ­
ğŸ™â€â™‚ï¸|muÅ¾|vÃ½raz|zamraÄenÃ½
ğŸ™â€â™€ï¸|vÃ½raz|zamraÄenÃ¡ Å¾ena|zamraÄenÃ½|Å¾ena
ğŸ™|podrÃ¡Å¾dÄ›nÃ¡ osoba|podrÃ¡Å¾dÄ›nÃ­|vÃ½raz
ğŸ™â€â™‚ï¸|muÅ¾|podrÃ¡Å¾dÄ›nÃ½|vÃ½raz
ğŸ™â€â™€ï¸|podrÃ¡Å¾dÄ›nÃ¡ Å¾ena|podrÃ¡Å¾dÄ›nÃ½|vÃ½raz|Å¾ena
ğŸ™…|gesto nesouhlasu|ne|ruka|zÃ¡kaz|zakÃ¡zÃ¡no
ğŸ™…â€â™‚ï¸|muÅ¾ s gestem nesouhlasu|nesouhlas|zÃ¡kaz
ğŸ™…â€â™€ï¸|nesouhlas|zÃ¡kaz|Å¾ena s gestem nesouhlasu
ğŸ™†|gesto souhlasu|ok|ruka
ğŸ™†â€â™‚ï¸|ano|muÅ¾ s gestem souhlasu|ok|souhlas
ğŸ™†â€â™€ï¸|ano|ok|souhlas|Å¾ena s gestem souhlasu
ğŸ’|concierge|drzost|informace|ironie|osoba s dlanÃ­ vzhÅ¯ru|pomoc|poslÃ­Äek|recepce|recepÄnÃ­|ruka|sarkasmus
ğŸ’â€â™‚ï¸|concierge|drzost|informace|ironie|muÅ¾ s dlanÃ­ vzhÅ¯ru|pomoc|poslÃ­Äek|recepce|recepÄnÃ­|ruka|sarkasmus
ğŸ’â€â™€ï¸|concierge|drzost|informace|ironie|pomoc|poslÃ­Äek|recepce|recepÄnÃ­|ruka|sarkasmus|Å¾ena s dlanÃ­ vzhÅ¯ru
ğŸ™‹|gesto|osoba se zvednutou rukou|ruka|Å¡Å¥astnÃ½|zvednutÃ¡
ğŸ™‹â€â™‚ï¸|muÅ¾ se zvednutou rukou|pÅ™ihlÃ¡Å¡enÃ­|ruka|zvednutÃ­
ğŸ™‹â€â™€ï¸|pÅ™ihlÃ¡Å¡enÃ­|ruka|Å¾ena se zvednutou rukou|zvednutÃ­
ğŸ§|handicap|hendikep|hluchÃ¡ osoba|hluchota|nedoslÃ½chavost|pomÅ¯cka|postiÅ¾enÃ­|sluch|ucho|usnadnÄ›nÃ­
ğŸ§â€â™‚ï¸|hluchota|hluchÃ½|muÅ¾|nedoslÃ½chavost|nedoslÃ½chavÃ½
ğŸ§â€â™€ï¸|hluchÃ¡|hluchota|nedoslÃ½chavÃ¡|nedoslÃ½chavost|Å¾ena
ğŸ™‡|gesto|lÃ­tost|omluva|poklona|prosba|Ãºcta|uklÃ¡nÄ›jÃ­cÃ­ se osoba|Ãºklona
ğŸ™‡â€â™‚ï¸|gesto|lÃ­tost|muÅ¾|omluva|poklona|prosba|Ãºcta|uklÃ¡nÄ›jÃ­cÃ­ se muÅ¾|Ãºklona
ğŸ™‡â€â™€ï¸|gesto|lÃ­tost|omluva|poklona|prosba|Ãºcta|uklÃ¡nÄ›jÃ­cÃ­ se Å¾ena|Ãºklona|Å¾ena
ğŸ¤¦|Äelo|chycenÃ­|dlaÅˆ|facepalm|hlava|nevÃ­ra|osoba chytajÃ­cÃ­ se za hlavu|rozhoÅ™ÄenÃ­|smajlÃ­k|tvÃ¡Å™|vÃ½raz|zoufalstvÃ­
ğŸ¤¦â€â™‚ï¸|Äelo|chycenÃ­|dlaÅˆ|facepalm|hlava|muÅ¾ chytajÃ­cÃ­ se za hlavu|nevÃ­ra|rozhoÅ™ÄenÃ­|smajlÃ­k|tvÃ¡Å™|vÃ½raz|zoufalstvÃ­
ğŸ¤¦â€â™€ï¸|Äelo|chycenÃ­|dlaÅˆ|facepalm|hlava|nevÃ­ra|rozhoÅ™ÄenÃ­|smajlÃ­k|tvÃ¡Å™|vÃ½raz|Å¾ena chytajÃ­cÃ­ se za hlavu|zoufalstvÃ­
ğŸ¤·|nejistota|nerozhodnost|nevÄ›domost|nevÃ­m|nezÃ¡jem|osoba krÄÃ­cÃ­ rameny|pochybnost|pochyby|pokrÄenÃ­|pokrÄit|ramena
ğŸ¤·â€â™‚ï¸|muÅ¾ krÄÃ­cÃ­ rameny|nejistota|nerozhodnost|nevÄ›domost|nevÃ­m|nezÃ¡jem|pochybnost|pochyby|pokrÄenÃ­|pokrÄit|ramena
ğŸ¤·â€â™€ï¸|nejistota|nerozhodnost|nevÄ›domost|nevÃ­m|nezÃ¡jem|pochybnost|pochyby|pokrÄenÃ­|pokrÄit|ramena|Å¾ena krÄÃ­cÃ­ rameny
ğŸ§‘â€âš•ï¸|doktorka|nemocnice|sestÅ™iÄka|terapeutka|zdravotnice|zdravotnÃ­k/zdravotnice
ğŸ‘¨â€âš•ï¸|doktor|nemocnice|terapeut|zdravotnÃ­k
ğŸ‘©â€âš•ï¸|doktorka|nemocnice|sestÅ™iÄka|terapeutka|zdravotnice
ğŸ§‘â€ğŸ“|absolventka|studentka|studujÃ­cÃ­
ğŸ‘¨â€ğŸ“|absolvent|muÅ¾|student
ğŸ‘©â€ğŸ“|absolventka|studentka|Å¾ena
ğŸ§‘â€ğŸ«|instruktorka|profesorka|uÄitelka|vyuÄujÃ­cÃ­
ğŸ‘¨â€ğŸ«|instruktor|muÅ¾|profesor|uÄitel
ğŸ‘©â€ğŸ«|instruktorka|profesorka|uÄitelka|Å¾ena
ğŸ§‘â€âš–ï¸|prÃ¡vo|soudce/soudkynÄ›|soudkynÄ›|spravedlnost|vÃ¡hy
ğŸ‘¨â€âš–ï¸|muÅ¾|prÃ¡vo|soudce|spravedlnost|vÃ¡hy
ğŸ‘©â€âš–ï¸|prÃ¡vo|soudkynÄ›|spravedlnost|vÃ¡hy|Å¾ena
ğŸ§‘â€ğŸŒ¾|farmÃ¡Å™/farmÃ¡Å™ka|farmÃ¡Å™ka|sedlÃ¡k|selka|zahradnice|zahradnÃ­k|zemÄ›dÄ›lec|zemÄ›dÄ›lkynÄ›
ğŸ‘¨â€ğŸŒ¾|farmÃ¡Å™|muÅ¾|sedlÃ¡k|zahradnÃ­k|zemÄ›dÄ›lec
ğŸ‘©â€ğŸŒ¾|farmÃ¡Å™ka|selka|zahradnice|zemÄ›dÄ›lkynÄ›|Å¾ena
ğŸ§‘â€ğŸ³|kuchaÅ™/kuchaÅ™ka|kuchaÅ™ka|Å¡Ã©fkuchaÅ™ka
ğŸ‘¨â€ğŸ³|kuchaÅ™|muÅ¾|Å¡Ã©fkuchaÅ™
ğŸ‘©â€ğŸ³|kuchaÅ™ka|Å¡Ã©fkuchaÅ™ka|Å¾ena
ğŸ§‘â€ğŸ”§|elektrikÃ¡Å™ka|mechaniÄka|mechanik/mechaniÄka|montÃ©rka|opravÃ¡Å™ka|Å™emeslnice|Å™emeslnÃ­k|Å¾ivnostnice|Å¾ivnostnÃ­k
ğŸ‘¨â€ğŸ”§|elektrikÃ¡Å™|mechanik|montÃ©r|muÅ¾|opravÃ¡Å™|Å™emeslnÃ­k|Å¾ivnostnÃ­k
ğŸ‘©â€ğŸ”§|elektrikÃ¡Å™ka|mechaniÄka|montÃ©rka|opravÃ¡Å™ka|Å™emeslnice|Å¾ena|Å¾ivnostnice
ğŸ§‘â€ğŸ­|dÄ›lnice|dÄ›lnÃ­k|osoba pracujÃ­cÃ­ v tovÃ¡rnÄ›|prÅ¯mysl|tovÃ¡rna|vÃ½roba
ğŸ‘¨â€ğŸ­|dÄ›lnÃ­k v tovÃ¡rnÄ›|muÅ¾|prÅ¯mysl|vÃ½roba
ğŸ‘©â€ğŸ­|dÄ›lnice v tovÃ¡rnÄ›|prÅ¯mysl|vÃ½roba|Å¾ena
ğŸ§‘â€ğŸ’¼|architektka|bÃ­lÃ½ lÃ­meÄek|byznys|kancelÃ¡Å™|manaÅ¾er/manaÅ¾erka|manaÅ¾erka|ÃºÅ™ednice|ÃºÅ™ednÃ­k
ğŸ‘¨â€ğŸ’¼|bÃ­lÃ½ lÃ­meÄek|byznys|kancelÃ¡Å™|manaÅ¾er|muÅ¾|ÃºÅ™ednÃ­k
ğŸ‘©â€ğŸ’¼|bÃ­lÃ½ lÃ­meÄek|byznys|kancelÃ¡Å™|manaÅ¾erka|ÃºÅ™ednice|Å¾ena
ğŸ§‘â€ğŸ”¬|biolog|bioloÅ¾ka|chemiÄka|chemik|fyziÄka|fyzik|inÅ¾enÃ½rka|matematiÄka|matematik|vÄ›dec/vÄ›dkynÄ›|vÄ›dkynÄ›
ğŸ‘¨â€ğŸ”¬|biolog|chemik|fyzik|inÅ¾enÃ½r|matematik|muÅ¾|vÄ›da|vÄ›dec
ğŸ‘©â€ğŸ”¬|bioloÅ¾ka|chemiÄka|fyziÄka|inÅ¾enÃ½rka|matematiÄka|vÄ›da|vÄ›dkynÄ›|Å¾ena
ğŸ§‘â€ğŸ’»|kodÃ©rka|programÃ¡tor/programÃ¡torka|software|technologie|vynÃ¡lezce|vynÃ¡lezkynÄ›|vÃ½vojÃ¡Å™ka
ğŸ‘¨â€ğŸ’»|kodÃ©r|muÅ¾|notebook|poÄÃ­taÄ|programÃ¡tor|programovÃ¡nÃ­|software|technologie|vynÃ¡lezce|vÃ½vojÃ¡Å™
ğŸ‘©â€ğŸ’»|kodÃ©rka|notebook|poÄÃ­taÄ|programÃ¡torka|programovÃ¡nÃ­|software|technologie|vynÃ¡lezkynÄ›|vÃ½vojÃ¡Å™ka|Å¾ena
ğŸ§‘â€ğŸ¤|baviÄka|herec|hereÄka|hvÄ›zda|rockerka|zpÄ›vaÄka|zpÄ›vÃ¡k/zpÄ›vaÄka
ğŸ‘¨â€ğŸ¤|baviÄ|herec|hvÄ›zda|muÅ¾|rocker|zÃ¡bava|zpÄ›vÃ¡k
ğŸ‘©â€ğŸ¤|baviÄka|hereÄka|hvÄ›zda|rockerka|zÃ¡bava|Å¾ena|zpÄ›vaÄka
ğŸ§‘â€ğŸ¨|malÃ­Å™/malÃ­Å™ka|malÃ­Å™ka|paleta|umÄ›lec|umÄ›lkynÄ›|umÄ›nÃ­
ğŸ‘¨â€ğŸ¨|malÃ­Å™|muÅ¾|paleta|umÄ›lec|umÄ›nÃ­
ğŸ‘©â€ğŸ¨|malÃ­Å™ka|paleta|umÄ›lkynÄ›|umÄ›nÃ­|Å¾ena
ğŸ§‘â€âœˆï¸|letadlo|pilot/pilotka|pilotka
ğŸ‘¨â€âœˆï¸|letadlo|muÅ¾|pilot
ğŸ‘©â€âœˆï¸|letadlo|pilotka|Å¾ena
ğŸ§‘â€ğŸš€|astronautka|kosmonaut/kosmonautka|kosmonautka|raketa|vesmÃ­Ã­r
ğŸ‘¨â€ğŸš€|astronaut|kosmonaut|muÅ¾|raketa|vesmÃ­r
ğŸ‘©â€ğŸš€|astronautka|kosmonautka|raketa|vesmÃ­r|Å¾ena
ğŸ§‘â€ğŸš’|hasiÄ/hasiÄka|hasiÄka|hasiÄskÃ© auto|poÅ¾Ã¡rnice|poÅ¾Ã¡rnÃ­k|stÅ™Ã­kaÄka
ğŸ‘¨â€ğŸš’|hasiÄskÃ© auto|muÅ¾|poÅ¾Ã¡rnÃ­k|stÅ™Ã­kaÄka
ğŸ‘©â€ğŸš’|hasiÄka|hasiÄskÃ© auto|poÅ¾Ã¡rnice|stÅ™Ã­kaÄka|Å¾ena
ğŸ‘®|policajt|policie|policista|strÃ¡Å¾nÃ­k
ğŸ‘®â€â™‚ï¸|muÅ¾|policajt|policie|policista|strÃ¡Å¾nÃ­k
ğŸ‘®â€â™€ï¸|policajtka|policie|policistka|strÃ¡Å¾nice|Å¾ena
ğŸ•µ|agent|Ämuchal|detektiv|inspektor|oÄko|Å¡peh|Å¡piÃ³n|vyÅ¡etÅ™ovatel
ğŸ•µï¸â€â™‚ï¸|agent|Ämuchal|detektiv|inspektor|kriminÃ¡lnÃ­ inspektor|muÅ¾|oÄko|Å¡peh|Å¡piÃ³n|vyÅ¡etÅ™ovatel
ğŸ•µï¸â€â™€ï¸|agentka|Ämuchalka|detektivka|inspektorka|kriminÃ¡lnÃ­ inspektorka|oÄko|Å¡pehynÄ›|Å¡piÃ³nka|vyÅ¡etÅ™ovatelka|Å¾ena
ğŸ’‚|gardista|strÃ¡Å¾
ğŸ’‚â€â™‚ï¸|muÅ¾|strÃ¡Å¾ce
ğŸ’‚â€â™€ï¸|strÃ¡Å¾kynÄ›|Å¾ena
ğŸ¥·|bojovnÃ­k|nenÃ¡padnÃ½|nindÅ¾a|Å¡pion|tajnÃ½
ğŸ‘·|dÄ›lnÃ­k na stavbÄ›|helma|stavba
ğŸ‘·â€â™‚ï¸|dÄ›lnÃ­k|muÅ¾|stavaÅ™|stavba|stavebnÃ­ dÄ›lnÃ­k
ğŸ‘·â€â™€ï¸|dÄ›lnice|stavaÅ™ka|stavba|stavebnÃ­ dÄ›lnice|Å¾ena
ğŸ¤´|fantasy|pohÃ¡dka|princ
ğŸ‘¸|fantasy|pohÃ¡dka|princezna
ğŸ‘³|ÄlovÄ›k s turbanem|turban
ğŸ‘³â€â™‚ï¸|muÅ¾ s turbanem|turban
ğŸ‘³â€â™€ï¸|turban|Å¾ena s turbanem
ğŸ‘²|Äepice|gua pi mao|kua pchi mao|muÅ¾ s ÄÃ­nskou ÄepicÃ­
ğŸ§•|hidÅ¾Ã¡b|Å¡Ã¡tek|zÃ¡voj|Å¾ena v Å¡Ã¡tku
ğŸ¤µ|osoba ve smokingu|smoking|Å¾enich
ğŸ¤µâ€â™‚ï¸|muÅ¾ ve smokingu|smoking|Å¾enich
ğŸ¤µâ€â™€ï¸|smoking|Å¾ena ve smokingu
ğŸ‘°|nevÄ›sta|osoba se zÃ¡vojem|svatba|zÃ¡voj
ğŸ‘°â€â™‚ï¸|muÅ¾ se zÃ¡vojem|svatba|zÃ¡voj|Å¾enich
ğŸ‘°â€â™€ï¸|nevÄ›sta|svatba|zÃ¡voj|Å¾ena se zÃ¡vojem
ğŸ¤°|tÄ›hotenstvÃ­|tÄ›hotnÃ¡|Å¾ena
ğŸ¤±|dÃ­tÄ›|kojenec|kojenÃ­|kojit|krmenÃ­|prsa|prso
ğŸ‘©â€ğŸ¼|dÃ­tÄ›|kojenec|kojenÃ­|krmenÃ­|nemluvnÄ›|Å¾ena krmÃ­cÃ­ dÃ­tÄ› z lahve
ğŸ‘¨â€ğŸ¼|dÃ­tÄ›|kojenec|kojenÃ­|krmenÃ­|muÅ¾ krmÃ­cÃ­ dÃ­tÄ› z lahve|nemluvnÄ›
ğŸ§‘â€ğŸ¼|dÃ­tÄ›|kojenec|kojenÃ­|krmenÃ­|nemluvnÄ›|osoba krmÃ­cÃ­ dÃ­tÄ› z lahve
ğŸ‘¼|andÄ›l|andÃ­lek|dÃ­tÄ›|fantasy|pohÃ¡dka|smajlÃ­k|tvÃ¡Å™|vÃ½raz
ğŸ…|fantasy|oslava|otec|pohÃ¡dka|santa claus|vÃ¡noce
ğŸ¤¶|fantasy|matka|oslava|pohÃ¡dka|santa clausovÃ¡|vÃ¡noce
ğŸ§‘â€ğŸ„|fantasy|oslava|pohÃ¡dka|santa claus|vÃ¡noce
ğŸ¦¸|hrdina|hrdinka|kladnÃ¡ postava|superhrdina|superhrdinka|superhrdinskÃ¡ postava|superschopnost
ğŸ¦¸â€â™‚ï¸|hrdina|kladnÃ¡ postava|muÅ¾|superhrdina|superschopnost
ğŸ¦¸â€â™€ï¸|hrdinka|kladnÃ¡ postava|superhrdina|superhrdinka|superschopnost|Å¾ena
ğŸ¦¹|superpadouch|superschopnost|superzloÄinec|superzloduch|zÃ¡pornÃ¡ postava|zloÄinec
ğŸ¦¹â€â™‚ï¸|muÅ¾|padouch|superpadouch|superschopnost|superzloÄinec|zÃ¡pornÃ¡ postava
ğŸ¦¹â€â™€ï¸|padouÅ¡ka|superpadouÅ¡ka|superschopnost|superzloduÅ¡ka|zÃ¡pornÃ¡ postava|Å¾ena
ğŸ§™|ÄarodÄ›jnÃ­k|kouzelnÃ­k|mÃ¡g
ğŸ§™â€â™‚ï¸|ÄarodÄ›jnÃ­k|kouzelnÃ­k|mÃ¡g
ğŸ§™â€â™€ï¸|ÄarodÄ›jka|ÄarodÄ›jnice|kouzelnice|mÃ¡gynÄ›|vÄ›dma
ğŸ§š|duch|oberon|puk|skÅ™Ã­tek|titÃ¡nie|vÃ­la
ğŸ§šâ€â™‚ï¸|oberon|okÅ™Ã­dlenÃ½ skÅ™Ã­tek|puk|vÃ­lÃ¡k
ğŸ§šâ€â™€ï¸|divoÅ¾enka|elfka|okÅ™Ã­dlenÃ¡ vÃ­la|rusalka|titÃ¡nie
ğŸ§›|drÃ¡kula|nemrtvÃ½|obliÄej upÃ­ra|vampÃ½r
ğŸ§›â€â™‚ï¸|drÃ¡kula|nemrtvÃ½|upÃ­r|vampÃ½r
ğŸ§›â€â™€ï¸|nemrtvÃ¡|upÃ­rka|vampÃ½rka
ğŸ§œ|moÅ™e|moÅ™skÃ¡ bytost|moÅ™skÃ½|muÅ¾|nymfa|panic|panna|postava
ğŸ§œâ€â™‚ï¸|moÅ™skÃ½ muÅ¾|nymfa|panic|poseidÃ³n|tritÃ³n
ğŸ§œâ€â™€ï¸|moÅ™skÃ¡ panna|nymfa|vÃ­la|Å¾ena
ğŸ§|elf|kouzelnÃ¡|les|magie|obliÄej elfa|postava
ğŸ§â€â™‚ï¸|elf|kouzelnÃ¡|lesnÃ­|magie|muÅ¾|postava
ğŸ§â€â™€ï¸|divoÅ¾enka|elfka|kouzelnÃ¡|les|magie|postava
ğŸ§|aladin|duch z lahve|dÅ¾in|lahev|lampa
ğŸ§â€â™‚ï¸|aladin|duch|dÅ¾in|lahev|lampa|muÅ¾
ğŸ§â€â™€ï¸|aladin|duch|dÅ¾inka|lahev|lampa|Å¾ena
ğŸ§Ÿ|chodÃ­cÃ­|ghÃºl|mrtvÃ¡|mrtvola|mrtvÃ½|nemrtvÃ¡|nemrtvÃ½|zombie
ğŸ§Ÿâ€â™‚ï¸|chodÃ­cÃ­|ghÃºl|mrtvola|mrtvÃ½|nemrtvÃ½ muÅ¾|zombie|zombÃ­k
ğŸ§Ÿâ€â™€ï¸|chodÃ­cÃ­|ghÃºl|mrtvÃ¡|mrtvola|nemrtvÃ¡ Å¾ena|zombice|zombie
ğŸ’†|masÃ¡Å¾|obliÄej|osoba na masÃ¡Å¾i obliÄeje|salon|tvÃ¡Å™
ğŸ’†â€â™‚ï¸|masÃ¡Å¾|muÅ¾ na masÃ¡Å¾i obliÄeje|obliÄej|tvÃ¡Å™
ğŸ’†â€â™€ï¸|masÃ¡Å¾|obliÄej|tvÃ¡Å™|Å¾ena na masÃ¡Å¾i obliÄeje
ğŸ’‡|holiÄ|kadeÅ™nÃ­k|krÃ¡sa|osoba u kadeÅ™nÃ­ka|salon|sestÅ™ih|stÅ™Ã­hÃ¡nÃ­|ÃºÄes|vlasy
ğŸ’‡â€â™‚ï¸|holiÄ|kadeÅ™nÃ­k|krÃ¡sa|muÅ¾ u kadeÅ™nÃ­ka|salon|sestÅ™ih|stÅ™Ã­hÃ¡nÃ­|ÃºÄes|vlasy
ğŸ’‡â€â™€ï¸|holiÄ|kadeÅ™nÃ­k|krÃ¡sa|salon|sestÅ™ih|stÅ™Ã­hÃ¡nÃ­|ÃºÄes|vlasy|Å¾ena u kadeÅ™nÃ­ka
ğŸš¶|chodec|chÅ¯ze|krÃ¡ÄejÃ­cÃ­ osoba|pÄ›Å¡Ã­|pÄ›Å¡ky|prochÃ¡zka|tÃºra
ğŸš¶â€â™‚ï¸|chodec|chÅ¯ze|krÃ¡ÄejÃ­cÃ­ muÅ¾|muÅ¾|pÄ›Å¡Ã­|pÄ›Å¡ky|prochÃ¡zka|tÃºra
ğŸš¶â€â™€ï¸|chodec|chÅ¯ze|krÃ¡ÄejÃ­cÃ­ Å¾ena|pÄ›Å¡Ã­|pÄ›Å¡ky|prochÃ¡zka|tÃºra|Å¾ena
ğŸ§|postoj|stojÃ­cÃ­ osoba
ğŸ§â€â™‚ï¸|muÅ¾|postoj|stojÃ­cÃ­
ğŸ§â€â™€ï¸|postoj|stojÃ­cÃ­|Å¾ena
ğŸ§|kleÄet|kleÄÃ­cÃ­ osoba|klek|poklek
ğŸ§â€â™‚ï¸|kleÄet|kleÄÃ­cÃ­|klek|muÅ¾|poklek
ğŸ§â€â™€ï¸|kleÄet|kleÄÃ­cÃ­|klek|poklek|Å¾ena
ğŸ§‘â€ğŸ¦¯|ÄlovÄ›k se slepeckou holÃ­|handicap|hendikep|pomÅ¯cka|postiÅ¾enÃ­|slepÃ½|usnadnÄ›nÃ­
ğŸ‘¨â€ğŸ¦¯|handicap|hendikep|muÅ¾ se slepeckou holÃ­|pomÅ¯cka|postiÅ¾enÃ­|slepÃ½|usnadnÄ›nÃ­
ğŸ‘©â€ğŸ¦¯|handicap|hendikep|pomÅ¯cka|postiÅ¾enÃ­|slepÃ¡|usnadnÄ›nÃ­|Å¾ena se slepeckou holÃ­
ğŸ§‘â€ğŸ¦¼|ÄlovÄ›k na elektrickÃ©m invalidnÃ­m vozÃ­ku|handicap|hendikep|invalidnÃ­|pomÅ¯cka|postiÅ¾enÃ­|usnadnÄ›nÃ­|vozÃ­k
ğŸ‘¨â€ğŸ¦¼|handicap|hendikep|invalidnÃ­|muÅ¾ na elektrickÃ©m invalidnÃ­m vozÃ­ku|pomÅ¯cka|postiÅ¾enÃ­|usnadnÄ›nÃ­|vozÃ­k
ğŸ‘©â€ğŸ¦¼|handicap|hendikep|invalidnÃ­|pomÅ¯cka|postiÅ¾enÃ­|usnadnÄ›nÃ­|vozÃ­k|Å¾ena na elektrickÃ©m invalidnÃ­m vozÃ­ku
ğŸ§‘â€ğŸ¦½|ÄlovÄ›k na mechanickÃ©m invalidnÃ­m vozÃ­ku|handicap|hendikep|invalidnÃ­|pomÅ¯cka|postiÅ¾enÃ­|usnadnÄ›nÃ­|vozÃ­k
ğŸ‘¨â€ğŸ¦½|handicap|hendikep|invalidnÃ­|muÅ¾ na mechanickÃ©m invalidnÃ­m vozÃ­ku|pomÅ¯cka|postiÅ¾enÃ­|usnadnÄ›nÃ­|vozÃ­k
ğŸ‘©â€ğŸ¦½|handicap|hendikep|invalidnÃ­|pomÅ¯cka|postiÅ¾enÃ­|usnadnÄ›nÃ­|vozÃ­k|Å¾ena na mechanickÃ©m invalidnÃ­m vozÃ­ku
ğŸƒ|bÄ›h|bÄ›Å¾Ã­cÃ­ osoba|maraton
ğŸƒâ€â™‚ï¸|bÄ›h|bÄ›Å¾Ã­cÃ­ muÅ¾|maraton|muÅ¾|zÃ¡vod
ğŸƒâ€â™€ï¸|bÄ›h|bÄ›Å¾Ã­cÃ­ Å¾ena|maraton|zÃ¡vod|Å¾ena
ğŸ’ƒ|tanec|taneÄnice|Å¾ena
ğŸ•º|muÅ¾|tanec|taneÄnÃ­k
ğŸ•´ï¸|byznys|levitujÃ­cÃ­ byznysmen|muÅ¾|oblek
ğŸ‘¯|osoby se zajeÄÃ­mi ouÅ¡ky|pÃ¡rty|tanec|taneÄnice|taneÄnÃ­k|uÅ¡i|zajÃ­Äek
ğŸ‘¯â€â™‚ï¸|muÅ¾i se zajeÄÃ­mi ouÅ¡ky|pÃ¡rty|tanec|taneÄnÃ­k|uÅ¡i|zajÃ­Äek
ğŸ‘¯â€â™€ï¸|pÃ¡rty|tanec|taneÄnice|uÅ¡i|zajÃ­Äek|Å¾eny se zajeÄÃ­mi ouÅ¡ky
ğŸ§–|lÃ¡zeÅˆ|lÃ¡znÄ›|osoba v saunÄ›|pÃ¡ra|parnÃ­|sauna
ğŸ§–â€â™‚ï¸|lÃ¡zeÅˆ|lÃ¡znÄ›|muÅ¾ v saunÄ›|pÃ¡ra|parnÃ­|sauna
ğŸ§–â€â™€ï¸|lÃ¡zeÅˆ|lÃ¡znÄ›|pÃ¡ra|parnÃ­|sauna|Å¾ena v saunÄ›
ğŸ§—|horolezec|lezec|stÄ›na
ğŸ§—â€â™‚ï¸|horolezec|lezec|stÄ›na
ğŸ§—â€â™€ï¸|horolezkynÄ›|lezkynÄ›|stÄ›na
ğŸ¤º|ÄlovÄ›k|kord|meÄ|Å¡ermÃ­Å™|sport
ğŸ‡|dostihovÃ½ kÅ¯Åˆ|dostihy|kÅ¯Åˆ|zÃ¡vod|Å¾okej na koni
â›·ï¸|lyÅ¾aÅ™|lyÅ¾e|snÃ­h
ğŸ‚|lyÅ¾e|snÃ­h|snowboardista
ğŸŒ|golf|mÃ­Äek|osoba hrajÃ­cÃ­ golf
ğŸŒï¸â€â™‚ï¸|golfista|muÅ¾
ğŸŒï¸â€â™€ï¸|golfistka|Å¾ena
ğŸ„|osoba na surfu|prkno|surfing|surfovÃ¡nÃ­
ğŸ„â€â™‚ï¸|muÅ¾|prkno|surfaÅ™|surfing|surfovÃ¡nÃ­
ğŸ„â€â™€ï¸|prkno|surfaÅ™ka|surfing|surfovÃ¡nÃ­|Å¾ena
ğŸš£|Älun|loÄka|plavidlo|pramice|veslice|veslovÃ¡nÃ­|veslujÃ­cÃ­ osoba
ğŸš£â€â™‚ï¸|Älun|loÄka|muÅ¾|plavidlo|pramice|veslaÅ™|veslice|veslovÃ¡nÃ­
ğŸš£â€â™€ï¸|Älun|loÄka|plavidlo|pramice|veslaÅ™ka|veslice|veslovÃ¡nÃ­|Å¾ena
ğŸŠ|plavajÃ­cÃ­ osoba|plavÃ¡nÃ­
ğŸŠâ€â™‚ï¸|muÅ¾|plavÃ¡nÃ­|plavec
ğŸŠâ€â™€ï¸|plavÃ¡nÃ­|plavkynÄ›|Å¾ena
â›¹|mÃ­Ä|osoba driblujÃ­cÃ­ s mÃ­Äem
â›¹ï¸â€â™‚ï¸|mÃ­Ä|muÅ¾ driblujÃ­cÃ­ s mÃ­Äem
â›¹ï¸â€â™€ï¸|mÃ­Ä|Å¾ena driblujÃ­cÃ­ s mÃ­Äem
ğŸ‹|Äinka|osoba vzpÃ­rajÃ­cÃ­ Äinku|silÃ¡k|tÃ­ha|vÃ¡ha|vzpÄ›raÄ|vzpÃ­rÃ¡nÃ­
ğŸ‹ï¸â€â™‚ï¸|Äinka|muÅ¾|silÃ¡k|tÃ­ha|vÃ¡ha|vzpÄ›raÄ|vzpÃ­rÃ¡nÃ­
ğŸ‹ï¸â€â™€ï¸|Äinka|silnÃ¡|tÃ­ha|vÃ¡ha|vzpÄ›raÄka|vzpÃ­rÃ¡nÃ­|Å¾ena
ğŸš´|cyklista|cyklistika|kolo|osoba na kole
ğŸš´â€â™‚ï¸|cyklista|cyklistika|kolo|muÅ¾
ğŸš´â€â™€ï¸|cyklistika|cyklistka|kolo|Å¾ena
ğŸšµ|cyklista|cyklistika|hora|kolo|osoba na horskÃ©m kole
ğŸšµâ€â™‚ï¸|cyklistika|hora|horskÃ½ cyklista|kolo|muÅ¾
ğŸšµâ€â™€ï¸|cyklistika|hora|horskÃ¡ cyklistka|kolo|Å¾ena
ğŸ¤¸|ÄlovÄ›k|gymnastika|hvÄ›zda|osoba dÄ›lajÃ­cÃ­ pÅ™emet stranou|sport
ğŸ¤¸â€â™‚ï¸|gymnastika|hvÄ›zda|muÅ¾ dÄ›lajÃ­cÃ­ pÅ™emet stranou|sport
ğŸ¤¸â€â™€ï¸|gymnastika|hvÄ›zda|sport|Å¾ena dÄ›lajÃ­cÃ­ pÅ™emet stranou
ğŸ¤¼|ÄlovÄ›k|sport|zÃ¡pasÃ­cÃ­ dvojice|zÃ¡pasnÃ­k
ğŸ¤¼â€â™‚ï¸|muÅ¾i|sport|zÃ¡pasÃ­cÃ­ muÅ¾i|zÃ¡pasnÃ­k
ğŸ¤¼â€â™€ï¸|sport|zÃ¡pasÃ­cÃ­ Å¾eny|zÃ¡pasnÃ­k|Å¾eny
ğŸ¤½|ÄlovÄ›k|osoba hrajÃ­cÃ­ vodnÃ­ pÃ³lo|pÃ³lo|sport|voda
ğŸ¤½â€â™‚ï¸|hrÃ¡Ä vodnÃ­ho pÃ³la|muÅ¾|pÃ³lo|sport|voda
ğŸ¤½â€â™€ï¸|hrÃ¡Äka vodnÃ­ho pÃ³la|pÃ³lo|sport|voda|Å¾ena
ğŸ¤¾|ÄlovÄ›k|hÃ¡zenÃ¡|mÃ­Ä|osoba hrajÃ­cÃ­ hÃ¡zenou|sport
ğŸ¤¾â€â™‚ï¸|hÃ¡zenÃ¡|hÃ¡zenkÃ¡Å™|mÃ­Ä|muÅ¾|sport
ğŸ¤¾â€â™€ï¸|hÃ¡zenÃ¡|hÃ¡zenkÃ¡Å™ka|mÃ­Ä|sport|Å¾ena
ğŸ¤¹|multitasking|rovnovÃ¡ha|Å¡ikovnost|Å¾onglovÃ¡nÃ­|Å¾onglujÃ­cÃ­ osoba
ğŸ¤¹â€â™‚ï¸|multitasking|muÅ¾|rovnovÃ¡ha|Å¡ikovnost|Å¾onglÃ©r|Å¾onglovÃ¡nÃ­
ğŸ¤¹â€â™€ï¸|multitasking|rovnovÃ¡ha|Å¡ikovnost|Å¾ena|Å¾onglÃ©rka|Å¾onglovÃ¡nÃ­
ğŸ§˜|jÃ³ga|lotosovÃ¡|meditace|osoba v lotosovÃ©m sedu|pozice
ğŸ§˜â€â™‚ï¸|jÃ³ga|lotosovÃ¡|meditace|muÅ¾ v lotosovÃ©m sedu|pozice
ğŸ§˜â€â™€ï¸|jÃ³ga|lotosovÃ¡|meditace|pozice|Å¾ena v lotosovÃ©m sedu
ğŸ›€|koupelna|osoba ve vanÄ›|vana
ğŸ›Œ|hotel|osoba v posteli|spÃ¡nek
ğŸ§‘â€ğŸ¤â€ğŸ§‘|ÄlovÄ›k|drÅ¾et|dva lidÃ© drÅ¾Ã­cÃ­ se za ruce|dvojice|osoba|pÃ¡r|ruka
ğŸ‘­|drÅ¾et|dvÄ› Å¾eny drÅ¾Ã­cÃ­ se za ruce|dvojice|pÃ¡r|ruka|Å¾ena
ğŸ‘«|drÅ¾et|dvojice|muÅ¾ a Å¾ena drÅ¾Ã­cÃ­ se za ruce|pÃ¡r|ruka|Å¾ena
ğŸ‘¬|blÃ­Å¾enci|drÅ¾et|dva muÅ¾i drÅ¾Ã­cÃ­ se za ruce|dvojÄata|dvojice|muÅ¾|pÃ¡r|ruka|zvÄ›rokruh
ğŸ’|dvojice|lÃ­bÃ¡nÃ­|pÃ¡r|polibek|romance|romantika
ğŸ’‘|dvojice|lÃ¡ska|pÃ¡r se srdcem|romance|romantika|srdce
ğŸ‘ª|dÃ­tÄ›|matka|otec|rodina
ğŸ—£ï¸|hlava|mluvÃ­cÃ­ hlava|mluvit|Å™eÄ|silueta|smajlÃ­k|tvÃ¡Å™|vÃ½raz
ğŸ‘¤|busta|bysta|silueta busty
ğŸ‘¥|busta|bysta|silueta dvojice bust
ğŸ«‚|dÃ­ky|nÃ¡ruÄ|objetÃ­|objÃ­majÃ­cÃ­ se lidÃ©|pozdrav|sbohem|vdÄ›Änost
ğŸ‘£|obleÄenÃ­|otisk|stopa|stopy|tÄ›lo
ğŸµ|hlava opice|opice|smajlÃ­k|tvÃ¡Å™|vÃ½raz
ğŸ’|opice
ğŸ¦|gorila|hlava|zvÃ­Å™e
ğŸ¦§|lidoop|orangutan
ğŸ¶|domÃ¡cÃ­|hlava psa|mazlÃ­Äek|pes|smajlÃ­k|tvÃ¡Å™|vÃ½raz
ğŸ•|domÃ¡cÃ­|mazlÃ­Äek|pes
ğŸ¦®|asistence|postiÅ¾enÃ­|prÅ¯vodce|slepeckÃ½ pes|vodicÃ­ pes|vÅ¯dce
ğŸ•â€ğŸ¦º|asistence|pes|pomoc|postiÅ¾enÃ­|sluÅ¾ba|sluÅ¾ebnÃ­ pes
ğŸ©|domÃ¡cÃ­|mazlÃ­Äek|pes|pudl
ğŸº|hlava vlka|smajlÃ­k|tvÃ¡Å™|vlk|vÃ½raz
ğŸ¦Š|hlava liÅ¡ky|liÅ¡ka|zvÃ­Å™e
ğŸ¦|medvÃ­dek|mÃ½val|zvÄ›davÃ½
ğŸ±|hlava koÄky|koÄka|mazlÃ­Äek|smajlÃ­k|tvÃ¡Å™|vÃ½raz
ğŸˆ|domÃ¡cÃ­|koÄka|mazlÃ­Äek
ğŸˆâ€â¬›|ÄernÃ¡|koÄka|neÅ¡tÄ›stÃ­|smÅ¯la
ğŸ¦|hlava lva|lev|smajlÃ­k|tvÃ¡Å™|vÃ½raz|zvÄ›rokruh
ğŸ¯|hlava tygra|smajlÃ­k|tvÃ¡Å™|tygr|vÃ½raz
ğŸ…|tygr
ğŸ†|leopard|levhart|panter|pardÃ¡l
ğŸ´|hlava konÄ›|kÅ¯Åˆ|smajlÃ­k|tvÃ¡Å™|vÃ½raz
ğŸ|dostihovÃ½ kÅ¯Åˆ|dostihy|jezdectvÃ­|jÃ­zda|kÅ¯Åˆ|zÃ¡vod
ğŸ¦„|hlava jednoroÅ¾ce|jednoroÅ¾ec|smajlÃ­k|tvÃ¡Å™|vÃ½raz
ğŸ¦“|kÅ¯Åˆ|pruhy|zebra
ğŸ¦Œ|jelen|kolouch|laÅˆ
ğŸ¦¬|bizon|buvol|stÃ¡do|zubr
ğŸ®|hlava krÃ¡vy|krÃ¡va|smajlÃ­k|tvÃ¡Å™|vÃ½raz
ğŸ‚|bÃ½k|vÅ¯l|zvÄ›rokruh
ğŸƒ|buvol domÃ¡cÃ­|voda|vodnÃ­ buvol
ğŸ„|krÃ¡va
ğŸ·|hlava prasete|prase|smajlÃ­k|tvÃ¡Å™|vÃ½raz
ğŸ–|prase|prasnice|svinÄ›
ğŸ—|divokÃ©|kanec|kÅˆour|prase
ğŸ½|praseÄÃ­ rypÃ¡k|rypÃ¡Äek|rypÃ¡k|smajlÃ­k|tvÃ¡Å™|vÃ½raz
ğŸ|beran|ovce|samec|zvÄ›rokruh
ğŸ‘|bahnice|ovce|oveÄka|samice
ğŸ|koza|kozoroh|zvÄ›rokruh
ğŸª|dromedÃ¡r|hrb|velbloud jednohrbÃ½
ğŸ«|drabaÅ™|hrb|velbloud dvouhrbÃ½
ğŸ¦™|alpaka|guanako|lama|vikuÅˆa|vlna
ğŸ¦’|fleky|skvrny|Å¾irafa
ğŸ˜|slon
ğŸ¦£|huÅˆatÃ½|kel|kly|mamut|velkÃ½|vyhynulÃ½
ğŸ¦|nosoroÅ¾ec
ğŸ¦›|hroch|tlustokoÅ¾ec
ğŸ­|hlava myÅ¡i|myÅ¡|smajlÃ­k|tvÃ¡Å™|vÃ½raz
ğŸ|myÅ¡
ğŸ€|krysa|potkan
ğŸ¹|domÃ¡cÃ­|hlava kÅ™eÄka|kÅ™eÄek|smajlÃ­k|tvÃ¡Å™|vÃ½raz
ğŸ°|domÃ¡cÃ­|hlava krÃ¡lÃ­ka|krÃ¡lÃ­k|mazlÃ­Äek|smajlÃ­k|tvÃ¡Å™|uÅ¡Ã¡k|vÃ½raz|zajÃ­c
ğŸ‡|domÃ¡cÃ­|krÃ¡lÃ­k|mazlÃ­Äek|uÅ¡Ã¡k|zajÃ­c
ğŸ¿ï¸|veverka
ğŸ¦«|bobr|hrÃ¡z
ğŸ¦”|bodliny|jeÅ¾ek|ostny
ğŸ¦‡|netopÃ½r|upÃ­r|vampÃ½r|zvÃ­Å™e
ğŸ»|hlava medvÄ›da|medvÄ›d|smajlÃ­k|tvÃ¡Å™|vÃ½raz
ğŸ»â€â„ï¸|arktida|bÃ­lÃ½|hlava lednÃ­ho medvÄ›da|lednÃ­|medvÄ›d
ğŸ¨|koala|medvÄ›d|medvÃ­dek
ğŸ¼|hlava pandy|panda|smajlÃ­k|tvÃ¡Å™|vÃ½raz
ğŸ¦¥|lenochod|lenost|lÃ­nÃ½|pomalÃ½
ğŸ¦¦|hravÃ©|lovec ryb|lovÃ­ ryby|rybaÅ™Ã­cÃ­|rybolov|vydra
ğŸ¦¨|pÃ¡chne|pÃ¡chnoucÃ­|skunk|smradlavÃ©|smrdÃ­
ğŸ¦˜|austrÃ¡lie|kapsa|klokan|skÃ¡kavÃ½|vaÄnatec
ğŸ¦¡|jezevec|medojed|nora
ğŸ¾|nohy|otisky tlap|stopa|tlapa
ğŸ¦ƒ|krocan|ptÃ¡k
ğŸ”|ptÃ¡k|slepice
ğŸ“|kohout|ptÃ¡k
ğŸ£|klubajÃ­cÃ­|klubÃ¡nÃ­|kuÅ™Ã¡tko|kuÅ™e|lÃ­hnoucÃ­ se kuÅ™e|lÃ­hnutÃ­|ptÃ¡k|vajÃ­Äko|vejce
ğŸ¤|kuÅ™Ã¡tko|kuÅ™e|ptÃ¡Äek|ptÃ¡k
ğŸ¥|kuÅ™Ã¡tko zepÅ™edu|kuÅ™e|ptÃ¡Äek|ptÃ¡k
ğŸ¦|ptÃ¡Äek|ptÃ¡k
ğŸ§|ptÃ¡k|tuÄÅˆÃ¡k
ğŸ•Šï¸|holubice|lÃ©tat|letÃ­cÃ­|mÃ­r|ptÃ¡k
ğŸ¦…|orel|ptÃ¡k
ğŸ¦†|kachna|kachniÄka|ptÃ¡k
ğŸ¦¢|bÃ­lÃ½|labuÅ¥|oÅ¡klivÃ© kÃ¡ÄÃ¡tko|ptÃ¡k|vzneÅ¡enÃ½
ğŸ¦‰|moudrost|ptÃ¡k|sova
ğŸ¦¤|blboun|dodo|dronte|mauricius|nejapnÃ½|ptÃ¡k|velkÃ½|vyhynulÃ½
ğŸª¶|lehkÃ©|let|opeÅ™enÃ­|peÅ™Ã­|pÃ©ro|pÃ­rko|ptÃ¡k
ğŸ¦©|okÃ¡zalÃ½|plameÅˆÃ¡k|tropickÃ½|tropy
ğŸ¦š|pÃ¡vice|pompÃ©znÃ­|ptÃ¡k|pyÅ¡nÃ½
ğŸ¦œ|mluvÃ­cÃ­|papouÅ¡ek|pirÃ¡t|ptÃ¡k
ğŸ¸|hlava Å¾Ã¡by|smajlÃ­k|tvÃ¡Å™|vÃ½raz|Å¾Ã¡ba
ğŸŠ|aligÃ¡tor|krokodÃ½l
ğŸ¢|obojÅ¾ivelnÃ­k|Å¾elva
ğŸ¦|jeÅ¡tÄ›rka|plaz
ğŸ|hadonoÅ¡|plaz|zvÄ›rokruh
ğŸ²|drak|hlava draka|pohÃ¡dka|smajlÃ­k|tvÃ¡Å™|vÃ½raz
ğŸ‰|drak|pohÃ¡dka
ğŸ¦•|brachiosaurus|brontosaurus|dinosaurus|diplodocus|sauropod
ğŸ¦–|dinosaurus|t-rex|tyranosaurus rex
ğŸ³|odfukujÃ­cÃ­|smajlÃ­k|stÅ™Ã­kajÃ­cÃ­|tvÃ¡Å™|velryba stÅ™Ã­kajÃ­cÃ­ vodu|vodotrysk|vÃ½raz
ğŸ‹|kytovec|plejtvÃ¡k|velryba
ğŸ¬|delfÃ­nek|skÃ¡kajÃ­cÃ­
ğŸ¦­|lachtan|lvoun|tuleÅˆ
ğŸŸ|ryba|ryby|zvÄ›rokruh
ğŸ |ryba|tropickÃ¡ ryba|tropickÃ½
ğŸ¡|Ätverzubec|jeÅ¾Ã­k|ryba
ğŸ¦ˆ|ryba|Å¾ralok
ğŸ™|chobotnice|chobotniÄka|hlavonoÅ¾ec|krakatice|mÄ›kkÃ½Å¡
ğŸš|lastura|muÅ¡le|Å¡keble|spirÃ¡la|ulita
ğŸŒ|hlemÃ½Å¾Ä|Å¡nek
ğŸ¦‹|hmyz|krÃ¡snÃ½|motÃ½l
ğŸ›|hmyz|housenka
ğŸœ|hmyz|mravenec
ğŸ|hmyz|vÄela
ğŸª²|brouÄek|brouk|hmyz
ğŸ|beruÅ¡ka|brouk|hmyz|sedmiteÄnÃ©|slunÃ©Äko
ğŸ¦—|cvrÄek|kobylka|konÃ­k|luÄnÃ­
ğŸª³|hmyz|Å¡kÅ¯dce|Å¡vÃ¡b
ğŸ•·ï¸|hmyz|pavouk
ğŸ•¸ï¸|pavouÄÃ­|pavouk|pavuÄina|sÃ­Å¥
ğŸ¦‚|Å¡korpion|Å¡tÃ­r|zvÄ›rokruh
ğŸ¦Ÿ|dengue|hmyz|komÃ¡r|malÃ¡rie|moskyt|Å¡tÃ­pnutÃ­|virus
ğŸª°|hmyz|hnijÃ­cÃ­|larva|moucha|nemoc|otravnÃ½
ğŸª±|Äerv|deÅ¡Å¥ovka|krouÅ¾kovec|parazit|Å¾Ã­Å¾ala
ğŸ¦ |amÃ©ba|bacil|bakterie|mikrob|mikroorganismus|virus
ğŸ’|kvÄ›tina|kytice|kytiÄka|kytka|pugÃ©t|romance|romantika|rostlina
ğŸŒ¸|kvÄ›tina|rostlina|tÅ™eÅ¡eÅˆ|tÅ™eÅ¡ÅˆovÃ½ kvÄ›t
ğŸ’®|bÃ­lÃ¡ kvÄ›tina|kvÄ›tina
ğŸµï¸|kvÄ›tina|rostlina|rozeta
ğŸŒ¹|kvÄ›tina|rostlina|rÅ¯Å¾e
ğŸ¥€|kvÄ›tina|uvadlÃ¡|uvadnutÃ¡|zvadlÃ¡ kvÄ›tina|zvadnutÃ¡
ğŸŒº|ibiÅ¡ek|kvÄ›tina|rostlina
ğŸŒ»|kvÄ›tina|rostlina|slunce|sluneÄnice
ğŸŒ¼|kvÄ›tina|rostlina
ğŸŒ·|kvÄ›tina|rostlina|tulipÃ¡n
ğŸŒ±|klÃ­Äek|klÃ­ÄÃ­cÃ­|mladÃ½|rostlina|vÃ½honek
ğŸª´|dÅ¯m|kvÄ›tina v kvÄ›tinÃ¡Äi|nuda|nudnÃ½|pÃ©Äe|rostlina|rÅ¯st
ğŸŒ²|jehliÄnatÃ½ strom|rostlina|stÃ¡lezelenÃ½|strom
ğŸŒ³|listnatÃ½ strom|opadavÃ½|rostlina|strom
ğŸŒ´|palma|rostlina|strom
ğŸŒµ|kaktus|rostlina
ğŸŒ¾|klas|obilÃ­|otep|rostlina|rÃ½Å¾e|rÃ½Å¾ovÃ© klasy|snop|zrno
ğŸŒ¿|bylina|bylinka|list|lÃ­stek|rostlina
ğŸ€|4|ÄtyÅ™i|ÄtyÅ™lÃ­stek|jetel|list|rostlina
ğŸ|javorovÃ½ list|list|padajÃ­cÃ­|rostlina
ğŸ‚|list|padajÃ­cÃ­|rostlina|spadlÃ½ list
ğŸƒ|foukat|list|lÃ­stek|padajÃ­cÃ­ list ve vÄ›tru|rostlina|tÅ™epetajÃ­cÃ­|tÅ™epetat|tÅ™epotajÃ­cÃ­|tÅ™epotat|vÃ¡nek|vÃ­tr
ğŸ‡|hrozen|hrozny|ovoce|rostlina|vÃ­no
ğŸˆ|cukrovÃ½ meloun|ovoce|rostlina
ğŸ‰|meloun|ovoce|rostlina|vodnÃ­
ğŸŠ|mandarinka|oranÅ¾ovÃ¡|ovoce|rostlina
ğŸ‹|citron|citrus|ovoce|rostlina
ğŸŒ|banÃ¡n|ovoce|rostlina
ğŸ|ananas|ovoce|rostlina
ğŸ¥­|mango|ovoce|tropickÃ©
ğŸ|ÄervenÃ¡|ÄervenÃ© jablko|jablko|ovoce|rostlina
ğŸ|jablko|ovoce|rostlina|zelenÃ¡|zelenÃ© jablko
ğŸ|hruÅ¡ka|ovoce|rostlina
ğŸ‘|broskev|ovoce|rostlina
ğŸ’|ovoce|rostlina|tÅ™eÅ¡eÅˆ|tÅ™eÅ¡nÄ›
ğŸ“|jahoda|ovoce|rostlina
ğŸ«|bobule|borÅ¯vky|lesnÃ­|modrÃ½|plod
ğŸ¥|jÃ­dlo|kivi|kiwi|ovoce
ğŸ…|rajÄe|rostlina|zelenina
ğŸ«’|jÃ­dlo|oliva|ovoce
ğŸ¥¥|kokos|oÅ™ech|palma|piÅˆa colada
ğŸ¥‘|avokÃ¡do|jÃ­dlo|ovoce
ğŸ†|baklaÅ¾Ã¡n|lilek|rostlina|zelenina
ğŸ¥”|brambora|jÃ­dlo|zelenina
ğŸ¥•|jÃ­dlo|mrkev|zelenina
ğŸŒ½|klas|kukuÅ™iÄnÃ½ klas|obilÃ­|rostlina|zrno
ğŸŒ¶ï¸|chilli|Äili|feferonka|ostrÃ½|pÃ¡livÃ½|papriÄka|paprika|rostlina
ğŸ«‘|kapie|paprika|sladkÃ¡|zelenina
ğŸ¥’|jÃ­dlo|kyselÃ¡|naklÃ¡danÃ¡|okurek|okurka|zelenina
ğŸ¥¬|bok Äoj|ÄÃ­nskÃ©|kapusta|pak Äoj|salÃ¡tovÃ© listy|zelÃ­
ğŸ¥¦|brokolice|brukev|kapusta|rostlina|zelenina
ğŸ§„|Äesnek|koÅ™enÃ­|ochucovÃ¡nÃ­|zelenina
ğŸ§…|cibule|koÅ™enÃ­|ochucovÃ¡nÃ­|zelenina
ğŸ„|houba|muchomÅ¯rka
ğŸ¥œ|araÅ¡Ã­dy|burÃ¡k|burskÃ½|jÃ­dlo|lusk|olejnÃ¡|oÅ™ech|podzemnice
ğŸŒ°|kaÅ¡tan|rostlina
ğŸ|bochnÃ­k|chlÃ©b|chleba|pecen
ğŸ¥|croissant|francouzskÃ©|jÃ­dlo|loupÃ¡Äek|loupÃ¡k|peÄivo|rohlÃ­k
ğŸ¥–|bageta|francouzskÃ©|jÃ­dlo|peÄivo
ğŸ«“|arepa|chlebovÃ¡ placka|lavaÅ¡|naan|nÃ¡n|pita
ğŸ¥¨|jÃ­dlo|kroucenÃ©|peÄivo|preclÃ­k
ğŸ¥¯|bagel|bejgl|peÄivo
ğŸ¥|jÃ­dlo|lÃ­vance|palaÄinky
ğŸ§‡|forma|mouÄnÃ­k|mÅ™Ã­Å¾ka|sendviÄovaÄ|vafle|vaflovaÄ
ğŸ§€|klÃ­nek sÃ½ra|sÃ½r
ğŸ–|kost|maso na kosti
ğŸ—|drÅ¯beÅ¾|kost|kuÅ™ecÃ­ stehÃ½nko|noha|stehno
ğŸ¥©|flÃ¡kota|hovÄ›zÃ­|jehnÄ›ÄÃ­|kotleta|kus masa|maso|plÃ¡tek masa|Å™Ã­zek|steak|vepÅ™ovÃ©|Å¾ebÃ­rko
ğŸ¥“|jÃ­dlo|maso|slanina
ğŸ”|burger|burgr|hamburger|hamburgr
ğŸŸ|bramborovÃ©|brambory|hranolky|pomfrity
ğŸ•|dÃ­lek|klÃ­nek|kousek|pizza|salÃ¡movÃ¡|sÃ½rovÃ¡
ğŸŒ­|hot dog|hotdog|pÃ¡rek v rohlÃ­ku
ğŸ¥ª|chleba|sandwich|sendviÄ|toast|toust
ğŸŒ®|jÃ­dlo|mexickÃ©|tacos
ğŸŒ¯|burito|burrito|jÃ­dlo|mexickÃ¡|mexickÃ©|rolka|wrap
ğŸ«”|mexickÃ½|tamales|wrap
ğŸ¥™|falafel|gyros|jÃ­dlo|kebab|plnÄ›nÃ¡ pita|plnÄ›nÃ½|sendviÄ
ğŸ§†|boby|cizrna|falafel|karbanÃ¡tky|koule|kuliÄky
ğŸ¥š|jÃ­dlo|vejce
ğŸ³|pÃ¡nev|smaÅ¾enÃ­|vaÅ™enÃ­|vejce na pÃ¡nvi
ğŸ¥˜|jÃ­dlo|kastrol|mÄ›lkÃ½ rendlÃ­k s jÃ­dlem|paella|pÃ¡nev
ğŸ²|gulÃ¡Å¡|hrnec jÃ­dla|polÃ©vka
ğŸ«•|ÄokolÃ¡dovÃ©|fondue|Å¡vÃ½carskÃ©|sÃ½rovÃ©
ğŸ¥£|cereÃ¡lie|cornflakes|kaÅ¡e|kornflejks|kornflejky|krupiÄnÃ¡|kukuÅ™iÄnÃ©|lupÃ­nky|miska se lÅ¾Ã­cÃ­|muesli|musli|mÃ¼sli|ovesnÃ¡|snÃ­danÄ›
ğŸ¥—|jÃ­dlo|salÃ¡t|zelenÃ½
ğŸ¿|popcorn|popkorn|praÅ¾enÃ¡ kukuÅ™ice|pukance|pukÃ¡nky
ğŸ§ˆ|mÃ¡slo|mlÃ©ÄnÃ©|mlÃ©kÃ¡renskÃ©|mlÃ©kÃ¡rna|mlÃ©kaÅ™skÃ©
ğŸ§‚|pÅ™Ã­sada|slÃ¡nka|sÅ¯l
ğŸ¥«|jÃ­dlo v plechovce|plechovka
ğŸ±|bento|krabiÄka bentÃ³
ğŸ˜|rÃ½Å¾e|rÃ½Å¾ovÃ¡ suÅ¡enka|suÅ¡enka
ğŸ™|japonskÃ¡|kuliÄka|onigiri|rÃ½Å¾ovÃ¡ koule
ğŸš|rÃ½Å¾e|vaÅ™enÃ¡ rÃ½Å¾e|vaÅ™enÃ½
ğŸ›|curry|karÃ­|kari rÃ½Å¾e|rÃ½Å¾e
ğŸœ|miska nudlÃ­|nudle|pÃ¡ra|ramen
ğŸ|Å¡pagety|tÄ›stoviny
ğŸ |brambora|jam|opÃ©kanÃ½ batÃ¡t|sladkÃ½
ğŸ¢|kebab|moÅ™skÃ© plody|oden|plody moÅ™e|Å¡pejle|Å¡pÃ­z|tyÄka
ğŸ£|sushi|suÅ¡i
ğŸ¤|garnÃ¡t|kreveta|smaÅ¾enÃ¡ kreveta|smaÅ¾enÃ©|tempura
ğŸ¥|dort|kolÃ¡Äek|ryba|rybÃ­ kolÃ¡Äek se spirÃ¡lkou|spirÃ¡la
ğŸ¥®|ÄÃ­nskÃ½|mÄ›sÃ­ÄnÃ­ kolÃ¡Ä|podzim|svÃ¡tek
ğŸ¡|dango|dezert|japonskÃ½|knedlÃ­Äek|sladkost|sladkÃ½|Å¡pejle|tyÄka|zÃ¡kusek
ğŸ¥Ÿ|dÅ¾iaozi|empanada|gjÃ³zu|gyoza|jiaozi|knedlÃ­Äek|knedlÃ­k|pelmeÅˆ|pelmenÄ›|pirohy|taÅ¡tiÄka
ğŸ¥ |budoucnost|ÄÃ­nskÃ½ kolÃ¡Äek Å¡tÄ›stÃ­|pÅ™edpovÄ›Ä|proroctvÃ­|vÄ›Å¡tba
ğŸ¥¡|jÃ­dlo|krabice na jÃ­dlo|krabiÄka
ğŸ¦€|krab|rak|zvÄ›rokruh
ğŸ¦|humr|klepeta|langusta|plody moÅ™e
ğŸ¦|garnÃ¡t|jÃ­dlo|korÃ½Å¡|kreveta
ğŸ¦‘|hlavonoÅ¾ec|jÃ­dlo|kalamÃ¡r|mÄ›kkÃ½Å¡|oliheÅˆ|sÃ©pie
ğŸ¦ª|perla|potÃ¡pÄ›nÃ­|ÃºstÅ™ice
ğŸ¦|cukrovinka|dezert|jemnÃ½|kornoutek|sladkost|sladkÃ½|toÄenÃ¡ zmrzlina|zÃ¡kusek|zmrzlina
ğŸ§|cukrovinka|dezert|ledovÃ¡ tÅ™Ã­Å¡Å¥|sladkost|sladkÃ½|tÅ™Ã­Å¡Å¥|zÃ¡kusek
ğŸ¨|cukrovinka|dezert|kopeÄkovÃ¡ zmrzlina|pohÃ¡r|sladkost|sladkÃ½|zÃ¡kusek|zmrzlina|zmrzlinovÃ½
ğŸ©|americkÃ¡|cukrovinka|dezert|donut|kobliha|sladkost|sladkÃ½|zÃ¡kusek
ğŸª|cookie|cukrovinka|dezert|kolÃ¡Äek|sladkost|sladkÃ½|suÅ¡enka|zÃ¡kusek
ğŸ‚|cukrovinka|dezert|dort|narozeninovÃ½ dort|narozeniny|oslava|sladkost|sladkÃ½|zÃ¡kusek
ğŸ°|cukrovinka|dezert|dortovÃ½ Å™ez|kousek|sladkost|sladkÃ½|zÃ¡kusek
ğŸ§|cukrovÃ­|cupcake|dortÃ­k|koÅ¡Ã­Äek|muffin|peÄivo
ğŸ¥§|kolÃ¡Ä|nÃ¡plÅˆ|pÃ¡j|peÄivo
ğŸ«|ÄokolÃ¡da|cukrovinka|sladkost|sladkÃ½|tabulka ÄokolÃ¡dy
ğŸ¬|bonbon|cukrovinka|sladkost|sladkÃ½
ğŸ­|cukrovinka|lÃ­zÃ¡tko|sladkost|sladkÃ½|Å¡pejle
ğŸ®|dezert|puding|pudink|sladkost|sladkÃ½|zÃ¡kusek
ğŸ¯|med|sklenice medu|sladkost|sladkÃ½
ğŸ¼|dÃ­tÄ›|kojeneckÃ¡ lÃ¡hev|lahev|mlÃ©ko|nÃ¡poj
ğŸ¥›|mlÃ©ko|nÃ¡poj|sklenice mlÃ©ka
ğŸ«–|ÄajnÃ­k|ÄajovÃ¡ konvice|konvice|nÃ¡poj|pitÃ­
ğŸµ|Äaj|nÃ¡poj|pitÃ­|Å¡Ã¡lek bez ouÅ¡ka
ğŸ¶|bar|lahev|nÃ¡poj|pitÃ­|sakÃ©|Å¡Ã¡lek
ğŸ¾|bar|korek|lÃ¡hev sektu|nÃ¡poj|sekt|zÃ¡tka
ğŸ·|bar|nÃ¡poj|pitÃ­|sklenice|skleniÄka vÃ­na|sklo|vÃ­no
ğŸ¸|bar|drink|koktejlovÃ¡ skleniÄka|nÃ¡poj|pitÃ­|sklenice|sklo
ğŸ¹|bar|drink|koktejl|nÃ¡poj|pitÃ­|tropickÃ½
ğŸº|bar|nÃ¡poj|pitÃ­|pivo|pÅ¯llitr piva|sklenice
ğŸ»|bar|cinkajÃ­cÃ­ pÅ¯llitry piva|cinkÃ¡nÃ­|nÃ¡poj|pitÃ­|pivo|pÅ™Ã­pitek|pÅ™iÅ¥uknutÃ­|pÅ¯llitr|sklenice
ğŸ¥‚|cinkajÃ­cÃ­ sklenice|cinkÃ¡nÃ­|nÃ¡poj|oslava|pitÃ­|pÅ™Ã­pitek|pÅ™iÅ¥uknutÃ­|sklenice
ğŸ¥ƒ|alkohol|panÃ¡k|sklenice|tumbler|whiskey|whisky
ğŸ¥¤|dÅ¾us|limonÃ¡da|nealko|pohÃ¡rek s brÄkem|soda|sodovka
ğŸ§‹|bubble tea|bublinkovÃ½|Äaj|mlÃ©ÄnÃ½|perliÄkovÃ½|perliÄky|perlivÃ½
ğŸ§ƒ|krabiÄkovÃ© pitÃ­|krabicovÃ½ dÅ¾us|nÃ¡poj v krabiÄce|nÃ¡pojovÃ¡ krabice|pitÃ­ v krabiÄce|pitÃ­Äko
ğŸ§‰|matÃ©|nÃ¡poj
ğŸ§Š|chlad|kostka ledu|ledovÃ¡ kostka|ledovec|studenÃ½
ğŸ¥¢|hashi|haÅ¡i|hÅ¯lky|jÃ­delnÃ­|tyÄinky
ğŸ½ï¸|nÃ¡dobÃ­|nÅ¯Å¾|pÅ™Ã­bor|talÃ­Å™ s vidliÄkou a noÅ¾em|vaÅ™enÃ­|vidliÄka
ğŸ´|nÃ¡dobÃ­|nÅ¯Å¾|pÅ™Ã­bor|vaÅ™enÃ­|vidliÄka a nÅ¯Å¾
ğŸ¥„|lÅ¾Ã­ce|pÅ™Ã­bor
ğŸ”ª|kuchyÅˆskÃ½ nÅ¯Å¾|nÃ¡dobÃ­|nÃ¡stroj|nÅ¯Å¾|vaÅ™enÃ­|zbraÅˆ
ğŸº|amfora|nÃ¡doba|nÃ¡dobÃ­|nÃ¡poj|vaÅ™enÃ­|vÃ¡za|vodnÃ¡Å™|zvÄ›rokruh
ğŸŒ|afrika|evropa|glÃ³bus s evropou a afrikou|svÄ›t|zemÄ›koule
ğŸŒ|amerika|glÃ³bus se severnÃ­ a jiÅ¾nÃ­ amerikou|svÄ›t|zemÄ›koule
ğŸŒ|asie|austrÃ¡lie|glÃ³bus s asiÃ­ a austrÃ¡liÃ­|svÄ›t|zemÄ›koule
ğŸŒ|glÃ³bus s polednÃ­ky a rovnobÄ›Å¾kami|polednÃ­ky|rovnobÄ›Å¾ky|svÄ›t|zemÄ›koule|zemÄ›pisnÃ¡ sÃ­Å¥
ğŸ—ºï¸|mapa svÄ›ta|svÄ›t
ğŸ—¾|japonsko|mapa japonska
ğŸ§­|kompas|magnetickÃ½|navigace|orientace
ğŸ”ï¸|hora|snÃ­h|zasnÄ›Å¾enÃ¡ hora|zima
â›°ï¸|hora|kopec|pohoÅ™Ã­
ğŸŒ‹|erupce|hora|sopka|vulkÃ¡n|vÃ½buch
ğŸ—»|fudÅ¾i|fuji|hora fudÅ¾i
ğŸ•ï¸|kempovÃ¡nÃ­|stan|tÃ¡bor|tÃ¡boÅ™enÃ­
ğŸ–ï¸|deÅ¡tnÃ­k|plÃ¡Å¾ se sluneÄnÃ­kem|sluneÄnÃ­k
ğŸœï¸|pouÅ¡Å¥
ğŸï¸|opuÅ¡tÄ›nÃ½|ostrov|palma|plÃ¡Å¾|pouÅ¡Å¥|pustÃ½ ostrov|tropickÃ½|tropy
ğŸï¸|nÃ¡rodnÃ­ park|park|rezervace
ğŸŸï¸|stadion
ğŸ›ï¸|antickÃ¡ budova|antika|budova|klasicismus|klasickÃ¡
ğŸ—ï¸|budova|stavba|staveniÅ¡tÄ›
ğŸ§±|cihla|cihly|hlÃ­na|zeÄ
ğŸª¨|balvan|kÃ¡men|skÃ¡la|Å¡utr|tÄ›Å¾kÃ½
ğŸªµ|dÅ™evo|klÃ¡da|kmen|poleno|Å¡palek
ğŸ›–|chatka|chatrÄ|chÃ½Å¡e|jurta|obydlÃ­
ğŸ˜ï¸|budova|domky|domy|dÅ¯m
ğŸšï¸|budova|dÅ¯m|opuÅ¡tÄ›nÃ½
ğŸ |budova|domek|domov|dÅ¯m
ğŸ¡|budova|domek se zahradou|domov|dÅ¯m|zahrada
ğŸ¢|budova|dÅ¯m|kancelÃ¡Å™e|kancelÃ¡Å™skÃ¡ budova|vÄ›Å¾Ã¡k
ğŸ£|budova|japonskÃ¡ poÅ¡ta|japonskÃ½|poÅ¡ta
ğŸ¤|budova|evropskÃ½|poÅ¡ta
ğŸ¥|budova|doktor|lÃ©ÄenÃ­|lÃ©kaÅ™|nemocnice
ğŸ¦|banka|budova
ğŸ¨|budova|hotel
ğŸ©|budova|hodinovÃ½ hotel|hotel|lÃ¡ska
ğŸª|budova|maloobchod|non-stop|nonstop|obchod|potraviny|prodejna|smÃ­Å¡enÃ©|veÄerka|zboÅ¾Ã­
ğŸ«|budova|Å¡kola
ğŸ¬|budova|centrum|nÃ¡kupnÃ­|nÃ¡kupy|obchodnÃ­ dÅ¯m|prodej
ğŸ­|budova|tovÃ¡rna
ğŸ¯|budova|hrad|japonskÃ½
ğŸ°|budova|evropskÃ½|hrad|zÃ¡mek
ğŸ’’|kaple|romance|romantika|svatba
ğŸ—¼|tokijskÃ¡ vÄ›Å¾|tokio|tokyo tower|vÄ›Å¾
ğŸ—½|socha svobody|svoboda
â›ª|budova|kostel|kÅ™esÅ¥anstvÃ­|kÅ™Ã­Å¾|nÃ¡boÅ¾enstvÃ­
ğŸ•Œ|islÃ¡m|meÅ¡ita|muslim|nÃ¡boÅ¾enstvÃ­
ğŸ›•|chrÃ¡m|hinduismus|hinduistickÃ½ chrÃ¡m|svatynÄ›
ğŸ•|chrÃ¡m|nÃ¡boÅ¾enstvÃ­|synagoga|Å¾idovskÃ½
â›©ï¸|nÃ¡boÅ¾enstvÃ­|Å¡intoismus|Å¡intoistickÃ¡ svatynÄ›|svatynÄ›
ğŸ•‹|islÃ¡m|kaaba|kÃ¡ba|muslim|nÃ¡boÅ¾enstvÃ­
â›²|fontÃ¡na|vodotrysk
â›º|kempovÃ¡nÃ­|stan|tÃ¡bor|tÃ¡boÅ™enÃ­
ğŸŒ|mlha|poÄasÃ­
ğŸŒƒ|hvÄ›zda|hvÄ›zdnÃ¡ noc|noc|poÄasÃ­
ğŸ™ï¸|budova|krajina|mÄ›sto|mÄ›stskÃ¡ zÃ¡stavba|silueta|vyhlÃ­dka
ğŸŒ„|hora|poÄasÃ­|rÃ¡no|slunce|svÃ­tÃ¡nÃ­ nad horami
ğŸŒ…|poÄasÃ­|rÃ¡no|slunce|vÃ½chod slunce
ğŸŒ†|budova|krajina|mÄ›sto za soumraku|mÄ›stskÃ¡|poÄasÃ­|silueta|slunce|soumrak|veÄer|vyhlÃ­dka|zÃ¡pad
ğŸŒ‡|poÄasÃ­|slunce|soumrak|veÄer|zÃ¡pad
ğŸŒ‰|most v noci|noc|poÄasÃ­
ğŸ |kolotoÄovÃ½ kÅ¯Åˆ|kÅ¯Åˆ
ğŸ¡|ruskÃ© kolo|zÃ¡bavnÃ­ park
ğŸ¢|horskÃ¡ drÃ¡ha|zÃ¡bavnÃ­ park
ğŸ’ˆ|holiÄ|stÅ™Ã­hÃ¡nÃ­|tyÄ|znaÄka holiÄstvÃ­
ğŸª|cirkusovÃ½ stan|Å¡apitÃ³|stan
ğŸš‚|lokomotiva|pÃ¡ra|vlak|vozidlo|Å¾eleznice
ğŸšƒ|elektrickÃ½|tramvaj|trolejbus|vagÃ³n|vlak|vozidlo|Å¾eleznice
ğŸš„|pendolino|rychlost|Å¡inkansen|vlak|vozidlo|Å¾eleznice
ğŸš…|japonskÃ½ rychlovlak|pendolino|rychlost|Å¡inkansen|Å¡piÄka|vlak|vozidlo|Å¾eleznice
ğŸš†|vlak|vozidlo|Å¾eleznice
ğŸš‡|drÃ¡ha|metro|podzemnÃ­|vozidlo
ğŸšˆ|rychlodrÃ¡Å¾nÃ­ tramvaj|vozidlo|Å¾eleznice
ğŸš‰|nÃ¡stupiÅ¡tÄ›|peron|stanice|vlak|vozidlo|zastÃ¡vka|Å¾eleznice
ğŸšŠ|tramvaj|vozidlo
ğŸš|jednokolejka|vozidlo
ğŸš|hora|horskÃ¡ Å¾eleznice|vagÃ³n|vozidlo|Å¾eleznice
ğŸš‹|tramvaj|vagÃ³n tramvaje|vozidlo
ğŸšŒ|autobus|vozidlo
ğŸš|autobus|pÅ™Ã­jezd|pÅ™ijÃ­Å¾dÄ›jÃ­cÃ­|vozidlo
ğŸš|trolejbus|vozidlo
ğŸš|autobus|minibus|vozidlo
ğŸš‘|ambulance|sanitka|vozidlo
ğŸš’|hasiÄi|hasiÄskÃ© auto|oheÅˆ|poÅ¾Ã¡rnÃ­ci|vozidlo
ğŸš“|auto|hlÃ­dka|policejnÃ­ auto|policie|vozidlo
ğŸš”|auto|policie|pÅ™Ã­jezd|pÅ™ijÃ­Å¾dÄ›jÃ­cÃ­ policejnÃ­ auto|vozidlo|vÅ¯z
ğŸš•|taxÃ­k|vozidlo
ğŸš–|pÅ™Ã­jezd|pÅ™ijÃ­Å¾dÄ›jÃ­cÃ­ taxÃ­k|taxi|vozidlo
ğŸš—|auto|vozidlo|vÅ¯z
ğŸš˜|automobil|pÅ™Ã­jezd|pÅ™ijÃ­Å¾dÄ›jÃ­cÃ­|vozidlo|vÅ¯z
ğŸš™|auto|dÅ¾Ã­p|jeep|rekreace|rekreaÄnÃ­|sport|suv|vozidlo|vÅ¯z
ğŸ›»|auto s korbou|malÃ¡ dodÃ¡vka|pick-up|pickup|polododÃ¡vka
ğŸšš|dodÃ¡vka|vozidlo
ğŸš›|autodoprava|kamion|nÃ¡klaÄÃ¡k|nÃ¡kladnÃ­|tirÃ¡k|truck|vozidlo
ğŸšœ|traktor|vozidlo
ğŸï¸|auto|formule|zÃ¡vod
ğŸï¸|motocykl|motorka|zÃ¡vod
ğŸ›µ|scooter|skÃºtr
ğŸ¦½|handicap|hendikep|invalidita|invalidnÃ­|mechanickÃ½ invalidnÃ­ vozÃ­k|pomÅ¯cka|postiÅ¾enÃ­|usnadnÄ›nÃ­|zpÅ™Ã­stupnÄ›nÃ­
ğŸ¦¼|elektrickÃ½ invalidnÃ­ vozÃ­k|handicap|hendikep|invalidita|invalidnÃ­|pomÅ¯cka|postiÅ¾enÃ­|usnadnÄ›nÃ­|zpÅ™Ã­stupnÄ›nÃ­
ğŸ›º|autorikÅ¡a|tuk-tuk
ğŸš²|bicykl|jÃ­zdnÃ­ kolo|kolo|vozidlo
ğŸ›´|kolobÄ›Å¾ka
ğŸ›¹|prkno|skateboard|skejt
ğŸ›¼|bruslenÃ­|inlajny|inline|koleÄkovÃ¡ brusle|koleÄkovÃ©
ğŸš|autobusovÃ¡ zastÃ¡vka|zastÃ¡vka autobusu
ğŸ›£ï¸|cesta|dÃ¡lnice|motorovÃ¡|silnice
ğŸ›¤ï¸|koleje|vlak|Å¾eleznice|Å¾elezniÄnÃ­ traÅ¥
ğŸ›¢ï¸|barel|nafta|ropa|sud
â›½|benzÃ­nka|benzÃ­novÃ¡ pumpa|ÄerpacÃ­|nafta|palivo|pumpa|stanice
ğŸš¨|auto|majÃ¡k|otÃ¡ÄecÃ­|policejnÃ­ majÃ¡k|policie|sirÃ©na|svÄ›tlo|vozidlo
ğŸš¥|doprava|signÃ¡l|signalizace|svÄ›telnÃ¡|svÄ›tlo|vodorovnÃ½ semafor
ğŸš¦|doprava|signÃ¡l|signalizace|svÄ›telnÃ¡|svÄ›tlo|svislÃ½ semafor
ğŸ›‘|jednosmÄ›rka|osmiÃºhelnÃ­k|stop|zÃ¡kaz|zastavit|znaÄka
ğŸš§|cedule|prÃ¡ce na silnici|stavba|stavebnÃ­ zÃ¡brana|znaÄka
â›µ|dovolenÃ¡|jachta|loÄ|moÅ™e|plachetnice|plavidlo
ğŸ›¶|Älun|kÃ¡noe|loÄ
ğŸš¤|Älun|loÄ|motorovÃ½ Älun|plavidlo
ğŸ›³ï¸|doprava|loÄ|osobnÃ­|plavidlo|trajekt|zaoceÃ¡nskÃ¡ loÄ
â›´ï¸|Älun|doprava|loÄ|osobnÃ­|plavidlo|pÅ™Ã­voz|trajekt
ğŸ›¥ï¸|Älun|loÄ|motorovÃ¡ jachta|motorovÃ¡ loÄ|plavidlo
ğŸš¢|doprava|loÄ|osobnÃ­|plavidlo
ğŸ›©ï¸|doprava|letoun|malÃ© letadlo
ğŸ›«|check-in|doprava|letadlo|letoun|odbavenÃ­|odlety|vzlet|vzlÃ©tajÃ­cÃ­ letadlo
ğŸ›¬|doprava|letadlo|letoun|pÅ™Ã­lety|pÅ™istÃ¡nÃ­|pÅ™istÃ¡vajÃ­cÃ­ letadlo
ğŸª‚|padÃ¡k|paragliding|paraÅ¡utismus|plachtÄ›nÃ­|seskok s padÃ¡kem|zÃ¡vÄ›snÃ© lÃ©tÃ¡nÃ­
ğŸ’º|kÅ™eslo|mÃ­sto|sedadlo|sezenÃ­
ğŸš|helikoptÃ©ra|letoun|vrtulnÃ­k
ğŸšŸ|lanovka|tramvaj|vozidlo|zÃ¡vÄ›snÃ¡|Å¾eleznice
ğŸš |gondola|horskÃ¡ lanovka|hory|kabel|kabina|vozidlo
ğŸš¡|gondola|kabina|kabinka|kabinkovÃ¡|kabinovÃ¡ lanovka|lano|vozidlo
ğŸ›°ï¸|druÅ¾ice|kosmos|satelit|vesmÃ­r
ğŸš€|kosmos|raketa|vesmÃ­r
ğŸ›¸|lÃ©tajÃ­cÃ­ talÃ­Å™|ufo
ğŸ›ï¸|hotel|portÃ½rskÃ½ zvonek|poslÃ­Äek|recepce|zvonek
ğŸ§³|balenÃ­|cestovÃ¡nÃ­|cestovnÃ­ kufr|zavazadlo
âŒ›|ÄasomÃ­ra|ÄasovaÄ|minutka|pÃ­sek|pÅ™esÃ½pacÃ­ hodiny
â³|bÄ›Å¾Ã­cÃ­ pÅ™esÃ½pacÃ­ hodiny|ÄasomÃ­ra|ÄasovaÄ|minutka|pÃ­sek
âŒš|Äas|hodinky|hodiny|nÃ¡ramkovÃ©
â°|budÃ­k|buzenÃ­|Äas|hodiny|vstÃ¡vÃ¡nÃ­
â±ï¸|ÄasomÃ­ra|hodiny|stopky
â²ï¸|ÄasomÃ­ra|ÄasovaÄ|hodiny|kuchyÅˆskÃ©|minutka
ğŸ•°ï¸|Äas|hodiny|krbovÃ© hodiny
ğŸ•›|0:00|00|12:00|Äas|dvanÃ¡ct hodin|hodiny|nula|poledne|pÅ¯lnoc
ğŸ•§|0:30|12:30|30|dvanÃ¡ct|hodiny|nula|pÅ¯l jednÃ©|tÅ™icet
ğŸ•|00|1:00|Äas|hodiny|jedna hodina
ğŸ•œ|1:30|30|hodiny|jedna|pÅ¯l druhÃ©|tÅ™icet
ğŸ•‘|00|2:00|Äas|dva|dvÄ› hodiny|hodiny
ğŸ•|2:30|30|dva|hodiny|pÅ¯l tÅ™etÃ­|tÅ™icet
ğŸ•’|00|3:00|Äas|hodiny|tÅ™i
ğŸ•|3:30|30|hodiny|pÅ¯l ÄtvrtÃ©|tÅ™icet
ğŸ•“|00|4:00|Äas|ÄtyÅ™i|hodiny
ğŸ•Ÿ|30|4:30|ÄtyÅ™i|hodiny|pÅ¯l pÃ¡tÃ©|tÅ™icet
ğŸ•”|00|5:00|Äas|hodiny|pÄ›t hodin
ğŸ• |30|5:30|hodiny|pÄ›t|pÅ¯l Å¡estÃ©|tÅ™icet
ğŸ••|00|6:00|Äas|hodiny|Å¡est hodin
ğŸ•¡|30|6:30|hodiny|pÅ¯l sedmÃ©|Å¡est|tÅ™icet
ğŸ•–|00|7:00|Äas|hodiny|sedm hodin
ğŸ•¢|30|7:30|hodiny|pÅ¯l osmÃ©|sedm|tÅ™icet
ğŸ•—|00|8:00|Äas|hodiny|osm hodin
ğŸ•£|30|8:30|hodiny|osm|pÅ¯l devÃ¡tÃ©|tÅ™icet
ğŸ•˜|00|9:00|Äas|devÄ›t hodin|hodiny
ğŸ•¤|30|9:30|devÄ›t|hodiny|pÅ¯l desÃ¡tÃ©|tÅ™icet
ğŸ•™|00|10:00|Äas|deset hodin|hodiny
ğŸ•¥|10:30|30|deset|hodiny|pÅ¯l jedenÃ¡ctÃ©|tÅ™icet
ğŸ•š|00|11:00|Äas|hodiny|jedenÃ¡ct hodin
ğŸ•¦|11:30|30|hodiny|jedenÃ¡ct|pÅ¯l dvanÃ¡ctÃ©|tÅ™icet
ğŸŒ‘|fÃ¡ze mÄ›sÃ­ce|mÄ›sÃ­c v novu|novolunÃ­|novÃ½|tma|vesmÃ­r
ğŸŒ’|dorÅ¯stÃ¡|dorÅ¯stajÃ­cÃ­ mÄ›sÃ­c po novolunÃ­|fÃ¡ze mÄ›sÃ­ce|mÄ›sÃ­c|srpek|vesmÃ­r
ğŸŒ“|ÄtvrÅ¥|dorÅ¯stÃ¡|dorÅ¯stajÃ­cÃ­|fÃ¡ze mÄ›sÃ­ce|mÄ›sÃ­c v prvnÃ­ Ätvrti|vesmÃ­r
ğŸŒ”|dorÅ¯stÃ¡|dorÅ¯stajÃ­cÃ­ mÄ›sÃ­c pÅ™ed ÃºplÅˆkem|fÃ¡ze mÄ›sÃ­ce|mÄ›sÃ­c|vesmÃ­r
ğŸŒ•|fÃ¡ze mÄ›sÃ­ce|jasnÃ½|mÄ›sÃ­c v ÃºplÅˆku|ÃºplnÄ›k|vesmÃ­r
ğŸŒ–|couvÃ¡|couvajÃ­cÃ­|fÃ¡ze mÄ›sÃ­ce|mÄ›sÃ­c|ubÃ½vÃ¡|ubÃ½vajÃ­cÃ­ mÄ›sÃ­c po ÃºplÅˆku|vesmÃ­r
ğŸŒ—|couvÃ¡|couvajÃ­cÃ­|ÄtvrÅ¥|fÃ¡ze mÄ›sÃ­ce|mÄ›sÃ­c v poslednÃ­ Ätvrti|ubÃ½vÃ¡|ubÃ½vajÃ­cÃ­|vesmÃ­r
ğŸŒ˜|couvÃ¡|couvajÃ­cÃ­|fÃ¡ze mÄ›sÃ­ce|mÄ›sÃ­c|srpek|ubÃ½vÃ¡|ubÃ½vajÃ­cÃ­ mÄ›sÃ­c pÅ™ed novolunÃ­m|vesmÃ­r
ğŸŒ™|mÄ›sÃ­c|srpek mÄ›sÃ­ce|vesmÃ­r
ğŸŒš|fÃ¡ze mÄ›sÃ­ce|mÄ›sÃ­c v novu s obliÄejem|novolunÃ­|novÃ½|smajlÃ­k|tma|tvÃ¡Å™|vesmÃ­r|vÃ½raz
ğŸŒ›|ÄtvrÅ¥|dorÅ¯stÃ¡|dorÅ¯stajÃ­cÃ­|fÃ¡ze mÄ›sÃ­ce|mÄ›sÃ­c v prvnÃ­ Ätvrti s obliÄejem|smajlÃ­k|tvÃ¡Å™|vesmÃ­r|vÃ½raz
ğŸŒœ|couvÃ¡|couvajÃ­cÃ­|ÄtvrÅ¥|fÃ¡ze mÄ›sÃ­ce|mÄ›sÃ­c v poslednÃ­ Ätvrti s obliÄejem|smajlÃ­k|tvÃ¡Å™|ubÃ½vÃ¡|ubÃ½vajÃ­cÃ­|vesmÃ­r|vÃ½raz
ğŸŒ¡ï¸|poÄasÃ­|teplÃ©|teplomÄ›r|teplota
ğŸŒ|fÃ¡ze mÄ›sÃ­ce|jasnÃ½|mÄ›sÃ­c v ÃºplÅˆku s obliÄejem|smajlÃ­k|tvÃ¡Å™|ÃºplnÄ›k|vesmÃ­r|vÃ½raz
ğŸŒ|jasnÃ½|poÄasÃ­|slunce s obliÄejem|smajlÃ­k|tvÃ¡Å™|vesmÃ­r|vÃ½raz
ğŸª|planeta s prstencem|saturn
â­|bÃ­lÃ¡ hvÄ›zda stÅ™ednÃ­ velikosti|hvÄ›zda
ğŸŒŸ|hvÄ›zda|jas|jiskra|zÃ¡Å™e|zÃ¡Å™Ã­cÃ­
ğŸŒ |hvÄ›zda|kometa|padajÃ­cÃ­|vesmÃ­r
ğŸŒŒ|mlÃ©ÄnÃ¡ drÃ¡ha|vesmÃ­r
â›…|mrak|oblak|poÄasÃ­|slunce za mrakem
â›ˆï¸|blesk|dÃ©Å¡Å¥|hrom|mrak s bleskem a deÅ¡tÄ›m|oblak|poÄasÃ­
ğŸŒ¤ï¸|mrÃ¡Äek|mrak|oblÃ¡Äek|oblak|poÄasÃ­|polojasno|slunce za malÃ½m mrakem
ğŸŒ¥ï¸|mrak|oblak|poÄasÃ­|slunce za velkÃ½m mrakem
ğŸŒ¦ï¸|dÃ©Å¡Å¥|mrak|oblak|poÄasÃ­|slunce za deÅ¡Å¥ovÃ½m mrakem
ğŸŒ§ï¸|dÃ©Å¡Å¥|mrak s deÅ¡tÄ›m|oblak|poÄasÃ­
ğŸŒ¨ï¸|mrak se snÄ›hem|oblak|poÄasÃ­|snÃ­h|zima
ğŸŒ©ï¸|blesk|mrak s bleskem|oblak|poÄasÃ­
ğŸŒªï¸|mrak|oblak|poÄasÃ­|tornÃ¡do|vÃ­r
ğŸŒ«ï¸|mlhavÃ© poÄasÃ­|mrak|oblak|poÄasÃ­
ğŸŒ¬ï¸|foukÃ¡|foukajÃ­cÃ­|foukat|mrak|oblak|poÄasÃ­|smajlÃ­k|tvÃ¡Å™|vane|vÃ¡nek|vanoucÃ­|vÃ¡t|vÄ›tÅ™Ã­k|vÄ›trnÃ½ obliÄej|vÃ­tr|vÃ½raz
ğŸŒ€|cyklÃ³na|hurikÃ¡n|poÄasÃ­|tajfun|twister|zÃ¡vraÅ¥
ğŸŒˆ|dÃ©Å¡Å¥|duha|poÄasÃ­
ğŸŒ‚|dÃ©Å¡Å¥|deÅ¡tnÃ­k|obleÄenÃ­|poÄasÃ­|zavÅ™enÃ½ deÅ¡tnÃ­k
â›±ï¸|dÃ©Å¡Å¥|deÅ¡tnÃ­k|poÄasÃ­|slunce|sluneÄnÃ­k
âš¡|blesk|bzz|elektrickÃ½|elektÅ™ina|jiskra|napÄ›tÃ­|nebezpeÄÃ­|vÃ½boj|vysokÃ© napÄ›tÃ­
â›„|poÄasÃ­|snÄ›hulÃ¡k bez snÄ›hu|snÃ­h|zima
ğŸ”¥|hranice|nÃ¡stroj|oheÅˆ|plameny|plamÃ­nek
ğŸ’§|kapka|komiks|pot|slza|zima
ğŸŒŠ|oceÃ¡n|poÄasÃ­|vlna|voda|vodnÃ­ vlna
ğŸƒ|dÃ½nÄ›|dÃ½ÅˆovÃ¡ lucerna|halloween|oslava|svÃ¡tek
ğŸ„|oslava|strom|svÃ¡tek|svÃ¡tky|vÃ¡noce|vÃ¡noÄnÃ­ stromeÄek
ğŸ†|ohÅˆostroj|oslava
ğŸ‡|jiskra|ohÅˆostroj|oslava|prskavka
ğŸ§¨|dynamit|ohÅˆostroj|petarda|vÃ½buÅ¡nina
ğŸˆ|balÃ³nek|oslava
ğŸ‰|konfetovaÄ|oslava|pÃ¡rty|tadÃ¡|trubka|vystÅ™elovacÃ­ konfety
ğŸŠ|konfetovÃ¡ koule|konfety|mÃ­Ä|oslava
ğŸ‹|japonskÃ½|lÃ­stek|oslava|strom pÅ™Ã¡nÃ­|tanabata|zÃ¡stava
ğŸ|bambusovÃ© dekorace|japonskÃ½|kadomacu|kadomatsu|oslava|ozdoba|pinie|rostlina|vÃ½zdoba
ğŸ|festival|japonskÃ© panenky|japonskÃ½|oslava|panenka
ğŸ|kapr|kapÅ™Ã­|koinobori|oslava|ryba|rybÃ­|vlajka
ğŸ|furin|japonskÃ½|oslava|vÄ›trnÃ½ zvonek|vÃ­tr|zvoneÄek
ğŸ‘|cukimi|japonskÃ½|mÄ›sÃ­c|obÅ™ad|oslava|slavnosti mÄ›sÃ­ce|svÃ¡tek|tsukimi
ğŸ§§|ÄervenÃ¡ obÃ¡lka|dÃ¡rek|hongbao|lai see|penÃ­ze|Å¡tÄ›stÃ­
ğŸ€|maÅ¡le|oslava
ğŸ|balÃ­Äek|dar|dÃ¡rek|krabice|oslava|zabalenÃ½
ğŸ—ï¸|angaÅ¾ovanost|kauza|maÅ¡le|oslava|pamÃ¡tka|podpora|pÅ™ipomÃ­nka|symbolickÃ¡ stuÅ¾ka
ğŸŸï¸|lÃ­stek|vstupenka|vstupenky
ğŸ«|lÃ­stek|vstupenka
ğŸ–ï¸|armÃ¡da|medaile|oslava|Å™Ã¡d|vojenskÃ¡ medaile|vyznamenÃ¡nÃ­
ğŸ†|cena|odmÄ›na|trofejnÃ­ pohÃ¡r|vÃ­tÄ›zstvÃ­
ğŸ…|medaile|nejlepÅ¡Ã­|ocenÄ›nÃ­|sportovnÃ­ medaile|vÃ½hra v soutÄ›Å¾i
ğŸ¥‡|medaile za 1. mÃ­sto|mÃ­sto|prvnÃ­|zlato
ğŸ¥ˆ|druhÃ©|medaile za 2. mÃ­sto|mÃ­sto|stÅ™Ã­bro
ğŸ¥‰|bronz|medaile za 3. mÃ­sto|mÃ­sto|tÅ™etÃ­
âš½|fotbalovÃ½ mÃ­Ä|mÃ­Ä
âš¾|baseballovÃ½ mÃ­Äek|mÃ­Ä
ğŸ¥|mÃ­Ä|rukavice|softballovÃ½ mÃ­Äek
ğŸ€|basketbalovÃ½ mÃ­Ä|koÅ¡Ã­kovÃ¡|koÅ¡Ã­kovou|mÃ­Ä
ğŸ|hra|mÃ­Ä|volejbalovÃ½
ğŸˆ|americkÃ½|fotbalovÃ¡|fotbalovÃ½|mÃ­Ä na americkÃ½ fotbal|Å¡iÅ¡ka
ğŸ‰|mÃ­Ä na rugby|rugbyovÃ¡|rugbyovÃ½|Å¡iÅ¡ka
ğŸ¾|mÃ­Äek|raketa|tenisÃ¡k|tenisovÃ½
ğŸ¥|frisbee|frisbÃ­Äko|hÃ¡zecÃ­ talÃ­Å™|lÃ©tajÃ­cÃ­ talÃ­Å™|ultimate
ğŸ³|bowlingovÃ¡|hra|koule|kuÅ¾elka|kuÅ¾elky
ğŸ|hra|kriket|mÃ­Ä|pÃ¡lka
ğŸ‘|hokejka|hra|mÃ­Ä|pozemnÃ­ hokej
ğŸ’|hokejka|hra|lednÃ­ hokej|puk
ğŸ¥|gÃ³l|lakroska|mÃ­Ä
ğŸ“|hra|mÃ­Ä|pÃ¡lka|ping-pong|stolnÃ­ tenis
ğŸ¸|badminton|hra|koÅ¡Ã­k|mÃ­Äek|raketa
ğŸ¥Š|boxerskÃ¡ rukavice|rukavice|sport
ğŸ¥‹|bojovÃ© umÄ›nÃ­|dÅ¾udo|judo|karate|kimono|sportovnÃ­ kimono|taekwon-do|taekwondo
ğŸ¥…|brÃ¡na|branka|gÃ³l|sÃ­Å¥|sportovnÃ­ branka
â›³|golfovÃ¡|jamka s vlajkou
â›¸ï¸|bruslenÃ­|led
ğŸ£|prut|ryba|rybÃ¡Å™skÃ½ prut
ğŸ¤¿|brÃ½le|potÃ¡pÄ›ÄskÃ¡ maska|potÃ¡pÄ›ÄskÃ© brÃ½le|potÃ¡pÄ›nÃ­|Å¡norchlovÃ¡nÃ­
ğŸ½|atletika|bÄ›h|bÄ›Å¾eckÃ© triÄko|Å¡erpa|triÄko|trikot
ğŸ¿|lyÅ¾e|lyÅ¾ovÃ¡nÃ­|snÃ­h
ğŸ›·|sanÄ›|sÃ¡nÄ›|sÃ¡Åˆky
ğŸ¥Œ|curlingovÃ½ kÃ¡men|hra|kÃ¡men
ğŸ¯|cÃ­l|hra|pÅ™esnÃ½ zÃ¡sah do terÄe|Å¡ipka|stÅ™edu|terÄ|trefa|zÃ¡sah
ğŸª€|cÃ­vka|hraÄka|jo jo|jo-jo|jojo|kolÃ­sÃ¡nÃ­
ğŸª|let|lÃ©tÃ¡nÃ­|papÃ­rovÃ½ drak|pouÅ¡tÄ›nÃ­|stoupÃ¡nÃ­|vzlÃ©tnutÃ­
ğŸ±|8|biliÃ¡r|billiard|hra|koule|kuleÄnÃ­kovÃ¡ koule 8|osm|pool
ğŸ”®|budoucnost|fantasy|koule|kÅ™iÅ¡Å¥Ã¡lovÃ¡ koule|nÃ¡stroj|pohÃ¡dka|pÅ™edpovÄ›Ä|sklo
ğŸª„|ÄarodÄ›jka|ÄarodÄ›jnice|iluzionista|kouzelnÃ¡ hÅ¯lka|kouzelnÃ­k|kouzlenÃ­|kouzlo|magie
ğŸ§¿|amulet nazar|boncuk|korÃ¡lek|modrÃ© oko|pÅ™Ã­vÄ›sek|talisman
ğŸ®|gamepad|hra|ovladaÄ|videohra
ğŸ•¹ï¸|hra|joystick|ovladaÄ|videohra
ğŸ°|automat|hra|vÃ½hernÃ­ automat
ğŸ²|hracÃ­ kostka|kostka|kostky
ğŸ§©|dÃ­lek|dÃ­lky|puzzle|sklÃ¡daÄka
ğŸ§¸|hraÄka|medvÃ­dek|plyÅ¡Ã¡k|plyÅ¡ovÃ½
ğŸª…|oslava|party|piÅˆata|piÃ±ata
ğŸª†|babuÅ¡ka|matrjoÅ¡ka|panenka|ruskÃ¡|rusko
â™Ÿï¸|figurka|pÄ›Å¡Ã¡k|pÄ›Å¡ec|piÃ³n|Å¡achy
ğŸƒ|divokÃ¡|hra|karta|karty|Å¾olÃ­k
ğŸ€„|ÄervenÃ¡|ÄervenÃ½ drak v mahjongu|hra|madÅ¾ong|mah-jong|mahjong
ğŸ´|hracÃ­ karty s kvÄ›tinami|hranÃ­|japonskÃ½|karta|kvÄ›tina
ğŸ­|divadlo|herectvÃ­|hra|komedie|maska|mÃºzickÃ¡ umÄ›nÃ­|tragÃ©die|umÄ›nÃ­
ğŸ–¼ï¸|malÃ­Å™stvÃ­|malovÃ¡nÃ­|muzeum|obraz v rÃ¡mu|rÃ¡m|umÄ›nÃ­
ğŸ¨|malÃ­Å™skÃ¡ paleta|malÃ­Å™stvÃ­|malovÃ¡nÃ­|muzeum|paleta|umÄ›nÃ­
ğŸ§µ|cÃ­vka nitÃ­|jehla|nit|Å¡itÃ­|Å¡pulka|vlÃ¡kno
ğŸª¡|jehla|krejÄovina|Å¡icÃ­ jehla|Å¡itÃ­|stehy|Å¡vy|vyÅ¡Ã­vÃ¡nÃ­|vÃ½Å¡ivka
ğŸ§¶|hÃ¡ÄkovÃ¡nÃ­|klubÃ­Äko|klubko|pletenÃ­
ğŸª¢|lano|provaz|uvÃ¡zat|uzel|zamotanÃ½|zapletenÃ½
ğŸ‘“|brÃ½le|dioptrie|obleÄenÃ­|oko|skla
ğŸ•¶ï¸|brÃ½le|oko|skla|sluneÄnÃ­ brÃ½le|tmavÃ©
ğŸ¥½|ochrana oÄÃ­|ochrannÃ© brÃ½le|plavÃ¡nÃ­|plaveckÃ©|svÃ¡Å™eÄskÃ©|svaÅ™ovÃ¡nÃ­
ğŸ¥¼|doktor|experiment|laboratornÃ­ plÃ¡Å¡Å¥|lÃ©kaÅ™|pokus|vÄ›dec
ğŸ¦º|bezpeÄnostnÃ­ vesta|nouze|reflexnÃ­|vesta|vÃ½straÅ¾nÃ¡
ğŸ‘”|kravata|obleÄenÃ­
ğŸ‘•|koÅ¡ile|obleÄenÃ­|triÄko|triko
ğŸ‘–|dÅ¾Ã­ny|kalhoty|obleÄenÃ­
ğŸ§£|krk|Å¡Ã¡la
ğŸ§¤|rukavice
ğŸ§¥|bunda|kabÃ¡t
ğŸ§¦|ponoÅ¾ky|punÄochy
ğŸ‘—|obleÄenÃ­|Å¡aty
ğŸ‘˜|kimono|obleÄenÃ­
ğŸ¥»|obleÄenÃ­|odÄ›v|sÃ¡rÃ­|Å¡aty
ğŸ©±|dÃ¡mskÃ© plavky|jednodÃ­lnÃ© plavky
ğŸ©²|jednodÃ­lnÃ©|pÃ¡nskÃ© plavky|plavky|spodky
ğŸ©³|jednodÃ­lnÃ©|kraÅ¥asy|krÃ¡tkÃ© kalhoty|plavky|Å¡ortky|spodky|trenÃ½rky
ğŸ‘™|bikiny|koupÃ¡nÃ­|obleÄenÃ­|plavÃ¡nÃ­|plavky
ğŸ‘š|dÃ¡mskÃ¡ blÅ¯za|obleÄenÃ­|Å¾ena
ğŸ‘›|mince|obleÄenÃ­|penÄ›Å¾enka
ğŸ‘œ|kabelka|obleÄenÃ­|zavazadlo
ğŸ‘|kosmetickÃ¡ taÅ¡ka|obleÄenÃ­|zavazadlo
ğŸ›ï¸|hotel|nÃ¡kupnÃ­ taÅ¡ky|nakupovÃ¡nÃ­|nÃ¡kupy|zavazadlo
ğŸ’|aktovka|batoh|Å¡kola|Å¡kolnÃ­ batoh|taÅ¡ka|zavazadlo
ğŸ©´|plÃ¡Å¾|sandÃ¡le|sandÃ¡ly|vietnamky|Å¾abka|Å¾abky
ğŸ‘|bota|muÅ¾|obleÄenÃ­|pÃ¡nskÃ¡ bota
ğŸ‘Ÿ|atletika|bÄ›Å¾eckÃ¡ bota|bota|obleÄenÃ­|sport|teniska|tretra
ğŸ¥¾|kanada|kempovÃ¡nÃ­|pohorka|tÃºra|turistika|vÃ½Å¡lap
ğŸ¥¿|balerinka|baletnÃ­ bota|bota na balet|piÅ¡kotka|plochÃ¡ bota|stÅ™evÃ­Äek bez podpatku
ğŸ‘ |bota na podpatku|obleÄenÃ­|podpatek|Å¾ena
ğŸ‘¡|bota|dÃ¡mskÃ½ sandÃ¡l|obleÄenÃ­|sandÃ¡l|stÅ™evÃ­c|stÅ™evÃ­Äek|Å¾ena
ğŸ©°|baletnÃ­ piÅ¡koty|tanec
ğŸ‘¢|bota|dÃ¡mskÃ¡ kozaÄka|kozaÄka|obleÄenÃ­|Å¾ena
ğŸ‘‘|koruna|krÃ¡lovna|obleÄenÃ­
ğŸ‘’|dÃ¡mskÃ½ klobouk|klobouk|obleÄenÃ­|Å¾ena
ğŸ©|cylindr|klobouk|obleÄenÃ­|pokrÃ½vka hlavy
ğŸ“|absolvent|Äapka|klobouk|obleÄenÃ­|oslava|pokrÃ½vka hlavy|promoce|promoÄnÃ­ Äepice|student|studium
ğŸ§¢|baseball|Äepice|kÅ¡iltovka
ğŸª–|armÃ¡da|bojovnÃ­k|helma|vojÃ¡k|vojenskÃ¡ pÅ™ilba
â›‘ï¸|Äepice|helma|kÅ™Ã­Å¾|pomoc|pÅ™ilba|smajlÃ­k|tvÃ¡Å™|vÃ½raz|zÃ¡chrana|zÃ¡chranÃ¡Å™skÃ¡ helma
ğŸ“¿|korÃ¡lky|modlitba|modlitebnÃ­|nÃ¡boÅ¾enstvÃ­|nÃ¡hrdelnÃ­k|obleÄenÃ­|rÅ¯Å¾enec
ğŸ’„|kosmetika|make-up|rtÄ›nka
ğŸ’|diamant|prsten|svatba
ğŸ’|diamant|drahokam|Å¡perk
ğŸ”‡|hlasitost|reproduktor|tichÃ½|vypnutÃ½ reproduktor|ztlumenÃ½
ğŸ”ˆ|mÃ­rnÃ½|tichÃ½|tiÅ¡e hrajÃ­cÃ­ reproduktor|tlumenÃ½
ğŸ”‰|hlasitÃ½|reproduktor|stÅ™ednÄ›|tlampaÄ
ğŸ”Š|hlasitÃ½|nahlas|reproduktor
ğŸ“¢|hlÃ¡Å¡enÃ­|hlasitÃ½|rozhlas|sdÄ›lenÃ­|tlampaÄ|veÅ™ejnÃ©|veÅ™ejnÃ½
ğŸ“£|fandÄ›nÃ­|megafon|povzbuzovÃ¡nÃ­|proslov|Å™eÄnÄ›nÃ­|Å™eÄnÃ­k
ğŸ“¯|polnice|poÅ¡ta|postiliÃ³nskÃ½|poÅ¡tovnÃ­|roh|trubka
ğŸ””|zvonek
ğŸ”•|ne|pÅ™eÅ¡krtnutÃ½ zvonek|tichÃ½|zÃ¡kaz|zakÃ¡zÃ¡no|zltumenÃ­|zvon
ğŸ¼|hudba|notovÃ¡ osnova|notovÃ½|noty|zÃ¡pis
ğŸµ|hudba|nota|noty
ğŸ¶|hudba|nota|noty
ğŸ™ï¸|hudba|mikrofon|studiovÃ½ mikrofon
ğŸšï¸|fader|hlasitost|hudba|jezdec|posuvnÃ½ ovladaÄ hlasitosti|potenciometr|ÃºroveÅˆ
ğŸ›ï¸|hudba|otoÄnÃ½|ovlÃ¡dacÃ­ knoflÃ­ky|ovlÃ¡dÃ¡nÃ­|potenciometr
ğŸ¤|karaoke|mikrofon
ğŸ§|sluchÃ¡tka
ğŸ“»|rÃ¡dio|radiopÅ™ijÃ­maÄ|tranzistorovÃ©
ğŸ·|hudba|nÃ¡stroj|saxofon
ğŸª—|akordeon|drÅ¡Å¥ky|harmonika|koncertina|tahacÃ­|zednickÃ© piano
ğŸ¸|hudba|kytara|nÃ¡stroj
ğŸ¹|hudba|klÃ¡vesy|klaviatura|nÃ¡stroj|piano
ğŸº|hudba|nÃ¡stroj|trubka|trumpeta
ğŸ»|housle|hudba|nÃ¡stroj
ğŸª•|banjo|bendÅ¾o|hudba|nÃ¡stroj|strunnÃ½
ğŸ¥|bubenickÃ©|hudba|paliÄky
ğŸª˜|buben|bubnovÃ¡nÃ­|conga|congo|konga|kongo|protÃ¡hlÃ½ buben|rytmus
ğŸ“±|mobilnÃ­|telefon
ğŸ“²|hovor|mobil se Å¡ipkou|mobilnÃ­|pÅ™Ã­jem|Å¡ipka|telefon|volÃ¡nÃ­
â˜ï¸|telefon
ğŸ“|mikrotelefon|sluchÃ¡tko|telefonnÃ­ sluchÃ¡tko
ğŸ“Ÿ|pager
ğŸ“ |fax|telefax
ğŸ”‹|akumulÃ¡tor|baterie|baterka
ğŸ”Œ|elektrickÃ½|elektÅ™ina|sÃ­Å¥ovÃ¡|vidlice|zÃ¡strÄka
ğŸ’»|laptop|notebook|osobnÃ­|pc|poÄÃ­taÄ
ğŸ–¥ï¸|desktop|osobnÃ­|poÄÃ­taÄ|stolnÃ­
ğŸ–¨ï¸|poÄÃ­taÄ|tiskÃ¡rna
ğŸ–±ï¸|poÄÃ­taÄovÃ¡ myÅ¡
ğŸ–²ï¸|poÄÃ­taÄ|trackball
ğŸ’½|disk|minidisk|optickÃ©|optickÃ½|poÄÃ­taÄ
ğŸ’¾|disketa|poÄÃ­taÄ
ğŸ’¿|bd|blu-ray|blue-ray|cd|disk|dvd|optickÃ©|optickÃ½|poÄÃ­taÄ
ğŸ“€|bd|blu-ray|blue-ray|cd|disk|dvd|optickÃ©|optickÃ½|poÄÃ­taÄ
ğŸ§®|abakus|poÄitadlo|poÄÃ­tÃ¡nÃ­|poÄty
ğŸ¥|filmovÃ¡|kamera|kino
ğŸï¸|filmovÃ¡ okÃ©nka|kino|okÃ©nka|polÃ­Äka|surovina
ğŸ“½ï¸|filmovÃ½ projektor|kino|promÃ­taÄka|video
ğŸ¬|filmovÃ¡ klapka
ğŸ“º|pÅ™ijÃ­maÄ|televize|televiznÃ­|televizor|tv|video
ğŸ“·|aparÃ¡t|foÅ¥Ã¡k|fotoaparÃ¡t|fotografickÃ½|video
ğŸ“¸|aparÃ¡t|blesk|foÅ¥Ã¡k|fotoaparÃ¡t s bleskem|fotografickÃ½|video
ğŸ“¹|kamera|videokamera
ğŸ“¼|kazeta|pÃ¡sek|pÃ¡ska|vhs|videokazeta
ğŸ”|hledÃ¡nÃ­|lupa naklonÄ›nÃ¡ doleva|nÃ¡Å™adÃ­|nÃ¡stroj|sklo|zvÄ›tÅ¡enÃ­|zvÄ›tÅ¡ovacÃ­|zvÄ›tÅ¡ovÃ¡nÃ­
ğŸ”|hledÃ¡nÃ­|lupa naklonÄ›nÃ¡ doprava|nÃ¡Å™adÃ­|nÃ¡stroj|sklo|zvÄ›tÅ¡enÃ­|zvÄ›tÅ¡ovacÃ­|zvÄ›tÅ¡ovÃ¡nÃ­
ğŸ•¯ï¸|svÄ›tlo|svÃ­Äka
ğŸ’¡|baÅˆka|elektrickÃ¡|elektÅ™ina|komiks|nÃ¡pad|svÄ›tlo|Å¾Ã¡rovka
ğŸ”¦|baterka|elektrickÃ½|nÃ¡Å™adÃ­|svÄ›tlo|svÃ­tilna
ğŸ®|ÄervenÃ¡|ÄervenÃ½ lampion|japonskÃ½|lucerna|svÄ›tlo
ğŸª”|diya|indickÃ¡ olejovÃ¡ lampa|lampa|olej
ğŸ“”|desky|kniha|obal|obÃ¡lka|ozdobenÃ©|ozdobnÃ©|zÃ¡pisnÃ­k v ozdobnÃ½ch deskÃ¡ch|zdobenÃ©
ğŸ“•|kniha|zavÅ™enÃ¡ kniha|zavÅ™enÃ½
ğŸ“–|kniha|otevÅ™enÃ¡ kniha|otevÅ™enÃ½
ğŸ“—|kniha|zelenÃ¡
ğŸ“˜|kniha|modrÃ¡
ğŸ“™|kniha|oranÅ¾ovÃ¡
ğŸ“š|kniha|knihy
ğŸ““|seÅ¡it|zÃ¡pisnÃ­k
ğŸ“’|seÅ¡it|ÃºÄetnÃ­ kniha|zÃ¡pisnÃ­k
ğŸ“ƒ|dokument|ohnutÃ¡|stoÄenÃ¡|strÃ¡nka|svinutÃ¡|svitek|zkroucenÃ¡ strÃ¡nka
ğŸ“œ|papÃ­r|svitek
ğŸ“„|dokument|strana|strÃ¡nka lÃ­cem nahoru
ğŸ“°|noviny|papÃ­r|tisk|zprÃ¡vy
ğŸ—ï¸|noviny|papÃ­r|srolovanÃ©|stoÄenÃ©|tisk|zprÃ¡vy
ğŸ“‘|ouÅ¡ka|ouÅ¡ko|papÃ­ry|poznÃ¡mky|strÃ¡nky se zÃ¡loÅ¾kami|zÃ¡loÅ¾ka|znaÄka
ğŸ”–|zÃ¡loÅ¾ka|znaÄka
ğŸ·ï¸|cedulka|cenovka|jmenovka|Å¡tÃ­tek|visaÄka
ğŸ’°|dolary|mÄ›Å¡ec|penÃ­ze|pytel penÄ›z|vÃ¡Äek|vak|zavazadlo
ğŸª™|kov|mince|penÃ­ze|poklad|stÅ™Ã­bro|zlato
ğŸ’´|banka|bankovka|jenovÃ¡ bankovka|mÄ›na|penÃ­ze
ğŸ’µ|banka|bankovka|dolarovÃ¡ bankovka|mÄ›na|penÃ­ze
ğŸ’¶|banka|bankovka|eurobankovka|eurovÃ¡|mÄ›na|penÃ­ze
ğŸ’·|banka|bankovka|libra|librovÃ¡ bankovka|mÄ›na|penÃ­ze
ğŸ’¸|banka|bankovka|dolar|okÅ™Ã­dlenÃ© penÃ­ze|penÃ­ze
ğŸ’³|banka|karta|kreditka|kreditnÃ­|penÃ­ze|platebnÃ­ karta
ğŸ§¾|doklad|potvrzenÃ­|stvrzenka|ÃºÄetnictvÃ­|ÃºÄtenka
ğŸ’¹|banka|graf|jen|mÄ›na|nahoru|penÃ­ze|rostoucÃ­ graf se znakem jenu|rÅ¯st|trend|trh|vzestupnÃ½
ğŸ“§|dopis|e-mail|email|poÅ¡ta|zprÃ¡va
ğŸ“¨|dopis|doruÄenÃ¡|e-mail|email|obÃ¡lka|poÅ¡ta|pÅ™Ã­chozÃ­|pÅ™ijmout|zprÃ¡va
ğŸ“©|dolÅ¯|dopis|e-mail|email|k odeslÃ¡nÃ­|obÃ¡lka se Å¡ipkou|odchozÃ­|odeslanÃ¡|odeslÃ¡no|poÅ¡ta|Å¡ipka|zprÃ¡va
ğŸ“¤|dopis|krabice|odeslanÃ¡ poÅ¡ta|poÅ¡ta|pÅ™ihrÃ¡dka na odchozÃ­ poÅ¡tu
ğŸ“¥|dopis|doruÄenÃ¡ poÅ¡ta|krabice|poÅ¡ta|pÅ™ihrÃ¡dka na pÅ™Ã­chozÃ­ poÅ¡tu|pÅ™ijmout
ğŸ“¦|balÃ­Äek|balÃ­k|krabice
ğŸ“«|poÅ¡ta|poÅ¡tovnÃ­ schrÃ¡nka|schrÃ¡nka|zavÅ™enÃ¡ schrÃ¡nka s praporkem nahoÅ™e|zavÅ™enÃ½
ğŸ“ª|poÅ¡ta|poÅ¡tovnÃ­ schrÃ¡nka|schrÃ¡nka|sklopenÃ½|spuÅ¡tÄ›nÃ½|zavÅ™enÃ¡ schrÃ¡nka s praporkem dole|zavÅ™enÃ½
ğŸ“¬|otevÅ™enÃ¡ schrÃ¡nka s praporkem nahoÅ™e|otevÅ™enÃ½|poÅ¡ta|poÅ¡tovnÃ­ schrÃ¡nka|schrÃ¡nka
ğŸ“­|otevÅ™enÃ¡ schrÃ¡nka s praporkem dole|otevÅ™enÃ½|poÅ¡ta|poÅ¡tovnÃ­ schrÃ¡nka|schrÃ¡nka|sklopenÃ½|spuÅ¡tÄ›nÃ½
ğŸ“®|poÅ¡ta|poÅ¡tovnÃ­ schrÃ¡nka|schrÃ¡nka
ğŸ—³ï¸|krabice|schrÃ¡nka|urna s volebnÃ­m lÃ­stkem|volby|volebnÃ­
âœï¸|tuÅ¾ka
ğŸ–‹ï¸|pero|plnicÃ­
ğŸ–Šï¸|kuliÄkovÃ©|pero|propiska
ğŸ–Œï¸|malba|malÃ­Å™stvÃ­|malovÃ¡nÃ­|Å¡tÄ›tec
ğŸ–ï¸|fixa|kÅ™Ã­da|pastelka|voskovka
ğŸ“|lÃ­stek se vzkazem|tuÅ¾ka
ğŸ’¼|aktovka|kufÅ™Ã­k
ğŸ“|dokumenty|sloÅ¾ka
ğŸ“‚|dokumenty|otevÅ™enÃ¡ sloÅ¾ka|otevÅ™enÃ½|sloÅ¾ka
ğŸ—‚ï¸|karta|kartotÃ©ka|oddÄ›lovaÄ|oddÃ­l|rejstÅ™Ã­k
ğŸ“…|datum|kalendÃ¡Å™
ğŸ“†|kalendÃ¡Å™|trhacÃ­ kalendÃ¡Å™
ğŸ—’ï¸|blok|krouÅ¾kovÃ½ zÃ¡pisnÃ­k|krouÅ¾ky|poznÃ¡mky|spirÃ¡lovÃ½|zÃ¡pisky
ğŸ—“ï¸|kalendÃ¡Å™|krouÅ¾kovÃ½ kalendÃ¡Å™|krouÅ¾ky|spirÃ¡lovÃ½
ğŸ“‡|karta|kartotÃ©ka|vizitka|vizitkovnÃ­k
ğŸ“ˆ|graf|rostoucÃ­ graf|rÅ¯st|trend|vzestupnÃ½
ğŸ“‰|graf|klesajÃ­cÃ­ graf|pokles|sestupnÃ½|trend
ğŸ“Š|graf|sloupcovÃ½ graf|sloupec
ğŸ“‹|deska|dokumenty|klip|podloÅ¾ka|psacÃ­ podloÅ¾ka
ğŸ“Œ|napÃ­nÃ¡Äek|pÅ™ipÃ­nÃ¡Äek|Å¡pendlÃ­k
ğŸ“|kulatÃ½ pÅ™ipÃ­nÃ¡Äek|napÃ­nÃ¡Äek|Å¡pendlÃ­k
ğŸ“|kancelÃ¡Å™skÃ¡ sponka|papÃ­r|svorka
ğŸ–‡ï¸|ÄlÃ¡nek|papÃ­r|Å™etÄ›z|spojenÃ© kancelÃ¡Å™skÃ© sponky|spojenÃ­|sponky|svorka
ğŸ“|dlouhÃ©|pravÃ­tko|rovnÃ© pravÃ­tko
ğŸ“|pravÃ½|trojÃºhelnÃ­kovÃ© pravÃ­tko|Ãºhel
ğŸ—ƒï¸|karta|krabice s kartotÃ©kou|spis
ğŸ—„ï¸|archiv|kartotÃ©ka|poÅ™adaÄ|skÅ™Ã­Åˆ na spisy|spis
ğŸ—‘ï¸|koÅ¡|odpadkovÃ½ koÅ¡|smetÃ­
ğŸ”’|visacÃ­|zamÄeno|zamÄenÃ½|zamknuto|zamknutÃ½ zÃ¡mek|zavÅ™eno|zavÅ™enÃ½
ğŸ”“|odemÄeno|odemÄenÃ½|odemknuto|odemknutÃ½ zÃ¡mek|otevÅ™eno|otevÅ™enÃ½|visacÃ­
ğŸ”|inkoust|pero|soukromÃ­|soukromÃ½|tajnÃ©|utajenÃ­|zÃ¡mek|zamknutÃ½ zÃ¡mek s plnicÃ­m perem
ğŸ”|bezpeÄnÃ½|klÃ­Ä|zabezpeÄenÃ­|zÃ¡mek|zamknutÃ½ zÃ¡mek s klÃ­Äem|zavÅ™enÃ½
ğŸ”‘|heslo|klÃ­Ä|zÃ¡mek
ğŸ—ï¸|dÃ³zickÃ½|klÃ­Ä|starÃ½|stopa|zÃ¡mek
ğŸ”¨|kladÃ­vko|kladivo|nÃ¡Å™adÃ­
ğŸª“|dÅ™Ã­vÃ­|sekÃ¡nÃ­|sekat|sekera|sekerka|sekyra|sekyrka|Å¡tÃ­pÃ¡nÃ­|Å¡tÃ­pat
â›ï¸|dolovÃ¡nÃ­|krumpÃ¡Ä|nÃ¡Å™adÃ­
ğŸ› ï¸|kladivo a maticovÃ½ klÃ­Ä|klÃ­Ä|montÃ¡Å¾nÃ­|nÃ¡Å™adÃ­
ğŸ—¡ï¸|dÃ½ka|nÅ¯Å¾|zbraÅˆ
ğŸ”«|hraÄka|nÃ¡stroj|pistole|revolver|voda|vodnÃ­|zbraÅˆ
ğŸªƒ|austrÃ¡lie|bumerang|nÃ¡vrat|odraz
ğŸ¹|luk a Å¡Ã­p|Å¡Ã­p|stÅ™elec|vÃ½zbroj|zbraÅˆ|zvÄ›rokruh
ğŸ›¡ï¸|Å¡tÃ­t|zbraÅˆ
ğŸªš|dÅ™evo|nÃ¡stroj|ocaska|pila|pilka|ruÄnÃ­ pila|truhlÃ¡Å™
ğŸ”§|klÃ­Ä|maticovÃ½ klÃ­Ä|montÃ¡Å¾nÃ­|nÃ¡Å™adÃ­|nÃ¡stroj
ğŸª›|nÃ¡stroj|Å¡roubovÃ¡k|Å¡roubovat
ğŸ”©|matice|nÃ¡Å™adÃ­|Å¡roub a matice
ğŸ—œï¸|komprese|nÃ¡Å™adÃ­|svÄ›rka|svorka|tlak
ğŸ¦¯|handicap|hendikep|pomÅ¯cka|postiÅ¾enÃ­|slepeckÃ¡ hÅ¯l|slepÃ½|usnadnÄ›nÃ­|zpÅ™Ã­stupnÄ›nÃ­
ğŸ”—|ÄlÃ¡nek|ÄlÃ¡nky Å™etÄ›zu|Å™etÄ›z|spojenÃ­
â›“ï¸|Å™etÄ›zy
ğŸª|chytit|hÃ¡Äek|hÃ¡k|lovit|polapit|zahnutÃ½
ğŸ§°|bedna|box na nÃ¡Å™adÃ­|krabice|nÃ¡Å™adÃ­|nÃ¡stroje
ğŸ§²|magnet|podkova|pÅ™itaÅ¾livost
ğŸªœ|pÅ™Ã­Äka|schod|Å¡plhat|Å¡pruÅ¡el|Å¾ebÅ™Ã­k
ğŸ§ª|chemie|chemik|laboratoÅ™|pokus|vÄ›da|zkumavka
ğŸ§«|bakterie|biologie|bunÄ›ÄnÃ¡ kultura|laboratoÅ™|petriho miska
ğŸ§¬|biologie|dna|evoluce|genetika|Å¡roubovice
ğŸ”¬|mikroskop|nÃ¡stroj|vÄ›da|vÄ›deckÃ½|zvÄ›tÅ¡enÃ­
ğŸ”­|dalekohled|hvÄ›zdÃ¡Å™skÃ½|nÃ¡stroj|teleskop|vÄ›da|vÄ›deckÃ½
ğŸ“¡|antÃ©na|satelitnÃ­ antÃ©na|talÃ­Å™
ğŸ’‰|dÃ¡vka|doktor|injekce|injekÄnÃ­ stÅ™Ã­kaÄka|jehla|lÃ©kaÅ™|nÃ¡stroj|nemocnÃ½|oÄkovÃ¡nÃ­
ğŸ©¸|dÃ¡rcovstvÃ­|darovÃ¡nÃ­|kapka krve|krev|lÃ©kaÅ™stvÃ­|medicÃ­na|menstruace
ğŸ’Š|doktor|lÃ©kaÅ™|nemocnÃ½|pilulka|prÃ¡Å¡ek
ğŸ©¹|bandÃ¡Å¾|nÃ¡plast|obvaz
ğŸ©º|doktor|lÃ©kaÅ™stvÃ­|medicÃ­na|srdce|stetoskop
ğŸšª|dveÅ™e
ğŸ›—|pÅ™Ã­stup|usnadnÄ›nÃ­|vÃ½tah|zdviÅ¾
ğŸª|obraz|odlesk|odraz|zrcadlo|zrcÃ¡tko
ğŸªŸ|ÄerstvÃ½ vzduch|okno|otvor|prÅ¯hlednÃ½|rÃ¡m|vÃ½hled
ğŸ›ï¸|hotel|postel|spÃ¡nek
ğŸ›‹ï¸|gauÄ a lampa|hotel|lampa
ğŸª‘|posezenÃ­|sedaÄka|sedadlo|sedÃ¡tko|sedÄ›t|sezenÃ­|Å¾idle
ğŸš½|klozet|toaleta|toaletnÃ­ mÃ­sa|wc|zÃ¡chod
ğŸª |instalatÃ©r|podtlak|toaleta|ucpanÃ½|zÃ¡chod|zvon na wc
ğŸš¿|koupelna|sprcha|voda
ğŸ›|koupelna|lÃ¡zeÅˆ|vana|voda
ğŸª¤|nÃ¡straha|nÃ¡vnada|pastiÄka na myÅ¡i
ğŸª’|bÅ™itva|holenÃ­|holicÃ­|holit|oholit|ostrÃ½
ğŸ§´|gel|krÃ©m|lÃ¡hev na kosmetiku|opalovacÃ­|pleÅ¥ovÃ½|Å¡ampon
ğŸ§·|pankÃ¡Ä|plenky|pleny|punk|spÃ­nacÃ­ Å¡pendlÃ­k|zavÃ­racÃ­ Å¡pendlÃ­k
ğŸ§¹|ÄarodÄ›jnice|koÅ¡tÄ›|Ãºklid|uklÃ­zenÃ­|zametÃ¡nÃ­
ğŸ§º|koÅ¡Ã­k|piknik|prÃ¡dlo|proutÃ­
ğŸ§»|papÃ­rovÃ© ruÄnÃ­ky|papÃ­rovÃ© utÄ›rky|role papÃ­ru|toaletnÃ­ papÃ­r
ğŸª£|dÅ¾ber|kbelÃ­k|kÃ½bl|kyblÃ­k|vÄ›dro
ğŸ§¼|kostka|koupel|miska na mÃ½dlo|mydlenÃ­|mÃ½dlo|mytÃ­
ğŸª¥|Äistit|dentÃ¡lnÃ­|hygiena|kartÃ¡Äek|koupelna|zubnÃ­|zuby
ğŸ§½|houba|koupelovÃ¡|mycÃ­ houba|mytÃ­|porÃ©znÃ­|savÃ¡
ğŸ§¯|haÅ¡enÃ­|hasicÃ­ pÅ™Ã­stroj|oheÅˆ|poÅ¾Ã¡r
ğŸ›’|koÅ¡Ã­k|nÃ¡kupnÃ­|nakupovÃ¡nÃ­|vozÃ­k
ğŸš¬|cigareta|kouÅ™enÃ­
âš°ï¸|rakev|smrt
ğŸª¦|hÅ™bitov|hrob|kÃ¡men|nÃ¡hrobek|nÃ¡hrobnÃ­|pomnÃ­k
âš±ï¸|ostatky|pohÅ™ebnÃ­ urna|popel|smrt|urna
ğŸ—¿|moyai|smajlÃ­k|socha moai|tvÃ¡Å™|vÃ½raz
ğŸª§|cedule|demonstrace|poutaÄ|protest|transparent
ğŸ§|atm|automat|banka|bankomat|znaÄka bankomatu
ğŸš®|koÅ¡|odpadky|smetÃ­|znaÄka odpadkovÃ©ho koÅ¡e
ğŸš°|kohoutek|nÃ¡poj|pitÃ­|pitnÃ¡|voda
â™¿|bezbariÃ©rovÃ½|invalidy|pÅ™Ã­stup|symbol invalidnÃ­ho vozÃ­ku|vozÃ­k|zpÅ™Ã­stupnÄ›nÃ­
ğŸš¹|muÅ¾|pÃ¡nskÃ© toalety|toaleta|wc|zÃ¡chod
ğŸšº|dÃ¡mskÃ© toalety|toaleta|wc|zÃ¡chod|Å¾ena
ğŸš»|toaleta|toalety|wc|zÃ¡chod
ğŸš¼|dÃ­tÄ›|pÅ™ebalenÃ­|pÅ™ebalovacÃ­|symbol dÃ­tÄ›te
ğŸš¾|toaleta|voda|wc|zÃ¡chod
ğŸ›‚|kontrola|pasovÃ¡ kontrola
ğŸ›ƒ|celnice|clo|deklarovat|zboÅ¾Ã­
ğŸ›„|vÃ½dej zavazadel|zavazadlo
ğŸ›…|odloÅ¾enÃ­|skÅ™Ã­Åˆky|Ãºschova|Ãºschovna zavazadel|zavazadla
âš ï¸|upozornÄ›nÃ­|varovÃ¡nÃ­|vÃ½straha
ğŸš¸|chodci|chodec|dÃ­tÄ›|doprava|dopravnÃ­|pozor, dÄ›ti|pÅ™echod|znaÄka
â›”|doprava|dopravnÃ­|vjezdu|vozidel|vstupu|zÃ¡kaz vjezdu v jednom smÄ›ru|zakÃ¡zÃ¡no|znaÄka
ğŸš«|vstup|zÃ¡kaz|zakÃ¡zÃ¡no
ğŸš³|kolo|vozidlo|zÃ¡kaz vjezdu cyklistÅ¯|zakÃ¡zÃ¡no
ğŸš­|kouÅ™enÃ­|zÃ¡kaz|zakÃ¡zÃ¡no
ğŸš¯|odpadky|smetÃ­|zÃ¡kaz odhazovÃ¡nÃ­ odpadkÅ¯|zakÃ¡zÃ¡no
ğŸš±|kohoutek|nÃ¡poj|nepitnÃ¡ voda|nevhodnÃ¡|pitÃ­|voda
ğŸš·|chodci|prÅ¯chod|zÃ¡kaz vstupu chodcÅ¯|zakÃ¡zÃ¡no
ğŸ“µ|mobilnÃ­|telefonovÃ¡nÃ­|zÃ¡kaz pouÅ¾Ã­vÃ¡nÃ­ mobilnÃ­ch telefonÅ¯|zakÃ¡zÃ¡no
ğŸ”|18|nezletilost|nezletilÃ½m|omezenÃ­|osmnÃ¡ct|vÄ›k|zÃ¡kaz vstupu osobÃ¡m mladÅ¡Ã­m 18 let|zakÃ¡zÃ¡no
â¬†ï¸|hlavnÃ­|sever|Å¡ipka nahoru|smÄ›r|strany|svÄ›tovÃ©
â¡ï¸|hlavnÃ­|Å¡ipka doprava|smÄ›r|strany|svÄ›tovÃ©|vÃ½chod
â¬‡ï¸|hlavnÃ­|jih|Å¡ipka dolÅ¯|smÄ›r|strany|svÄ›tovÃ©
â¬…ï¸|hlavnÃ­|Å¡ipka doleva|smÄ›r|strany|svÄ›tovÃ©|zÃ¡pad
â†©ï¸|Å¡ipka doprava stÃ¡ÄejÃ­cÃ­ se doleva
â†ªï¸|Å¡ipka doleva stÃ¡ÄejÃ­cÃ­ se doprava
ğŸ”ƒ|doprava|hodin|naÄÃ­st|naÄtenÃ­|novÃ©|opÄ›tovnÃ©|ruÄiÄek|Å¡ipka|smÄ›ru|svislÃ© Å¡ipky ve smÄ›ru hodinovÃ½ch ruÄiÄek|znovu
ğŸ”„|doleva|hodin|proti|ruÄiÄek|Å¡ipka|Å¡ipky proti smÄ›ru hodinovÃ½ch ruÄiÄek|smÄ›ru
ğŸ”™|back|Å¡ipka|zpÄ›t
ğŸ”š|konec|Å¡ipka s nÃ¡pisem end
ğŸ”›|kupÅ™edu|Å¡ipka|Å¡ipky s nÃ¡pisem on!|znaÄka
ğŸ”œ|brzy|Å¡ipka s nÃ¡pisem soon
ğŸ”|nahoru|neklopit|Å¡ipka s nÃ¡pisem top|vzhÅ¯ru
ğŸ›|modlitebna|nÃ¡boÅ¾enstvÃ­|svatostÃ¡nek|vÃ­ra
âš›ï¸|ateismus|atom|symbol atomu
ğŸ•‰ï¸|hinduismus|nÃ¡boÅ¾enstvÃ­|Ã³m
â˜¯ï¸|jang|jin a jang|nÃ¡boÅ¾enstvÃ­|taoismus
âœï¸|kÅ™esÅ¥anskÃ½|kÅ™esÅ¥anstvÃ­|kÅ™Ã­Å¾|latinskÃ½ kÅ™Ã­Å¾|nÃ¡boÅ¾enstvÃ­
â˜ªï¸|hvÄ›zda a pÅ¯lmÄ›sÃ­c|islÃ¡mskÃ½|muslimskÃ½|nÃ¡boÅ¾enstvÃ­
â˜®ï¸|mÃ­r|symbol mÃ­ru
ğŸ•|menora|nÃ¡boÅ¾enstvÃ­|sedmiramennÃ½ svÃ­cen|svÃ­cen
ğŸ”¯|hvÄ›zda|Å¡esticÃ­pÃ¡ hvÄ›zda s teÄkou uprostÅ™ed|Å¡Å¥astnÃ¡|Å¡tÄ›stÄ›na|Å¡tÄ›stÃ­
â™Š|blÃ­Å¾enci|blÃ­Å¾enec|dvojÄata|zvÄ›rokruh
â™‹|rak|zvÄ›rokruh
â™Œ|lev|zvÄ›rokruh
â™|panna|zvÄ›rokruh
â™|rovnovÃ¡ha|spravedlnost|vÃ¡ha|vÃ¡hy|zvÄ›rokruh
â™|Å¡tÃ­r|zvÄ›rokruh
â›|hadonoÅ¡|plaz|zvÄ›rokruh
ğŸ”€|Å¡ipka|Å¡ipky|tlaÄÃ­tko nÃ¡hodnÃ©ho pÅ™ehrÃ¡vÃ¡nÃ­|zkÅ™Ã­Å¾enÃ©|zkÅ™Ã­Å¾enÃ­
ğŸ”|opakovat|Å¡ipka|tlaÄÃ­tko opakovÃ¡nÃ­|ve smÄ›ru hodinovÃ½ch ruÄiÄek
ğŸ”‚|jedna|Å¡ipka|skladba|smÄ›ru hodinovÃ½ch ruÄiÄek|stopa|tlaÄÃ­tko opakovÃ¡nÃ­ jednÃ© stopy
â–¶ï¸|pÅ™ehrÃ¡t|Å¡ipka|tlaÄÃ­tko pÅ™ehrÃ¡vÃ¡nÃ­|trojÃºhelnÃ­k|vpravo
â©|dvojitÃ½|pÅ™evinout|rychle|rychloposuv|Å¡ipka|tlaÄÃ­tko pÅ™evÃ­jenÃ­ vpÅ™ed|vpÅ™ed
â­ï¸|dalÅ¡Ã­|nÃ¡sledujÃ­cÃ­|scÃ©na|Å¡ipka|skladba|stopa|tlaÄÃ­tko dalÅ¡Ã­ stopy|trojÃºhelnÃ­k
â¯ï¸|pozastavit|pÅ™ehrÃ¡t|Å¡ipka|tlaÄÃ­tko pÅ™ehrÃ¡vÃ¡nÃ­ nebo pozastavenÃ­|trojÃºhelnÃ­k|vpravo
â—€ï¸|opaÄnÄ›|opaÄnÃ©ho|Å¡ipka|tlaÄÃ­tko pÅ™ehrÃ¡vÃ¡nÃ­ pozpÃ¡tku|trojÃºhelnÃ­k|vlevo|zpÄ›t
âª|dvojitÃ½|pÅ™evinout|rychle|rychloposuv|Å¡ipka|tlaÄÃ­tko pÅ™evÃ­jenÃ­ vzad|vzad|zpÄ›t
â®ï¸|poslednÃ­|pÅ™edchÃ¡zejÃ­cÃ­|pÅ™edchozÃ­|scÃ©na|Å¡ipka|skladba|stopa|tlaÄÃ­tko pÅ™edchozÃ­ stopy|trojÃºhelnÃ­k
ğŸ”¼|nahoru|Å¡ipka|tlaÄÃ­tko|trojÃºhelnÃ­k
â«|dvojitÃ½|Å¡ipka|tlaÄÃ­tko rychle nahoru
ğŸ”½|dolÅ¯|Å¡ipka|tlaÄÃ­tko|trojÃºhelnÃ­k
â¬|dolÅ¯|dvojitÃ½|Å¡ipka|tlaÄÃ­tko rychle dolÅ¯
â¸ï¸|dvojitÃ½|pozastavit|pruhy|sloupce|sloupec|svislÃ©|svislÃ½|tlaÄÃ­tko pozastavenÃ­|vertikÃ¡lnÃ­
â¹ï¸|Ätverec|stop|tlaÄÃ­tko zastavenÃ­|zastavit
âºï¸|koleÄko|krouÅ¾ek|kruh|nahrÃ¡t|tlaÄÃ­tko nahrÃ¡vÃ¡nÃ­|zÃ¡znam
âï¸|tlaÄÃ­tko vysunutÃ­|vysunout
ğŸ¦|film|kinosÃ¡l|opona|plÃ¡tno|promÃ­taÄka
ğŸ”…|jas|nÃ­zkÃ½|tlaÄÃ­tko ztlumenÃ­ jasu|ztlumit|ztmavenÃ­|ztmavit
ğŸ”†|jasnÃ½|tlaÄÃ­tko zvÃ½Å¡enÃ­ jasu|zesvÄ›tlenÃ­|zesvÄ›tlit|zjasnÄ›nÃ­|zjasnit
ğŸ“¶|antÃ©na|indikÃ¡tor sÃ­ly signÃ¡lu|mobilnÃ­|prouÅ¾ky|signÃ¡l|sÃ­la|telefon|ukazatel
ğŸ“³|mobilnÃ­|reÅ¾im|telefon|vibrace|vibraÄnÃ­ reÅ¾im|vibrovÃ¡nÃ­
ğŸ“´|mobilnÃ­|telefon|vypnuto|vypnutÃ½ mobilnÃ­ telefon
âš§|symbol pro transgender osoby|transgender
â™¾ï¸|bez hranic|nekoneÄnost|neomezenost|vÄ›Änost
â€¼ï¸|!!|dvojitÃ½ vykÅ™iÄnÃ­k|interpunkÄnÃ­ znamÃ©nka|vykÅ™iÄnÃ­k
ğŸ’±|banka|mÄ›na|penÃ­ze|smÄ›na penÄ›z|smÄ›nÃ¡rna|vÃ½mÄ›na
ğŸ’²|dolar|mÄ›na|penÃ­ze|znak dolaru
â™»ï¸|recyklace|symbol recyklace
âšœï¸|erb|heraldickÃ¡ lilie|lilie
ğŸ”±|emblÃ©m trojzubce|kotva|loÄ|nÃ¡stroj|trojzubec
ğŸ“›|cedulka|jmÃ©no|jmenovka
ğŸ”°|japonskÃ½ symbol pro zaÄÃ¡teÄnÃ­ka|list|pomÅ¯cka|zaÄÃ¡teÄnÃ­k|zelenÃ¡|Å¾lutÃ¡
â­•|ÄervenÃ½ kruh bez vÃ½plnÄ›|kruh|o|velkÃ½
âŒ|Ã—|krÃ¡t|kÅ™Ã­Å¾ek|nÃ¡sobenÃ­|souÄin|x|znaÄka|zruÅ¡enÃ­
â|Ã—|Ätverec|ÄtvereÄek|tlaÄÃ­tko s kÅ™Ã­Å¾kem|x|znaÄka|znak
â°|smyÄka|spirÃ¡lka
â¿|dvojitÃ¡ smyÄka|dvojitÃ½|smyÄka|spirÃ¡lka
ã€½ï¸|part|symbol|zaÄÃ¡tek|znaÄka pÅ™echodu mezi ÄÃ¡stmi skladby|znak|zpÄ›vÃ¡k
ğŸ” |abcd|abeceda|klÃ¡vesnice|latinka|pÃ­smena|psanÃ­|velkÃ¡ pÃ­smena|vstup|zadÃ¡vÃ¡nÃ­ v latince, velkÃ¡ pÃ­smena
ğŸ”¡|abcd|abeceda|klÃ¡vesnice|latinka|malÃ¡ pÃ­smena|pÃ­smena|psanÃ­|vstup|zadÃ¡vÃ¡nÃ­ v latince, malÃ¡ pÃ­smena
ğŸ”¢|1234|ÄÃ­sla|zadÃ¡vÃ¡nÃ­ ÄÃ­sel
ğŸ”£|ã€’â™ª&%|klÃ¡vesnice|psanÃ­|vstup|zadÃ¡vÃ¡nÃ­ symbolÅ¯
ğŸ”¤|abcd|abeceda|klÃ¡vesnice|latinka|pÃ­smena|psanÃ­|vstup|zadÃ¡vÃ¡nÃ­ pÃ­smen v latince
ğŸ…°ï¸|a|krev|Å¡tÃ­tek a (krevnÃ­ skupina)
ğŸ†|ab|krev|Å¡tÃ­tek ab (krevnÃ­ skupina)
ğŸ…±ï¸|b|krev|Å¡tÃ­tek b (krevnÃ­ skupina)
ğŸ†‘|cl|Å¡tÃ­tek cl
ğŸ†’|cool|Å¡tÃ­tek cool
ğŸ†“|free|Å¡tÃ­tek free
ğŸ†”|identita|Å¡tÃ­tek id|totoÅ¾nost
â“‚ï¸|krouÅ¾ek|kruh|m v krouÅ¾ku
ğŸ†•|new|Å¡tÃ­tek new
ğŸ†–|ng|Å¡tÃ­tek ng
ğŸ…¾ï¸|0|krev|o|Å¡tÃ­tek 0 (krevnÃ­ skupina)
ğŸ†—|ok|Å¡tÃ­tek ok
ğŸ…¿ï¸|parking|parkovÃ¡nÃ­|parkoviÅ¡tÄ›|Å¡tÃ­tek p
ğŸ†˜|pomoc|sos|Å¡tÃ­tek sos
ğŸ†™|Å¡tÃ­tek up!|up|znaÄka
ğŸ†š|Å¡tÃ­tek vs|versus|vs
ğŸˆ|japonÅ¡tina|katakana|Å¡tÃ­tek s japonskÃ½m znakem zde|tady|zde|ã‚³ã‚³
ğŸˆ‚ï¸|bezplatnÄ›|japonÅ¡tina|katakana|poplatek|sluÅ¾ba|Å¡tÃ­tek â€“ japonskÃ½ znak pozornost podniku|zdarma|ã‚µ
ğŸˆ·ï¸|ideogram|japonÅ¡tina|mÄ›sÃ­ÄnÄ›|mÄ›sÃ­ÄnÃ­|Å¡tÃ­tek s japonskÃ½m znakem mÄ›sÃ­c|æœˆ
ğŸˆ¶|ideogram|japonÅ¡tina|majetek|nenÃ­ zdarma|Å¡tÃ­tek s japonskÃ½m znakem nenÃ­ zdarma|vlastnictvÃ­|æœ‰
ğŸˆ¯|ideogram|japonÅ¡tina|obsazeno|prst|smÄ›r|Å¡tÃ­tek s japonskÃ½m znakem rezervovÃ¡no|æŒ‡
ğŸ‰|ideogram|japonÅ¡tina|koupÄ›|Å¡tÃ­tek â€“ japonskÃ½ znak vÃ½hodnÃ¡ koupÄ›|vÃ½hodnÃ¡|vÃ½hodnost|å¾—
ğŸˆ¹|akce|ideogram|japonÅ¡tina|sleva|Å¡tÃ­tek s japonskÃ½m znakem sleva|vÃ½prodej|å‰²
ğŸˆš|bezplatnÄ›|ideogram|japonÅ¡tina|Å¡tÃ­tek s japonskÃ½m znakem zdarma|zdarma|ç„¡
ğŸˆ²|ideogram|japonÅ¡tina|Å¡tÃ­tek s japonskÃ½m znakem zÃ¡kaz|zakÃ¡zÃ¡no|ç¦
ğŸ‰‘|ideogram|japonÅ¡tina|pÅ™Ã­jem|pÅ™ijetÃ­|Å¡tÃ­tek s japonskÃ½m znakem pÅ™ijatelnÃ©|å¯
ğŸˆ¸|dotazy|ideogram|japonÅ¡tina|kontakt|pÅ™ihlÃ¡Å¡ka|Å¡tÃ­tek s japonskÃ½m znakem Å¾Ã¡dost|ç”³
ğŸˆ´|hodnocenÃ­|ideogram|japonÅ¡tina|prospÄ›l|Å¡tÃ­tek s japonskÃ½m znakem prospÄ›l|vyhovÄ›l|vyhovujÃ­cÃ­|znÃ¡mka|åˆ
ğŸˆ³|ideogram|japonÅ¡tina|neobsazenÃ½|prÃ¡zdnÃ½|Å¡tÃ­tek s japonskÃ½m znakem volno|volnÃ½|ç©º
ğŸˆº|ideogram|japonÅ¡tina|provoznÃ­ doba|Å¡tÃ­tek s japonskÃ½m znakem otevÅ™eno|å–¶
ğŸˆµ|ideogram|japonÅ¡tina|plno|Å¡tÃ­tek s japonskÃ½m znakem obsazeno|Å¾Ã¡dnÃ¡ volnÃ¡|Å¾Ã¡dnÃ© volnÃ©|æº€
ğŸ”´|ÄervenÃ¡|ÄervenÃ½ krouÅ¾ek|geometrie|kruh
ğŸŸ |koleÄko|krouÅ¾ek|kruh|oranÅ¾ovÃ¡|oranÅ¾ovÃ½ krouÅ¾ek
ğŸŸ¡|koleÄko|krouÅ¾ek|kruh|Å¾lutÃ¡|Å¾lutÃ½ krouÅ¾ek
ğŸŸ¢|koleÄko|krouÅ¾ek|kruh|zelenÃ¡|zelenÃ½ krouÅ¾ek
ğŸ”µ|geometrie|kruh|modrÃ¡|modrÃ½ krouÅ¾ek
ğŸŸ£|fialovÃ¡|fialovÃ½ krouÅ¾ek|koleÄko|krouÅ¾ek|kruh
ğŸŸ¤|hnÄ›dÃ¡|hnÄ›dÃ½ krouÅ¾ek|koleÄko|krouÅ¾ek|kruh
âš«|ÄernÃ¡|ÄernÃ½ krouÅ¾ek|geometrie|kruh
âšª|bÃ­lÃ¡|bÃ­lÃ½ krouÅ¾ek|geometrie|kruh
ğŸŸ¥|ÄervenÃ¡|ÄervenÃ½ ÄtvereÄek|Ätverec|ÄtvereÄek
ğŸŸ§|Ätverec|ÄtvereÄek|oranÅ¾ovÃ¡|oranÅ¾ovÃ½ ÄtvereÄek
ğŸŸ¨|Ätverec|ÄtvereÄek|Å¾lutÃ¡|Å¾lutÃ½ ÄtvereÄek
ğŸŸ©|Ätverec|ÄtvereÄek|zelenÃ¡|zelenÃ½ ÄtvereÄek
ğŸŸ¦|Ätverec|ÄtvereÄek|modrÃ¡|modrÃ½ ÄtvereÄek
ğŸŸª|Ätverec|ÄtvereÄek|fialovÃ¡|fialovÃ½ ÄtvereÄek
ğŸŸ«|Ätverec|ÄtvereÄek|hnÄ›dÃ¡|hnÄ›dÃ½ ÄtvereÄek
â¬›|Ätverec|geometrie|velkÃ½ ÄernÃ½ Ätverec
â¬œ|Ätverec|geometrie|velkÃ½ bÃ­lÃ½ Ätverec
â—¼ï¸|Ätverec|geometrie|stÅ™ednÃ­ ÄernÃ½ Ätverec
â—»ï¸|Ätverec|geometrie|stÅ™ednÃ­ bÃ­lÃ½ Ätverec
â—¾|Ätverec|geometrie|vÄ›tÅ¡Ã­ ÄernÃ½ ÄtvereÄek
â—½|Ätverec|geometrie|vÄ›tÅ¡Ã­ bÃ­lÃ½ ÄtvereÄek
â–ªï¸|ÄernÃ½ ÄtvereÄek|Ätverec|geometrie
â–«ï¸|bÃ­lÃ½ ÄtvereÄek|Ätverec|geometrie
ğŸ”¶|geometrie|kosoÄtverec|oranÅ¾ovÃ¡|velkÃ½ oranÅ¾ovÃ½ kosoÄtverec
ğŸ”·|geometrie|kosoÄtverec|modrÃ¡|velkÃ½ modrÃ½ kosoÄtverec
ğŸ”¸|geometrie|kosoÄtverec|malÃ½ oranÅ¾ovÃ½ kosoÄtverec|oranÅ¾ovÃ¡
ğŸ”¹|geometrie|kosoÄtverec|malÃ½ modrÃ½ kosoÄtverec|modrÃ¡
ğŸ”º|ÄervenÃ¡|ÄervenÃ½ trojÃºhelnÃ­k mÃ­Å™Ã­cÃ­ nahoru|geometrie
ğŸ”»|ÄervenÃ¡|ÄervenÃ½ trojÃºhelnÃ­k mÃ­Å™Ã­cÃ­ dolÅ¯|dolÅ¯|geometrie
ğŸ’ |geometrie|kosoÄtverec s teÄkou|obrÃ¡zek|uvnitÅ™
ğŸ”˜|geometrie|kulatÃ©|pÅ™epÃ­naÄ|pÅ™epÃ­nacÃ­|rÃ¡dio|tlaÄÃ­tko
ğŸ”³|bÃ­lÃ© ÄtvercovÃ© tlaÄÃ­tko|ÄtvercovÃ©|Ätverec|geometrie|obrys|tlaÄÃ­tko
ğŸ”²|ÄernÃ© ÄtvercovÃ© tlaÄÃ­tko|ÄtvercovÃ©|Ätverec|geometrie|tlaÄÃ­tko
ğŸ|kostkovanÃ¡|praporek|Å¡achovnicovÃ¡ vlajka|signÃ¡lnÃ­|vlajka|zÃ¡vod
ğŸš©|praporek|sloupek|trojÃºhelnÃ­kovÃ¡ vlajka
ğŸŒ|japonskÃ½|kÅ™Ã­Å¾|oslava|zkÅ™Ã­Å¾enÃ© vlajky
ğŸ´|ÄernÃ¡ vlajka|praporek|vlajÃ­cÃ­
ğŸ³ï¸|bÃ­lÃ¡ vlajka|praporek|vlajÃ­cÃ­
ğŸ³ï¸â€ğŸŒˆ|duha|duhovÃ¡ vlajka|praporek|vlajka
ğŸ³ï¸â€âš§ï¸|bÃ­lÃ¡|rÅ¯Å¾ovÃ¡|svÄ›tle modrÃ¡|transgender|vlajka trans hrdosti
ğŸ´â€â˜ ï¸|hnÃ¡ty|lebka|pirÃ¡tskÃ¡ vlajka|poklad
ğŸ‡¦ğŸ‡©|andorra
ğŸ‡¦ğŸ‡ª|spojenÃ© arabskÃ© emirÃ¡ty
ğŸ‡¦ğŸ‡«|afghÃ¡nistÃ¡n
ğŸ‡¦ğŸ‡¬|antigua a barbuda
ğŸ‡¦ğŸ‡®|anguilla
ğŸ‡¦ğŸ‡±|albÃ¡nie
ğŸ‡¦ğŸ‡²|armÃ©nie
ğŸ‡¦ğŸ‡´|angola
ğŸ‡¦ğŸ‡¶|antarktida
ğŸ‡¦ğŸ‡·|argentina
ğŸ‡¦ğŸ‡¸|americkÃ¡ samoa
ğŸ‡¦ğŸ‡¹|rakousko
ğŸ‡¦ğŸ‡º|austrÃ¡lie
ğŸ‡¦ğŸ‡¼|aruba
ğŸ‡¦ğŸ‡½|Ã¥landy
ğŸ‡¦ğŸ‡¿|Ã¡zerbÃ¡jdÅ¾Ã¡n
ğŸ‡§ğŸ‡¦|bosna a hercegovina
ğŸ‡§ğŸ‡§|barbados
ğŸ‡§ğŸ‡©|bangladÃ©Å¡
ğŸ‡§ğŸ‡ª|belgie
ğŸ‡§ğŸ‡«|burkina faso
ğŸ‡§ğŸ‡¬|bulharsko
ğŸ‡§ğŸ‡­|bahrajn
ğŸ‡§ğŸ‡®|burundi
ğŸ‡§ğŸ‡¯|benin
ğŸ‡§ğŸ‡±|svatÃ½ bartolomÄ›j
ğŸ‡§ğŸ‡²|bermudy
ğŸ‡§ğŸ‡³|brunej
ğŸ‡§ğŸ‡´|bolÃ­vie
ğŸ‡§ğŸ‡¶|karibskÃ© nizozemsko
ğŸ‡§ğŸ‡·|brazÃ­lie
ğŸ‡§ğŸ‡¸|bahamy
ğŸ‡§ğŸ‡¹|bhÃºtÃ¡n
ğŸ‡§ğŸ‡¼|botswana
ğŸ‡§ğŸ‡¾|bÄ›lorusko
ğŸ‡§ğŸ‡¿|belize
ğŸ‡¨ğŸ‡¦|kanada
ğŸ‡¨ğŸ‡¨|kokosovÃ© ostrovy
ğŸ‡¨ğŸ‡©|kongo â€“ kinshasa
ğŸ‡¨ğŸ‡«|stÅ™edoafrickÃ¡ republika
ğŸ‡¨ğŸ‡¬|kongo â€“ brazzaville
ğŸ‡¨ğŸ‡­|Å¡vÃ½carsko
ğŸ‡¨ğŸ‡®|pobÅ™eÅ¾Ã­ slonoviny
ğŸ‡¨ğŸ‡°|cookovy ostrovy
ğŸ‡¨ğŸ‡±|chile
ğŸ‡¨ğŸ‡²|kamerun
ğŸ‡¨ğŸ‡³|ÄÃ­na
ğŸ‡¨ğŸ‡´|kolumbie
ğŸ‡¨ğŸ‡·|kostarika
ğŸ‡¨ğŸ‡º|kuba
ğŸ‡¨ğŸ‡»|kapverdy
ğŸ‡¨ğŸ‡¼|curaÃ§ao
ğŸ‡¨ğŸ‡½|vÃ¡noÄnÃ­ ostrov
ğŸ‡¨ğŸ‡¾|kypr
ğŸ‡¨ğŸ‡¿|Äesko
ğŸ‡©ğŸ‡ª|nÄ›mecko
ğŸ‡©ğŸ‡¯|dÅ¾ibutsko
ğŸ‡©ğŸ‡°|dÃ¡nsko
ğŸ‡©ğŸ‡²|dominika
ğŸ‡©ğŸ‡´|dominikÃ¡nskÃ¡ republika
ğŸ‡©ğŸ‡¿|alÅ¾Ã­rsko
ğŸ‡ªğŸ‡¨|ekvÃ¡dor
ğŸ‡ªğŸ‡ª|estonsko
ğŸ‡ªğŸ‡¬|egypt
ğŸ‡ªğŸ‡­|zÃ¡padnÃ­ sahara
ğŸ‡ªğŸ‡·|eritrea
ğŸ‡ªğŸ‡¸|Å¡panÄ›lsko
ğŸ‡ªğŸ‡¹|etiopie
ğŸ‡ªğŸ‡º|evropskÃ¡ unie
ğŸ‡«ğŸ‡®|finsko
ğŸ‡«ğŸ‡¯|fidÅ¾i
ğŸ‡«ğŸ‡°|falklandskÃ© ostrovy
ğŸ‡«ğŸ‡²|mikronÃ©sie
ğŸ‡«ğŸ‡´|faerskÃ© ostrovy
ğŸ‡«ğŸ‡·|francie
ğŸ‡¬ğŸ‡¦|gabon
ğŸ‡¬ğŸ‡§|spojenÃ© krÃ¡lovstvÃ­
ğŸ‡¬ğŸ‡©|grenada
ğŸ‡¬ğŸ‡ª|gruzie
ğŸ‡¬ğŸ‡«|francouzskÃ¡ guyana
ğŸ‡¬ğŸ‡¬|guernsey
ğŸ‡¬ğŸ‡­|ghana
ğŸ‡¬ğŸ‡®|gibraltar
ğŸ‡¬ğŸ‡±|grÃ³nsko
ğŸ‡¬ğŸ‡²|gambie
ğŸ‡¬ğŸ‡³|guinea
ğŸ‡¬ğŸ‡µ|guadeloupe
ğŸ‡¬ğŸ‡¶|rovnÃ­kovÃ¡ guinea
ğŸ‡¬ğŸ‡·|Å™ecko
ğŸ‡¬ğŸ‡¸|jiÅ¾nÃ­ georgie a jiÅ¾nÃ­ sandwichovy ostrovy
ğŸ‡¬ğŸ‡¹|guatemala
ğŸ‡¬ğŸ‡º|guam
ğŸ‡¬ğŸ‡¼|guinea-bissau
ğŸ‡¬ğŸ‡¾|guyana
ğŸ‡­ğŸ‡°|hongkong â€“ zao ÄÃ­ny
ğŸ‡­ğŸ‡³|honduras
ğŸ‡­ğŸ‡·|chorvatsko
ğŸ‡­ğŸ‡¹|haiti
ğŸ‡­ğŸ‡º|maÄarsko
ğŸ‡®ğŸ‡¨|kanÃ¡rskÃ© ostrovy
ğŸ‡®ğŸ‡©|indonÃ©sie
ğŸ‡®ğŸ‡ª|irsko
ğŸ‡®ğŸ‡±|izrael
ğŸ‡®ğŸ‡²|ostrov man
ğŸ‡®ğŸ‡³|indie
ğŸ‡®ğŸ‡´|britskÃ© indickooceÃ¡nskÃ© ÃºzemÃ­
ğŸ‡®ğŸ‡¶|irÃ¡k
ğŸ‡®ğŸ‡·|Ã­rÃ¡n
ğŸ‡®ğŸ‡¸|island
ğŸ‡®ğŸ‡¹|itÃ¡lie
ğŸ‡¯ğŸ‡ª|jersey
ğŸ‡¯ğŸ‡²|jamajka
ğŸ‡¯ğŸ‡´|jordÃ¡nsko
ğŸ‡¯ğŸ‡µ|japonsko
ğŸ‡°ğŸ‡ª|keÅˆa
ğŸ‡°ğŸ‡¬|kyrgyzstÃ¡n
ğŸ‡°ğŸ‡­|kambodÅ¾a
ğŸ‡°ğŸ‡®|kiribati
ğŸ‡°ğŸ‡²|komory
ğŸ‡°ğŸ‡³|svatÃ½ kryÅ¡tof a nevis
ğŸ‡°ğŸ‡µ|severnÃ­ korea
ğŸ‡°ğŸ‡·|jiÅ¾nÃ­ korea
ğŸ‡°ğŸ‡¼|kuvajt
ğŸ‡°ğŸ‡¾|kajmanskÃ© ostrovy
ğŸ‡°ğŸ‡¿|kazachstÃ¡n
ğŸ‡±ğŸ‡¦|laos
ğŸ‡±ğŸ‡§|libanon
ğŸ‡±ğŸ‡¨|svatÃ¡ lucie
ğŸ‡±ğŸ‡®|lichtenÅ¡tejnsko
ğŸ‡±ğŸ‡°|srÃ­ lanka
ğŸ‡±ğŸ‡·|libÃ©rie
ğŸ‡±ğŸ‡¸|lesotho
ğŸ‡±ğŸ‡¹|litva
ğŸ‡±ğŸ‡º|lucembursko
ğŸ‡±ğŸ‡»|lotyÅ¡sko
ğŸ‡±ğŸ‡¾|libye
ğŸ‡²ğŸ‡¦|maroko
ğŸ‡²ğŸ‡¨|monako
ğŸ‡²ğŸ‡©|moldavsko
ğŸ‡²ğŸ‡ª|ÄernÃ¡ hora
ğŸ‡²ğŸ‡¬|madagaskar
ğŸ‡²ğŸ‡­|marshallovy ostrovy
ğŸ‡²ğŸ‡°|severnÃ­ makedonie
ğŸ‡²ğŸ‡±|mali
ğŸ‡²ğŸ‡²|myanmar (barma)
ğŸ‡²ğŸ‡³|mongolsko
ğŸ‡²ğŸ‡´|macao â€“ zao ÄÃ­ny
ğŸ‡²ğŸ‡µ|severnÃ­ mariany
ğŸ‡²ğŸ‡¶|martinik
ğŸ‡²ğŸ‡·|mauritÃ¡nie
ğŸ‡²ğŸ‡¸|montserrat
ğŸ‡²ğŸ‡¹|malta
ğŸ‡²ğŸ‡º|mauricius
ğŸ‡²ğŸ‡»|maledivy
ğŸ‡²ğŸ‡¼|malawi
ğŸ‡²ğŸ‡½|mexiko
ğŸ‡²ğŸ‡¾|malajsie
ğŸ‡²ğŸ‡¿|mosambik
ğŸ‡³ğŸ‡¦|namibie
ğŸ‡³ğŸ‡¨|novÃ¡ kaledonie
ğŸ‡³ğŸ‡ª|niger
ğŸ‡³ğŸ‡«|norfolk
ğŸ‡³ğŸ‡¬|nigÃ©rie
ğŸ‡³ğŸ‡®|nikaragua
ğŸ‡³ğŸ‡±|nizozemsko
ğŸ‡³ğŸ‡´|norsko
ğŸ‡³ğŸ‡µ|nepÃ¡l
ğŸ‡³ğŸ‡·|nauru
ğŸ‡³ğŸ‡º|niue
ğŸ‡³ğŸ‡¿|novÃ½ zÃ©land
ğŸ‡´ğŸ‡²|omÃ¡n
ğŸ‡µğŸ‡¦|panama
ğŸ‡µğŸ‡ª|peru
ğŸ‡µğŸ‡«|francouzskÃ¡ polynÃ©sie
ğŸ‡µğŸ‡¬|papua-novÃ¡ guinea
ğŸ‡µğŸ‡­|filipÃ­ny
ğŸ‡µğŸ‡°|pÃ¡kistÃ¡n
ğŸ‡µğŸ‡±|polsko
ğŸ‡µğŸ‡²|saint-pierre a miquelon
ğŸ‡µğŸ‡³|pitcairnovy ostrovy
ğŸ‡µğŸ‡·|portoriko
ğŸ‡µğŸ‡¸|palestinskÃ¡ ÃºzemÃ­
ğŸ‡µğŸ‡¹|portugalsko
ğŸ‡µğŸ‡¼|palau
ğŸ‡µğŸ‡¾|paraguay
ğŸ‡¶ğŸ‡¦|katar
ğŸ‡·ğŸ‡ª|rÃ©union
ğŸ‡·ğŸ‡´|rumunsko
ğŸ‡·ğŸ‡¸|srbsko
ğŸ‡·ğŸ‡º|rusko
ğŸ‡·ğŸ‡¼|rwanda
ğŸ‡¸ğŸ‡¦|saÃºdskÃ¡ arÃ¡bie
ğŸ‡¸ğŸ‡§|Å¡alamounovy ostrovy
ğŸ‡¸ğŸ‡¨|seychely
ğŸ‡¸ğŸ‡©|sÃºdÃ¡n
ğŸ‡¸ğŸ‡ª|Å¡vÃ©dsko
ğŸ‡¸ğŸ‡¬|singapur
ğŸ‡¸ğŸ‡­|svatÃ¡ helena
ğŸ‡¸ğŸ‡®|slovinsko
ğŸ‡¸ğŸ‡°|slovensko
ğŸ‡¸ğŸ‡±|sierra leone
ğŸ‡¸ğŸ‡²|san marino
ğŸ‡¸ğŸ‡³|senegal
ğŸ‡¸ğŸ‡´|somÃ¡lsko
ğŸ‡¸ğŸ‡·|surinam
ğŸ‡¸ğŸ‡¸|jiÅ¾nÃ­ sÃºdÃ¡n
ğŸ‡¸ğŸ‡¹|svatÃ½ tomÃ¡Å¡ a princÅ¯v ostrov
ğŸ‡¸ğŸ‡»|salvador
ğŸ‡¸ğŸ‡½|svatÃ½ martin (nizozemsko)
ğŸ‡¸ğŸ‡¾|sÃ½rie
ğŸ‡¸ğŸ‡¿|eswatini
ğŸ‡¹ğŸ‡¨|turks a caicos
ğŸ‡¹ğŸ‡©|Äad
ğŸ‡¹ğŸ‡«|francouzskÃ¡ jiÅ¾nÃ­ ÃºzemÃ­
ğŸ‡¹ğŸ‡¬|togo
ğŸ‡¹ğŸ‡­|thajsko
ğŸ‡¹ğŸ‡¯|tÃ¡dÅ¾ikistÃ¡n
ğŸ‡¹ğŸ‡°|tokelau
ğŸ‡¹ğŸ‡±|vÃ½chodnÃ­ timor
ğŸ‡¹ğŸ‡²|turkmenistÃ¡n
ğŸ‡¹ğŸ‡³|tunisko
ğŸ‡¹ğŸ‡´|tonga
ğŸ‡¹ğŸ‡·|turecko
ğŸ‡¹ğŸ‡¹|trinidad a tobago
ğŸ‡¹ğŸ‡»|tuvalu
ğŸ‡¹ğŸ‡¼|tchaj-wan
ğŸ‡¹ğŸ‡¿|tanzanie
ğŸ‡ºğŸ‡¦|ukrajina
ğŸ‡ºğŸ‡¬|uganda
ğŸ‡ºğŸ‡¸|spojenÃ© stÃ¡ty
ğŸ‡ºğŸ‡¾|uruguay
ğŸ‡ºğŸ‡¿|uzbekistÃ¡n
ğŸ‡»ğŸ‡¦|vatikÃ¡n
ğŸ‡»ğŸ‡¨|svatÃ½ vincenc a grenadiny
ğŸ‡»ğŸ‡ª|venezuela
ğŸ‡»ğŸ‡¬|britskÃ© panenskÃ© ostrovy
ğŸ‡»ğŸ‡®|americkÃ© panenskÃ© ostrovy
ğŸ‡»ğŸ‡³|vietnam
ğŸ‡»ğŸ‡º|vanuatu
ğŸ‡¼ğŸ‡«|wallis a futuna
ğŸ‡¼ğŸ‡¸|samoa
ğŸ‡½ğŸ‡°|kosovo
ğŸ‡¾ğŸ‡ª|jemen
ğŸ‡¾ğŸ‡¹|mayotte
ğŸ‡¿ğŸ‡¦|jihoafrickÃ¡ republika
ğŸ‡¿ğŸ‡²|zambie
ğŸ‡¿ğŸ‡¼|zimbabwe
ğŸ´ó §ó ¢ó ¥ó ®ó §ó ¿|anglie
ğŸ´ó §ó ¢ó ³ó £ó ´ó ¿|skotsko
ğŸ´ó §ó ¢ó ·ó ¬ó ³ó ¿|wales