â‰ï¸|!?|?|interrobang|mark|punctuation|question|exclamation question mark
â„¹ï¸|information
â†”ï¸|arrow|left-right arrow
â†•ï¸|arrow|up-down arrow
â†–ï¸|arrow|direction|intercardinal|northwest|up-left arrow
â†—ï¸|arrow|direction|intercardinal|northeast|up-right arrow
â†˜ï¸|arrow|direction|down-right arrow|intercardinal|southeast
â†™ï¸|arrow|direction|down-left arrow|intercardinal|southwest
âŒ¨ï¸|computer|keyboard
â˜€ï¸|bright|rays|sunny
â˜ï¸|cloud|weather
â˜‚ï¸|clothing|rain|umbrella
â˜ƒï¸|cold|snowman
â˜„ï¸|comet|space
â˜‘ï¸|âœ“|box|check box with check|ballot|tick box with tick
â˜”|clothing|drop|rain|umbrella with rain drops
â˜•|beverage|coffee|drink|hot|steaming|tea
â˜˜ï¸|plant|shamrock
â˜ ï¸|crossbones|death|face|monster|skull and crossbones
â˜¢ï¸|radioactive|sign
â˜£ï¸|biohazard|sign
â˜¦ï¸|christian|cross|orthodox cross|religion
â˜¸ï¸|buddhist|dharma|religion|wheel of dharma
â˜¹ï¸|face|frowning face
â™ˆ|aries|ram|zodiac
â™‰|bull|ox|taurus|zodiac
â™|archer|sagittarius|zodiac|centaur
â™‘|capricorn|goat|zodiac
â™’|aquarius|bearer|zodiac|water bearer
â™“|fish|pisces|zodiac
â™ ï¸|card|game|spade suit
â™£ï¸|card|club suit|game|clubs
â™¥ï¸|card|game|heart suit
â™¦ï¸|card|diamond suit|game|diamonds
â™¨ï¸|hotsprings|springs|steaming
âš’ï¸|hammer and pick|pick|tool
âš“|anchor|ship|tool
âš”ï¸|crossed|swords|weapon
âš–ï¸|balance|justice|libra|scale|zodiac
âš—ï¸|alembic|chemistry|tool
âš™ï¸|cogwheel|gear|tool
âœ‚ï¸|cutting|scissors|tool
âœ…|âœ“|button|check|mark|tick
âœˆï¸|aeroplane|airplane
âœ‰ï¸|email|envelope|letter|e-mail
âœ’ï¸|black nib|nib|pen
âœ”ï¸|âœ“|mark|check mark|heavy tick mark|tick
âœ–ï¸|Ã—|cancel|multiplication|multiply|sign|x|heavy multiplication sign
âœ¡ï¸|david|jewish|religion|star of david|judaism
âœ¨|*|sparkles|star
âœ³ï¸|*|asterisk|eight-spoked asterisk
âœ´ï¸|*|eight-pointed star|star
â„ï¸|cold|snowflake
â‡ï¸|*|sparkle
â“|?|mark|punctuation|question|red question mark
â”|?|mark|outlined|punctuation|question|white question mark
â•|!|exclamation|mark|outlined|punctuation|white exclamation mark
â—|!|exclamation|mark|punctuation|red exclamation mark
â£ï¸|exclamation|heart exclamation|mark|punctuation
â¤ï¸|heart|red heart
â•|+|plus|sign|addition|maths
â–|-|âˆ’|minus|sign|heavy minus sign|maths|â€“|subtraction
â—|Ã·|divide|division|math|sign
â¤´ï¸|arrow|right arrow curving up
â¤µï¸|arrow|down|right arrow curving down
ã€°ï¸|dash|punctuation|wavy
ãŠ—ï¸|congratulations|ideograph|japanese congratulations button|ç¥
ãŠ™ï¸|secret|ideograph|japanese secret button|ç§˜
ğŸ˜€|face|grinning face
ğŸ˜ƒ|face|grinning face with big eyes|mouth|open|smile
ğŸ˜„|eye|face|grinning face with smiling eyes|mouth|open|smile
ğŸ˜|beaming face with smiling eyes|eye|face|grin|smile
ğŸ˜†|face|grinning squinting face|laugh|mouth|satisfied|smile
ğŸ˜…|cold|face|grinning face with sweat|open|smile|sweat
ğŸ¤£|face|floor|laugh|rofl|rolling on the floor laughing|rotfl
ğŸ˜‚|face with tears of joy|joy|laugh|tear
ğŸ™‚|face|slightly smiling face|smile
ğŸ™ƒ|face|upside down|upside-down face
ğŸ˜‰|face|winking face
ğŸ˜Š|blush|eye|face|smile|smiling face with smiling eyes
ğŸ˜‡|angel|face|fantasy|halo|innocent|smiling face with halo
ğŸ¥°|adore|crush|hearts|in love|smiling face with hearts
ğŸ˜|eye|face|love|smile|smiling face with heart-eyes|smiling face with heart eyes
ğŸ¤©|eyes|face|grinning|star-struck
ğŸ˜˜|face blowing a kiss|kiss
ğŸ˜—|face|kissing face
â˜ºï¸|face|outlined|relaxed|smile|smiling face
ğŸ˜š|closed|eye|face|kissing face with closed eyes
ğŸ˜™|eye|face|kissing face with smiling eyes|smile
ğŸ¥²|grateful|proud|relieved|smiling face with tear|tear|touched
ğŸ˜‹|delicious|face savoring food|savouring|smile|yum|face savouring food|savoring
ğŸ˜›|face with tongue|tongue
ğŸ˜œ|eye|face|joke|tongue|winking face with tongue
ğŸ¤ª|eye|goofy|large|small|zany face
ğŸ˜|eye|face|horrible|squinting face with tongue|taste|tongue
ğŸ¤‘|face|money-mouth face|mouth
ğŸ¤—|face|hugging|open hands|smiling face with open hands
ğŸ¤­|face with hand over mouth|whoops|oops|embarrassed
ğŸ¤«|quiet|shushing face|shooshing face
ğŸ¤”|face|thinking
ğŸ¤|face|mouth|zipper-mouth face
ğŸ¤¨|distrust|face with raised eyebrow|skeptic
ğŸ˜|deadpan|face|meh|neutral
ğŸ˜‘|expressionless|face|inexpressive|meh|unexpressive
ğŸ˜¶|face without mouth|mouth|quiet|silent
ğŸ˜¶â€ğŸŒ«ï¸|absentminded|face in clouds|face in the fog|head in clouds|absent-minded
ğŸ˜|face|smirking face
ğŸ˜’|face|unamused|unhappy
ğŸ™„|eyeroll|eyes|face with rolling eyes|rolling
ğŸ˜¬|face|grimace|grimacing face
ğŸ˜®â€ğŸ’¨|exhale|face exhaling|gasp|groan|relief|whisper|whistle
ğŸ¤¥|face|lie|lying face|pinocchio
ğŸ˜Œ|face|relieved
ğŸ˜”|dejected|face|pensive
ğŸ˜ª|face|good night|sleepy face
ğŸ¤¤|drooling|face
ğŸ˜´|face|good night|sleeping face|zzz
ğŸ˜·|cold|doctor|face with medical mask|mask|sick|ill|medicine|poorly
ğŸ¤’|face with thermometer|ill|sick|thermometer
ğŸ¤•|bandage|face with head-bandage|hurt|injury|face with head bandage
ğŸ¤¢|face|nauseated|vomit
ğŸ¤®|face vomiting|puke|sick|vomit
ğŸ¤§|face|gesundheit|sneeze|sneezing face|bless you
ğŸ¥µ|feverish|heat stroke|hot face|red-faced|sweating|flushed
ğŸ¥¶|blue-faced|cold face|freezing|frostbite|icicles
ğŸ¥´|dizzy|intoxicated|tipsy|uneven eyes|wavy mouth|woozy face
ğŸ˜µ|crossed-out eyes|dead|face with crossed-out eyes|knocked out
ğŸ˜µâ€ğŸ’«|dizzy|face with spiral eyes|hypnotized|spiral|trouble|whoa|hypnotised
ğŸ¤¯|exploding head|mind blown|shocked
ğŸ¤ |cowboy|cowgirl|face|hat
ğŸ¥³|celebration|hat|horn|partying face
ğŸ¥¸|disguised face|face|glasses|incognito|nose
ğŸ˜|bright|cool|face|smiling face with sunglasses|sunglasses
ğŸ¤“|face|geek|nerd
ğŸ§|face with monocle|monocle|stuffy
ğŸ˜•|confused|face|meh
ğŸ˜Ÿ|face|worried
ğŸ™|face|frown|slightly frowning face
ğŸ˜®|face with open mouth|mouth|open|sympathy
ğŸ˜¯|face|hushed|stunned|surprised
ğŸ˜²|astonished|face|shocked|totally
ğŸ˜³|dazed|face|flushed
ğŸ¥º|begging|mercy|pleading face|puppy eyes
ğŸ˜¦|face|frowning face with open mouth|mouth|open
ğŸ˜§|anguished|face
ğŸ˜¨|face|fearful|scared
ğŸ˜°|anxious face with sweat|blue|cold|face|rushed|sweat
ğŸ˜¥|disappointed|face|relieved|sad but relieved face|whew
ğŸ˜¢|crying face|face|sad|tear
ğŸ˜­|cry|face|loudly crying face|sad|sob|tear
ğŸ˜±|face screaming in fear|fear|munch|scared|scream
ğŸ˜–|confounded|face
ğŸ˜£|face|persevere|persevering face
ğŸ˜|disappointed|face
ğŸ˜“|cold|downcast face with sweat|face|sweat
ğŸ˜©|face|tired|weary
ğŸ˜«|face|tired
ğŸ¥±|bored|tired|yawning face
ğŸ˜¤|face with steam from nose|triumph|won|angry|frustration
ğŸ˜¡|angry|enraged|face|mad|pouting|rage|red
ğŸ˜ |anger|angry|face|mad
ğŸ¤¬|face with symbols on mouth|swearing
ğŸ˜ˆ|face|fairy tale|fantasy|horns|smile|smiling face with horns|devil
ğŸ‘¿|angry face with horns|demon|devil|face|fantasy|imp
ğŸ’€|death|face|fairy tale|monster|skull
ğŸ’©|dung|face|monster|pile of poo|poop
ğŸ¤¡|clown|face
ğŸ‘¹|creature|face|fairy tale|fantasy|monster|ogre
ğŸ‘º|creature|face|fairy tale|fantasy|goblin|monster
ğŸ‘»|creature|face|fairy tale|fantasy|ghost|monster
ğŸ‘½|alien|creature|extraterrestrial|face|fantasy|ufo
ğŸ‘¾|alien|creature|extraterrestrial|face|monster|ufo
ğŸ¤–|face|monster|robot
ğŸ˜º|cat|face|grinning|mouth|open|smile
ğŸ˜¸|cat|eye|face|grinning cat with smiling eyes|smile
ğŸ˜¹|cat with tears of joy|face|joy|tear
ğŸ˜»|cat|eye|face|heart|love|smile|smiling cat with heart-eyes|smiling cat face with heart eyes|smiling cat face with heart-eyes
ğŸ˜¼|cat with wry smile|face|ironic|smile|wry
ğŸ˜½|cat|eye|face|kissing cat
ğŸ™€|cat|face|oh|surprised|weary
ğŸ˜¿|cat|crying cat|face|sad|tear
ğŸ˜¾|cat|face|pouting
ğŸ™ˆ|evil|face|forbidden|monkey|see-no-evil monkey
ğŸ™‰|evil|face|forbidden|hear-no-evil monkey|monkey
ğŸ™Š|evil|face|forbidden|monkey|speak-no-evil monkey
ğŸ’‹|kiss mark|lips
ğŸ’Œ|heart|letter|love|mail
ğŸ’˜|arrow|cupid|heart with arrow
ğŸ’|heart with ribbon|ribbon|valentine
ğŸ’–|excited|sparkle|sparkling heart
ğŸ’—|excited|growing heart|nervous|pulse
ğŸ’“|beating heart|heartbeat|pulsating
ğŸ’|revolving hearts
ğŸ’•|love|two hearts
ğŸ’Ÿ|heart decoration
ğŸ’”|break|broken heart
â¤ï¸â€ğŸ”¥|burn|heart on fire|love|lust|sacred heart
â¤ï¸â€ğŸ©¹|healthier|improving|mending heart|recovering|recuperating|well
ğŸ§¡|orange heart
ğŸ’›|yellow heart
ğŸ’š|green heart
ğŸ’™|blue heart
ğŸ’œ|purple heart
ğŸ¤|brown|heart
ğŸ–¤|black heart|evil|wicked
ğŸ¤|heart|white
ğŸ’¯|100|full|hundred points|score
ğŸ’¢|anger symbol|angry|comic|mad
ğŸ’¥|boom|collision|comic
ğŸ’«|comic|dizzy|star
ğŸ’¦|comic|splashing|sweat droplets
ğŸ’¨|comic|dashing away|running
ğŸ•³ï¸|hole
ğŸ’£|bomb|comic
ğŸ’¬|balloon|bubble|comic|dialog|speech
ğŸ‘ï¸â€ğŸ—¨ï¸|balloon|bubble|eye in speech bubble|speech|witness
ğŸ—¨ï¸|balloon|bubble|left speech bubble|speech|dialogue
ğŸ—¯ï¸|angry|balloon|bubble|mad|right anger bubble
ğŸ’­|balloon|bubble|comic|thought
ğŸ’¤|comic|good night|sleep|zzz
ğŸ‘‹|hand|wave|waving
ğŸ¤š|backhand|raised back of hand
ğŸ–|finger|hand with fingers splayed|splayed
âœ‹|hand|high 5|high five|raised hand
ğŸ––|finger|hand|spock|vulcan salute
ğŸ‘Œ|hand|ok|perfect
ğŸ¤Œ|fingers|hand gesture|interrogation|pinched|sarcastic
ğŸ¤|pinching hand|small amount
âœŒï¸|hand|victory
ğŸ¤|crossed fingers|finger|hand|luck|good luck
ğŸ¤Ÿ|hand|ily|love-you gesture|love you gesture
ğŸ¤˜|finger|hand|horns|rock-on|sign of the horns|rock on
ğŸ¤™|call me hand|hand|hang loose|shaka|call-me hand
ğŸ‘ˆ|backhand index pointing left|finger|hand|index|point
ğŸ‘‰|backhand index pointing right|finger|hand|index|point
ğŸ‘†|backhand index pointing up|finger|hand|point|up
ğŸ–•|finger|hand|middle finger
ğŸ‘‡|backhand index pointing down|down|finger|hand|point
â˜ï¸|finger|hand|index pointing up|point|up
ğŸ‘|+1|hand|thumbs up|up
ğŸ‘|-1|down|hand|thumbs down
âœŠ|clenched|fist|hand|punch|raised fist
ğŸ‘Š|clenched|fist|hand|oncoming fist|punch
ğŸ¤›|fist|left-facing fist|leftwards
ğŸ¤œ|fist|right-facing fist|rightwards
ğŸ‘|clapping hands|hand
ğŸ™Œ|celebration|gesture|hand|hooray|raised|raising hands|woo hoo|yay
ğŸ‘|hand|open hands
ğŸ¤²|palms up together|prayer
ğŸ¤|agreement|handshake|meeting|shake
ğŸ™|ask|folded hands|hand|high 5|high five|please|pray|thanks
âœï¸|hand|write|writing hand
ğŸ’…|care|cosmetics|manicure|nail|polish
ğŸ¤³|camera|phone|selfie
ğŸ’ª|biceps|comic|flexed biceps|muscle
ğŸ¦¾|accessibility|mechanical arm|prosthetic
ğŸ¦¿|accessibility|mechanical leg|prosthetic
ğŸ¦µ|kick|leg|limb
ğŸ¦¶|foot|kick|stomp
ğŸ‘‚|body|ear
ğŸ¦»|accessibility|ear with hearing aid|hard of hearing|hearing impaired
ğŸ‘ƒ|body|nose
ğŸ§ |brain|intelligent
ğŸ«€|cardiology|heart|organ|pulse|anatomical heart
ğŸ«|breath|exhalation|inhalation|lungs|organ|respiration
ğŸ¦·|dentist|tooth
ğŸ¦´|bone|skeleton
ğŸ‘€|eyes|face
ğŸ‘ï¸|body|eye
ğŸ‘…|body|tongue
ğŸ‘„|lips|mouth
ğŸ‘¶|baby|young
ğŸ§’|child|gender-neutral|unspecified gender|young
ğŸ‘¦|boy|young person|male
ğŸ‘§|girl|virgo|zodiac|young person|female
ğŸ§‘|adult|gender-neutral|person|unspecified gender
ğŸ‘±|blond-haired person|hair|person: blond hair
ğŸ‘¨|adult|man|male
ğŸ§”|beard|person: beard
ğŸ§”â€â™‚ï¸|beard|man: beard
ğŸ‘±â€â™‚ï¸|blond-haired man|hair|man: blond hair|male
ğŸ‘©|adult|woman|female
ğŸ§”â€â™€ï¸|beard|woman: beard
ğŸ‘±â€â™€ï¸|blond-haired woman|blonde|hair|woman: blond hair|female
ğŸ§“|adult|gender-neutral|older person|unspecified gender
ğŸ‘´|adult|man|old|male
ğŸ‘µ|adult|old|woman|female
ğŸ™|frown|gesture|person frowning
ğŸ™â€â™‚ï¸|frowning|gesture|man|male
ğŸ™â€â™€ï¸|frowning|gesture|woman|female
ğŸ™|gesture|person pouting|pouting
ğŸ™â€â™‚ï¸|gesture|man|pouting|male
ğŸ™â€â™€ï¸|gesture|pouting|woman|female
ğŸ™…|forbidden|gesture|hand|person gesturing no|prohibited
ğŸ™…â€â™‚ï¸|forbidden|gesture|hand|man gesturing no|prohibited|male
ğŸ™…â€â™€ï¸|forbidden|gesture|hand|prohibited|woman gesturing no|female
ğŸ™†|gesture|hand|ok|person gesturing ok
ğŸ™†â€â™‚ï¸|gesture|hand|man gesturing ok|ok|male
ğŸ™†â€â™€ï¸|gesture|hand|ok|woman gesturing ok|female
ğŸ’|hand|help|information|person tipping hand|sassy|tipping
ğŸ’â€â™‚ï¸|man tipping hand|sassy|tipping hand|male
ğŸ’â€â™€ï¸|sassy|tipping hand|woman tipping hand|female
ğŸ™‹|gesture|hand|happy|person raising hand|raised
ğŸ™‹â€â™‚ï¸|gesture|man raising hand|raising hand|male
ğŸ™‹â€â™€ï¸|gesture|raising hand|woman raising hand|female
ğŸ§|accessibility|deaf person|ear|hearing impaired
ğŸ§â€â™‚ï¸|deaf|man|male
ğŸ§â€â™€ï¸|deaf|woman|female
ğŸ™‡|apology|bow|gesture|person bowing|sorry
ğŸ™‡â€â™‚ï¸|apology|bowing|favor|gesture|man|sorry|male
ğŸ™‡â€â™€ï¸|apology|bowing|favor|gesture|sorry|woman|female
ğŸ¤¦|disbelief|exasperation|face|palm|person facepalming
ğŸ¤¦â€â™‚ï¸|disbelief|exasperation|facepalm|man facepalming|male
ğŸ¤¦â€â™€ï¸|disbelief|exasperation|facepalm|woman facepalming|female
ğŸ¤·|doubt|ignorance|indifference|person shrugging|shrug
ğŸ¤·â€â™‚ï¸|doubt|ignorance|indifference|man shrugging|shrug|male
ğŸ¤·â€â™€ï¸|doubt|ignorance|indifference|shrug|woman shrugging|female
ğŸ§‘â€âš•ï¸|doctor|health worker|healthcare|nurse|therapist|care
ğŸ‘¨â€âš•ï¸|doctor|healthcare|man health worker|nurse|therapist|health care
ğŸ‘©â€âš•ï¸|doctor|healthcare|nurse|therapist|woman health worker|health care
ğŸ§‘â€ğŸ“|graduate|student
ğŸ‘¨â€ğŸ“|graduate|man|student
ğŸ‘©â€ğŸ“|graduate|student|woman
ğŸ§‘â€ğŸ«|instructor|professor|teacher|lecturer
ğŸ‘¨â€ğŸ«|instructor|man|professor|teacher
ğŸ‘©â€ğŸ«|instructor|professor|teacher|woman
ğŸ§‘â€âš–ï¸|judge|justice|scales|law
ğŸ‘¨â€âš–ï¸|judge|justice|man|scales
ğŸ‘©â€âš–ï¸|judge|justice|scales|woman
ğŸ§‘â€ğŸŒ¾|farmer|gardener|rancher
ğŸ‘¨â€ğŸŒ¾|farmer|gardener|man|rancher
ğŸ‘©â€ğŸŒ¾|farmer|gardener|rancher|woman
ğŸ§‘â€ğŸ³|chef|cook
ğŸ‘¨â€ğŸ³|chef|cook|man
ğŸ‘©â€ğŸ³|chef|cook|woman
ğŸ§‘â€ğŸ”§|electrician|mechanic|plumber|tradesperson|tradie
ğŸ‘¨â€ğŸ”§|electrician|man|mechanic|plumber|tradesperson
ğŸ‘©â€ğŸ”§|electrician|mechanic|plumber|tradesperson|woman
ğŸ§‘â€ğŸ­|assembly|factory|industrial|worker
ğŸ‘¨â€ğŸ­|assembly|factory|industrial|man|worker
ğŸ‘©â€ğŸ­|assembly|factory|industrial|woman|worker
ğŸ§‘â€ğŸ’¼|architect|business|manager|office worker|white-collar
ğŸ‘¨â€ğŸ’¼|architect|man office worker|manager|white-collar|business man|office worker|white collar
ğŸ‘©â€ğŸ’¼|architect|manager|white-collar|woman office worker|business woman|office worker|white collar
ğŸ§‘â€ğŸ”¬|biologist|chemist|engineer|physicist|scientist
ğŸ‘¨â€ğŸ”¬|biologist|chemist|engineer|man|physicist|scientist
ğŸ‘©â€ğŸ”¬|biologist|chemist|engineer|physicist|scientist|woman
ğŸ§‘â€ğŸ’»|coder|developer|inventor|software|technologist
ğŸ‘¨â€ğŸ’»|coder|developer|inventor|man|software|technologist
ğŸ‘©â€ğŸ’»|coder|developer|inventor|software|technologist|woman
ğŸ§‘â€ğŸ¤|actor|entertainer|rock|singer|star
ğŸ‘¨â€ğŸ¤|actor|entertainer|singer|star|man singer|performer|rock singer|male
ğŸ‘©â€ğŸ¤|actor|entertainer|singer|star|performer|rock singer|woman singer|female
ğŸ§‘â€ğŸ¨|artist|palette
ğŸ‘¨â€ğŸ¨|artist|man|palette|painter|male
ğŸ‘©â€ğŸ¨|artist|palette|woman|painter|female
ğŸ§‘â€âœˆï¸|pilot|plane
ğŸ‘¨â€âœˆï¸|man|pilot|plane|male
ğŸ‘©â€âœˆï¸|pilot|plane|woman|female
ğŸ§‘â€ğŸš€|astronaut|rocket
ğŸ‘¨â€ğŸš€|astronaut|man|rocket|male
ğŸ‘©â€ğŸš€|astronaut|rocket|woman|female
ğŸ§‘â€ğŸš’|firefighter|firetruck|engine|truck|fire engine|fire truck
ğŸ‘¨â€ğŸš’|firefighter|firetruck|man|fire truck|fireman|male
ğŸ‘©â€ğŸš’|firefighter|firetruck|woman|fire truck|engine|firewoman|truck|female
ğŸ‘®|cop|officer|police
ğŸ‘®â€â™‚ï¸|cop|man|officer|police|male
ğŸ‘®â€â™€ï¸|cop|officer|police|woman|female
ğŸ•µ|detective|sleuth|spy|investigator
ğŸ•µï¸â€â™‚ï¸|detective|man|sleuth|spy|investigator|male
ğŸ•µï¸â€â™€ï¸|detective|sleuth|spy|woman|investigator|female
ğŸ’‚|guard
ğŸ’‚â€â™‚ï¸|guard|man
ğŸ’‚â€â™€ï¸|guard|woman
ğŸ¥·|fighter|hidden|ninja|stealth
ğŸ‘·|construction|hat|worker
ğŸ‘·â€â™‚ï¸|construction|man|worker
ğŸ‘·â€â™€ï¸|construction|woman|worker|male
ğŸ¤´|prince
ğŸ‘¸|fairy tale|fantasy|princess
ğŸ‘³|person wearing turban|turban
ğŸ‘³â€â™‚ï¸|man wearing turban|turban|male
ğŸ‘³â€â™€ï¸|turban|woman wearing turban|female
ğŸ‘²|cap|gua pi mao|hat|person with skullcap|skullcap|male
ğŸ§•|headscarf|hijab|mantilla|tichel|woman with headscarf|female
ğŸ¤µ|groom|person in tuxedo|tuxedo
ğŸ¤µâ€â™‚ï¸|man in tuxedo|tuxedo|male
ğŸ¤µâ€â™€ï¸|tuxedo|woman in tuxedo|female
ğŸ‘°|bride|person with veil|veil|wedding
ğŸ‘°â€â™‚ï¸|man with veil|veil|male
ğŸ‘°â€â™€ï¸|veil|woman with veil|bride|female
ğŸ¤°|pregnant|woman|female
ğŸ¤±|baby|breast-feeding|nursing
ğŸ‘©â€ğŸ¼|baby|feeding|nursing|woman|female
ğŸ‘¨â€ğŸ¼|baby|feeding|man|nursing|male
ğŸ§‘â€ğŸ¼|baby|feeding|nursing|person
ğŸ‘¼|angel|baby|face|fairy tale|fantasy
ğŸ…|celebration|christmas|claus|santa claus|father christmas
ğŸ¤¶|celebration|christmas|claus|mother|mrs. claus|mrs claus|mrs santa claus
ğŸ§‘â€ğŸ„|claus, christmas|mx claus|mx. claus
ğŸ¦¸|good|heroine|superhero|superpower
ğŸ¦¸â€â™‚ï¸|good|hero|man superhero|superpower
ğŸ¦¸â€â™€ï¸|good|heroine|superpower|woman superhero
ğŸ¦¹|criminal|evil|superpower|supervillain|villain
ğŸ¦¹â€â™‚ï¸|criminal|evil|man supervillain|superpower|villain
ğŸ¦¹â€â™€ï¸|criminal|evil|superpower|villain|woman supervillain
ğŸ§™|mage|sorcerer|sorceress|witch|wizard
ğŸ§™â€â™‚ï¸|man mage|sorcerer|wizard
ğŸ§™â€â™€ï¸|sorceress|witch|woman mage
ğŸ§š|fairy|oberon|puck|titania
ğŸ§šâ€â™‚ï¸|man fairy|oberon|puck
ğŸ§šâ€â™€ï¸|titania|woman fairy
ğŸ§›|dracula|undead|vampire
ğŸ§›â€â™‚ï¸|dracula|man vampire|undead|male
ğŸ§›â€â™€ï¸|undead|woman vampire|female
ğŸ§œ|mermaid|merman|merperson|merwoman
ğŸ§œâ€â™‚ï¸|merman|triton
ğŸ§œâ€â™€ï¸|mermaid|merwoman
ğŸ§|elf|magical
ğŸ§â€â™‚ï¸|magical|man elf
ğŸ§â€â™€ï¸|magical|woman elf
ğŸ§|djinn|genie
ğŸ§â€â™‚ï¸|djinn|man genie
ğŸ§â€â™€ï¸|djinn|woman genie
ğŸ§Ÿ|undead|walking dead|zombie
ğŸ§Ÿâ€â™‚ï¸|man zombie|undead|walking dead|zombie|male
ğŸ§Ÿâ€â™€ï¸|undead|walking dead|woman zombie|zombie|female
ğŸ’†|face|massage|person getting massage|salon
ğŸ’†â€â™‚ï¸|face|man getting massage|massage|male
ğŸ’†â€â™€ï¸|face|massage|woman getting massage|female
ğŸ’‡|barber|beauty|haircut|parlor|person getting haircut|parlour
ğŸ’‡â€â™‚ï¸|haircut|man getting haircut|hairdresser|male
ğŸ’‡â€â™€ï¸|haircut|woman getting haircut|hairdresser|female
ğŸš¶|hike|person walking|walking
ğŸš¶â€â™‚ï¸|hike|man walking|walk|male
ğŸš¶â€â™€ï¸|hike|walk|woman walking|female
ğŸ§|person standing|standing
ğŸ§â€â™‚ï¸|man|standing|male
ğŸ§â€â™€ï¸|standing|woman|female
ğŸ§|kneeling|person kneeling
ğŸ§â€â™‚ï¸|kneeling|man|male
ğŸ§â€â™€ï¸|kneeling|woman|female
ğŸ§‘â€ğŸ¦¯|accessibility|blind|person with white cane|person with guide cane|person with long mobility cane
ğŸ‘¨â€ğŸ¦¯|accessibility|blind|man with white cane|man with guide cane|male
ğŸ‘©â€ğŸ¦¯|accessibility|blind|woman with white cane|woman with guide cane|female
ğŸ§‘â€ğŸ¦¼|accessibility|person in motorized wheelchair|wheelchair|person in motorised wheelchair|person in powered wheelchair
ğŸ‘¨â€ğŸ¦¼|accessibility|man in motorized wheelchair|wheelchair|man in motorised wheelchair|man in powered wheelchair|male
ğŸ‘©â€ğŸ¦¼|accessibility|wheelchair|woman in motorized wheelchair|woman in motorised wheelchair|woman in powered wheelchair|female
ğŸ§‘â€ğŸ¦½|accessibility|person in manual wheelchair|wheelchair
ğŸ‘¨â€ğŸ¦½|accessibility|man in manual wheelchair|wheelchair|male
ğŸ‘©â€ğŸ¦½|accessibility|wheelchair|woman in manual wheelchair|female
ğŸƒ|marathon|person running|running
ğŸƒâ€â™‚ï¸|man|marathon|racing|running|male
ğŸƒâ€â™€ï¸|marathon|racing|running|woman|female
ğŸ’ƒ|dance|dancing|woman|female
ğŸ•º|dance|dancing|man|male
ğŸ•´ï¸|business|person in suit levitating|suit|male
ğŸ‘¯|bunny ear|dancer|partying|people with bunny ears
ğŸ‘¯â€â™‚ï¸|bunny ear|dancer|men with bunny ears|partying
ğŸ‘¯â€â™€ï¸|bunny ear|dancer|partying|women with bunny ears|female
ğŸ§–|person in steamy room|sauna|steam room
ğŸ§–â€â™‚ï¸|man in steamy room|sauna|steam room|man in steam room|male
ğŸ§–â€â™€ï¸|sauna|steam room|woman in steamy room|woman in steam room|female
ğŸ§—|climber|person climbing
ğŸ§—â€â™‚ï¸|climber|man climbing
ğŸ§—â€â™€ï¸|climber|woman climbing
ğŸ¤º|fencer|fencing|person fencing|sword
ğŸ‡|horse|jockey|racehorse|racing
â›·ï¸|skier|snow
ğŸ‚|ski|snowboarder
ğŸŒ|ball|person golfing|golfer
ğŸŒï¸â€â™‚ï¸|man golfing|golfer|male
ğŸŒï¸â€â™€ï¸|woman golfing|golfer|female
ğŸ„|person surfing|surfing|surfer
ğŸ„â€â™‚ï¸|man|surfing|surfer|male
ğŸ„â€â™€ï¸|surfing|woman|surfer|female
ğŸš£|boat|person rowing boat|rowboat
ğŸš£â€â™‚ï¸|boat|man rowing boat|rowboat|male
ğŸš£â€â™€ï¸|boat|rowboat|woman rowing boat|female
ğŸŠ|person swimming|swimmer
ğŸŠâ€â™‚ï¸|man swimming|swimmer
ğŸŠâ€â™€ï¸|woman swimming|swimmer
â›¹|ball|person bouncing ball
â›¹ï¸â€â™‚ï¸|ball|man bouncing ball|male
â›¹ï¸â€â™€ï¸|ball|woman bouncing ball|female
ğŸ‹|lifter|person lifting weights|weightlifter
ğŸ‹ï¸â€â™‚ï¸|man lifting weights|weight lifter|male
ğŸ‹ï¸â€â™€ï¸|weight lifter|woman lifting weights|female
ğŸš´|bicycle|biking|cyclist|person biking|person riding a bike
ğŸš´â€â™‚ï¸|bicycle|biking|cyclist|man riding a bike|male
ğŸš´â€â™€ï¸|bicycle|biking|cyclist|woman riding a bike|female
ğŸšµ|bicycle|bicyclist|bike|cyclist|mountain|person mountain biking
ğŸšµâ€â™‚ï¸|bicycle|bike|cyclist|man mountain biking|mountain|male
ğŸšµâ€â™€ï¸|bicycle|bike|biking|cyclist|mountain|woman|female
ğŸ¤¸|cartwheel|gymnastics|person cartwheeling
ğŸ¤¸â€â™‚ï¸|cartwheel|gymnastics|man cartwheeling|male
ğŸ¤¸â€â™€ï¸|cartwheel|gymnastics|woman cartwheeling|female
ğŸ¤¼|people wrestling|wrestler
ğŸ¤¼â€â™‚ï¸|men wrestling|wrestle
ğŸ¤¼â€â™€ï¸|women wrestling|wrestle|female
ğŸ¤½|person playing water polo|polo|water
ğŸ¤½â€â™‚ï¸|man playing water polo|water polo
ğŸ¤½â€â™€ï¸|water polo|woman playing water polo
ğŸ¤¾|ball|handball|person playing handball
ğŸ¤¾â€â™‚ï¸|handball|man playing handball|male
ğŸ¤¾â€â™€ï¸|handball|woman playing handball|female
ğŸ¤¹|balance|juggle|multitask|person juggling|skill|multi-task
ğŸ¤¹â€â™‚ï¸|juggling|man|multitask|multi-task|male
ğŸ¤¹â€â™€ï¸|juggling|multitask|woman|multi-task|female
ğŸ§˜|meditation|person in lotus position|yoga
ğŸ§˜â€â™‚ï¸|man in lotus position|meditation|yoga|male
ğŸ§˜â€â™€ï¸|meditation|woman in lotus position|yoga|female
ğŸ›€|bathtub|person taking bath|tub
ğŸ›Œ|good night|hotel|person in bed|sleeping
ğŸ§‘â€ğŸ¤â€ğŸ§‘|couple|hand|holding hands|people holding hands|person
ğŸ‘­|couple|hand|holding hands|women holding hands|two women holding hands|female
ğŸ‘«|couple|hand|holding hands|woman and man holding hands|man and woman holding hands
ğŸ‘¬|couple|gemini|holding hands|man|men holding hands|twins|zodiac|two men holding hands|male
ğŸ’|couple|kiss
ğŸ’‘|couple with heart|love
ğŸ‘ª|family
ğŸ—£ï¸|face|head|silhouette|speaking
ğŸ‘¤|bust in silhouette|silhouette
ğŸ‘¥|busts in silhouette|silhouette
ğŸ«‚|goodbye|hello|hug|people hugging|thanks
ğŸ‘£|clothing|footprints|print
ğŸµ|face|monkey
ğŸ’|monkey
ğŸ¦|gorilla
ğŸ¦§|ape|orangutan
ğŸ¶|dog|face|pet
ğŸ•|dog|pet
ğŸ¦®|accessibility|blind|guide dog
ğŸ•â€ğŸ¦º|accessibility|assistance|dog|service
ğŸ©|dog|poodle
ğŸº|face|wolf
ğŸ¦Š|face|fox
ğŸ¦|curious|raccoon|sly
ğŸ±|cat|face|pet
ğŸˆ|cat|pet
ğŸˆâ€â¬›|black|cat|unlucky
ğŸ¦|face|leo|lion|zodiac
ğŸ¯|face|tiger
ğŸ…|tiger
ğŸ†|leopard
ğŸ´|face|horse
ğŸ|equestrian|horse|racehorse|racing
ğŸ¦„|face|unicorn
ğŸ¦“|stripe|zebra
ğŸ¦Œ|deer|stag
ğŸ¦¬|bison|buffalo|herd|wisent
ğŸ®|cow|face
ğŸ‚|bull|ox|taurus|zodiac
ğŸƒ|buffalo|water
ğŸ„|cow
ğŸ·|face|pig
ğŸ–|pig|sow
ğŸ—|boar|pig
ğŸ½|face|nose|pig
ğŸ|aries|male|ram|sheep|zodiac
ğŸ‘|ewe|female|sheep
ğŸ|capricorn|goat|zodiac
ğŸª|camel|dromedary|hump
ğŸ«|bactrian|camel|hump|two-hump camel
ğŸ¦™|alpaca|guanaco|llama|vicuÃ±a|wool
ğŸ¦’|giraffe|spots
ğŸ˜|elephant
ğŸ¦£|extinction|large|mammoth|tusk|woolly
ğŸ¦|rhinoceros
ğŸ¦›|hippopotamus
ğŸ­|face|mouse|pet
ğŸ|mouse|pet|rodent
ğŸ€|rat|pet|rodent
ğŸ¹|face|hamster|pet
ğŸ°|bunny|face|pet|rabbit
ğŸ‡|bunny|pet|rabbit
ğŸ¿ï¸|chipmunk|squirrel
ğŸ¦«|beaver|dam
ğŸ¦”|hedgehog|spiny
ğŸ¦‡|bat|vampire
ğŸ»|bear|face
ğŸ»â€â„ï¸|arctic|bear|polar bear|white
ğŸ¨|face|koala|marsupial
ğŸ¼|face|panda
ğŸ¦¥|lazy|sloth|slow
ğŸ¦¦|fishing|otter|playful
ğŸ¦¨|skunk|stink
ğŸ¦˜|australia|joey|jump|kangaroo|marsupial
ğŸ¦¡|badger|honey badger|pester
ğŸ¾|feet|paw prints|print
ğŸ¦ƒ|bird|turkey|poultry
ğŸ”|bird|chicken|poultry
ğŸ“|bird|rooster
ğŸ£|baby|bird|chick|hatching
ğŸ¤|baby|bird|chick
ğŸ¥|baby|bird|chick|front-facing baby chick
ğŸ¦|bird
ğŸ§|bird|penguin
ğŸ•Šï¸|bird|dove|fly|peace
ğŸ¦…|eagle|bird of prey
ğŸ¦†|bird|duck
ğŸ¦¢|bird|cygnet|swan|ugly duckling
ğŸ¦‰|owl|wise|bird of prey
ğŸ¦¤|dodo|extinction|large|mauritius
ğŸª¶|bird|feather|flight|light|plumage
ğŸ¦©|flamboyant|flamingo|tropical
ğŸ¦š|bird|ostentatious|peacock|peahen|proud
ğŸ¦œ|bird|parrot|pirate|talk
ğŸ¸|face|frog
ğŸŠ|crocodile
ğŸ¢|terrapin|tortoise|turtle
ğŸ¦|lizard|reptile
ğŸ|bearer|ophiuchus|serpent|snake|zodiac
ğŸ²|dragon|face|fairy tale
ğŸ‰|dragon|fairy tale
ğŸ¦•|brachiosaurus|brontosaurus|diplodocus|sauropod
ğŸ¦–|t-rex|tyrannosaurus rex
ğŸ³|face|spouting|whale
ğŸ‹|whale
ğŸ¬|dolphin|flipper|porpoise
ğŸ¦­|sea lion|seal
ğŸŸ|fish|pisces|zodiac
ğŸ |fish|tropical|reef fish
ğŸ¡|blowfish|fish
ğŸ¦ˆ|fish|shark
ğŸ™|octopus
ğŸš|shell|spiral
ğŸŒ|snail|mollusc
ğŸ¦‹|butterfly|insect|pretty|moth
ğŸ›|bug|insect|caterpillar|worm
ğŸœ|ant|insect
ğŸ|bee|honeybee|insect
ğŸª²|beetle|bug|insect
ğŸ|beetle|insect|lady beetle|ladybird|ladybug
ğŸ¦—|cricket|grasshopper
ğŸª³|cockroach|insect|pest|roach
ğŸ•·ï¸|insect|spider|arachnid
ğŸ•¸ï¸|spider|web
ğŸ¦‚|scorpion|zodiac
ğŸ¦Ÿ|disease|fever|malaria|mosquito|pest|virus|dengue|insect|mozzie
ğŸª°|disease|fly|maggot|pest|rotting|insect
ğŸª±|annelid|earthworm|parasite|worm
ğŸ¦ |amoeba|bacteria|microbe|virus
ğŸ’|bouquet|flower
ğŸŒ¸|blossom|cherry|flower
ğŸ’®|flower|white flower
ğŸµï¸|plant|rosette
ğŸŒ¹|flower|rose
ğŸ¥€|flower|wilted
ğŸŒº|flower|hibiscus
ğŸŒ»|flower|sunflower
ğŸŒ¼|blossom|flower
ğŸŒ·|flower|tulip
ğŸŒ±|seedling|young
ğŸª´|boring|grow|house|nurturing|plant|potted plant|useless|pot plant
ğŸŒ²|evergreen tree|tree
ğŸŒ³|deciduous|shedding|tree
ğŸŒ´|palm|tree
ğŸŒµ|cactus|plant
ğŸŒ¾|ear|grain|rice|sheaf of rice
ğŸŒ¿|herb|leaf
ğŸ€|4|clover|four-leaf clover|leaf
ğŸ|falling|leaf|maple
ğŸ‚|fallen leaf|falling|leaf
ğŸƒ|blow|flutter|leaf fluttering in wind|wind
ğŸ‡|fruit|grapes
ğŸˆ|fruit|melon
ğŸ‰|fruit|watermelon
ğŸŠ|fruit|orange|tangerine|mandarin
ğŸ‹|citrus|fruit|lemon
ğŸŒ|banana|fruit
ğŸ|fruit|pineapple
ğŸ¥­|fruit|mango|tropical
ğŸ|apple|fruit|red
ğŸ|apple|fruit|green
ğŸ|fruit|pear
ğŸ‘|fruit|peach
ğŸ’|berries|cherries|cherry|fruit|red
ğŸ“|berry|fruit|strawberry
ğŸ«|berry|bilberry|blueberries|blueberry
ğŸ¥|food|fruit|kiwi fruit
ğŸ…|fruit|tomato|vegetable
ğŸ«’|food|olive
ğŸ¥¥|coconut|palm|piÃ±a colada
ğŸ¥‘|avocado|food|fruit
ğŸ†|aubergine|eggplant|vegetable
ğŸ¥”|food|potato|vegetable
ğŸ¥•|carrot|food|vegetable
ğŸŒ½|ear of corn|maize|maze|corn on the cob|sweetcorn
ğŸŒ¶ï¸|pepper|chilli|hot pepper
ğŸ«‘|bell pepper|capsicum|pepper|vegetable|sweet pepper
ğŸ¥’|cucumber|food|pickle|vegetable
ğŸ¥¬|bok choy|cabbage|kale|leafy green|lettuce|pak choi
ğŸ¥¦|broccoli|wild cabbage
ğŸ§„|flavoring|garlic|flavouring
ğŸ§…|flavoring|onion|flavouring
ğŸ„|mushroom|toadstool
ğŸ¥œ|food|peanuts|vegetable|nuts
ğŸŒ°|chestnut|plant|nut
ğŸ|bread|loaf
ğŸ¥|bread|breakfast|croissant|food|french|roll|crescent roll
ğŸ¥–|baguette|bread|food|french stick
ğŸ«“|arepa|flatbread|lavash|naan|pita|bread
ğŸ¥¨|pretzel|twisted
ğŸ¥¯|bagel|bakery|breakfast|schmear|bread
ğŸ¥|breakfast|crÃªpe|food|hotcake|pancakes
ğŸ§‡|breakfast|indecisive|iron|unclear|vague|waffle with butter
ğŸ§€|cheese wedge
ğŸ–|bone|meat on bone
ğŸ—|bone|chicken|drumstick|leg|poultry
ğŸ¥©|chop|cut of meat|lambchop|porkchop|steak|lamb chop|pork chop
ğŸ¥“|bacon|breakfast|food|meat
ğŸ”|burger|hamburger|beefburger
ğŸŸ|fries|chips|french fries
ğŸ•|cheese|pizza|slice
ğŸŒ­|frankfurter|hot dog|hotdog|sausage
ğŸ¥ª|bread|sandwich
ğŸŒ®|mexican|taco
ğŸŒ¯|burrito|mexican|wrap
ğŸ«”|mexican|tamale|wrapped
ğŸ¥™|falafel|flatbread|food|gyro|kebab|stuffed|pita roll
ğŸ§†|chickpea|falafel|meatball|chick pea
ğŸ¥š|breakfast|egg|food
ğŸ³|breakfast|cooking|egg|frying|pan
ğŸ¥˜|casserole|food|paella|pan|shallow pan of food
ğŸ²|pot of food|stew
ğŸ«•|cheese|chocolate|fondue|melted|pot|swiss
ğŸ¥£|bowl with spoon|breakfast|cereal|congee
ğŸ¥—|food|green|salad|garden
ğŸ¿|popcorn
ğŸ§ˆ|butter|dairy
ğŸ§‚|condiment|salt|shaker
ğŸ¥«|canned food
ğŸ±|bento|box
ğŸ˜|cracker|rice
ğŸ™|ball|japanese|rice
ğŸš|cooked|rice
ğŸ›|curry|rice
ğŸœ|bowl|noodle|ramen|steaming
ğŸ|pasta|spaghetti
ğŸ |potato|roasted|sweet
ğŸ¢|kebab|oden|seafood|skewer|stick
ğŸ£|sushi
ğŸ¤|fried|prawn|shrimp|tempura|battered
ğŸ¥|cake|fish cake with swirl|pastry|swirl|narutomaki
ğŸ¥®|autumn|festival|moon cake|yuÃ¨bÇng
ğŸ¡|dango|dessert|japanese|skewer|stick|sweet
ğŸ¥Ÿ|dumpling|empanada|gyÅza|jiaozi|pierogi|potsticker|pastie|samosa
ğŸ¥ |fortune cookie|prophecy
ğŸ¥¡|oyster pail|takeout box|takeaway container|takeaway box
ğŸ¦€|cancer|crab|zodiac|crustacean|seafood|shellfish
ğŸ¦|bisque|claws|lobster|seafood|shellfish
ğŸ¦|food|shellfish|shrimp|small|prawn|seafood
ğŸ¦‘|food|molusc|squid|decapod|seafood
ğŸ¦ª|diving|oyster|pearl
ğŸ¦|cream|dessert|icecream|sweet|ice cream|soft serve
ğŸ§|dessert|ice|shaved|sweet|granita
ğŸ¨|cream|dessert|sweet|ice cream
ğŸ©|breakfast|dessert|donut|doughnut|sweet
ğŸª|cookie|dessert|sweet|biscuit
ğŸ‚|birthday|cake|celebration|dessert|pastry|sweet
ğŸ°|cake|dessert|pastry|shortcake|slice|sweet
ğŸ§|bakery|cupcake|sweet
ğŸ¥§|filling|pastry|pie
ğŸ«|bar|chocolate|dessert|sweet
ğŸ¬|candy|dessert|sweets
ğŸ­|candy|dessert|lollipop|sweet
ğŸ®|custard|dessert|pudding|sweet|baked custard
ğŸ¯|honeypot|pot|sweet
ğŸ¼|baby|bottle|drink|milk
ğŸ¥›|drink|glass of milk|milk
ğŸ«–|drink|pot|teapot
ğŸµ|beverage|cup|drink|teacup without handle
ğŸ¶|bar|beverage|bottle|cup|drink|sake|sakÃ©
ğŸ¾|bar|bottle with popping cork|cork|drink|popping
ğŸ·|bar|beverage|drink|glass|wine
ğŸ¸|bar|cocktail|drink|glass
ğŸ¹|bar|drink|tropical
ğŸº|bar|beer|drink|mug
ğŸ»|bar|beer|clinking beer mugs|drink|mug
ğŸ¥‚|celebrate|clinking glasses|drink|glass
ğŸ¥ƒ|glass|liquor|shot|tumbler|whisky
ğŸ¥¤|cup with straw|juice|soda
ğŸ§‹|bubble|milk|pearl|tea
ğŸ§ƒ|beverage|box|straw|sweet|drink carton|juice box|popper
ğŸ§‰|drink|mate|matÃ©
ğŸ§Š|cold|ice cube|iceberg
ğŸ¥¢|chopsticks|hashi|pair of chopsticks
ğŸ½ï¸|cooking|fork and knife with plate|knife|plate
ğŸ´|cooking|cutlery|fork and knife|knife and fork
ğŸ¥„|spoon|tableware
ğŸ”ª|cooking|hocho|kitchen knife|knife|tool|weapon
ğŸº|amphora|aquarius|cooking|drink|jug|zodiac|jar
ğŸŒ|africa|earth|europe|globe showing europe-africa|world
ğŸŒ|americas|earth|globe showing americas|world
ğŸŒ|asia|australia|earth|globe showing asia-australia|world
ğŸŒ|earth|globe with meridians|meridians|world
ğŸ—ºï¸|map|world
ğŸ—¾|japan|map of japan
ğŸ§­|compass|magnetic|navigation|orienteering
ğŸ”ï¸|cold|mountain|snow-capped mountain
â›°ï¸|mountain
ğŸŒ‹|eruption|mountain|volcano
ğŸ—»|fuji|mount fuji|mountain
ğŸ•ï¸|camping
ğŸ–ï¸|beach with umbrella|umbrella
ğŸœï¸|desert
ğŸï¸|desert|island
ğŸï¸|national park|park
ğŸŸï¸|stadium|arena
ğŸ›ï¸|classical building|column
ğŸ—ï¸|building construction|construction
ğŸ§±|bricks|clay|mortar|wall
ğŸª¨|boulder|heavy|rock|solid|stone
ğŸªµ|log|lumber|timber|wood
ğŸ›–|house|hut|roundhouse|yurt
ğŸ˜ï¸|houses
ğŸšï¸|derelict|house
ğŸ |home|house
ğŸ¡|garden|home|house with garden
ğŸ¢|building|office building
ğŸ£|japanese post office|post
ğŸ¤|european|post office
ğŸ¥|doctor|hospital|medicine
ğŸ¦|bank|building
ğŸ¨|building|hotel
ğŸ©|hotel|love
ğŸª|convenience|store|dÃ©panneur
ğŸ«|building|school
ğŸ¬|department|store
ğŸ­|building|factory
ğŸ¯|castle|japanese
ğŸ°|castle|european
ğŸ’’|chapel|romance|wedding
ğŸ—¼|tokyo|tower
ğŸ—½|liberty|statue of liberty
â›ª|christian|church|cross|religion
ğŸ•Œ|islam|mosque|muslim|religion
ğŸ›•|hindu|temple
ğŸ•|jewish|religion|synagogue|temple|shul
â›©ï¸|religion|shinto|shrine
ğŸ•‹|islam|kaaba|muslim|religion
â›²|fountain
â›º|camping|tent
ğŸŒ|foggy
ğŸŒƒ|night with stars|star
ğŸ™ï¸|cityscape
ğŸŒ„|morning|mountain|sunrise over mountains
ğŸŒ…|morning|sunrise
ğŸŒ†|cityscape at dusk|dusk|evening|landscape|sunset
ğŸŒ‡|dusk|sunset
ğŸŒ‰|bridge at night|night
ğŸ |carousel|horse|merry-go-round
ğŸ¡|amusement park|ferris|wheel|theme park
ğŸ¢|amusement park|coaster|roller
ğŸ’ˆ|barber|haircut|pole
ğŸª|circus|tent|big top
ğŸš‚|engine|locomotive|railway|steam|train
ğŸšƒ|car|electric|train|tram|trolleybus|trolley bus|railway carriage
ğŸš„|high-speed train|railway|shinkansen|speed|train
ğŸš…|bullet|railway|shinkansen|speed|train
ğŸš†|railway|train
ğŸš‡|metro|subway
ğŸšˆ|light rail|railway
ğŸš‰|railway|station|train
ğŸšŠ|trolleybus|light rail|oncoming light rail|car|streetcar|tramcar|trolley bus
ğŸš|monorail|vehicle
ğŸš|car|mountain|railway
ğŸš‹|car|trolleybus|trolley bus|streetcar|tramcar
ğŸšŒ|bus|vehicle
ğŸš|bus|oncoming
ğŸš|bus|tram|trolleybus|streetcar
ğŸš|bus|minibus
ğŸš‘|ambulance|vehicle
ğŸš’|engine|fire|truck
ğŸš“|car|patrol|police
ğŸš”|car|oncoming|police
ğŸš•|taxi|vehicle
ğŸš–|oncoming|taxi
ğŸš—|automobile|car
ğŸš˜|automobile|car|oncoming
ğŸš™|recreational|sport utility vehicle|4x4|off-road vehicle|4wd|four-wheel drive|suv
ğŸ›»|pick-up|pickup|truck|ute
ğŸšš|delivery|truck
ğŸš›|articulated lorry|lorry|semi|truck|articulated truck
ğŸšœ|tractor|vehicle
ğŸï¸|car|racing
ğŸï¸|motorcycle|racing
ğŸ›µ|motor|scooter
ğŸ¦½|accessibility|manual wheelchair
ğŸ¦¼|accessibility|motorized wheelchair|mobility scooter|powered wheelchair
ğŸ›º|auto rickshaw|tuk tuk|tuk-tuk|tuktuk
ğŸš²|bicycle|bike
ğŸ›´|kick|scooter
ğŸ›¹|board|skateboard
ğŸ›¼|skate|rollerskate
ğŸš|stop|busstop
ğŸ›£ï¸|highway|motorway|road|freeway
ğŸ›¤ï¸|railway track|train
ğŸ›¢ï¸|drum|oil
â›½|diesel|fuelpump|gas|pump|station|petrol pump
ğŸš¨|beacon|car|light|police|revolving
ğŸš¥|signal|traffic|horizontal traffic lights|lights
ğŸš¦|signal|traffic|lights|vertical traffic lights
ğŸ›‘|octagonal|sign|stop
ğŸš§|barrier|construction
â›µ|boat|resort|sailboat|sea|yacht
ğŸ›¶|boat|canoe
ğŸš¤|boat|speedboat
ğŸ›³ï¸|passenger|ship
â›´ï¸|boat|ferry|passenger
ğŸ›¥ï¸|boat|motor boat|motorboat
ğŸš¢|boat|passenger|ship
ğŸ›©ï¸|aeroplane|airplane|small airplane
ğŸ›«|aeroplane|airplane|check-in|departures|take-off
ğŸ›¬|aeroplane|airplane arrival|arrivals|arriving|landing
ğŸª‚|hang-glide|parachute|parasail|skydive|parascend
ğŸ’º|chair|seat
ğŸš|helicopter|vehicle
ğŸšŸ|railway|suspension|cable
ğŸš |gondola|mountain cableway|cableway
ğŸš¡|aerial|cable|car|gondola|tramway
ğŸ›°ï¸|satellite|space
ğŸš€|rocket|space
ğŸ›¸|flying saucer|ufo
ğŸ›ï¸|bellhop|hotel|porter
ğŸ§³|luggage|packing|travel
âŒ›|hourglass done|sand|timer
â³|hourglass not done|sand|timer
âŒš|clock|watch
â°|alarm|clock
â±ï¸|clock|stopwatch
â²ï¸|clock|timer
ğŸ•°ï¸|clock|mantelpiece clock
ğŸ•›|00|12:00|clock|oâ€™clock|twelve
ğŸ•§|12:30|clock|thirty|twelve-thirty|half past twelve|12.30
ğŸ•|00|1:00|clock|oâ€™clock|one
ğŸ•œ|1:30|clock|one-thirty|thirty|half past one|1.30
ğŸ•‘|00|2:00|clock|oâ€™clock|two
ğŸ•|2:30|clock|thirty|two-thirty|half past two|2.30
ğŸ•’|00|3:00|clock|oâ€™clock|three
ğŸ•|3:30|clock|thirty|three-thirty|half past three|3.30
ğŸ•“|00|4:00|clock|four|oâ€™clock
ğŸ•Ÿ|4:30|clock|four-thirty|thirty|half past four|4.30
ğŸ•”|00|5:00|clock|five|oâ€™clock
ğŸ• |5:30|clock|five-thirty|thirty|half past five|5.30
ğŸ••|00|6:00|clock|oâ€™clock|six
ğŸ•¡|6:30|clock|six-thirty|thirty|half past six|6.30
ğŸ•–|00|7:00|clock|oâ€™clock|seven
ğŸ•¢|7:30|clock|seven-thirty|thirty|half past seven|7.30
ğŸ•—|00|8:00|clock|eight|oâ€™clock
ğŸ•£|8:30|clock|eight-thirty|thirty|half past eight|8.30
ğŸ•˜|00|9:00|clock|nine|oâ€™clock
ğŸ•¤|9:30|clock|nine-thirty|thirty|half past nine|9.30
ğŸ•™|00|10:00|clock|oâ€™clock|ten
ğŸ•¥|10:30|clock|ten-thirty|thirty|half past ten|10.30
ğŸ•š|00|11:00|clock|eleven|oâ€™clock
ğŸ•¦|11:30|clock|eleven-thirty|thirty|half past eleven|11.30
ğŸŒ‘|dark|moon|new moon
ğŸŒ’|crescent|moon|waxing
ğŸŒ“|first quarter moon|moon|quarter
ğŸŒ”|gibbous|moon|waxing
ğŸŒ•|full|moon
ğŸŒ–|gibbous|moon|waning
ğŸŒ—|last quarter moon|moon|quarter
ğŸŒ˜|crescent|moon|waning
ğŸŒ™|crescent|moon
ğŸŒš|face|moon|new moon face
ğŸŒ›|face|first quarter moon face|moon|quarter
ğŸŒœ|face|last quarter moon face|moon|quarter
ğŸŒ¡ï¸|thermometer|weather
ğŸŒ|bright|face|moon|full-moon face
ğŸŒ|bright|face|sun with face
ğŸª|ringed planet|saturnine
â­|star
ğŸŒŸ|glittery|glowing star|shining|sparkle|star
ğŸŒ |falling|shooting|star
ğŸŒŒ|milky way|space|way
â›…|cloud|sun behind cloud
â›ˆï¸|cloud with lightning and rain|rain|thunder
ğŸŒ¤ï¸|cloud|sun behind small cloud
ğŸŒ¥ï¸|cloud|sun behind large cloud
ğŸŒ¦ï¸|cloud|rain|sun behind rain cloud
ğŸŒ§ï¸|cloud with rain|rain
ğŸŒ¨ï¸|cloud with snow|cold|snow
ğŸŒ©ï¸|cloud with lightning|lightning
ğŸŒªï¸|cloud|tornado|whirlwind
ğŸŒ«ï¸|cloud|fog
ğŸŒ¬ï¸|blow|cloud|face|wind
ğŸŒ€|cyclone|dizzy|hurricane|twister|typhoon
ğŸŒˆ|rainbow
ğŸŒ‚|closed umbrella|clothing|rain|umbrella
â›±ï¸|rain|sun|umbrella on ground|beach|sand
âš¡|danger|electric|high voltage|lightning|voltage|zap
â›„|cold|snowman without snow
ğŸ”¥|fire|flame|tool
ğŸ’§|cold|comic|droplet|sweat
ğŸŒŠ|ocean|water|wave
ğŸƒ|celebration|halloween|jack-o-lantern|lantern|jack-oâ€™-lantern
ğŸ„|celebration|christmas|tree
ğŸ†|celebration|fireworks
ğŸ‡|celebration|fireworks|sparkler
ğŸ§¨|dynamite|explosive|firecracker|fireworks
ğŸˆ|balloon|celebration
ğŸ‰|celebration|party|popper|tada|ta-da
ğŸŠ|ball|celebration|confetti
ğŸ‹|banner|celebration|japanese|tanabata tree|tree
ğŸ|bamboo|celebration|japanese|pine decoration|decoration
ğŸ|celebration|doll|festival|japanese dolls
ğŸ|celebration|streamer|carp wind sock|japanese wind socks|koinobori
ğŸ|bell|celebration|chime|wind
ğŸ‘|celebration|ceremony|moon viewing ceremony|moon-viewing ceremony
ğŸ§§|gift|good luck|hÃ³ngbÄo|lai see|money|red envelope
ğŸ€|celebration|ribbon
ğŸ|box|celebration|gift|present|wrapped
ğŸ—ï¸|celebration|reminder|ribbon
ğŸŸï¸|admission tickets|ticket|entry
ğŸ«|admission|ticket
ğŸ–ï¸|celebration|medal|military
ğŸ†|prize|trophy|celebration
ğŸ…|medal|sports medal|celebration
ğŸ¥‡|1st place medal|first|gold|medal
ğŸ¥ˆ|2nd place medal|medal|second|silver
ğŸ¥‰|3rd place medal|bronze|medal|third
âš½|ball|football|soccer
âš¾|ball|baseball
ğŸ¥|ball|glove|softball|underarm
ğŸ€|ball|basketball|hoop
ğŸ|ball|game|volleyball
ğŸˆ|american|ball|football
ğŸ‰|ball|football|australian football|rugby ball|rugby league|rugby union
ğŸ¾|ball|racquet|tennis
ğŸ¥|flying disc|ultimate|frisbee
ğŸ³|ball|bowling|game|tenpin bowling
ğŸ|ball|bat|cricket game|game|cricket match
ğŸ‘|ball|field|game|hockey|stick
ğŸ’|game|hockey|ice|puck|stick
ğŸ¥|ball|goal|lacrosse|stick
ğŸ“|ball|bat|game|paddle|ping pong|table tennis
ğŸ¸|badminton|birdie|game|racquet|shuttlecock
ğŸ¥Š|boxing|glove
ğŸ¥‹|judo|karate|martial arts uniform|taekwondo|uniform
ğŸ¥…|net|goal cage
â›³|flag in hole|golf|hole
â›¸ï¸|skate|ice skating
ğŸ£|fishing pole|pole|rod
ğŸ¤¿|diving mask|scuba|snorkeling|snorkelling
ğŸ½|athletics|running|sash|shirt
ğŸ¿|skis|snow|skiing
ğŸ›·|sledge|sleigh
ğŸ¥Œ|curling stone|game|rock|stone|curling rock
ğŸ¯|bullseye|dart|direct hit|game|hit|target
ğŸª€|fluctuate|toy|yo-yo
ğŸª|fly|kite|soar
ğŸ±|8|ball|billiard|eight|game|pool 8 ball
ğŸ”®|ball|crystal|fairy tale|fantasy|fortune|tool
ğŸª„|magic wand|witch|wizard
ğŸ§¿|bead|charm|evil-eye|nazar amulet|talisman|amulet|evil eye
ğŸ®|controller|game|video game
ğŸ•¹ï¸|game|joystick|video game
ğŸ°|game|slot machine|pokies
ğŸ²|dice|die|game
ğŸ§©|clue|interlocking|jigsaw|piece|puzzle
ğŸ§¸|plaything|plush|stuffed|teddy bear|toy
ğŸª…|celebration|party|piÃ±ata
ğŸª†|doll|nesting dolls|babushka|matryoshka|russian dolls
â™Ÿï¸|chess pawn|dupe|expendable
ğŸƒ|card|game|joker|wildcard
ğŸ€„|game|mahjong red dragon|red
ğŸ´|card|flower playing cards|game|japanese|playing
ğŸ­|art|mask|performing arts|theater|theatre
ğŸ–¼ï¸|art|framed picture|museum|painting|picture
ğŸ¨|artist palette|museum|painting|palette
ğŸ§µ|needle|sewing|spool|string|thread
ğŸª¡|embroidery|sewing|stitches|sutures|tailoring|needle and thread
ğŸ§¶|ball|crochet|knit|yarn
ğŸª¢|knot|rope|tangled|tie|twine|twist
ğŸ‘“|clothing|eyeglasses|eyewear|glasses
ğŸ•¶ï¸|dark|eyewear|glasses|sunglasses|sunnies
ğŸ¥½|eye protection|goggles|swimming|welding
ğŸ¥¼|doctor|experiment|lab coat|scientist
ğŸ¦º|emergency|safety|vest|hi-vis|high-vis|jacket|life jacket
ğŸ‘”|clothing|necktie|tie
ğŸ‘•|clothing|shirt|t-shirt|tshirt|tee-shirt
ğŸ‘–|clothing|jeans|pants|trousers
ğŸ§£|neck|scarf
ğŸ§¤|gloves|hand
ğŸ§¥|coat|jacket
ğŸ§¦|socks|stocking
ğŸ‘—|clothing|dress|womanâ€™s clothes
ğŸ‘˜|clothing|kimono
ğŸ¥»|clothing|dress|sari
ğŸ©±|bathing suit|one-piece swimsuit|swimming costume
ğŸ©²|bathing suit|briefs|one-piece|swimsuit|underwear|bathers|speedos|pants
ğŸ©³|bathing suit|pants|shorts|underwear|boardies|boardshorts|swim shorts
ğŸ‘™|bikini|clothing|swim suit|two-piece
ğŸ‘š|clothing|womanâ€™s clothes|blouse|top
ğŸ‘›|clothing|coin|purse|accessories
ğŸ‘œ|bag|clothing|handbag|purse|accessories|tote
ğŸ‘|bag|clothing|clutch bag|pouch|accessories
ğŸ›ï¸|bag|hotel|shopping bags
ğŸ’|backpack|bag|rucksack|satchel|school
ğŸ©´|beach sandals|sandals|thong sandals|thongs|zÅri|flip-flop|flipflop|zori
ğŸ‘|clothing|manâ€™s shoe|shoe
ğŸ‘Ÿ|athletic|clothing|running shoe|shoe|sneaker|runners|trainer
ğŸ¥¾|backpacking|boot|camping|hiking
ğŸ¥¿|ballet flat|flat shoe|slip-on|slipper|pump
ğŸ‘ |clothing|heel|high-heeled shoe|shoe|woman
ğŸ‘¡|clothing|sandal|shoe|womanâ€™s sandal
ğŸ©°|ballet shoes|dance
ğŸ‘¢|boot|clothing|shoe|womanâ€™s boot
ğŸ‘‘|clothing|crown|king|queen
ğŸ‘’|clothing|hat|womanâ€™s hat
ğŸ©|clothing|hat|tophat
ğŸ“|cap|celebration|clothing|graduation|hat
ğŸ§¢|baseball cap|billed cap
ğŸª–|army|helmet|military|soldier|warrior
â›‘ï¸|aid|cross|face|hat|helmet|rescue workerâ€™s helmet
ğŸ“¿|beads|clothing|necklace|prayer|religion
ğŸ’„|cosmetics|lipstick|makeup|make-up
ğŸ’|diamond|ring
ğŸ’|diamond|gem stone|jewel|gemstone
ğŸ”‡|muted speaker|quiet|silent|speaker
ğŸ”ˆ|soft|speaker low volume|low|quiet|volume
ğŸ”‰|medium|speaker medium volume
ğŸ”Š|loud|speaker high volume
ğŸ“¢|loudspeaker|public address
ğŸ“£|cheering|megaphone
ğŸ“¯|horn|postal
ğŸ””|bell
ğŸ”•|bell with slash|forbidden|mute|quiet|silent
ğŸ¼|musical score|score
ğŸµ|musical note|note
ğŸ¶|musical notes|notes
ğŸ™ï¸|microphone|music|studio
ğŸšï¸|level|music|slider
ğŸ›ï¸|control|knobs|music
ğŸ¤|karaoke|microphone
ğŸ§|earbud|headphone
ğŸ“»|radio|video|am|fm|wireless
ğŸ·|instrument|music|saxophone
ğŸª—|accordion|concertina|squeeze box
ğŸ¸|guitar|instrument|music
ğŸ¹|instrument|keyboard|musical keyboard|piano|organ
ğŸº|instrument|music|trumpet
ğŸ»|instrument|music|violin
ğŸª•|banjo|music|stringed
ğŸ¥|drumsticks|music|percussions
ğŸª˜|beat|conga|drum|long drum|rhythm
ğŸ“±|cell|mobile|phone|telephone
ğŸ“²|arrow|cell|mobile phone with arrow|phone|receive
â˜ï¸|phone|telephone|landline
ğŸ“|phone|receiver|telephone
ğŸ“Ÿ|pager
ğŸ“ |fax machine
ğŸ”‹|battery
ğŸ”Œ|electricity|plug
ğŸ’»|computer|laptop|pc|personal
ğŸ–¥ï¸|computer|desktop
ğŸ–¨ï¸|computer|printer
ğŸ–±ï¸|computer mouse
ğŸ–²ï¸|computer|trackball
ğŸ’½|computer|disk|minidisk|optical
ğŸ’¾|computer|floppy|diskette
ğŸ’¿|cd|computer|disk|optical
ğŸ“€|blu-ray|computer|disk|dvd|optical
ğŸ§®|abacus|calculation
ğŸ¥|camera|cinema|movie
ğŸï¸|cinema|film|frames|movie
ğŸ“½ï¸|cinema|film|movie|projector|video
ğŸ¬|clapper board|movie|clapperboard|film
ğŸ“º|television|tv|video
ğŸ“·|camera|video
ğŸ“¸|camera with flash|flash|video
ğŸ“¹|camera|video
ğŸ“¼|tape|vhs|videocassette
ğŸ”|glass|magnifying glass tilted left|search|tool
ğŸ”|glass|magnifying glass tilted right|search|tool
ğŸ•¯ï¸|candle|light
ğŸ’¡|bulb|comic|electric|idea|light|globe
ğŸ”¦|electric|flashlight|light|tool|torch
ğŸ®|bar|lantern|light|red paper lantern
ğŸª”|diya|lamp|oil
ğŸ“”|book|cover|decorated|notebook with decorative cover
ğŸ“•|book|closed
ğŸ“–|book|open
ğŸ“—|book|green
ğŸ“˜|blue|book
ğŸ“™|book|orange
ğŸ“š|books
ğŸ““|notebook
ğŸ“’|ledger|notebook
ğŸ“ƒ|curl|document|page with curl
ğŸ“œ|paper|scroll
ğŸ“„|document|page facing up
ğŸ“°|newspaper|paper
ğŸ—ï¸|newspaper|paper|rolled-up newspaper
ğŸ“‘|bookmark|marker|tabs
ğŸ”–|bookmark|mark
ğŸ·ï¸|label
ğŸ’°|bag|dollar|moneybag
ğŸª™|coin|gold|metal|money|silver|treasure
ğŸ’´|banknote|bill|currency|money|note|yen
ğŸ’µ|banknote|bill|currency|dollar|money|note
ğŸ’¶|banknote|bill|currency|euro|money|note
ğŸ’·|banknote|bill|currency|money|note|pound|sterling
ğŸ’¸|banknote|bill|fly|money with wings|wings
ğŸ’³|card|credit|money
ğŸ§¾|accounting|bookkeeping|evidence|proof|receipt
ğŸ’¹|chart increasing with yen|growth|money|yen|graph increasing with yen
ğŸ“§|e-mail|email|letter|mail
ğŸ“¨|e-mail|email|envelope|incoming|letter|receive
ğŸ“©|arrow|e-mail|email|envelope with arrow|outgoing
ğŸ“¤|box|letter|mail|outbox|sent|tray|out tray
ğŸ“¥|box|inbox|letter|mail|receive|tray|in tray
ğŸ“¦|box|package|parcel
ğŸ“«|closed mailbox with raised flag|mailbox|postbox|closed postbox with raised flag|letterbox|post box|closed letterbox with raised flag
ğŸ“ª|closed mailbox with lowered flag|lowered|mailbox|postbox|closed postbox with lowered flag|letterbox|post box|closed letterbox with lowered flag
ğŸ“¬|mailbox|open mailbox with raised flag|postbox|open postbox with raised flag|post box|open letterbox with raised flag
ğŸ“­|lowered|mailbox|open mailbox with lowered flag|postbox|open postbox with lowered flag|post box|open letterbox with lowered flag
ğŸ“®|mailbox|postbox|post box
ğŸ—³ï¸|ballot box with ballot|box
âœï¸|pencil
ğŸ–‹ï¸|fountain|pen
ğŸ–Šï¸|ballpoint|pen
ğŸ–Œï¸|paintbrush|painting
ğŸ–ï¸|crayon
ğŸ“|memo|pencil
ğŸ’¼|briefcase
ğŸ“|file|folder
ğŸ“‚|file|folder|open
ğŸ—‚ï¸|card|dividers|index
ğŸ“…|calendar|date
ğŸ“†|calendar|tear-off calendar
ğŸ—’ï¸|note|pad|spiral notepad
ğŸ—“ï¸|calendar|pad|spiral
ğŸ“‡|card|index|rolodex
ğŸ“ˆ|chart increasing|growth|trend|upward|graph increasing
ğŸ“‰|chart decreasing|down|trend|graph decreasing
ğŸ“Š|bar|chart|graph
ğŸ“‹|clipboard
ğŸ“Œ|pin|pushpin|drawing-pin
ğŸ“|pin|pushpin|round pushpin|round drawing-pin
ğŸ“|paperclip
ğŸ–‡ï¸|linked paperclips|paperclip
ğŸ“|ruler|straight edge|straight ruler
ğŸ“|ruler|triangle|triangular ruler|set square
ğŸ—ƒï¸|box|card|file
ğŸ—„ï¸|cabinet|file|filing
ğŸ—‘ï¸|wastebasket
ğŸ”’|closed|locked|padlock
ğŸ”“|lock|open|unlocked|padlock
ğŸ”|ink|locked with pen|nib|pen|privacy
ğŸ”|closed|key|locked with key|secure
ğŸ”‘|key|lock|password
ğŸ—ï¸|clue|key|lock|old
ğŸ”¨|hammer|tool
ğŸª“|axe|chop|hatchet|split|wood
â›ï¸|mining|pick|tool
ğŸ› ï¸|hammer and wrench|spanner|tool|wrench|hammer and spanner
ğŸ—¡ï¸|dagger|knife|weapon
ğŸ”«|gun|handgun|pistol|revolver|tool|weapon|toy|water pistol
ğŸªƒ|australia|boomerang|rebound|repercussion
ğŸ¹|archer|arrow|bow and arrow|sagittarius|zodiac
ğŸ›¡ï¸|shield|weapon
ğŸªš|carpenter|carpentry saw|lumber|saw|tool
ğŸ”§|spanner|tool|wrench
ğŸª›|screwdriver|tool
ğŸ”©|bolt|nut and bolt|tool
ğŸ—œï¸|clamp|compress|tool|vice
ğŸ¦¯|accessibility|blind|white cane|guide cane|long mobility cane
ğŸ”—|link
â›“ï¸|chains
ğŸª|catch|crook|curve|ensnare|hook|selling point|fishing
ğŸ§°|chest|mechanic|toolbox
ğŸ§²|attraction|horseshoe|magnetic
ğŸªœ|climb|ladder|rung|step
ğŸ§ª|chemistry|experiment|lab|science|test tube
ğŸ§«|bacteria|biologist|biology|culture|lab|petri dish
ğŸ§¬|biologist|dna|evolution|genetics|life
ğŸ”¬|microscope|science|tool
ğŸ”­|science|telescope|tool
ğŸ“¡|antenna|dish|satellite
ğŸ’‰|medicine|needle|shot|sick|syringe|ill|injection
ğŸ©¸|bleed|blood donation|drop of blood|injury|medicine|menstruation
ğŸ’Š|doctor|medicine|pill|sick
ğŸ©¹|adhesive bandage|bandage|injury|plaster|sticking plaster|bandaid|dressing
ğŸ©º|doctor|heart|medicine|stethoscope
ğŸšª|door
ğŸ›—|accessibility|elevator|hoist|lift
ğŸª|mirror|reflection|reflector|speculum|looking glass
ğŸªŸ|frame|fresh air|opening|transparent|view|window
ğŸ›ï¸|bed|hotel|sleep
ğŸ›‹ï¸|couch and lamp|hotel|lamp|sofa and lamp
ğŸª‘|chair|seat|sit
ğŸš½|toilet|facilities|loo|wc|lavatory
ğŸª |force cup|plumber|plunger|suction|toilet
ğŸš¿|shower|water
ğŸ›|bathtub
ğŸª¤|bait|mouse trap|mousetrap|snare|trap
ğŸª’|razor|sharp|shave|cut-throat
ğŸ§´|lotion bottle|moisturizer|shampoo|sunscreen|moisturiser
ğŸ§·|diaper|punk rock|safety pin|nappy
ğŸ§¹|broom|cleaning|sweeping|witch
ğŸ§º|basket|farming|laundry|picnic
ğŸ§»|paper towels|roll of paper|toilet paper|toilet roll
ğŸª£|bucket|cask|pail|vat
ğŸ§¼|bar|bathing|cleaning|lather|soapdish
ğŸª¥|bathroom|brush|clean|dental|hygiene|teeth|toothbrush
ğŸ§½|absorbing|cleaning|porous|sponge
ğŸ§¯|extinguish|fire extinguisher|quench
ğŸ›’|cart|shopping|trolley|basket
ğŸš¬|cigarette|smoking
âš°ï¸|coffin|death
ğŸª¦|cemetery|graveyard|headstone|tombstone
âš±ï¸|ashes|death|funeral|urn
ğŸ—¿|face|moai|moyai|statue
ğŸª§|demonstration|picket|placard|protest|sign
ğŸ§|atm sign|automated|bank|teller
ğŸš®|litter bin|litter in bin sign|garbage|trash
ğŸš°|drinking|potable|water
â™¿|access|wheelchair symbol|disabled access
ğŸš¹|bathroom|lavatory|man|menâ€™s room|restroom|toilet|wc|washroom
ğŸšº|bathroom|lavatory|restroom|toilet|wc|woman|womenâ€™s room|ladies room|womenâ€™s toilet|ladiesâ€™ room|washroom
ğŸš»|bathroom|lavatory|restroom|toilet|wc|washroom
ğŸš¼|baby symbol|changing|change room
ğŸš¾|bathroom|closet|lavatory|restroom|toilet|wc|amenities|water closet
ğŸ›‚|control|passport|border|security
ğŸ›ƒ|customs
ğŸ›„|baggage|claim
ğŸ›…|baggage|left luggage|locker|luggage
âš ï¸|warning
ğŸš¸|children crossing|crossing|pedestrian|traffic
â›”|entry|forbidden|not|prohibited|traffic|denied
ğŸš«|entry|forbidden|not|prohibited|denied
ğŸš³|bicycle|bike|forbidden|no bicycles|prohibited
ğŸš­|forbidden|not|prohibited|smoking|denied
ğŸš¯|forbidden|litter|no littering|not|prohibited|denied
ğŸš±|non-drinking|non-potable|water|non-drinkable water
ğŸš·|forbidden|no pedestrians|not|pedestrian|prohibited|denied
ğŸ“µ|cell|forbidden|mobile|no mobile phones|phone
ğŸ”|18|age restriction|eighteen|no one under eighteen|prohibited|underage
â¬†ï¸|arrow|cardinal|direction|north|up arrow
â¡ï¸|arrow|cardinal|direction|east|right arrow
â¬‡ï¸|arrow|cardinal|direction|down|south
â¬…ï¸|arrow|cardinal|direction|left arrow|west
â†©ï¸|arrow|right arrow curving left
â†ªï¸|arrow|left arrow curving right
ğŸ”ƒ|arrow|clockwise vertical arrows|reload
ğŸ”„|arrow|counterclockwise arrows button|withershins|anticlockwise arrows button
ğŸ”™|arrow|back
ğŸ”š|arrow|end
ğŸ”›|arrow|mark|on!
ğŸ”œ|arrow|soon
ğŸ”|arrow|top|up
ğŸ›|place of worship|religion|worship
âš›ï¸|atheist|atom symbol
ğŸ•‰ï¸|hindu|om|religion
â˜¯ï¸|religion|taoist|yang|yin
âœï¸|christian|cross|latin cross|religion
â˜ªï¸|islam|muslim|religion|star and crescent
â˜®ï¸|peace symbol
ğŸ•|candelabrum|candlestick|menorah|religion
ğŸ”¯|dotted six-pointed star|fortune|star
â™Š|gemini|twins|zodiac
â™‹|cancer|crab|zodiac
â™Œ|leo|lion|zodiac
â™|virgo|zodiac|virgin
â™|balance|justice|libra|scales|zodiac
â™|scorpion|scorpius|zodiac
â›|bearer|ophiuchus|serpent|snake|zodiac
ğŸ”€|arrow|crossed|shuffle tracks button
ğŸ”|arrow|clockwise|repeat button
ğŸ”‚|arrow|clockwise|once|repeat single button
â–¶ï¸|arrow|play button|right|triangle
â©|arrow|double|fast-forward button|forward|fast forward button
â­ï¸|arrow|next scene|next track button|triangle
â¯ï¸|arrow|pause|play or pause button|right|triangle
â—€ï¸|arrow|left|reverse button|triangle
âª|arrow|double|fast reverse button|rewind
â®ï¸|arrow|last track button|previous scene|previous track|triangle
ğŸ”¼|arrow|button|red|upwards button|upward button
â«|arrow|double|fast up button
ğŸ”½|arrow|button|downwards button|red|downward button
â¬|arrow|double|down|fast down button
â¸ï¸|bar|double|pause button|vertical
â¹ï¸|square|stop button
âºï¸|circle|record button
âï¸|eject button
ğŸ¦|camera|cinema|film|movie
ğŸ”…|brightness|dim button|low
ğŸ”†|bright button|brightness button
ğŸ“¶|antenna bars|bar|cell|mobile|phone
ğŸ“³|cell|mobile|mode|phone|telephone|vibration|vibrate
ğŸ“´|cell|mobile|off|phone|telephone
âš§|transgender symbol
â™¾ï¸|forever|infinity|unbounded|universal|eternal
â€¼ï¸|!!|bangbang|double exclamation mark|exclamation|mark|punctuation
ğŸ’±|bank|currency|exchange|money
ğŸ’²|currency|dollar|heavy dollar sign|money
â™»ï¸|recycle|recycling symbol
âšœï¸|fleur-de-lis
ğŸ”±|anchor|emblem|ship|tool|trident
ğŸ“›|badge|name
ğŸ”°|beginner|chevron|japanese symbol for beginner|leaf
â­•|circle|hollow red circle|large|o|red
âŒ|Ã—|cancel|cross|mark|multiplication|multiply|x
â|Ã—|cross mark button|mark|square|x
â°|curly loop|loop
â¿|curl|double curly loop|loop
ã€½ï¸|mark|part alternation mark
ğŸ” |abcd|latin|letters|uppercase|input latin uppercase
ğŸ”¡|abcd|latin|letters|lowercase|input latin lowercase
ğŸ”¢|1234|input|numbers
ğŸ”£|ã€’â™ª&%|input symbols
ğŸ”¤|abc|alphabet|latin|letters|input latin letters
ğŸ…°ï¸|a button (blood type)|blood type
ğŸ†|ab button (blood type)|blood type
ğŸ…±ï¸|b button (blood type)|blood type
ğŸ†‘|cl button
ğŸ†’|cool button
ğŸ†“|free button
ğŸ†”|id button|identity
â“‚ï¸|circled m|m
ğŸ†•|new button
ğŸ†–|ng button
ğŸ…¾ï¸|blood type|o button (blood type)
ğŸ†—|ok button
ğŸ…¿ï¸|p button|parking
ğŸ†˜|help|sos button
ğŸ†™|mark|up! button
ğŸ†š|versus|vs button
ğŸˆ|here|japanese here button|katakana|ã‚³ã‚³
ğŸˆ‚ï¸|service charge|japanese service charge button|katakana|ã‚µ
ğŸˆ·ï¸|monthly amount|ideograph|japanese monthly amount button|æœˆ
ğŸˆ¶|not free of charge|ideograph|japanese not free of charge button|æœ‰
ğŸˆ¯|reserved|ideograph|japanese reserved button|æŒ‡
ğŸ‰|bargain|ideograph|japanese bargain button|å¾—
ğŸˆ¹|discount|ideograph|japanese discount button|å‰²
ğŸˆš|free of charge|ideograph|japanese free of charge button|ç„¡
ğŸˆ²|prohibited|ideograph|japanese prohibited button|ç¦
ğŸ‰‘|acceptable|ideograph|japanese acceptable button|å¯
ğŸˆ¸|application|ideograph|japanese application button|ç”³
ğŸˆ´|passing grade|ideograph|japanese passing grade button|åˆ
ğŸˆ³|vacancy|ideograph|japanese vacancy button|ç©º
ğŸˆº|open for business|ideograph|japanese open for business button|å–¶
ğŸˆµ|no vacancy|ideograph|japanese no vacancy button|æº€
ğŸ”´|circle|geometric|red
ğŸŸ |circle|orange
ğŸŸ¡|circle|yellow
ğŸŸ¢|circle|green
ğŸ”µ|blue|circle|geometric
ğŸŸ£|circle|purple
ğŸŸ¤|brown|circle
âš«|black circle|circle|geometric
âšª|circle|geometric|white circle
ğŸŸ¥|red|square
ğŸŸ§|orange|square
ğŸŸ¨|square|yellow
ğŸŸ©|green|square
ğŸŸ¦|blue|square
ğŸŸª|purple|square
ğŸŸ«|brown|square
â¬›|black large square|geometric|square
â¬œ|geometric|square|white large square
â—¼ï¸|black medium square|geometric|square
â—»ï¸|geometric|square|white medium square
â—¾|black medium-small square|geometric|square
â—½|geometric|square|white medium-small square
â–ªï¸|black small square|geometric|square
â–«ï¸|geometric|square|white small square
ğŸ”¶|diamond|geometric|large orange diamond|orange
ğŸ”·|blue|diamond|geometric|large blue diamond
ğŸ”¸|diamond|geometric|orange|small orange diamond
ğŸ”¹|blue|diamond|geometric|small blue diamond
ğŸ”º|geometric|red triangle pointed up
ğŸ”»|down|geometric|red triangle pointed down
ğŸ’ |comic|diamond with a dot|geometric|inside
ğŸ”˜|button|geometric|radio
ğŸ”³|button|geometric|outlined|square|white square button
ğŸ”²|black square button|button|geometric|square
ğŸ|chequered flag|racing|checkered flag|flag
ğŸš©|post|triangular flag|red flag
ğŸŒ|celebration|crossed flags|japanese|flag
ğŸ´|black flag|waving|flag
ğŸ³ï¸|waving|white flag|surrender|flag
ğŸ³ï¸â€ğŸŒˆ|pride|rainbow flag|flag
ğŸ³ï¸â€âš§ï¸|flag|light blue|pink|transgender|white
ğŸ´â€â˜ ï¸|jolly roger|pirate flag|plunder|treasure|flag
ğŸ‡¦ğŸ‡©|andorra
ğŸ‡¦ğŸ‡ª|united arab emirates
ğŸ‡¦ğŸ‡«|afghanistan
ğŸ‡¦ğŸ‡¬|antigua & barbuda|antigua and barbuda
ğŸ‡¦ğŸ‡®|anguilla
ğŸ‡¦ğŸ‡±|albania
ğŸ‡¦ğŸ‡²|armenia
ğŸ‡¦ğŸ‡´|angola
ğŸ‡¦ğŸ‡¶|antarctica
ğŸ‡¦ğŸ‡·|argentina
ğŸ‡¦ğŸ‡¸|american samoa
ğŸ‡¦ğŸ‡¹|austria
ğŸ‡¦ğŸ‡º|australia
ğŸ‡¦ğŸ‡¼|aruba
ğŸ‡¦ğŸ‡½|Ã¥land islands
ğŸ‡¦ğŸ‡¿|azerbaijan
ğŸ‡§ğŸ‡¦|bosnia & herzegovina|bosnia and herzegovina
ğŸ‡§ğŸ‡§|barbados
ğŸ‡§ğŸ‡©|bangladesh
ğŸ‡§ğŸ‡ª|belgium
ğŸ‡§ğŸ‡«|burkina faso
ğŸ‡§ğŸ‡¬|bulgaria
ğŸ‡§ğŸ‡­|bahrain
ğŸ‡§ğŸ‡®|burundi
ğŸ‡§ğŸ‡¯|benin
ğŸ‡§ğŸ‡±|st. barthÃ©lemy|saint-barthÃ©lemy|st barthÃ©lemy
ğŸ‡§ğŸ‡²|bermuda
ğŸ‡§ğŸ‡³|brunei
ğŸ‡§ğŸ‡´|bolivia
ğŸ‡§ğŸ‡¶|caribbean netherlands
ğŸ‡§ğŸ‡·|brazil
ğŸ‡§ğŸ‡¸|bahamas
ğŸ‡§ğŸ‡¹|bhutan
ğŸ‡§ğŸ‡¼|botswana
ğŸ‡§ğŸ‡¾|belarus
ğŸ‡§ğŸ‡¿|belize
ğŸ‡¨ğŸ‡¦|canada
ğŸ‡¨ğŸ‡¨|cocos (keeling) islands
ğŸ‡¨ğŸ‡©|congo - kinshasa
ğŸ‡¨ğŸ‡«|central african republic
ğŸ‡¨ğŸ‡¬|congo - brazzaville
ğŸ‡¨ğŸ‡­|switzerland
ğŸ‡¨ğŸ‡®|cÃ´te dâ€™ivoire
ğŸ‡¨ğŸ‡°|cook islands
ğŸ‡¨ğŸ‡±|chile
ğŸ‡¨ğŸ‡²|cameroon
ğŸ‡¨ğŸ‡³|china
ğŸ‡¨ğŸ‡´|colombia
ğŸ‡¨ğŸ‡·|costa rica
ğŸ‡¨ğŸ‡º|cuba
ğŸ‡¨ğŸ‡»|cape verde
ğŸ‡¨ğŸ‡¼|curaÃ§ao
ğŸ‡¨ğŸ‡½|christmas island
ğŸ‡¨ğŸ‡¾|cyprus
ğŸ‡¨ğŸ‡¿|czechia
ğŸ‡©ğŸ‡ª|germany
ğŸ‡©ğŸ‡¯|djibouti
ğŸ‡©ğŸ‡°|denmark
ğŸ‡©ğŸ‡²|dominica
ğŸ‡©ğŸ‡´|dominican republic
ğŸ‡©ğŸ‡¿|algeria
ğŸ‡ªğŸ‡¨|ecuador
ğŸ‡ªğŸ‡ª|estonia
ğŸ‡ªğŸ‡¬|egypt
ğŸ‡ªğŸ‡­|western sahara
ğŸ‡ªğŸ‡·|eritrea
ğŸ‡ªğŸ‡¸|spain
ğŸ‡ªğŸ‡¹|ethiopia
ğŸ‡ªğŸ‡º|european union
ğŸ‡«ğŸ‡®|finland
ğŸ‡«ğŸ‡¯|fiji
ğŸ‡«ğŸ‡°|falkland islands
ğŸ‡«ğŸ‡²|micronesia
ğŸ‡«ğŸ‡´|faroe islands
ğŸ‡«ğŸ‡·|france
ğŸ‡¬ğŸ‡¦|gabon
ğŸ‡¬ğŸ‡§|united kingdom
ğŸ‡¬ğŸ‡©|grenada
ğŸ‡¬ğŸ‡ª|georgia
ğŸ‡¬ğŸ‡«|french guiana
ğŸ‡¬ğŸ‡¬|guernsey
ğŸ‡¬ğŸ‡­|ghana
ğŸ‡¬ğŸ‡®|gibraltar
ğŸ‡¬ğŸ‡±|greenland
ğŸ‡¬ğŸ‡²|gambia
ğŸ‡¬ğŸ‡³|guinea
ğŸ‡¬ğŸ‡µ|guadeloupe
ğŸ‡¬ğŸ‡¶|equatorial guinea
ğŸ‡¬ğŸ‡·|greece
ğŸ‡¬ğŸ‡¸|south georgia & south sandwich islands|south georgia and south sandwich islands
ğŸ‡¬ğŸ‡¹|guatemala
ğŸ‡¬ğŸ‡º|guam
ğŸ‡¬ğŸ‡¼|guinea-bissau
ğŸ‡¬ğŸ‡¾|guyana
ğŸ‡­ğŸ‡°|hong kong sar china
ğŸ‡­ğŸ‡³|honduras
ğŸ‡­ğŸ‡·|croatia
ğŸ‡­ğŸ‡¹|haiti
ğŸ‡­ğŸ‡º|hungary
ğŸ‡®ğŸ‡¨|canary islands
ğŸ‡®ğŸ‡©|indonesia
ğŸ‡®ğŸ‡ª|ireland
ğŸ‡®ğŸ‡±|israel
ğŸ‡®ğŸ‡²|isle of man
ğŸ‡®ğŸ‡³|india
ğŸ‡®ğŸ‡´|british indian ocean territory
ğŸ‡®ğŸ‡¶|iraq
ğŸ‡®ğŸ‡·|iran
ğŸ‡®ğŸ‡¸|iceland
ğŸ‡®ğŸ‡¹|italy
ğŸ‡¯ğŸ‡ª|jersey
ğŸ‡¯ğŸ‡²|jamaica
ğŸ‡¯ğŸ‡´|jordan
ğŸ‡¯ğŸ‡µ|japan
ğŸ‡°ğŸ‡ª|kenya
ğŸ‡°ğŸ‡¬|kyrgyzstan
ğŸ‡°ğŸ‡­|cambodia
ğŸ‡°ğŸ‡®|kiribati
ğŸ‡°ğŸ‡²|comoros
ğŸ‡°ğŸ‡³|st. kitts & nevis|saint kitts and nevis|st kitts & nevis
ğŸ‡°ğŸ‡µ|north korea
ğŸ‡°ğŸ‡·|south korea
ğŸ‡°ğŸ‡¼|kuwait
ğŸ‡°ğŸ‡¾|cayman islands
ğŸ‡°ğŸ‡¿|kazakhstan
ğŸ‡±ğŸ‡¦|laos
ğŸ‡±ğŸ‡§|lebanon
ğŸ‡±ğŸ‡¨|st. lucia|saint lucia|st lucia
ğŸ‡±ğŸ‡®|liechtenstein
ğŸ‡±ğŸ‡°|sri lanka
ğŸ‡±ğŸ‡·|liberia
ğŸ‡±ğŸ‡¸|lesotho
ğŸ‡±ğŸ‡¹|lithuania
ğŸ‡±ğŸ‡º|luxembourg
ğŸ‡±ğŸ‡»|latvia
ğŸ‡±ğŸ‡¾|libya
ğŸ‡²ğŸ‡¦|morocco
ğŸ‡²ğŸ‡¨|monaco
ğŸ‡²ğŸ‡©|moldova
ğŸ‡²ğŸ‡ª|montenegro
ğŸ‡²ğŸ‡¬|madagascar
ğŸ‡²ğŸ‡­|marshall islands
ğŸ‡²ğŸ‡°|north macedonia
ğŸ‡²ğŸ‡±|mali
ğŸ‡²ğŸ‡²|myanmar (burma)
ğŸ‡²ğŸ‡³|mongolia
ğŸ‡²ğŸ‡´|macao sar china
ğŸ‡²ğŸ‡µ|northern mariana islands
ğŸ‡²ğŸ‡¶|martinique
ğŸ‡²ğŸ‡·|mauritania
ğŸ‡²ğŸ‡¸|montserrat
ğŸ‡²ğŸ‡¹|malta
ğŸ‡²ğŸ‡º|mauritius
ğŸ‡²ğŸ‡»|maldives
ğŸ‡²ğŸ‡¼|malawi
ğŸ‡²ğŸ‡½|mexico
ğŸ‡²ğŸ‡¾|malaysia
ğŸ‡²ğŸ‡¿|mozambique
ğŸ‡³ğŸ‡¦|namibia
ğŸ‡³ğŸ‡¨|new caledonia
ğŸ‡³ğŸ‡ª|niger
ğŸ‡³ğŸ‡«|norfolk island
ğŸ‡³ğŸ‡¬|nigeria
ğŸ‡³ğŸ‡®|nicaragua
ğŸ‡³ğŸ‡±|netherlands
ğŸ‡³ğŸ‡´|norway
ğŸ‡³ğŸ‡µ|nepal
ğŸ‡³ğŸ‡·|nauru
ğŸ‡³ğŸ‡º|niue
ğŸ‡³ğŸ‡¿|new zealand
ğŸ‡´ğŸ‡²|oman
ğŸ‡µğŸ‡¦|panama
ğŸ‡µğŸ‡ª|peru
ğŸ‡µğŸ‡«|french polynesia
ğŸ‡µğŸ‡¬|papua new guinea
ğŸ‡µğŸ‡­|philippines
ğŸ‡µğŸ‡°|pakistan
ğŸ‡µğŸ‡±|poland
ğŸ‡µğŸ‡²|st. pierre & miquelon|saint-pierre-et-miquelon|st pierre & miquelon
ğŸ‡µğŸ‡³|pitcairn islands
ğŸ‡µğŸ‡·|puerto rico
ğŸ‡µğŸ‡¸|palestinian territories
ğŸ‡µğŸ‡¹|portugal
ğŸ‡µğŸ‡¼|palau
ğŸ‡µğŸ‡¾|paraguay
ğŸ‡¶ğŸ‡¦|qatar
ğŸ‡·ğŸ‡ª|rÃ©union
ğŸ‡·ğŸ‡´|romania
ğŸ‡·ğŸ‡¸|serbia
ğŸ‡·ğŸ‡º|russia
ğŸ‡·ğŸ‡¼|rwanda
ğŸ‡¸ğŸ‡¦|saudi arabia
ğŸ‡¸ğŸ‡§|solomon islands
ğŸ‡¸ğŸ‡¨|seychelles
ğŸ‡¸ğŸ‡©|sudan
ğŸ‡¸ğŸ‡ª|sweden
ğŸ‡¸ğŸ‡¬|singapore
ğŸ‡¸ğŸ‡­|st. helena|saint helena|st helena
ğŸ‡¸ğŸ‡®|slovenia
ğŸ‡¸ğŸ‡°|slovakia
ğŸ‡¸ğŸ‡±|sierra leone
ğŸ‡¸ğŸ‡²|san marino
ğŸ‡¸ğŸ‡³|senegal
ğŸ‡¸ğŸ‡´|somalia
ğŸ‡¸ğŸ‡·|suriname
ğŸ‡¸ğŸ‡¸|south sudan
ğŸ‡¸ğŸ‡¹|sÃ£o tomÃ© & prÃ­ncipe|sÃ£o tomÃ© and prÃ­ncipe
ğŸ‡¸ğŸ‡»|el salvador
ğŸ‡¸ğŸ‡½|sint maarten
ğŸ‡¸ğŸ‡¾|syria
ğŸ‡¸ğŸ‡¿|eswatini
ğŸ‡¹ğŸ‡¨|turks & caicos islands|turks and caicos islands
ğŸ‡¹ğŸ‡©|chad
ğŸ‡¹ğŸ‡«|french southern territories
ğŸ‡¹ğŸ‡¬|togo
ğŸ‡¹ğŸ‡­|thailand
ğŸ‡¹ğŸ‡¯|tajikistan
ğŸ‡¹ğŸ‡°|tokelau
ğŸ‡¹ğŸ‡±|timor-leste
ğŸ‡¹ğŸ‡²|turkmenistan
ğŸ‡¹ğŸ‡³|tunisia
ğŸ‡¹ğŸ‡´|tonga
ğŸ‡¹ğŸ‡·|turkey
ğŸ‡¹ğŸ‡¹|trinidad & tobago|trinidad and tobago
ğŸ‡¹ğŸ‡»|tuvalu
ğŸ‡¹ğŸ‡¼|taiwan
ğŸ‡¹ğŸ‡¿|tanzania
ğŸ‡ºğŸ‡¦|ukraine
ğŸ‡ºğŸ‡¬|uganda
ğŸ‡ºğŸ‡¸|united states
ğŸ‡ºğŸ‡¾|uruguay
ğŸ‡ºğŸ‡¿|uzbekistan
ğŸ‡»ğŸ‡¦|vatican city
ğŸ‡»ğŸ‡¨|st. vincent & grenadines|saint vincent and the grenadines|st vincent & the grenadines
ğŸ‡»ğŸ‡ª|venezuela
ğŸ‡»ğŸ‡¬|british virgin islands
ğŸ‡»ğŸ‡®|u.s. virgin islands|us virgin islands
ğŸ‡»ğŸ‡³|vietnam
ğŸ‡»ğŸ‡º|vanuatu
ğŸ‡¼ğŸ‡«|wallis & futuna|wallis and futuna
ğŸ‡¼ğŸ‡¸|samoa
ğŸ‡½ğŸ‡°|kosovo
ğŸ‡¾ğŸ‡ª|yemen
ğŸ‡¾ğŸ‡¹|mayotte
ğŸ‡¿ğŸ‡¦|south africa
ğŸ‡¿ğŸ‡²|zambia
ğŸ‡¿ğŸ‡¼|zimbabwe
ğŸ´ó §ó ¢ó ¥ó ®ó §ó ¿|england
ğŸ´ó §ó ¢ó ³ó £ó ´ó ¿|scotland
ğŸ´ó §ó ¢ó ·ó ¬ó ³ó ¿|wales