â‰ï¸|!?|?|exclamation|points dâ€™exclamation et dâ€™interrogation|ponctuation|question
â„¹ï¸|informations|source dâ€™informations
â†”ï¸|flÃ¨che gauche droite|Ã  droite et Ã  gauche|Ã  gauche et Ã  droite|droite gauche|flÃ¨che pointant Ã  gauche et Ã  droite|gauche droite
â†•ï¸|flÃ¨che haut bas|bas haut|en bas et en haut|en haut et en bas|flÃ¨che pointant vers le haut et vers le bas|haut bas
â†–ï¸|direction|flÃ¨che haut gauche|nord-ouest|en haut Ã  gauche|flÃ¨che pointant vers le haut Ã  gauche|point intercardinal
â†—ï¸|direction|flÃ¨che haut droite|nord-est|en haut Ã  droite|flÃ¨che pointant vers le haut Ã  droite|point intercardinal
â†˜ï¸|direction|flÃ¨che bas droite|sud-est|en bas Ã  droite|flÃ¨che pointant vers le bas Ã  droite|lÃ¨che|point intercardinal
â†™ï¸|direction|flÃ¨che bas gauche|sud-ouest|en bas Ã  gauche|flÃ¨che pointant vers le bas Ã  gauche|point intercardinal
âŒ¨ï¸|clavier|ordinateur
â˜€ï¸|brillant|mÃ©tÃ©o|rayons|soleil
â˜ï¸|mÃ©tÃ©o|nuage
â˜‚ï¸|parapluie ouvert|pluie|vÃªtement
â˜ƒï¸|neige|bonhomme de neige avec flocons|flocons|froid
â˜„ï¸|comÃ¨te|espace
â˜‘ï¸|âœ“|bouton|carrÃ©|case cochÃ©e|coche|oui|sÃ©lection
â˜”|gouttes|mÃ©tÃ©o|parapluie avec gouttes de pluie|pluie
â˜•|boisson chaude|cafÃ©|thÃ©
â˜˜ï¸|plante|trÃ¨fle Ã  trois feuilles|trois feuilles
â˜ ï¸|crÃ¢ne|mort|os|tÃªte de mort
â˜¢ï¸|radioactif|symbole
â˜£ï¸|danger biologique|symbole|biologique
â˜¦ï¸|chrÃ©tien|croix orthodoxe|religion|orthodoxe|rÃ©ligion
â˜¸ï¸|bouddhiste|dharma|religion|roue du dharma
â˜¹ï¸|mÃ©content|visage
â™ˆ|bÃ©lier zodiaque|zodiaque
â™‰|taureau|zodiaque
â™|sagittaire|zodiaque
â™‘|capricorne|zodiaque
â™’|verseau|zodiaque
â™“|poissons|zodiaque
â™ ï¸|carte|couleur|jeu|pique
â™£ï¸|couleur|jeu|trÃ¨fle cartes|carte
â™¥ï¸|cÅ“ur cartes|couleur|jeu|carte
â™¦ï¸|carreaux|carte|couleur|jeu
â™¨ï¸|sources chaudes|sources thermales|thermale
âš’ï¸|marteau et pioche|outil|pioche|marteau et pic|pic
âš“|ancre|bateau|outil
âš”ï¸|arme|croisÃ©es|Ã©pÃ©es
âš–ï¸|balance Ã  poids|justice|zodiaque
âš—ï¸|alambic|chimie|outil
âš™ï¸|engrenage|outil|roue dentÃ©e
âœ‚ï¸|ciseaux|fournitures
âœ…|âœ“|bouton cochÃ©|carrÃ©|coche|marque|oui|sÃ©lection
âœˆï¸|avion|vÃ©hicule
âœ‰ï¸|courrier Ã©lectronique|e-mail|enveloppe|courriel|lettre
âœ’ï¸|stylo plume noir|plume noire
âœ”ï¸|âœ“|oui|sÃ©lection|coche noire|marque
âœ–ï¸|*|Ã—|annuler|multiplier|non|signe multiplier|x|signe de multiplication
âœ¡ï¸|david|Ã©toile de david|juif|religion
âœ¨|*|Ã©tincelles|Ã©toile|scintiller
âœ³ï¸|*|astÃ©risque huit branches|Ã©toile|astÃ©rique Ã  huit branches|huit branches
âœ´ï¸|*|astÃ©risque|Ã©toile huit branches|Ã©toile Ã  huit branches|huit branches
â„ï¸|neige|flocon de neige|froid
â‡ï¸|*|briller|Ã©clat|Ã©tinceler|scintiller
â“|?|interrogation|point dâ€™interrogation rouge|ponctuation|question
â”|?|interrogation|point dâ€™interrogation blanc|ponctuation|question
â•|!|exclamation|point dâ€™exclamation blanc|ponctuation|question
â—|!|exclamation|point dâ€™exclamation rouge|ponctuation
â£ï¸|cÅ“ur point dâ€™exclamation|exclamation|ponctuation|point
â¤ï¸|cÅ“ur rouge|rouge
â•|+|addition|arithmÃ©tique|mathÃ©matiques|plus|signe plus|signe dâ€™addition
â–|-|âˆ’|arithmÃ©tique|mathÃ©matiques|moins|signe moins|soustraction|signe de soustraction
â—|Ã·|diviser|division|mathÃ©matiques|/|arithmÃ©tique|signe de division
â¤´ï¸|flÃ¨che courbe haut|courbe vers le haut|flÃ¨che courbe vers le haut
â¤µï¸|flÃ¨che courbe bas|courbe vers le bas|flÃ¨che courbe vers le bas
ã€°ï¸|ligne ondulÃ©e|ponctuation|trait dâ€™union ondulÃ©|vague
ãŠ—ï¸|bouton fÃ©licitations en japonais|fÃ©licitations|japonais|idÃ©ogramme|symbole japonais signifiant Â«Â fÃ©licitationsÂ Â»|ç¥
ãŠ™ï¸|bouton secret en japonais|japonais|secret|idÃ©ogramme|symbole japonais signifiant Â«Â secretÂ Â»|ç§˜
ğŸ˜€|sourire|visage rieur|grand sourire|large sourire|visage avec large sourire
ğŸ˜ƒ|sourire|visage souriant avec de grands yeux|bouche ouverte|visage souriant les yeux grands ouverts
ğŸ˜„|sourire|visage trÃ¨s souriant aux yeux rieurs|bouche ouverte|Å“il|visage avec large sourire et yeux rieurs
ğŸ˜|dents|sourire|visage souriant aux yeux rieurs|grand sourire|large sourire|Å“il|visage radieux et yeux rieurs
ğŸ˜†|rire|sourire|visage souriant avec yeux plissÃ©s|bouche ouverte|satisfait|visage avec large sourire, les yeux fermÃ©s
ğŸ˜…|sourire|visage souriant avec une goutte de sueur|froide|sueur|un visage en sueur avec large sourire|visage en sueur avec large sourire
ğŸ¤£|se rouler par terre de rire|visage|rire Ã  se rouler par terre
ğŸ˜‚|larmes|sourire|visage riant aux larmes|joie|rire|visage pleurant de joie
ğŸ™‚|sourire|visage avec un lÃ©ger sourire
ğŸ™ƒ|renversÃ©e|tÃªte Ã  lâ€™envers|Ã  lâ€™envers|visage Ã  lâ€™envers
ğŸ˜‰|clin dâ€™Å“il|visage faisant un clin dâ€™Å“il|visage clignant dâ€™un Å“il
ğŸ˜Š|Å“il|rougir|sourire|visage souriant avec yeux rieurs|visage souriant les yeux plissÃ©s
ğŸ˜‡|ange|visage souriant avec aurÃ©ole|aurÃ©ole|innocent|visage qui sourit avec une aurÃ©ole
ğŸ¥°|adorer|aimer|amoureux|bÃ©guin|cÅ“urs|sourire|visage souriant avec cÅ“urs|amoureuse
ğŸ˜|amour|cÅ“ur|Å“il|visage souriant avec yeux en forme de cÅ“ur|sourire|visage souriant aux yeux en forme de cÅ“ur
ğŸ¤©|Ã©toile|grand sourire|visage avec des Ã©toiles Ã  la place des yeux|yeux|large sourire|visage aux yeux en forme dâ€™Ã©toiles
ğŸ˜˜|bisou|cÅ“ur|visage envoyant un bisou|baiser|visage envoyant un baiser
ğŸ˜—|bisou|visage faisant un bisou|baiser|visage donnant un baiser
â˜ºï¸|sourire|visage souriant|dÃ©tendu
ğŸ˜š|bisou|visage faisant un bisou avec les yeux fermÃ©s|baiser|visage faisant un baiser les yeux fermÃ©s|yeux fermÃ©s
ğŸ˜™|bisou|visage aux yeux rieurs faisant un bisou|baiser|Å“il|sourire|visage donnant un baiser avec les yeux plissÃ©s|visage faisant un baiser les yeux rieurs
ğŸ¥²|Ã©mu|fier|larme|soulagÃ©|souriant|touchÃ©|visage souriant avec une larme|visage souriant avec larme
ğŸ˜‹|langue|miam|dÃ©licieux|menoum|savourant|sourire|visage
ğŸ˜›|visage qui tire la langue|langue sortie|tire la langue
ğŸ˜œ|clin dâ€™Å“il|langue|Å“il|visage qui tire la langue et fait un clin dâ€™Å“il|tire la langue
ğŸ¤ª|grand|Å“il|petit|tÃªte de fou|amusant|farfelu|idiot|niaiseux|visage
ğŸ˜|goÃ»t|horrible|langue|Å“il|visage qui tire la langue les yeux plissÃ©s|dÃ©goÃ»t|yeux plissÃ©s
ğŸ¤‘|argent dans les yeux et la bouche|bouche|yeux|dollar|visage
ğŸ¤—|cÃ¢lin|gentil|visage qui fait un cÃ¢lin|visage heureux et cÃ¢lin
ğŸ¤­|oups|visage avec une main sur la bouche|main sur la bouche
ğŸ¤«|chut|silence|visage avec un doigt sur la bouche|doigt sur la bouche
ğŸ¤”|rÃ©flexion|visage en pleine rÃ©flexion
ğŸ¤|fermeture Ã©clair|visage avec bouche fermeture Ã©clair|bouche cousue|fermeture Ã  glissiÃ¨re
ğŸ¤¨|mÃ©fiant|sceptique|visage avec les sourcils relevÃ©s
ğŸ˜|neutre|visage neutre|impassible
ğŸ˜‘|inexpressif|neutre|sans expression|visage sans expression
ğŸ˜¶|muet|visage sans bouche|sans bouche|silence|silencieux
ğŸ˜¶â€ğŸŒ«ï¸|brouillard|dans les nuages|distrait|visage dans le brouillard|visage dans les nuages
ğŸ˜|malin|sourire|visage avec un sourire malin|visage au sourire malin
ğŸ˜’|blasÃ©|pas content|visage|contrariÃ©|dÃ©sabusÃ©|rÃ©signÃ©
ğŸ™„|roulement|visage roulant des yeux|yeux|roule des yeux|visage qui roule des yeux
ğŸ˜¬|grimace|visage grimaÃ§ant
ğŸ˜®â€ğŸ’¨|chuchoter|expiration|siffler|soulagement|sursaut|visage expirant
ğŸ¤¥|mensonge|menteur|pinocchio|visage de menteur
ğŸ˜Œ|soulagement|visage soulagÃ©|soulagÃ©
ğŸ˜”|dÃ©Ã§u|pensif|visage
ğŸ˜ª|sommeil|visage endormi|endormi
ğŸ¤¤|baver|visage qui bave|saliver
ğŸ˜´|sommeil|visage somnolent|zzz|endormi
ğŸ˜·|masque|visage avec masque|docteur|froid|malade|mÃ©dical
ğŸ¤’|indisposÃ©|malade|thermomÃ¨tre|visage avec thermomÃ¨tre
ğŸ¤•|bandage|tÃªte|visage avec bandage autour de la tÃªte|blessÃ©|blessure|visage bandÃ©
ğŸ¤¢|Ã©cÅ“urÃ©|nausÃ©e|visage nausÃ©eux
ğŸ¤®|malade|visage qui vomit|vomissure
ğŸ¤§|atchoum|Ã©ternuement|Ã©ternuer|rhume|visage qui Ã©ternue
ğŸ¥µ|chaud|coup de chaleur|fiÃ¨vre|transpiration|visage rouge et chaud|canicule|rouge|sueur
ğŸ¥¶|froid|gelure|glacial|glaÃ§on|visage bleu et froid|bleu|gelÃ©
ğŸ¥´|bouche ondulÃ©e|dans les vapes|hÃ©bÃ©tÃ©|pompette|rond|visage Ã©mÃ©chÃ©|visage abruti
ğŸ˜µ|tournis|visage Ã©tourdi|inconscient|mort
ğŸ˜µâ€ğŸ’«|confusion|Ã©tourdi|hagard|tÃªte qui tourne|visage aux yeux en spirales|visage avec yeux en spirale
ğŸ¤¯|choquÃ©|tÃªte qui explose
ğŸ¤ |chapeau|cowboy|visage avec chapeau de cowboy
ğŸ¥³|cÃ©lÃ©bration|chapeau|fÃªte|sifflet|visage festif
ğŸ¥¸|dÃ©guisement|faux nez|incognito|lunettes|postiche|visage dÃ©guisÃ©
ğŸ˜|lunettes de soleil|visage avec lunettes de soleil|cool|intelligent|soleil|visage souriant avec des lunettes de soleil
ğŸ¤“|geek|lunettes|visage de geek|nerd|tronche|visage de tronche
ğŸ§|collet montÃ©|vieux jeu|visage avec un monocle|monocle|sÃ©rieux
ğŸ˜•|confus|visage
ğŸ˜Ÿ|inquiet|visage
ğŸ™|mÃ©content|visage lÃ©gÃ¨rement mÃ©content
ğŸ˜®|surpris|visage avec bouche ouverte|bouche ouverte|compassion|visage Ã©patÃ©
ğŸ˜¯|sans voix|stupÃ©fait|surpris|visage Ã©bahi|Ã©bahi
ğŸ˜²|choc|stupÃ©fait|visage|choquÃ©|Ã©tonnÃ©|surpris
ğŸ˜³|rouge|rougissant|visage qui rougit
ğŸ¥º|pitiÃ©|supplication|visage implorant|yeux de chiens battus|implorant|yeux de chiot
ğŸ˜¦|bouche|dÃ©Ã§u|ouverte|visage mÃ©content avec bouche ouverte|bÃ©ante|renfrognÃ©
ğŸ˜§|angoisse|visage angoissÃ©
ğŸ˜¨|apeurÃ©|effrayÃ©|peur|visage
ğŸ˜°|bouche|sueur|visage anxieux avec goutte de sueur|anxieux|bleu|froide|visage inquiet et en sueur
ğŸ˜¥|pfiou|visage triste mais soulagÃ©|dÃ©Ã§u|fiou|soulagÃ©
ğŸ˜¢|larmes|visage qui pleure|pleure|triste
ğŸ˜­|larme|pleurs|triste|visage qui pleure Ã  chaudes larmes|chaudes larmes|pleure|sanglot
ğŸ˜±|cri|effrayÃ©|peur|visage qui hurle de peur|munch|terreur
ğŸ˜–|dÃ©concertÃ©|visage
ğŸ˜£|persÃ©vÃ©rant|visage
ğŸ˜|dÃ©Ã§u|visage
ğŸ˜“|froide|sueur|visage dÃ©moralisÃ© avec goutte de sueur|triste|visage triste et en sueur
ğŸ˜©|Ã©puisÃ©|fatiguÃ©|visage
ğŸ˜«|fatigue|visage fatiguÃ©
ğŸ¥±|bÃ¢iller|ennui|fatigue|visage bÃ¢illant
ğŸ˜¤|triomphe|victoire|visage avec fumÃ©e sortant des narines|Ã©nervÃ©|fumÃ©e
ğŸ˜¡|colÃ¨re|Ã©nervÃ©|furieux|visage boudeur|boudeur|rouge
ğŸ˜ |colÃ¨re|visage en colÃ¨re|en colÃ¨re|furieux
ğŸ¤¬|juron|visage avec des symboles dans la bouche|bipÃ©|blasphÃ¨me|censurÃ©|sacre
ğŸ˜ˆ|cornes|fantastique|sourire|visage souriant avec des cornes
ğŸ‘¿|diablotin|mauvais|visage en colÃ¨re avec des cornes|cornes|dÃ©mon|diable|en colÃ¨re
ğŸ’€|corps|crÃ¢ne|fantastique|mort|visage|monstre
ğŸ’©|caca|crotte|dessin|tas de crotte|visage|marde|merde
ğŸ¤¡|clown|visage de clown
ğŸ‘¹|japonais|ogre|crÃ©ature|fantastique|monstre|visage
ğŸ‘º|japonais|monstre|crÃ©ature|fantastique|gobelin|visage
ğŸ‘»|crÃ©ature|fantastique|fantÃ´me|monstre|visage
ğŸ‘½|alien|crÃ©ature|extraterrestre|ovni|visage|fantastique
ğŸ‘¾|espace|extraterrestre|monstre de lâ€™espace|alien|crÃ©ature|ovni|visage
ğŸ¤–|androÃ¯de|automate|machine|monstre|robot|visage
ğŸ˜º|chat qui sourit|sourire|visage|bouche|ouverte
ğŸ˜¸|chat qui sourit avec des yeux rieurs|sourire|visage|yeux rieurs
ğŸ˜¹|chat qui pleure de joie|joie|pleurer de rire|sourire|visage|larmes
ğŸ˜»|amoureux|chat souriant aux yeux en cÅ“urs|cÅ“ur|sourire|visage|yeux en forme de cÅ“urs
ğŸ˜¼|chat avec sourire en coin|ironique|narquois|sourire en coin|visage|en coin
ğŸ˜½|bisou|chat qui fait un bisou|embrasser|visage|baiser|bec
ğŸ™€|chat fatiguÃ©|fatigue|inquiet|oh|surpris|visage|Ã©tonnÃ©
ğŸ˜¿|chat qui pleure|pleurer|triste|visage|larmes
ğŸ˜¾|bouder|chat qui boude|colÃ¨re|dÃ©saccord|ennui|visage|furieux
ğŸ™ˆ|aveugle|singe ne rien voir|rien de mal|visage|yeux couverts
ğŸ™‰|singe ne rien entendre|sourd|oreilles couvertes|rien de mal|visage
ğŸ™Š|muet|singe ne rien dire|bouche couverte|rien de mal|visage
ğŸ’‹|baiser|lÃ¨vres|rouge|trace de rouge Ã  lÃ¨vres
ğŸ’Œ|amour|lettre dâ€™amour|cÅ“ur
ğŸ’˜|cÅ“ur et flÃ¨che|cupidon|flÃ¨che
ğŸ’|cÅ“ur avec ruban|ruban|saint-valentin|saint valentin|st valentin
ğŸ’–|cÅ“ur Ã©tincelant|enthousiaste|Ã©tincelant
ğŸ’—|cÅ“ur grandissant|grandissant|nerveux|pouls|pulsations
ğŸ’“|cÅ“ur battant|battant|battement|pulsations
ğŸ’|cÅ“urs qui tournent
ğŸ’•|amour|cÅ“urs|deux cÅ“urs
ğŸ’Ÿ|cÅ“ur|dÃ©coration avec cÅ“ur
ğŸ’”|cÅ“ur brisÃ©|brisÃ©
â¤ï¸â€ğŸ”¥|amour|cÅ“ur enflammÃ©|dÃ©sir|feu|passion|cÅ“ur en feu
â¤ï¸â€ğŸ©¹|cÅ“ur avec bandages|rÃ©conforter|rÃ©parer|soigner|en convalescence|rÃ©cupÃ©rer
ğŸ§¡|cÅ“ur orange|orange
ğŸ’›|cÅ“ur jaune|jaune
ğŸ’š|cÅ“ur vert|vert
ğŸ’™|cÅ“ur bleu|bleu
ğŸ’œ|cÅ“ur violet|violet
ğŸ¤|brun|cÅ“ur marron|marron
ğŸ–¤|cÅ“ur noir|noir
ğŸ¤|blanc|cÅ“ur blanc
ğŸ’¯|cent points|marque|score
ğŸ’¢|colÃ¨re|dessin|furieux|symbole de colÃ¨re|bande dessinÃ©e
ğŸ’¥|collision|explosion|bande dessinÃ©e
ğŸ’«|Ã©tourdissement|tournis|bande dessinÃ©e
ğŸ’¦|Ã©claboussures|gouttes de sueur|sueur|bande dessinÃ©e
ğŸ’¨|dÃ©camper|filer|bande dessinÃ©e|fuir|sâ€™enfuir|se sauver
ğŸ•³ï¸|trou
ğŸ’£|bombe|dessin|bande dessinÃ©e
ğŸ’¬|bulle de parole|dialogue|bande dessinÃ©e|parole
ğŸ‘ï¸â€ğŸ—¨ï¸|bulle de bd|Å“il dans une bulle de bd|tÃ©moin|Å“il dans une bulle de parole|parole
ğŸ—¨ï¸|bulle de parole gauche|dialogue|Ã  gauche|bande dessinÃ©e|bulle de parole Ã  gauche|parole
ğŸ—¯ï¸|colÃ¨re|droite|Ã  droite|bande dessinÃ©e|bulle de colÃ¨re Ã  droite|dialogue|parole
ğŸ’­|bulle de pensÃ©e|pensÃ©e|bande dessinÃ©e
ğŸ’¤|dormir|endormi|ronfler|zzz
ğŸ‘‹|coucou|main|signe de la main
ğŸ¤š|dos de main levÃ©e|levÃ©e|main
ğŸ–|main levÃ©e doigts Ã©cartÃ©s|doigts Ã©cartÃ©s|main aux doigts Ã©cartÃ©s
âœ‹|feuille|main levÃ©e|levÃ©e
ğŸ––|main|salut vulcain|vulcain|spock
ğŸ‘Œ|geste|main|ok
ğŸ¤Œ|argumentation|bout des doigts joints|doigts|parler avec les mains|geste de la main|interrogation|main qui interroge|sarcastique
ğŸ¤|petite quantitÃ©|petite somme|peu|pouce et index rapprochÃ©s|un peu
âœŒï¸|ciseaux|main|v de la victoire|victoire
ğŸ¤|croisÃ©s|doigts|main|chance
ğŸ¤Ÿ|amour|main|signe je tâ€™aime|je tâ€™aime
ğŸ¤˜|cornes avec les doigts|main|doigts|rock
ğŸ¤™|main|signe appel tÃ©lÃ©phonique avec les doigts|tÃ©lÃ©phone|appelle-moi
ğŸ‘ˆ|doigt|gauche|index|main avec index pointant Ã  gauche|dos de la main avec index pointant vers la gauche
ğŸ‘‰|doigt|droite|index|main avec index pointant Ã  droite|dos de la main avec index pointant vers la droite
ğŸ‘†|doigt|index|main avec index pointant vers le haut|dos de la main avec index pointant vers le haut|haut
ğŸ–•|doigt dâ€™honneur|main|majeur
ğŸ‘‡|bas|doigt|index|main avec index pointant vers le bas|dos de la main avec index pointant vers le bas
â˜ï¸|doigt|index pointant vers le haut|main
ğŸ‘|main|pouce vers le haut|super|gÃ©nial|ok|oui
ğŸ‘|main|nul|pouce vers le bas|nÃ©gatif|non
âœŠ|main|pierre|poing levÃ©|levÃ©
ğŸ‘Š|coup de poing|main|poing de face
ğŸ¤›|gauche|main|poing Ã  gauche
ğŸ¤œ|droite|main|poing Ã  droite
ğŸ‘|applaudissements|bravo|mains
ğŸ™Œ|air|mains levÃ©es|cÃ©lÃ©bration|geste|hourra|levÃ©es
ğŸ‘|mains ouvertes|ouvertes
ğŸ¤²|mains|paume contre paume doigts vers le haut|priÃ¨re|moins jointes
ğŸ¤|mains|poignÃ©e de main|prÃ©sentation|rencontre|accord
ğŸ™|mains en priÃ¨re|priÃ¨re|merci|moins jointes|svp
âœï¸|Ã©crire|main qui Ã©crit
ğŸ’…|maquillage|vernis Ã  ongles|manucure|ongle
ğŸ¤³|appareil photo|selfie|tÃ©lÃ©phone|autophoto
ğŸ’ª|biceps|contractÃ©|corps|muscle
ğŸ¦¾|accessibilitÃ©|bras mÃ©canique|bras robot|prothÃ¨se
ğŸ¦¿|accessibilitÃ©|jambe mÃ©canique|jambe robot|prothÃ¨se
ğŸ¦µ|coup de pied|jambe|membre
ğŸ¦¶|coup de pied|pas lourd|pied
ğŸ‘‚|corps|oreille
ğŸ¦»|accessibilitÃ©|malentendant|oreille appareillÃ©e|prothÃ¨se auditive
ğŸ‘ƒ|corps|nez
ğŸ§ |cerveau|intelligent
ğŸ«€|battements|cardiologie|cÅ“ur|organe|pouls|pulsation|battement de coeur
ğŸ«|expiration|inspiration|organe|poumons|respiration|souffle|respirer
ğŸ¦·|dentiste
ğŸ¦´|os|squelette
ğŸ‘€|corps|Å“il|visage|yeux
ğŸ‘ï¸|corps|Å“il
ğŸ‘…|corps|langue
ğŸ‘„|bouche|corps|lÃ¨vres
ğŸ‘¶|bÃ©bÃ©|petit
ğŸ§’|enfant|genre neutre|jeune|genre non dÃ©fini
ğŸ‘¦|garÃ§on|jeune
ğŸ‘§|fille|jeune|vierge|zodiaque
ğŸ§‘|adulte|genre neutre|genre non dÃ©fini|personne
ğŸ‘±|blond|cheveux|personne blonde
ğŸ‘¨|homme|adulte
ğŸ§”|barbe|personne barbue|barbu|homme barbu
ğŸ§”â€â™‚ï¸|barbe|homme barbu
ğŸ‘±â€â™‚ï¸|blond|cheveux|homme blond
ğŸ‘©|femme|adulte
ğŸ§”â€â™€ï¸|barbe|femme barbue
ğŸ‘±â€â™€ï¸|blonde|cheveux|femme blonde
ğŸ§“|adulte|genre neutre|personne Ã¢gÃ©e|Ã¢gÃ©e|genre non dÃ©fini
ğŸ‘´|Ã¢gÃ©|homme|adulte
ğŸ‘µ|Ã¢gÃ©e|femme|adulte
ğŸ™|froncer|personne fronÃ§ant les sourcils|sourcils|mÃ©contente
ğŸ™â€â™‚ï¸|froncement|geste|homme fronÃ§ant les sourcils|sourcils
ğŸ™â€â™€ï¸|femme fronÃ§ant les sourcils|froncement|geste|sourcils
ğŸ™|bouder|geste|moue|personne qui boude|baboune
ğŸ™â€â™‚ï¸|boude|geste|homme qui boude|baboune|moue
ğŸ™â€â™€ï¸|boude|femme qui boude|geste|baboune|moue
ğŸ™…|interdit|main|personne faisant un geste dâ€™interdiction|dÃ©saccord|geste de nÃ©gation|nÃ©gation
ğŸ™…â€â™‚ï¸|geste|homme faisant un geste dâ€™interdiction|interdit|main|dÃ©saccord|homme faisant un geste de nÃ©gation|nÃ©gation
ğŸ™…â€â™€ï¸|femme faisant un geste dâ€™interdiction|geste|interdit|main|dÃ©saccord|femme faisant un geste de nÃ©gation|nÃ©gation
ğŸ™†|main|ok|personne faisant un geste dâ€™acceptation|accord|affirmation|geste dâ€™affirmation
ğŸ™†â€â™‚ï¸|geste dâ€™accord|homme faisant un geste dâ€™acceptation|main|ok|accord|affirmation|homme faisant un geste dâ€™affirmation
ğŸ™†â€â™€ï¸|femme faisant un geste dâ€™acceptation|geste dâ€™accord|main|ok|accord|affirmation|femme faisant un geste dâ€™affirmation
ğŸ’|aide|information|main|personne paume vers le haut|personne au guichet
ğŸ’â€â™‚ï¸|homme paume vers le haut|paume vers le haut|aide|assistant|concierge|guichetier|information|rÃ©ceptionniste
ğŸ’â€â™€ï¸|femme paume vers le haut|paume vers le haut|aide|assistante|concierge|guichetiÃ¨re|information|rÃ©ceptionniste
ğŸ™‹|content|geste|levÃ©e|main|personne qui lÃ¨ve la main
ğŸ™‹â€â™‚ï¸|geste|homme qui lÃ¨ve la main|main levÃ©e
ğŸ™‹â€â™€ï¸|femme qui lÃ¨ve la main|geste|main levÃ©e
ğŸ§|accessibilitÃ©|entendre|malentendant|oreille|personne sourde|sourd
ğŸ§â€â™‚ï¸|accessibilitÃ©|entendre|homme sourd|malentendant|oreille|sourd
ğŸ§â€â™€ï¸|accessibilitÃ©|entendre|femme sourde|oreille|malentendante|sourde
ğŸ™‡|dÃ©solÃ©|geste|inclinÃ©|personne qui sâ€™incline|courbette|excuses
ğŸ™‡â€â™‚ï¸|dÃ©solÃ©|geste|homme qui sâ€™incline|inclinÃ©|courbette|excuses
ğŸ™‡â€â™€ï¸|dÃ©solÃ©e|femme qui sâ€™incline|geste|inclinÃ©e|courbette|excuses|homme qui sâ€™incline
ğŸ¤¦|exaspÃ©ration|incrÃ©dulitÃ©|paume de main|personne avec la paume sur le visage|visage|incroyable|main|personne avec paume de la main sur le visage
ğŸ¤¦â€â™‚ï¸|exaspÃ©ration|homme avec la paume sur le visage|incrÃ©dulitÃ©|paume|homme avec paume de la main sur le visage|incroyable|main|visage
ğŸ¤¦â€â™€ï¸|exaspÃ©ration|femme avec la paume sur le visage|incrÃ©dulitÃ©|paume|femme avec paume de la main sur le visage|incroyable|main|visage
ğŸ¤·|doute|haussement dâ€™Ã©paules|ignorance|indiffÃ©rence|personne qui hausse les Ã©paules
ğŸ¤·â€â™‚ï¸|haussement|homme qui hausse les Ã©paules|ignorance|indiffÃ©rence
ğŸ¤·â€â™€ï¸|femme qui hausse les Ã©paules|haussement|ignorance|indiffÃ©rence
ğŸ§‘â€âš•ï¸|docteur|infirmier|mÃ©decin|professionnel de la santÃ© (tous genres)|santÃ©|thÃ©rapeute
ğŸ‘¨â€âš•ï¸|docteur|homme|infirmier|santÃ©|professionnel de la santÃ© homme
ğŸ‘©â€âš•ï¸|femme|infirmiÃ¨re|professionnelle de la santÃ©|santÃ©|docteure
ğŸ§‘â€ğŸ“|diplÃ´me|Ã©tudiant (tous genres)|Ã©tudiante|diplÃ´mÃ©|Ã©tudiant universitaire
ğŸ‘¨â€ğŸ“|diplÃ´mÃ©|Ã©tudiant|homme
ğŸ‘©â€ğŸ“|diplÃ´mÃ©e|Ã©tudiante|femme
ğŸ§‘â€ğŸ«|enseignante|formateur|formatrice|personnel enseignant|professeur|instituteur
ğŸ‘¨â€ğŸ«|enseignant|homme|instituteur|instructeur|professeur
ğŸ‘©â€ğŸ«|enseignante|femme|institutrice|instructrice|professeure
ğŸ§‘â€âš–ï¸|balance|juge
ğŸ‘¨â€âš–ï¸|balance|homme|juge homme|justice
ğŸ‘©â€âš–ï¸|balance|femme|juge
ğŸ§‘â€ğŸŒ¾|fermier (tous genres)|fermiÃ¨re|jardinier|jardiniÃ¨re|agriculteur
ğŸ‘¨â€ğŸŒ¾|agriculteur|fermier|homme|jardinier
ğŸ‘©â€ğŸŒ¾|agricultrice|femme|fermiÃ¨re|jardiniÃ¨re
ğŸ§‘â€ğŸ³|chef|cuisinier (tous genres)|cuisiniÃ¨re
ğŸ‘¨â€ğŸ³|chef|cuisinier|homme
ğŸ‘©â€ğŸ³|chef|cuisiniÃ¨re|femme
ğŸ§‘â€ğŸ”§|artisan|Ã©lectricienne|mÃ©canicien (tous genres)|mÃ©canicienne|plombier|ouvrier
ğŸ‘¨â€ğŸ”§|Ã©lectricien|homme|mÃ©canicien|mÃ©canique|plombier
ğŸ‘©â€ğŸ”§|Ã©lectricienne|femme|mÃ©canicienne|mÃ©canique|plombier
ğŸ§‘â€ğŸ­|assemblage|industrie|ouvrier (tous genres)|ouvriÃ¨re|usine|travailleur dâ€™usine
ğŸ‘¨â€ğŸ­|assemblage|industrie|ouvrier|usine|homme
ğŸ‘©â€ğŸ­|assemblage|industrie|ouvriÃ¨re|usine|femme
ğŸ§‘â€ğŸ’¼|affaires|architecte|bureau|employÃ© de bureau (tous genres)|employÃ©e de bureau|cadre|col blanc
ğŸ‘¨â€ğŸ’¼|affaires|architecte|bureau|homme|employÃ© de bureau homme
ğŸ‘©â€ğŸ’¼|affaires|architecte|bureau|employÃ©e de bureau|femme
ğŸ§‘â€ğŸ”¬|chimiste|scientifique|biologiste|ingÃ©nieur|physicien
ğŸ‘¨â€ğŸ”¬|chimiste|homme|scientifique|biologiste|physicien
ğŸ‘©â€ğŸ”¬|chimiste|femme|scientifique|biologiste|physicienne
ğŸ§‘â€ğŸ’»|dÃ©veloppeur|dÃ©veloppeuse|informaticien (tous genres)|informaticienne|logiciels|technologie|homme
ğŸ‘¨â€ğŸ’»|dÃ©veloppeur|homme|informaticien|logiciels|technologie
ğŸ‘©â€ğŸ’»|dÃ©veloppeuse|femme|informaticienne|logiciels|technologie
ğŸ§‘â€ğŸ¤|artiste|chanteur (tous genres)|chanteuse|rock|star|acteur|vedette
ğŸ‘¨â€ğŸ¤|artiste|chanteur|rock|star|homme|vedette
ğŸ‘©â€ğŸ¤|artiste|chanteuse|rock|star|femme|vedette
ğŸ§‘â€ğŸ¨|artiste|palette
ğŸ‘¨â€ğŸ¨|artiste|homme|palette|peintre
ğŸ‘©â€ğŸ¨|artiste|femme|palette|peintre
ğŸ§‘â€âœˆï¸|avion|pilote
ğŸ‘¨â€âœˆï¸|avion|homme|pilote
ğŸ‘©â€âœˆï¸|avion|femme|pilote
ğŸ§‘â€ğŸš€|astronaute|fusÃ©e
ğŸ‘¨â€ğŸš€|astronaute|espace|fusÃ©e|homme
ğŸ‘©â€ğŸš€|astronaute|espace|femme|fusÃ©e
ğŸ§‘â€ğŸš’|camion de pompiers|pompier
ğŸ‘¨â€ğŸš’|camion de pompiers|homme|pompier
ğŸ‘©â€ğŸš’|camion de pompiers|femme|pompier
ğŸ‘®|flic|officier de police|police|policier
ğŸ‘®â€â™‚ï¸|flic|homme|officier|police|policier
ğŸ‘®â€â™€ï¸|femme|flic|officier|police|policiÃ¨re
ğŸ•µ|dÃ©tective|enquÃªteur|espion
ğŸ•µï¸â€â™‚ï¸|dÃ©tective|enquÃªteur|espion|homme
ğŸ•µï¸â€â™€ï¸|dÃ©tective|enquÃªteuse|espionne|femme|enquÃªtrice
ğŸ’‚|garde
ğŸ’‚â€â™‚ï¸|garde|homme
ğŸ’‚â€â™€ï¸|femme|garde
ğŸ¥·|furtif|guerrier|masquÃ©|ninja
ğŸ‘·|bÃ¢timent|casque|ouvrier|personnel du bÃ¢timent
ğŸ‘·â€â™‚ï¸|bÃ¢timent|homme|ouvrier du bÃ¢timent
ğŸ‘·â€â™€ï¸|bÃ¢timent|femme|ouvriÃ¨re du bÃ¢timent
ğŸ¤´|prince
ğŸ‘¸|fantastique|princesse|conte de fÃ©es
ğŸ‘³|personne en turban|turban
ğŸ‘³â€â™‚ï¸|homme en turban|turban
ğŸ‘³â€â™€ï¸|femme en turban|turban
ğŸ‘²|casquette mao|chapeau|homme avec casquette chinoise|calotte chinoise|gua pi mao|homme coiffÃ© dâ€™une calotte chinoise
ğŸ§•|femme avec foulard|foulard|hijab|mantilla|tichel
ğŸ¤µ|mariÃ©|personne en smoking|personne mariÃ©e|smoking
ğŸ¤µâ€â™‚ï¸|homme en smoking|smoking
ğŸ¤µâ€â™€ï¸|femme en smoking|smoking
ğŸ‘°|mariage|mariÃ©e avec voile|personne mariÃ©e avec voile|voile|personne avec voile
ğŸ‘°â€â™‚ï¸|homme avec voile|voile
ğŸ‘°â€â™€ï¸|femme avec voile|voile
ğŸ¤°|enceinte|femme
ğŸ¤±|allaitement|bÃ©bÃ©|sein|soins
ğŸ‘©â€ğŸ¼|allaitement|bÃ©bÃ©|biberon|femme allaitant un bÃ©bÃ©
ğŸ‘¨â€ğŸ¼|allaitement|bÃ©bÃ©|biberon|homme allaitant un bÃ©bÃ©
ğŸ§‘â€ğŸ¼|allaitement|bÃ©bÃ©|biberon|personne allaitant un bÃ©bÃ©
ğŸ‘¼|ange|bÃ©bÃ©|fantastique|visage
ğŸ…|noÃ«l|pÃ¨re noÃ«l|cÃ©lÃ©bration|fÃªte
ğŸ¤¶|mÃ¨re|noÃ«l|cÃ©lÃ©bration|fÃªte
ğŸ§‘â€ğŸ„|santa, noÃ«l|noÃ«l|personnage de noÃ«l
ğŸ¦¸|bien|heroÃ¯ne|hÃ©ros|super-hÃ©ros|super-pouvoir|gentil|hÃ©roÃ¯ne|super pouvoirs|superhÃ©ros
ğŸ¦¸â€â™‚ï¸|bien|hÃ©ros|homme|super-hÃ©ros homme|super-pouvoir
ğŸ¦¸â€â™€ï¸|femme|hÃ©roÃ¯ne|hÃ©ros|super-hÃ©roÃ¯ne|super-pouvoir|bien, femme, hÃ©roÃ¯ne, hÃ©ros, super pouvoir
ğŸ¦¹|criminel|mal|mÃ©chant|super-pouvoir|super-vilain
ğŸ¦¹â€â™‚ï¸|homme|mal|mÃ©chant|super-pouvoir|super-vilain homme|criminel, homme, mal, mÃ©chant, super pouvoir
ğŸ¦¹â€â™€ï¸|femme|mal|mÃ©chante|super-pouvoir|super-vilain femme|criminelle, femme, mal, mÃ©chante, super pouvoir
ğŸ§™|ensorceleur|mage|magicien|sorcier|sorciÃ¨re|enchanteur
ğŸ§™â€â™‚ï¸|mage homme|magicien|sorcier|enchanteur|homme
ğŸ§™â€â™€ï¸|ensorceleuse|mage femme|sorciÃ¨re|enchanteresse|femme|magicienne
ğŸ§š|obÃ©ron|personnage fÃ©Ã©rique|puck|titania|fÃ©e
ğŸ§šâ€â™‚ï¸|fÃ©etaud|obÃ©ron|puck|homme
ğŸ§šâ€â™€ï¸|fÃ©e|titania|femme
ğŸ§›|dracula|mort-vivant|vampire
ğŸ§›â€â™‚ï¸|dracula|mort-vivant|vampire homme|homme
ğŸ§›â€â™€ï¸|morte-vivante|vampire femme|femme
ğŸ§œ|crÃ©ature aquatique|sirÃ¨ne|triton
ğŸ§œâ€â™‚ï¸|triton
ğŸ§œâ€â™€ï¸|sirÃ¨ne
ğŸ§|elfe|magique
ğŸ§â€â™‚ï¸|elfe homme|magique|homme
ğŸ§â€â™€ï¸|elfe femme|magique|femme
ğŸ§|djinn|gÃ©nie
ğŸ§â€â™‚ï¸|djinn|gÃ©nie homme|homme
ğŸ§â€â™€ï¸|djinn|gÃ©nie femme|femme
ğŸ§Ÿ|mort-vivant|zombie
ğŸ§Ÿâ€â™‚ï¸|mort-vivant|zombie homme|homme
ğŸ§Ÿâ€â™€ï¸|morte-vivante|zombie femme|femme
ğŸ’†|massage|personne qui se fait masser|salon|visage
ğŸ’†â€â™‚ï¸|homme qui se fait masser|massage|visage
ğŸ’†â€â™€ï¸|femme qui se fait masser|massage|visage
ğŸ’‡|barbier|beautÃ©|coiffure|personne qui se fait couper les cheveux|salon
ğŸ’‡â€â™‚ï¸|coiffure|homme qui se fait couper les cheveux
ğŸ’‡â€â™€ï¸|coiffure|femme qui se fait couper les cheveux
ğŸš¶|marche|personne qui marche|piÃ©ton|randonnÃ©e
ğŸš¶â€â™‚ï¸|homme qui marche|marche|piÃ©ton|randonnÃ©e
ğŸš¶â€â™€ï¸|femme qui marche|marche|piÃ©tonne|randonnÃ©e
ğŸ§|debout|personne debout
ğŸ§â€â™‚ï¸|debout|homme
ğŸ§â€â™€ï¸|debout|femme
ğŸ§|Ã  genoux|personne Ã  genoux
ğŸ§â€â™‚ï¸|Ã  genoux|homme Ã  genoux
ğŸ§â€â™€ï¸|Ã  genoux|femme Ã  genoux
ğŸ§‘â€ğŸ¦¯|accessibilitÃ©|personne avec une canne blanche|aveugle avec canne
ğŸ‘¨â€ğŸ¦¯|accessibilitÃ©|aveugle|dÃ©ficient visuel|homme avec canne blanche|malvoyant
ğŸ‘©â€ğŸ¦¯|accessibilitÃ©|aveugle|dÃ©ficiente visuelle|femme avec canne blanche|malvoyante
ğŸ§‘â€ğŸ¦¼|accessibilitÃ©|fauteuil roulant|personne en fauteuil motorisÃ©|personne en fauteuil roulant
ğŸ‘¨â€ğŸ¦¼|accessibilitÃ©|fauteuil roulant|homme en fauteuil motorisÃ©
ğŸ‘©â€ğŸ¦¼|accessibilitÃ©|fauteuil roulant|femme en fauteuil motorisÃ©
ğŸ§‘â€ğŸ¦½|accessibilitÃ©|fauteuil roulant|personne en fauteuil roulant manuel
ğŸ‘¨â€ğŸ¦½|accessibilitÃ©|fauteuil roulant|homme en fauteuil roulant manuel
ğŸ‘©â€ğŸ¦½|accessibilitÃ©|fauteuil roulant|femme en fauteuil roulant manuel
ğŸƒ|coureur|course Ã  pied|jogging|marathon|personne qui court
ğŸƒâ€â™‚ï¸|course Ã  pied|homme qui court|jogging|marathon
ğŸƒâ€â™€ï¸|course Ã  pied|femme qui court|jogging|marathon
ğŸ’ƒ|danseuse|femme
ğŸ•º|danseur|homme
ğŸ•´ï¸|affaires|homme dâ€™affaires en lÃ©vitation|complet|lÃ©vitation
ğŸ‘¯|danseuse|femme|fille|oreilles de lapin|personnes avec des oreilles de lapin|personnes qui portent des oreilles de lapin
ğŸ‘¯â€â™‚ï¸|danseur|fÃªte|hommes avec des oreilles de lapin|oreilles de lapin|hommes qui portent des oreilles de lapin
ğŸ‘¯â€â™€ï¸|danseuse|femmes avec des oreilles de lapin|fÃªte|oreilles de lapin|femmes qui portent des oreilles de lapin
ğŸ§–|hammam|personne au hammam|sauna|personne dans un bain de vapeur
ğŸ§–â€â™‚ï¸|hammam|homme au hammam|sauna|homme dans un bain de vapeur
ğŸ§–â€â™€ï¸|femme au hammam|hammam|sauna|femme dans un bain de vapeur
ğŸ§—|alpiniste|grimpeur|personne qui grimpe
ğŸ§—â€â™‚ï¸|alpiniste|grimpeur|homme qui grimpe
ğŸ§—â€â™€ï¸|alpiniste|femme qui grimpe|grimpeuse
ğŸ¤º|Ã©pÃ©e|escrimeur|personne|sport|duel
ğŸ‡|cheval|course hippique|jockey|sport|chevaux|hippique
â›·ï¸|neige|skieur|sport|skier
ğŸ‚|neige|snowboardeur|sport|planche de neige|planchiste|ski
ğŸŒ|balle|golf|joueur de golf
ğŸŒï¸â€â™‚ï¸|golfeur|homme
ğŸŒï¸â€â™€ï¸|femme|golfeuse
ğŸ„|personne faisant du surf|sport|personne qui fait du surf|surf
ğŸ„â€â™‚ï¸|homme|surfeur
ğŸ„â€â™€ï¸|femme|surfeuse
ğŸš£|barque|bateau|personne ramant dans une barque|personne qui rame dans une barque|ramer
ğŸš£â€â™‚ï¸|barque|bateau|homme|rameur dans une barque
ğŸš£â€â™€ï¸|barque|bateau|femme|rameuse dans une barque
ğŸŠ|personne nageant|sport|nager|natation|personne qui nage
ğŸŠâ€â™‚ï¸|homme|nageur
ğŸŠâ€â™€ï¸|femme|nageuse
â›¹|personne avec ballon|sport|ballon|personne qui fait rebondir un ballon|rebondir
â›¹ï¸â€â™‚ï¸|ballon|homme avec ballon|homme qui fait rebondir un ballon|rebondir
â›¹ï¸â€â™€ï¸|ballon|femme avec ballon|femme qui fait rebondir un ballon|rebondir
ğŸ‹|haltÃ©rophile|sport|haltÃ¨re|haltÃ©rophilie|levÃ©e|lever|poids
ğŸ‹ï¸â€â™‚ï¸|haltÃ©rophile|homme|haltÃ¨re|levÃ©e|lever|poids
ğŸ‹ï¸â€â™€ï¸|femme|haltÃ©rophile|haltÃ¨re|levÃ©e|lever|poids
ğŸš´|cycliste|vÃ©lo|bicyclette|cyclisme|faire du vÃ©lo|personne
ğŸš´â€â™‚ï¸|cyclisme|cycliste|homme|vÃ©lo|bicyclette|faire du vÃ©lo
ğŸš´â€â™€ï¸|cyclisme|cycliste|femme|vÃ©lo|bicyclette|faire du vÃ©lo
ğŸšµ|montagne|personne en vtt|vÃ©lo|cyclisme|personne en vÃ©lo de montagne
ğŸšµâ€â™‚ï¸|cycliste|homme en vtt|vÃ©lo|vtt|homme en vÃ©lo de montagne|montagne|vÃ©tÃ©tiste
ğŸšµâ€â™€ï¸|cycliste|femme en vtt|vÃ©lo|vtt|femme en vÃ©lo de montagne|montagne|vÃ©tÃ©tiste
ğŸ¤¸|gymnastique|personne faisant la roue|roue|sport
ğŸ¤¸â€â™‚ï¸|gymnastique|homme faisant la roue|roue|gymnaste
ğŸ¤¸â€â™€ï¸|femme faisant la roue|gymnastique|roue|gymnaste
ğŸ¤¼|lutteur|personnes faisant de la lutte|sport
ğŸ¤¼â€â™‚ï¸|hommes|lutteurs|personne|sport
ğŸ¤¼â€â™€ï¸|femmes|lutteuses|sport
ğŸ¤½|personne jouant au water-polo|sport|water-polo|personne qui joue au water-polo
ğŸ¤½â€â™‚ï¸|homme|joueur de water-polo|sport|water-polo
ğŸ¤½â€â™€ï¸|femme|joueuse de water-polo|sport|water-polo
ğŸ¤¾|handball|personne jouant au handball|sport|ballon|personne qui joue au handball
ğŸ¤¾â€â™‚ï¸|handballeur|homme|sport
ğŸ¤¾â€â™€ï¸|femme|handballeuse|sport
ğŸ¤¹|jongler|jongleur|multitÃ¢che|personne qui jongle
ğŸ¤¹â€â™‚ï¸|homme|jonglage|jongleur|multitÃ¢che
ğŸ¤¹â€â™€ï¸|femme|jonglage|jongleuse|multitÃ¢che
ğŸ§˜|mÃ©ditation|personne dans la posture du lotus|position du lotus|yoga
ğŸ§˜â€â™‚ï¸|homme dans la posture du lotus|mÃ©ditation|position du lotus|yoga
ğŸ§˜â€â™€ï¸|femme dans la posture du lotus|mÃ©ditation|position du lotus|yoga
ğŸ›€|baignoire|bain|personne prenant un bain
ğŸ›Œ|lit|personne au lit
ğŸ§‘â€ğŸ¤â€ğŸ§‘|couple|deux personnes se tenant la main|main|poignÃ©e de main|tenir la main|personnes se tenant par la main
ğŸ‘­|couple|deux femmes se tenant la main|femmes|jumelles|main dans la main|deux femmes se tenant par la main|ensemble|se tenant par la main|union
ğŸ‘«|couple|femme et homme se tenant la main|main dans la main|ensemble|homme et femme se tenant par la main|se tenant par la main|union
ğŸ‘¬|couple|deux hommes se tenant la main|gÃ©meaux|hommes|jumeaux|main dans la main|zodiaque|deux hommes se tenant par la main|ensemble|se tenant par la main|union
ğŸ’|baiser|bisou|couple
ğŸ’‘|amour|cÅ“ur|couple avec cÅ“ur
ğŸ‘ª|enfant|famille|mÃ¨re|pÃ¨re
ğŸ—£ï¸|parler|silhouette|tÃªte qui parle|parole|visage
ğŸ‘¤|buste|silhouette de buste
ğŸ‘¥|bustes|silhouettes de bustes
ğŸ«‚|au revoir|bonjour|cÃ¢lin|Ã©treinte|gratitude|accolade|merci|personnes qui sâ€™Ã©treignent
ğŸ‘£|pied|traces de pas|empreinte|pas
ğŸµ|animal|singe|tÃªte de singe
ğŸ’|animal|singe
ğŸ¦|animal|gorille
ğŸ¦§|animal|orang-outan|primate|singe
ğŸ¶|animal|chien|tÃªte de chien|compagnie|domestique
ğŸ•|animal|chien|compagnie|domestique
ğŸ¦®|accessibilitÃ©|animal|aveugle|chien guide|guide|non-voyant|chien-guide
ğŸ•â€ğŸ¦º|accessibilitÃ©|aide|animal|assistance|chien dâ€™assistance
ğŸ©|animal|caniche|chien|compagnie|domestique
ğŸº|animal|loup|tÃªte
ğŸ¦Š|animal|renard|tÃªte
ğŸ¦|animal|curieux|raton laveur|sournois
ğŸ±|animal|chat|tÃªte de chat|compagnie|domestique
ğŸˆ|animal|chat|compagnie|domestique
ğŸˆâ€â¬›|chat|malchanceux|noir
ğŸ¦|animal|lion|tÃªte de lion|zodiaque
ğŸ¯|animal|tÃªte de tigre|tigre
ğŸ…|animal|tigre
ğŸ†|animal|lÃ©opard
ğŸ´|animal|cheval|tÃªte de cheval
ğŸ|animal|cheval|course|Ã©questre|hippique
ğŸ¦„|animal|licorne|tÃªte
ğŸ¦“|animal|rayure|zÃ¨bre|zÃ©brure
ğŸ¦Œ|animal|cerf
ğŸ¦¬|bison|buffle|cornes|herbivore|troupeau
ğŸ®|animal|tÃªte de vache|vache
ğŸ‚|animal|bÅ“uf|taureau|zodiaque
ğŸƒ|animal|buffle
ğŸ„|animal|vache
ğŸ·|animal|cochon|tÃªte de cochon|porc
ğŸ–|animal|cochon|porc
ğŸ—|animal|sanglier
ğŸ½|animal|cochon|groin|nez de cochon|porc|tÃªte
ğŸ|animal|bÃ©lier|zodiaque
ğŸ‘|animal|mouton|brebis
ğŸ|animal|chÃ¨vre|capricorne|zodiaque
ğŸª|animal|dromadaire|bosse
ğŸ«|animal|chameau|bosses
ğŸ¦™|alpaga|guanaco|laine|lama|vigogne
ğŸ¦’|animal|girafe|taches
ğŸ˜|animal|Ã©lÃ©phant
ğŸ¦£|dÃ©fenses|extinction|grand|laineux|mammouth|gros animal
ğŸ¦|animal|rhinocÃ©ros
ğŸ¦›|animal|hippopotame
ğŸ­|animal|souris|tÃªte de souris
ğŸ|animal|souris
ğŸ€|animal|rat
ğŸ¹|animal|hamster|compagnie|domestique|tÃªte de hamster
ğŸ°|animal|lapin|tÃªte de lapin
ğŸ‡|animal|lapin|compagnie|domestique
ğŸ¿ï¸|animal|Ã©cureuil|suisse|tamia
ğŸ¦«|barrage|castor
ğŸ¦”|animal|Ã©pineux|hÃ©risson
ğŸ¦‡|animal|chauve-souris|vampire
ğŸ»|animal|ours|tÃªte
ğŸ»â€â„ï¸|arctique|blanc|ours polaire
ğŸ¨|animal|koala
ğŸ¼|animal|panda|tÃªte de panda
ğŸ¦¥|aÃ¯|animal|endormi|lent|paresseux
ğŸ¦¦|animal|joueur|loutre|pÃªcheur
ğŸ¦¨|animal|mouffette|odeur|puer|putois|bÃªte puante
ğŸ¦˜|australie|joey|kangourou|marsupial|saut|bÃ©bÃ© kangourou
ğŸ¦¡|animal|blaireau|ratel
ğŸ¾|empreintes dâ€™animaux|pattes|foulÃ©es|marques|pas|traces
ğŸ¦ƒ|animal|dindon|oiseau|dinde
ğŸ”|animal|oiseau|poule
ğŸ“|animal|coq|oiseau
ğŸ£|animal|oiseau|poussin qui Ã©clÃ´t|Ã©closion
ğŸ¤|animal|oiseau|poussin
ğŸ¥|animal|oiseau|poussin de face
ğŸ¦|animal|oiseau
ğŸ§|animal|oiseau|pingouin
ğŸ•Šï¸|animal|colombe|oiseau
ğŸ¦…|aigle|animal|oiseau|rapace
ğŸ¦†|animal|canard|oiseau
ğŸ¦¢|animal|cygne|jeune cygne|oiseau|vilain petit canard
ğŸ¦‰|animal|chouette|oiseau
ğŸ¦¤|dodo|extinction|grand|maurice|gros oiseau
ğŸª¶|lÃ©ger|oiseau|plumage|plume|voler
ğŸ¦©|animal|flamant|oiseau|rose|tropical
ğŸ¦š|animal|fier|oiseau|paonne|prÃ©tentieux
ğŸ¦œ|animal|oiseau|parle|perroquet|pirate
ğŸ¸|animal|grenouille|tÃªte de grenouille
ğŸŠ|animal|crocodile|reptile
ğŸ¢|animal|reptile|tortue
ğŸ¦|animal|lÃ©zard|reptile
ğŸ|animal|reptile|serpentaire|zodiaque
ğŸ²|animal|dragon|tÃªte de dragon
ğŸ‰|animal|dragon|contes|fantastique|fÃ©es|merveilleux
ğŸ¦•|animal|brachiosaure|brontosaure|diplodocus|sauropode
ğŸ¦–|t-rex|tyrannosaure|tyrannosaurus rex|t. rex
ğŸ³|animal|baleine soufflant par son Ã©vent|baleine qui expulse de lâ€™eau|expulse de lâ€™eau|souffle
ğŸ‹|animal|baleine
ğŸ¬|animal|dauphin|flipper
ğŸ¦­|lion de mer|otarie|phoque
ğŸŸ|animal|poissons|zodiaque
ğŸ |animal|poisson tropical|tropical
ğŸ¡|animal|poisson-lune|poisson-globe
ğŸ¦ˆ|animal|poisson|requin
ğŸ™|animal|mollusque|pieuvre
ğŸš|coquille en spirale|spirale
ğŸŒ|animal|escargot
ğŸ¦‹|insecte|mignon|papillon
ğŸ›|animal|chenille|insecte
ğŸœ|animal|fourmi|insecte
ğŸ|abeille|animal|insecte
ğŸª²|insecte|scarabÃ©e
ğŸ|animal|coccinelle|insecte|bÃªte Ã  bon dieu|catherine|colÃ©optÃ¨re
ğŸ¦—|animal|criquet|insecte|sauterelle
ğŸª³|blatte|cafard|insecte|nuisible|coquerelle
ğŸ•·ï¸|animal|araignÃ©e|insecte
ğŸ•¸ï¸|araignÃ©e|toile dâ€™araignÃ©e
ğŸ¦‚|animal|scorpion|zodiaque
ğŸ¦Ÿ|fiÃ¨vre|insecte|maladie|malaria|moustique|virus
ğŸª°|asticot|maladie|mouche|nuisible|putrÃ©faction|pourrissement|puanteur|ver
ğŸª±|annÃ©lide|lombric|parasite|ver de terre
ğŸ¦ |amibe|bactÃ©rie|microbe|virus
ğŸ’|bouquet|fleur|plante
ğŸŒ¸|fleur de cerisier|cerisier
ğŸ’®|fleur blanche|blanche
ğŸµï¸|plante|rosette
ğŸŒ¹|fleur|rose
ğŸ¥€|fanÃ©e|fleur
ğŸŒº|fleur|hibiscus
ğŸŒ»|fleur|tournesol
ğŸŒ¼|bourgeon|fleur
ğŸŒ·|fleur|tulipe
ğŸŒ±|jeune plant|jeune pousse|plantule
ğŸª´|dÃ©coration|ennuyeux|intÃ©rieur|plante en pot|pousser|prendre soin|faire pousser|inutile
ğŸŒ²|arbre|conifÃ¨re|feuillage persistant
ğŸŒ³|arbre Ã  feuilles caduques|feuilles caduques|feuillu
ğŸŒ´|arbre|palmier
ğŸŒµ|cactus|plante
ğŸŒ¾|plant de riz|riz
ğŸŒ¿|feuille|plante
ğŸ€|chance|trÃ¨fle Ã  quatre feuilles|quatre feuilles
ğŸ|feuille dâ€™Ã©rable|Ã©rable
ğŸ‚|feuille morte|morte
ğŸƒ|feuille virevoltante|souffle|vent|virevoltante
ğŸ‡|fruit|raisin
ğŸˆ|fruit|melon
ğŸ‰|fruit|pastÃ¨que|melon dâ€™eau
ğŸŠ|fruit|mandarine|orange|tangerine
ğŸ‹|citron|fruit
ğŸŒ|banane|fruit
ğŸ|ananas|fruit
ğŸ¥­|fruit|mangue|tropical
ğŸ|fruit|pomme rouge|rouge
ğŸ|fruit|pomme verte|verte
ğŸ|fruit|poire
ğŸ‘|fruit|pÃªche
ğŸ’|cerises|fruit
ğŸ“|fraise|fruit
ğŸ«|baies|bleuets|myrtilles|violet
ğŸ¥|fruit|kiwi
ğŸ…|lÃ©gume|plante|tomate
ğŸ«’|aliment|apÃ©ro|nourriture|olive
ğŸ¥¥|fruit|noix de coco|palmier|piÃ±a colada
ğŸ¥‘|avocat|fruit
ğŸ†|aubergine|lÃ©gume
ğŸ¥”|lÃ©gume|patate|pomme de terre
ğŸ¥•|carotte|lÃ©gume
ğŸŒ½|Ã©pi de maÃ¯s|maÃ¯s|blÃ© dâ€™inde|Ã©pi de blÃ© dâ€™inde
ğŸŒ¶ï¸|piment rouge
ğŸ«‘|lÃ©gume|piment|poivron rouge
ğŸ¥’|concombre|lÃ©gume
ğŸ¥¬|chou chinois|chou frisÃ©|chou pommÃ©|laitue|lÃ©gume Ã  feuilles vertes|chinois|frisÃ©|pommÃ©
ğŸ¥¦|brocoli|chou sauvage|lÃ©gume
ğŸ§„|ail|assaisonnement|condiment|lÃ©gume|aromatisant
ğŸ§…|assaisonnement|condiment|lÃ©gume|oignon|aromatisant
ğŸ„|champignon|plante|vÃ©nÃ©neux
ğŸ¥œ|cacahuÃ¨tes|noisette|arachides
ğŸŒ°|chÃ¢taigne|plante
ğŸ|miche|pain|baguette
ğŸ¥|croissant|pain|viennoiserie
ğŸ¥–|baguette|pain
ğŸ«“|arepa|galette|lavash|naan|pita|pain plat
ğŸ¥¨|bretzel|torsade
ğŸ¥¯|bagel|boulangerie|petit-dÃ©jeuner|schmear
ğŸ¥|pancakes|crÃªpes
ğŸ§‡|gaufre|gourmandise|moule|pÃ¢tisserie|petit-dÃ©jeuner
ğŸ§€|fromage|part de fromage|morceau de fromage
ğŸ–|viande sur un os|os|viande sur son os
ğŸ—|cuisse de poulet|poulet|os|volaille
ğŸ¥©|cÃ´telette dâ€™agneau|cÃ´telette de porc|morceau de viande|steak
ğŸ¥“|bacon|lard|viande
ğŸ”|burger|hamburger|hambourgeois
ğŸŸ|frites|potatÅ“s|patate
ğŸ•|fromage|part|pizza
ğŸŒ­|hot dog|saucisse de francfort|chien chaud|francfort
ğŸ¥ª|pain|sandwich
ğŸŒ®|mexicain|taco
ğŸŒ¯|burrito|mexicain
ğŸ«”|mexicain|papillote|tamal
ğŸ¥™|falafel|kebab|chichekÃ©bab|doner|gyro|kÃ©bab|pain plat garni|pita
ğŸ§†|boulettes|falafels|pois chiches|seitan|soja|viande
ğŸ¥š|Å“uf|aliment|nourriture
ğŸ³|friture|Å“uf au plat|poÃªle|cuisine
ğŸ¥˜|casserole|paella|plat mitonnÃ©|poÃªle|nourriture|repas
ğŸ²|marmite|ragoÃ»t|bol de nourriture
ğŸ«•|bourguignonne|chocolat|fondue|fromage|poÃªlon|savoyarde|suisse|plat
ğŸ¥£|bol avec cuillÃ¨re|cÃ©rÃ©ales|congee|dÃ©jeuner
ğŸ¥—|salade|verte
ğŸ¿|pop-corn|popcorn
ğŸ§ˆ|beurre|gras|produit laitier
ğŸ§‚|condiment|saliÃ¨re|sel|mÃ©langeur
ğŸ¥«|aliments en conserve|conserve
ğŸ±|dÃ©jeuner|bento|boÃ®te Ã  bento
ğŸ˜|cracker|galette de riz|riz|craquelin de riz
ğŸ™|boulette de riz|japonais|onigiri|plat|riz
ğŸš|bol de riz|riz
ğŸ›|curry|riz au curry|cari|carry|cary|kari
ğŸœ|bol fumant|nouilles|ramen|vapeur
ğŸ|pÃ¢tes|spaghetti
ğŸ |patate douce|douce|grillÃ©e
ğŸ¢|brochette de poisson|fruits de mer|oden
ğŸ£|japonais|poisson|sushi
ğŸ¤|beignet de crevette|crevette frite
ğŸ¥|croquette de poisson|poisson|gÃ¢teau au poisson|narutomaki|pÃ¢tÃ© de poisson|surimi avec dÃ©coration
ğŸ¥®|automne|festival|gÃ¢teau de lune|yuÃ¨bÇng
ğŸ¡|bonbons|brochette de bonbons|dango|dessert|japonais|sucrÃ©
ğŸ¥Ÿ|boulette de pÃ¢te|empanada|gyÅza|jiaozi|pierogi|potsticker|dumpling
ğŸ¥ |biscuit chinois|prophÃ©tie
ğŸ¥¡|boÃ®te Ã  emporter|carton|chinois|nourriture Ã  emporter
ğŸ¦€|animal|crabe|cancer|zodiaque
ğŸ¦|bisque|fruits de mer|homard|pinces
ğŸ¦|crevette|crustacÃ©|nourriture
ğŸ¦‘|calamar|mollusque
ğŸ¦ª|coquille|huÃ®tre|mollusque|perle
ğŸ¦|glace italienne|cornet|crÃ¨me glacÃ©e molle|dessert
ğŸ§|glace|granitÃ©|pilÃ©e
ğŸ¨|dessert|glace|sucrÃ©|crÃ¨me glacÃ©e
ğŸ©|dessert|doughnut|sucrÃ©|beignet
ğŸª|cookie|dessert|sucrÃ©|biscuit
ğŸ‚|anniversaire|gÃ¢teau dâ€™anniversaire|dessert|fÃªte|gÃ¢teau de fÃªte|pÃ¢tisserie
ğŸ°|dessert|gÃ¢teau sablÃ©|pÃ¢tisserie|sucrÃ©|part|sucrerie
ğŸ§|cupcake|pÃ¢tisserie|sucrerie|petit gÃ¢teau
ğŸ¥§|dÃ©coration|garniture|gÃ¢teau|pÃ¢tisserie|tarte
ğŸ«|barre chocolatÃ©e|chocolat|dessert|sucrÃ©|tablette de chocolat
ğŸ¬|bonbon|dessert|sucrÃ©|sucrerie
ğŸ­|dessert|sucette|sucrÃ©|sucrerie|suÃ§on
ğŸ®|crÃ¨me renversÃ©e|dessert|pudding|sucrÃ©|crÃ¨me caramel
ğŸ¯|miel|pot de miel|sucrÃ©
ğŸ¼|bÃ©bÃ©|biberon|boisson|lait
ğŸ¥›|boisson|lait|verre de lait
ğŸ«–|boisson|thÃ©iÃ¨re
ğŸµ|tasse|thÃ©|boisson
ğŸ¶|bouteille|sakÃ©|bar|boisson|tasse
ğŸ¾|boisson|bouchon|bouteille de champagne|pop
ğŸ·|verre de vin|vin|bar|boisson
ğŸ¸|cocktail|verre
ğŸ¹|cocktail tropical|verre|tropical
ğŸº|biÃ¨re|bar|boisson|chope de biÃ¨re
ğŸ»|biÃ¨re|trinquer|bar|boisson|chopes de biÃ¨re qui tintent
ğŸ¥‚|cÃ©lÃ©brer|fÃªter|trinquer|boisson|verres qui tintent
ğŸ¥ƒ|liqueur|tumbler|verre|whisky|bourbon|spiritueux
ğŸ¥¤|gobelet avec paille|jus de fruits|soda|paille|verre avec paille
ğŸ§‹|bulle|lait|thÃ© aux perles|perles
ğŸ§ƒ|briquette de jus|carton|jus de fruits|boÃ®te Ã  boire
ğŸ§‰|boisson|matÃ©
ğŸ§Š|froid|glace|glaÃ§on|iceberg
ğŸ¥¢|baguettes|hashi
ğŸ½ï¸|assiette et couverts|couteau|cuisine|fourchette et couteau avec assiette|couverts
ğŸ´|couteau et fourchette|fourchette et couteau|restaurant|couverts|repas
ğŸ¥„|couvert|cuillÃ¨re
ğŸ”ª|arme|couteau de cuisine|cuisine|outil
ğŸº|amphore|cuisine|vase|verseau|zodiaque
ğŸŒ|afrique|europe|globe tournÃ© sur lâ€™afrique et lâ€™europe|globe qui montre lâ€™europe et lâ€™afrique|monde
ğŸŒ|amÃ©rique|globe tournÃ© sur les amÃ©riques|globe qui montre lâ€™amÃ©rique|monde
ğŸŒ|asie|australie|globe tournÃ© sur lâ€™asie et lâ€™australie|globe qui montre lâ€™asie et lâ€™australie|monde
ğŸŒ|globe avec mÃ©ridiens|globe terrestre|globe qui montre les mÃ©ridiens|mÃ©ridiens|monde|terre
ğŸ—ºï¸|carte du monde|monde
ğŸ—¾|carte du japon|japon
ğŸ§­|boussole|magnÃ©tique|navigation|orientation
ğŸ”ï¸|montagne enneigÃ©e|enneigÃ©e|neige
â›°ï¸|montagne
ğŸŒ‹|Ã©ruption|volcan|montagne
ğŸ—»|mont fuji|montagne|fuji
ğŸ•ï¸|camping
ğŸ–ï¸|parasol|plage avec parasol|plage et parasol
ğŸœï¸|dÃ©sert
ğŸï¸|Ã®le dÃ©serte|dÃ©serte
ğŸï¸|nature|parc national|national
ğŸŸï¸|stade
ğŸ›ï¸|monument classique|classique
ğŸ—ï¸|construction dâ€™un bÃ¢timent|bÃ¢timent
ğŸ§±|argile|briques|mortier|mur
ğŸª¨|pierre|rocher|solide|lourde
ğŸªµ|bois|bÃ»che|rondins|tronc
ğŸ›–|case|hutte|maison|yourte|ronde
ğŸ˜ï¸|bÃ¢timents|maisons
ğŸšï¸|maison abandonnÃ©e|abandonnÃ©e|ruine
ğŸ |bÃ¢timent|maison|pavillon
ğŸ¡|jardin|maison avec jardin|logement
ğŸ¢|immeuble de bureaux|bureaux
ğŸ£|bÃ¢timent|bureau de poste japonais|japon|poste japonaise
ğŸ¤|bureau de poste|poste
ğŸ¥|bÃ¢timent|hÃ´pital|docteur|mÃ©decine
ğŸ¦|banque|bÃ¢timent
ğŸ¨|bÃ¢timent|hÃ´tel
ğŸ©|bÃ¢timent|love hotel|couples|hÃ´tel pour couples
ğŸª|Ã©picerie|magasin|supÃ©rette|dÃ©panneur
ğŸ«|bÃ¢timent|Ã©cole
ğŸ¬|grand magasin|magasin
ğŸ­|bÃ¢timent|usine
ğŸ¯|bÃ¢timent|chÃ¢teau japonais|japonais
ğŸ°|bÃ¢timent|chÃ¢teau|europÃ©en
ğŸ’’|amour|chapelle|Ã©glise|mariage|idylle
ğŸ—¼|tokyo|tour de tokyo
ğŸ—½|statue de la libertÃ©
â›ª|bÃ¢timent|chrÃ©tien|croix|Ã©glise|religion
ğŸ•Œ|islam|mosquÃ©e|musulman|religion
ğŸ›•|hindou|religion|stÅ«pa|temple
ğŸ•|juif|juive|religion|synagogue|temple
â›©ï¸|sanctuaire shinto|shinto|religion
ğŸ•‹|islam|kaaba|musulman|religion
â›²|fontaine
â›º|camping|tente
ğŸŒ|brouillard|brume
ğŸŒƒ|Ã©toiles|nuit Ã©toilÃ©e|Ã©toilÃ©e
ğŸ™ï¸|bÃ¢timent|ville|paysage urbain
ğŸŒ„|soleil levant derriÃ¨re les montagnes|lever de soleil sur les montagnes|montagnes
ğŸŒ…|soleil levant|levant|lever de soleil|matin
ğŸŒ†|coucher de soleil|crÃ©puscule|immeubles|soir|ville au crÃ©puscule|paysage urbain|soleil
ğŸŒ‡|coucher de soleil|soleil|crÃ©puscule
ğŸŒ‰|pont de nuit|nuit
ğŸ |cheval de manÃ¨ge|manÃ¨ge|carrousel|cheval de carrousel
ğŸ¡|grande roue|roue|parc dâ€™attractions
ğŸ¢|montagnes|russes|parc dâ€™attractions
ğŸ’ˆ|barbier|coiffure|enseigne de barbier
ğŸª|chapiteau|cirque
ğŸš‚|locomotive|train|chemin de fer|vapeur
ğŸšƒ|chemin de fer|train|voiture|wagon|Ã©lectrique|tram|trolley
ğŸš„|tgv|chemin de fer|grande vitesse|shinkansen|train Ã  grande vitesse
ğŸš…|train Ã  grande vitesse|chemin de fer|shinkansen|superexpress|vitesse
ğŸš†|chemin de fer|train
ğŸš‡|mÃ©tro
ğŸšˆ|mÃ©tro lÃ©ger|chemin de fer|train de banlieue
ğŸš‰|gare|train|chemin de fer
ğŸšŠ|tramway|transport|trolleybus
ğŸš|monorail|vÃ©hicule
ğŸš|train de montagne|chemin de fer|montagne|voiture|wagon
ğŸš‹|tram|trolleybus|voiture|wagon de tramway
ğŸšŒ|bus|vÃ©hicule|autobus
ğŸš|bus de face|Ã  lâ€™arrivÃ©|autobus|de face
ğŸš|bus|trolleybus|tram
ğŸš|bus|minibus
ğŸš‘|ambulance|vÃ©hicule
ğŸš’|camion de pompier|pompier|autopompe|incendie
ğŸš“|police|voiture de police|patrouille
ğŸš”|police|voiture de police de face|de face
ğŸš•|taxi|vÃ©hicule
ğŸš–|taxi de face|de face
ğŸš—|automobile|voiture|char
ğŸš˜|automobile|voiture de face|char|de face
ğŸš™|loisirs|vÃ©hicule utilitaire sport|voiture|sport|utilitaire
ğŸ›»|pick-up|pickup|vÃ©hicule|camionnette
ğŸšš|camion de livraison|livraison
ğŸš›|camion|poids lourd|semi-remorque
ğŸšœ|tracteur|vÃ©hicule
ğŸï¸|course|voiture de course
ğŸï¸|course|moto
ğŸ›µ|scooter|scouteur
ğŸ¦½|accessibilitÃ©|fauteuil roulant manuel
ğŸ¦¼|accessibilitÃ©|fauteuil motorisÃ©|fauteuil roulant
ğŸ›º|rickshaw|taxi|tricycle|tuk tuk
ğŸš²|vÃ©lo|bicyclette
ğŸ›´|trottinette
ğŸ›¹|glisse|longboard|planche Ã  roulettes|roulettes|skateboard
ğŸ›¼|derby|patin Ã  roulettes|roller|roulettes
ğŸš|arrÃªt de bus|bus|autobus
ğŸ›£ï¸|autoroute|route|voie publique
ğŸ›¤ï¸|train|voie ferrÃ©e|chemin de fer
ğŸ›¢ï¸|baril de pÃ©trole|pÃ©trole
â›½|essence|pompe Ã  essence|station|carburant|diesel
ğŸš¨|gyrophare|lumiÃ¨re|police|voiture
ğŸš¥|feu tricolore horizontal|tricolore|circulation|feu de circulation horizontal|horizontal
ğŸš¦|feu tricolore vertical|tricolore|circulation|feu de circulation vertical|vertical
ğŸ›‘|signe|stop|octogonal
ğŸš§|barriÃ¨re|travaux
â›µ|bateau|mer|voilier|yacht|voile
ğŸ›¶|bateau|canoÃ«
ğŸš¤|bateau|hors-bord
ğŸ›³ï¸|bateau|paquebot
â›´ï¸|bateau|ferry|passager|traversier
ğŸ›¥ï¸|bateau Ã  moteur|moteur
ğŸš¢|bateau|navire|passager
ğŸ›©ï¸|avion|petit avion
ğŸ›«|avion au dÃ©collage|dÃ©collage|dÃ©part|embarquement
ğŸ›¬|avion Ã  lâ€™atterrissage|arrivÃ©e|atterrissage|avion Ã  lâ€™atterissage|dÃ©barquement
ğŸª‚|parachute ascensionnel|parapente|chute libre
ğŸ’º|fauteuil|siÃ¨ge
ğŸš|hÃ©licoptÃ¨re|vÃ©hicule
ğŸšŸ|train suspendu|suspendu
ğŸš |montagne|tÃ©lÃ©cabine|tÃ©lÃ©phÃ©rique
ğŸš¡|tÃ©lÃ©cabine|tramway aÃ©rien|funiculaire|tÃ©lÃ©phÃ©rique|voiture|wagon
ğŸ›°ï¸|espace|satellite
ğŸš€|espace|fusÃ©e
ğŸ›¸|ovni|soucoupe volante
ğŸ›ï¸|cloche de comptoir|hÃ´tel|comptoir
ğŸ§³|bagage|valise|voyage
âŒ›|minuteur|sable|sablier
â³|sablier avec sable qui coule|en cours|minuteur|sable
âŒš|heure|montre
â°|alarme|heure|rÃ©veil
â±ï¸|chronomÃ¨tre|heure
â²ï¸|heure|horloge|minuteur
ğŸ•°ï¸|horloge|pendule de cheminÃ©e
ğŸ•›|0 h|12 h|midi/minuit|minuit
ğŸ•§|00 h 30|12 h 30|midi/minuit et demie|midi et demie|minuit et demie
ğŸ•|1 h|13 h|une heure
ğŸ•œ|1 h 30|13 h 30|une heure et demie
ğŸ•‘|14 h|2 h|deux heures
ğŸ•|14 h 30|2 h 30|deux heures et demie
ğŸ•’|15 h|3 h|trois heures
ğŸ•|15 h 30|3 h 30|trois heures et demie
ğŸ•“|16 h|4 h|quatre heures
ğŸ•Ÿ|16 h 30|4 h 30|quatre heures et demie
ğŸ•”|17 h|5 h|cinq heures
ğŸ• |17 h 30|5 h 30|cinq heures et demie
ğŸ••|18 h|6 h|six heures
ğŸ•¡|18 h 30|6 h 30|six heures et demie
ğŸ•–|19 h|7 h|sept heures
ğŸ•¢|19 h 30|7 h 30|sept heures et demie
ğŸ•—|20 h|8 h|huit heures
ğŸ•£|20 h 30|8 h 30|huit heures et demie
ğŸ•˜|21 h|9 h|neuf heures
ğŸ•¤|21 h 30|9 h 30|neuf heures et demie
ğŸ•™|10 h|22 h|dix heures
ğŸ•¥|10 h 30|22 h 30|dix heures et demie
ğŸ•š|11 h|23 h|onze heures
ğŸ•¦|11 h 30|23 h 30|onze heures et demie
ğŸŒ‘|lune|nouvelle lune
ğŸŒ’|lune croissante|premier croissant de lune
ğŸŒ“|lune|premier quartier de lune
ğŸŒ”|lune gibbeuse croissante|gibbeuse croissante
ğŸŒ•|lune|pleine lune
ğŸŒ–|lune gibbeuse dÃ©croissante|gibbeuse dÃ©croissante
ğŸŒ—|dernier quartier de lune|lune
ğŸŒ˜|lune dÃ©croissante|dernier croissant de lune
ğŸŒ™|croissant de lune|lune
ğŸŒš|lune|nouvelle lune avec visage|visage
ğŸŒ›|lune|premier quartier de lune avec visage|visage
ğŸŒœ|dernier quartier de lune avec visage|lune|visage
ğŸŒ¡ï¸|mÃ©tÃ©o|thermomÃ¨tre
ğŸŒ|lune|pleine lune avec visage|visage
ğŸŒ|soleil avec visage|visage
ğŸª|planÃ¨te Ã  anneaux|saturne|saturnienne
â­|Ã©toile moyenne
ğŸŒŸ|Ã©toile brillante|brillante
ğŸŒ |Ã©toile filante|filante
ğŸŒŒ|espace|voie lactÃ©e
â›…|nuageux|soleil derriÃ¨re les nuages|soleil derriÃ¨re un nuage
â›ˆï¸|Ã©clair|mÃ©tÃ©o|nuage avec Ã©clair et pluie|orage|pluie
ğŸŒ¤ï¸|nuage|soleil derriÃ¨re un petit nuage|petit nuage
ğŸŒ¥ï¸|nuage|soleil derriÃ¨re un gros nuage|gros nuage
ğŸŒ¦ï¸|soleil derriÃ¨re un nuage de pluie|nuage de pluie
ğŸŒ§ï¸|averse|mauvais temps|mÃ©tÃ©o|nuage avec pluie|pluie|nuage de pluie
ğŸŒ¨ï¸|flocons|hiver|mÃ©tÃ©o|neige|nuage avec neige|nuage avec de la neige
ğŸŒ©ï¸|nuage avec Ã©clair|Ã©clair|nuage avec un Ã©clair
ğŸŒªï¸|mÃ©tÃ©o|nuage|tornade|tourbillon
ğŸŒ«ï¸|brouillard|mÃ©tÃ©o|nuage
ğŸŒ¬ï¸|mÃ©tÃ©o|souffle|vent avec visage|visage qui souffle du vent
ğŸŒ€|cyclone|tourbillon|ouragan|typhon
ğŸŒˆ|arc-en-ciel|mÃ©tÃ©o|pluie
ğŸŒ‚|parapluie fermÃ©|pluie|fermÃ©|vÃªtement
â›±ï¸|parasol sur le sol|plage|soleil|mÃ©tÃ©o|parapluie|pluie
âš¡|courant|danger|Ã©clair|Ã©lectricitÃ©|haute tension|tension|Ã©lectrocuter
â›„|bonhomme de neige sans neige|neige|froid|sans
ğŸ”¥|feu|flamme|outil
ğŸ’§|goutte dâ€™eau|sueur|bande dessinÃ©e|eau|gouttelette
ğŸŒŠ|mer|ocÃ©an|vague|eau
ğŸƒ|citrouille lanterne|halloween
ğŸ„|arbre|fÃªte|noÃ«l|sapin de noÃ«l|cÃ©lÃ©bration
ğŸ†|artifice|feu dâ€™artifice|cÃ©lÃ©bration
ğŸ‡|cierge magique|Ã©tincelle|fÃªte|feu dâ€™artifice|artifice|bengale|cÃ©lÃ©bration|feu de bengale
ğŸ§¨|dynamite|explosif|feu dâ€™artifice|pÃ©tard
ğŸˆ|ballon gonflable|fÃªte|ballon de fÃªte
ğŸ‰|cotillons|fÃªte|cÃ©lÃ©bration|confettis|cornet Ã  confettis
ğŸŠ|confettis|fÃªte|boule de confetti|cÃ©lÃ©bration
ğŸ‹|arbre Ã  vÅ“ux|vÅ“ux|arbre Ã  priÃ¨res|japonais|tanabata
ğŸ|bambou dÃ©coratif|fÃªte|japonais|plante|cÃ©lÃ©bration|composition florale japonaise
ğŸ|poupÃ©es japonaises|festival|japonaises
ğŸ|carpe|fÃªte|koinobori
ğŸ|carillon Ã©olien|clochette|fÃªte|vent|carillon Ã  vent
ğŸ‘|cÃ©rÃ©monie de la lune|lune|cÃ©rÃ©monie dâ€™observation de la lune
ğŸ§§|argent|bonne chance|cadeau|enveloppe rouge|hÃ³ngbÄo|lai see
ğŸ€|fÃªte|ruban
ğŸ|anniversaire|cadeau|fÃªte|cÃ©lÃ©bration|prÃ©sent
ğŸ—ï¸|ruban de mÃ©moire|commÃ©moratif|souvenir
ğŸŸï¸|billet dâ€™entrÃ©e|spectacle|billets dâ€™entrÃ©e|entrÃ©e
ğŸ«|billet|spectacle
ğŸ–ï¸|mÃ©daille militaire|dÃ©coration|militaire
ğŸ†|prix|trophÃ©e
ğŸ…|mÃ©daille sportive|sportive
ğŸ¥‡|1er|mÃ©daille dâ€™or|or|1re|premiÃ¨re place
ğŸ¥ˆ|2e|argent|mÃ©daille dâ€™argent|deuxiÃ¨me place
ğŸ¥‰|3e|bronze|mÃ©daille de bronze|troisiÃ¨me place
âš½|balle|ballon de football|football|sport|ballon de soccer|soccer
âš¾|balle|baseball|sport
ğŸ¥|balle|gant|softball|molle
ğŸ€|panier|sport|ballon de basket|basketball
ğŸ|match|sport|volley-ball|ballon de volley
ğŸˆ|football amÃ©ricain|sport|ballon de football
ğŸ‰|rugby|sport|ballon de rugby
ğŸ¾|balle|sport|tennis|raquette
ğŸ¥|discoplane|disque volant|frisbee|sport|ultimate|ultime-passe|disque dâ€™Ã©quipe
ğŸ³|boule|bowling|partie|jeu de quilles|quilles
ğŸ|balle|batte|cricket|match|sport|bÃ¢ton
ğŸ‘|balle|crosse|hockey sur gazon|sport|bÃ¢ton|gazon
ğŸ’|crosse|hockey sur glace|palet|sport|bÃ¢ton|disque|glace|rondelle
ğŸ¥|balle|but|crosse|sport
ğŸ“|partie|ping-pong|raquette|sport|tennis de table|balle|table
ğŸ¸|badminton|match|raquette|sport|volant|moineau
ğŸ¥Š|boxe|gant de boxe|sport
ğŸ¥‹|arts martiaux|judo|karatÃ©|sport|taekwondo|tenue dâ€™arts martiaux|kimono|uniforme dâ€™arts martiaux
ğŸ¥…|cage|filet|sport|but
â›³|drapeau de golf|golf|sport|trou
â›¸ï¸|glace|patin Ã  glace|sport
ğŸ£|pÃªche Ã  la ligne|canne|ligne
ğŸ¤¿|apnÃ©e|masque de plongÃ©e|plonger|snorkeling|tuba
ğŸ½|maillot de course|sport|athlÃ©tisme|course
ğŸ¿|sport|neige|skis
ğŸ›·|luge|traÃ®neau
ğŸ¥Œ|granit|match|partie|pierre de curling|sport
ğŸ¯|cible|dans le mille|flÃ©chette
ğŸª€|descendre|jouet|monter|osciller|yoyo
ğŸª|cerf-volant|planer|voler
ğŸ±|billard|boule de billard|jeu|pool
ğŸ”®|boule de cristal|cristal
ğŸª„|baguette magique|magie|sorcier|sorciÃ¨re|magicienne
ğŸ§¿|amulette|mauvais Å“il|nazar|perle|talisman
ğŸ®|jeu vidÃ©o|manette
ğŸ•¹ï¸|jeu vidÃ©o|joystick|manette de jeu
ğŸ°|jeu|machine Ã  sous
ğŸ²|dÃ©s|jeu
ğŸ§©|assemblage|indice|piÃ¨ce de puzzle|puzzle|casse-tÃªte
ğŸ§¸|jeu|jouet|ours en peluche|peluche|toutou
ğŸª…|bonbons|confiseries|fÃªte|piÃ±ata
ğŸª†|emboÃ®tÃ©|matriochka|poupÃ©es russes|russe|poupÃ©e russe|russie
â™Ÿï¸|duper|Ã©chec|pion dâ€™Ã©chec|sacrifiable
ğŸƒ|carte joker|jeu|joker
ğŸ€„|dragon rouge mahjong|jeu|mahjong|rouge
ğŸ´|carte|fleur|japonais|jeu des fleurs
ğŸ­|masque|spectacle vivant|thÃ©Ã¢tre|arts du spectacle
ğŸ–¼ï¸|art|cadre avec image|image|musÃ©e|peinture
ğŸ¨|art|musÃ©e de peinture|palette de peinture|peinture
ğŸ§µ|aiguille|bobine de fil|couture|ficelle
ğŸª¡|aiguille Ã  coudre|broderie|couture|points|suture|tailleur|coudre
ğŸ§¶|boule|crochet|fil|pelote|tricot
ğŸª¢|attacher|corde|entrelacer|nÅ“ud|nouÃ©|tordre
ğŸ‘“|lunettes de vue|Å“il|vÃªtements
ğŸ•¶ï¸|lunettes de soleil|soleil
ğŸ¥½|lunettes|natation|protection des yeux|soudage|soudure
ğŸ¥¼|blouse blanche|docteur|expÃ©rience|scientifique
ğŸ¦º|fluo|gilet de sÃ©curitÃ©|gilet jaune|sÃ©curitÃ©|sÃ»retÃ©|visibilitÃ©|urgence|veste de sÃ©curitÃ©
ğŸ‘”|cravate|vÃªtements
ğŸ‘•|t-shirt|tee-shirt|vÃªtements|chandail|gaminet
ğŸ‘–|jean|pantalon|vÃªtements
ğŸ§£|cou|foulard|vÃªtements
ğŸ§¤|gants|main|vÃªtements
ğŸ§¥|manteau|veste|vÃªtements
ğŸ§¦|chaussettes|pieds|vÃªtements|bas
ğŸ‘—|robe|vÃªtements
ğŸ‘˜|kimono|vÃªtements
ğŸ¥»|mode|robe|sari|vÃªtement
ğŸ©±|maillot de bain une piÃ¨ce
ğŸ©²|maillot de bain|slip|sous-vÃªtement|bobettes|une piÃ¨ce
ğŸ©³|caleÃ§on|maillot de bain|short|sous-vÃªtement
ğŸ‘™|bikini|maillot de bain|vÃªtements
ğŸ‘š|femme|vÃªtements de femme
ğŸ‘›|monnaie|porte-monnaie|vÃªtements
ğŸ‘œ|sac Ã  main|vÃªtements
ğŸ‘|pochette|sac|vÃªtements
ğŸ›ï¸|sacs de shopping|shopping|hÃ´tel|magasinage|sacs de magasinage
ğŸ’|cartable|Ã©cole|sac Ã  dos|sac dâ€™Ã©cole
ğŸ©´|claquettes|sandales de plage|tatanes|tongs|gougoune|zÅri
ğŸ‘|chaussure dâ€™homme|homme|vÃªtements|soulier
ğŸ‘Ÿ|chaussure de sport|vÃªtements|course|espadrille|sport
ğŸ¥¾|camping|chaussure de marche|chaussure de randonnÃ©e|marche|randonnÃ©e|vÃªtements
ğŸ¥¿|ballerine|chaussure plate|chaussure sans lacets|mule|vÃªtements|pantoufle
ğŸ‘ |chaussure Ã  talon haut|vÃªtements|femme|talon
ğŸ‘¡|chaussure|sandale de femme|vÃªtements|femme|sandale Ã  talon|talon
ğŸ©°|ballet|chaussons de danse|chaussures|danse
ğŸ‘¢|botte de femme|chaussure|vÃªtements|femme
ğŸ‘‘|couronne|reine|roi|vÃªtements
ğŸ‘’|chapeau de femme|femme|vÃªtements
ğŸ©|chapeau|haut de forme|vÃªtements|haut-de-forme
ğŸ“|toque universitaire|vÃªtements|chapeau de diplÃ´mÃ©|diplÃ´mÃ©|mortier|remise de diplÃ´mes
ğŸ§¢|casquette amÃ©ricaine|casquette de baseball|vÃªtements
ğŸª–|armÃ©e|casque|guerrier|militaire|soldat
â›‘ï¸|assistance|casque de secouriste|croix|casque avec une croix blanche|chapeau|secours|visage
ğŸ“¿|chapelet|priÃ¨re|religion|vÃªtements
ğŸ’„|maquillage|rouge Ã  lÃ¨vres
ğŸ’|amour|bague|diamant
ğŸ’|bijou|diamant|joyau|pierre prÃ©cieuse
ğŸ”‡|muet|silence|enceinte|haut-parleur|son coupÃ©
ğŸ”ˆ|volume des enceintes faible|son bas|volume bas|volume faible
ğŸ”‰|volume des enceintes moyen|son moyen|volume moyen
ğŸ”Š|volume des enceintes Ã©levÃ©|son Ã©levÃ©|son fort|son puissant|volume Ã©levÃ©|volume fort
ğŸ“¢|haut-parleur|son|bruyant|discours|porte-voix
ğŸ“£|manifestation|mÃ©gaphone|porte-voix
ğŸ“¯|cor postal|facteur|cor de facteur|poste
ğŸ””|cloche
ğŸ”•|alarme dÃ©sactivÃ©e|barrÃ©e|cloche|silence|silencieux
ğŸ¼|musique|partition
ğŸµ|musique|note de musique
ğŸ¶|musique|notes de musique
ğŸ™ï¸|micro de studio
ğŸšï¸|curseur de niveau|musique|niveau
ğŸ›ï¸|boutons de commande|boutons de rÃ©glage
ğŸ¤|karaoke|micro
ğŸ§|Ã©couteurs|casque dâ€™Ã©coute
ğŸ“»|radio|vidÃ©o
ğŸ·|instrument|musique|saxophone
ğŸª—|accordÃ©on|bandonÃ©on|concertina|piano Ã  bretelles
ğŸ¸|guitare|instrument|musique
ğŸ¹|clavier|instrument|musique|piano
ğŸº|instrument|musique|trompette
ğŸ»|instrument|musique|violon
ğŸª•|banjo|cordes|instrument Ã  cordes|musique
ğŸ¥|baguettes|batterie|musique|tambour
ğŸª˜|battement|conga|djembÃ©|rythme|tambour
ğŸ“±|tÃ©lÃ©phone portable|tÃ©lÃ©phone cellulaire
ğŸ“²|appel entrant|tÃ©lÃ©phone cellulaire prÃ©cÃ©dÃ© par une flÃ¨che
â˜ï¸|tÃ©lÃ©phone
ğŸ“|combinÃ© tÃ©lÃ©phonique|tÃ©lÃ©phone|rÃ©cepteur tÃ©lÃ©phonique
ğŸ“Ÿ|bipeur|pager|tÃ©lÃ©avertisseur
ğŸ“ |fax|tÃ©lÃ©copieur
ğŸ”‹|pile|batterie
ğŸ”Œ|cÃ¢ble avec fiche Ã©lectrique|prise Ã©lectrique
ğŸ’»|ordinateur portable
ğŸ–¥ï¸|ordinateur de bureau
ğŸ–¨ï¸|imprimante|ordinateur
ğŸ–±ï¸|souris dâ€™ordinateur
ğŸ–²ï¸|boule de commande|ordinateur|souris Ã  boule
ğŸ’½|disque dâ€™ordinateur|disque dur|optique|ordinateur
ğŸ’¾|disquette|ordinateur
ğŸ’¿|cd|disque|ordinateur
ğŸ“€|disque|dvd|blu-ray|ordinateur
ğŸ§®|abaque|calcul
ğŸ¥|camÃ©ra|cinÃ©ma|film
ğŸï¸|bande|cinÃ©ma|film|pellicule
ğŸ“½ï¸|projecteur cinÃ©matographique|cinÃ©ma|film|vidÃ©o
ğŸ¬|clap|film
ğŸ“º|tÃ©lÃ©viseur|tÃ©lÃ©vision|tv|vidÃ©o
ğŸ“·|appareil photo|vidÃ©o
ğŸ“¸|appareil photo avec flash|flash
ğŸ“¹|camÃ©ra|camÃ©scope|vidÃ©o
ğŸ“¼|cassette vidÃ©o|vhs|vidÃ©ocassette
ğŸ”|loupe orientÃ©e Ã  gauche|agrandir|outil|rechercher
ğŸ”|loupe orientÃ©e Ã  droite|agrandir|outil|rechercher
ğŸ•¯ï¸|bougie|lumiÃ¨re
ğŸ’¡|ampoule|dessin|idÃ©e|lumiÃ¨re
ğŸ”¦|lumiÃ¨re|torche|lampe de poche
ğŸ®|japonais|lampion rouge|lumiÃ¨re|rouge|lanterne dâ€™izakaya
ğŸª”|ÄrtÄ«|diwali|diya|huile|lampe Ã  beurre
ğŸ“”|bloc-notes|carnet avec couverture dÃ©corative|couverture|livre
ğŸ“•|livre fermÃ©
ğŸ“–|livre ouvert
ğŸ“—|livre vert
ğŸ“˜|livre bleu
ğŸ“™|livre orange
ğŸ“š|livres
ğŸ““|carnet|cahier
ğŸ“’|carnet de compte|grand livre
ğŸ“ƒ|page enroulÃ©e
ğŸ“œ|papier|parchemin
ğŸ“„|document|page
ğŸ“°|actualitÃ©s|journal
ğŸ—ï¸|journal roulÃ©
ğŸ“‘|marqueur|onglets|signets
ğŸ”–|marque-page|marqueur
ğŸ·ï¸|Ã©tiquette
ğŸ’°|argent|dollar|sac dâ€™argent|sac plein dâ€™argent
ğŸª™|argent|mÃ©tal|or|trÃ©sor|monnaie|piÃ¨ce de monnaie
ğŸ’´|billet en yens|yen
ğŸ’µ|billet en dollars|dollar
ğŸ’¶|billet en euros|euro
ğŸ’·|billet en livres|livre
ğŸ’¸|billet avec des ailes
ğŸ’³|bancaire|argent|carte de crÃ©dit|crÃ©dit
ğŸ§¾|comptabilitÃ©|justificatif|preuve|reÃ§u
ğŸ’¹|banque|courbe avec yen en hausse|graphique|hausse|monnaie|courbe croissante prÃ©cÃ©dÃ©e du symbole du yen|croissance|yen
ğŸ“§|courrier Ã©lectronique|e-mail|message|courriel|lettre
ğŸ“¨|courrier Ã©lectronique|e-mail|message reÃ§u
ğŸ“©|courrier Ã©lectronique|e-mail|enveloppe avec flÃ¨che|message|courriel|envoi|flÃ¨che
ğŸ“¤|boÃ®te dâ€™envoi|courrier Ã©lectronique|e-mail|message
ğŸ“¥|boÃ®te de rÃ©ception|courrier Ã©lectronique|e-mail|message
ğŸ“¦|colis|paquet
ğŸ“«|boÃ®te aux lettres fermÃ©e drapeau levÃ©|courrier|boÃ®te aux lettres fermÃ©e avec drapeau levÃ©|drapeau levÃ©
ğŸ“ª|boÃ®te aux lettres fermÃ©e drapeau baissÃ©|courrier|boÃ®te aux lettres fermÃ©e avec drapeau baissÃ©|drapeau baissÃ©
ğŸ“¬|boÃ®te aux lettres ouverte drapeau levÃ©|courrier|boÃ®te aux lettres ouverte avec drapeau levÃ©|drapeau levÃ©
ğŸ“­|boÃ®te aux lettres ouverte drapeau baissÃ©|courrier|boÃ®te aux lettres ouverte avec drapeau baissÃ©|drapeau baissÃ©
ğŸ“®|boÃ®te aux lettres|courrier|boÃ®te postale
ğŸ—³ï¸|urne Ã©lectorale
âœï¸|crayon
ğŸ–‹ï¸|stylo plume|stylo-plume
ğŸ–Šï¸|stylo bille
ğŸ–Œï¸|peinture|pinceau
ğŸ–ï¸|crayon pastel|pastel|crayon de cire
ğŸ“|crayon|mÃ©mo
ğŸ’¼|porte-documents
ğŸ“|dossier|fichier
ğŸ“‚|dossier ouvert
ğŸ—‚ï¸|classement|index|intercalaires
ğŸ“…|calendrier|date
ğŸ“†|date|Ã©phÃ©mÃ©ride|calendrier Ã  effeuiller
ğŸ—’ï¸|bloc-notes Ã  spirale|notes
ğŸ—“ï¸|calendrier Ã  spirale
ğŸ“‡|carnet dâ€™adresses|fiche|index|rolodex|carte
ğŸ“ˆ|graphique en hausse|hausse|tendance|croissance
ğŸ“‰|baisse|graphique en baisse|tendance
ğŸ“Š|graphiques Ã  barres|barres
ğŸ“‹|fournitures|porte-bloc|presse-papiers
ğŸ“Œ|fournitures|punaise|Ã©pingle
ğŸ“|fournitures|Ã©pingle Ã  tÃªte ronde
ğŸ“|fournitures|trombone
ğŸ–‡ï¸|fournitures|trombones accrochÃ©s
ğŸ“|fournitures|rÃ¨gle
ğŸ“|Ã©querre|fournitures
ğŸ—ƒï¸|boÃ®te Ã  dossiers|dossier
ğŸ—„ï¸|classement|classer|dossier|meuble Ã  dossiers|classeur
ğŸ—‘ï¸|corbeille Ã  papiers
ğŸ”’|cadenas fermÃ©|verrouillÃ©|fermÃ©|verrouiller
ğŸ”“|cadenas ouvert|dÃ©verrouillÃ©|dÃ©verrouiller|ouvert
ğŸ”|cadenas fermÃ© avec stylo|verrouillÃ©|confidentialitÃ©|encre|stylo
ğŸ”|cadenas fermÃ© avec clÃ©|sÃ©curisÃ©|cadenas avec clÃ©|clÃ©|fermÃ©|sÃ»r|verrouillÃ©
ğŸ”‘|clÃ©|mot de passe|serrure
ğŸ—ï¸|clÃ© ancienne|serrure
ğŸ”¨|marteau|outil
ğŸª“|bois|fendre|hachette
â›ï¸|mine|outil|pioche|pic
ğŸ› ï¸|clÃ© Ã  molette|marteau et clÃ© Ã  molette|outil
ğŸ—¡ï¸|arme|couteau|dague|poignard
ğŸ”«|arme Ã  feu|pistolet Ã  eau|revolver
ğŸªƒ|australie|boomerang|rÃ©percussion|outil|retour
ğŸ¹|arc et flÃ¨che|archer|flÃ¨che|sagittaire|zodiaque
ğŸ›¡ï¸|arme|bouclier
ğŸªš|bois|outil|scie Ã©goÃ¯ne|scie Ã  bois
ğŸ”§|clÃ© Ã  molette|outil
ğŸª›|outil|tournevis|vis
ğŸ”©|Ã©crou|outil|vis et Ã©crou
ğŸ—œï¸|outil|serre-joint|Ã©tau
ğŸ¦¯|accessibilitÃ©|aveugle|canne blanche|dÃ©ficient visuel|malvoyant
ğŸ”—|chaÃ®nons|maillons
â›“ï¸|chaÃ®nes
ğŸª|accrocher|appÃ¢ter|attraper|crochet|ferrer|hameÃ§onner
ğŸ§°|boÃ®te Ã  outils|coffre|mÃ©canique|outil
ğŸ§²|aimant|attraction|fer Ã  cheval|magnÃ©tique
ğŸªœ|barreau|Ã©chelle|Ã©chelon|escabeau|monter
ğŸ§ª|chimie|chimiste|expÃ©rience|labo|sciences|tube Ã  essai
ğŸ§«|bactÃ©rie|biologie|biologiste|boÃ®te de pÃ©tri|culture|labo
ğŸ§¬|adn|biologiste|Ã©volution|gÃ¨ne|gÃ©nÃ©tique|vie
ğŸ”¬|microscope|outil|science
ğŸ”­|outil|science|tÃ©lescope
ğŸ“¡|antenne parabolique|antenne satellite|parabole
ğŸ’‰|aiguille|docteur|malade|mÃ©decine|seringue
ğŸ©¸|don du sang|goutte de sang|mÃ©decine|menstruation|rÃ¨gles
ğŸ’Š|docteur|malade|mÃ©decine|pilule
ğŸ©¹|bandage|mÃ©decine|pansement|premiers secours|sparadrap
ğŸ©º|cÅ“ur|docteur|mÃ©decine|poumons|stÃ©thoscope
ğŸšª|porte
ğŸ›—|accessibilitÃ©|ascenseur|monte-personnes
ğŸª|glace|miroir|psychÃ©|reflet
ğŸªŸ|air frais|cadre|fenÃªtre|ouverture|transparent|vue
ğŸ›ï¸|dormir|hÃ´tel|lit
ğŸ›‹ï¸|canapÃ© et lampe|lampe|divan|sofa et lampe
ğŸª‘|assis|chaise|siÃ¨ge
ğŸš½|toilettes|cabinet de toilette|siÃ¨ge de toilette
ğŸª |dÃ©boucheur|plombier|succion|toilettes|ventouse|force
ğŸš¿|douche|eau
ğŸ›|baignoire|bain
ğŸª¤|appÃ¢t|piÃ¨ge Ã  souris|tapette Ã  souris|apÃ¢t
ğŸª’|coupant|lame|raser|rasoir|tranchant
ğŸ§´|bouteille de lotion|crÃ¨me hydratante|crÃ¨me solaire|flacon|lotion|shampooing
ğŸ§·|couche|Ã©pingle de sÃ»retÃ©|lange|punk rock
ğŸ§¹|balai|balayage|nettoyage|sorciÃ¨re
ğŸ§º|agriculture|linge|panier|pique-nique
ğŸ§»|essuie-tout|papier hygiÃ©nique|papier toilette|rouleau de papier|essuie-main
ğŸª£|conteneur|seau|chaudiÃ¨re
ğŸ§¼|bain|lavage|mousse|pain de savon|porte-savon|savonnette
ğŸª¥|brosse Ã  dents|dentaire|dents|hygiÃ¨ne|laver|salle de bain
ğŸ§½|absorbante|Ã©ponge|nettoyage|poreuse
ğŸ§¯|Ã©teindre|extincteur|feu|incendie
ğŸ›’|chariot|shopping|panier dâ€™Ã©picerie
ğŸš¬|cigarette|fumeur
âš°ï¸|cercueil|mort
ğŸª¦|cimetiÃ¨re|pierre tombale|stÃ¨le|tombe
âš±ï¸|urne funÃ©raire
ğŸ—¿|moai|statue|moaÃ¯
ğŸª§|grÃ¨ve|manifestation|pancarte|panneau|protestation
ğŸ§|argent|dab|distributeur de billets|bancaire|banque|gab|guichet automatique bancaire
ğŸš®|icÃ´ne poubelle|poubelle
ğŸš°|eau potable
â™¿|accÃ¨s handicapÃ©s|symbole accÃ¨s handicapÃ©s|symbole de fauteuil roulant
ğŸš¹|homme|symbole toilettes hommes|wc|sanitaires|toilettes pour hommes
ğŸšº|femme|symbole toilettes femmes|wc|sanitaires|toilettes pour femmes
ğŸš»|panneau toilettes|toilettes|wc
ğŸš¼|bÃ©bÃ©|espace de change|symbole bÃ©bÃ©|table Ã  langer
ğŸš¾|toilettes|wc|symbole toilettes
ğŸ›‚|contrÃ´le des passeports|passeport|douane
ğŸ›ƒ|douane
ğŸ›„|bagages|retrait des bagages|tapis Ã  bagages
ğŸ›…|bagages|consigne Ã  bagages
âš ï¸|avertissement|symbole dâ€™avertissement
ğŸš¸|Ã©cole|enfants|piÃ©tons|traversÃ©e dâ€™enfants|attention, enfants|circulation|passage dâ€™enfants
â›”|entrÃ©e interdite|interdiction|interdit|sens interdit
ğŸš«|interdiction|interdit|symbole dâ€™interdiction
ğŸš³|interdiction|interdit|vÃ©los interdits
ğŸš­|fumer|interdiction de fumer|interdit|non fumeur
ğŸš¯|dÃ©chets|dÃ©pÃ´t dâ€™ordures interdit|interdiction|interdit|ordure
ğŸš±|eau non potable|non potable
ğŸš·|interdiction|interdit aux piÃ©tons
ğŸ“µ|interdiction|interdit|portable|tÃ©lÃ©phones portables interdits|cellulaire|mobile|tÃ©lÃ©phones cellulaires interdits
ğŸ”|18 ans et plus|dix-huit|interdiction|interdit|mineur
â¬†ï¸|direction|flÃ¨che haut|nord|en haut|flÃ¨che pointant vers le haut|point cardinal
â¡ï¸|direction|est|flÃ¨che droite|Ã  droite|flÃ¨che pointant vers la droite|point cardinal
â¬‡ï¸|direction|flÃ¨che bas|sud|en bas|flÃ¨che pointant vers le bas|point cardinal
â¬…ï¸|direction|flÃ¨che gauche|ouest|Ã  gauche|flÃ¨che pointant vers la gauche|point cardinal
â†©ï¸|flÃ¨che courbe gauche|courbe vers la gauche|flÃ¨che courbe vers la gauche
â†ªï¸|flÃ¨che courbe droite|courbe vers la droite|flÃ¨che courbe vers la droite
ğŸ”ƒ|flÃ¨ches dans le sens horaire|sens horaire|symbole recharger|flÃ¨ches verticales dans le sens horaire|horaire|recharger|sens des aiguilles dâ€™une montre|vertical
ğŸ”„|flÃ¨ches dans le sens antihoraire|sens antihoraire|antihoraire|flÃ¨ches verticales dans le sens antihoraire|sens inverse des aiguilles dâ€™une montre
ğŸ”™|flÃ¨che retour|back|Ã©tiquette Â«Â backÂ Â» et flÃ¨che|retour
ğŸ”š|flÃ¨che fin|end|Ã©tiquette Â« end Â» et flÃ¨che|fin
ğŸ”›|flÃ¨che activÃ©|en marche|Ã©tiquette Â« on! Â» et flÃ¨che|on
ğŸ”œ|flÃ¨che bientÃ´t|bientÃ´t|Ã©tiquette Â« soon Â» et flÃ¨che|soon
ğŸ”|flÃ¨che en haut|dessus|Ã©tiquette Â« top Â» et flÃ¨che|haut|top
ğŸ›|culte|lieu de culte|religion
âš›ï¸|athÃ©e|atome|symbole de lâ€™atome
ğŸ•‰ï¸|hindou|om|religion
â˜¯ï¸|religion|tao|yang|yin
âœï¸|chrÃ©tien|croix latine|religion
â˜ªï¸|lune et Ã©toile|musulman|religion|croissant|Ã©toile et croissant de lune|islam
â˜®ï¸|paix|symbole de paix
ğŸ•|chandelier Ã  sept branches|menora|religion
ğŸ”¯|chance|6 branches|Ã©toile Ã  6 branches et point au milieu|fortune|six branches
â™Š|gÃ©meaux|zodiaque
â™‹|cancer|zodiaque
â™Œ|lion|zodiaque
â™|vierge|zodiaque
â™|balance|zodiaque
â™|scorpion zodiaque|zodiaque
â›|ophiuchus|serpentaire|zodiaque
ğŸ”€|bouton lecture alÃ©atoire|flÃ¨ches croisÃ©es|alÃ©atoire|bouton de lecture alÃ©atoire|croisÃ©es
ğŸ”|bouton rÃ©pÃ©tition|flÃ¨ches en cercle|sens horaire|bouton de rÃ©pÃ©tition|horaire|rÃ©pÃ©ter|rÃ©pÃ©tition|sens des aiguilles dâ€™une montre
ğŸ”‚|bouton rÃ©pÃ©tition de la piste|flÃ¨ches en cercle avec nÂ°1|sens horaire|bouton de rÃ©pÃ©tition unique|horaire|rÃ©pÃ©ter une fois|rÃ©pÃ©tition unique|sens des aiguilles dâ€™une montre
â–¶ï¸|bouton lecture|flÃ¨che|lecture|triangle|bouton de lecture|droite
â©|avance rapide|bouton avance rapide|double flÃ¨che|bouton dâ€™avance rapide|flÃ¨ches|rapide
â­ï¸|bouton piste suivante|piste suivante|scÃ¨ne suivante|suivant|triangle|flÃ¨ches
â¯ï¸|bouton lecture/pause|flÃ¨che|lecture|pause|triangle|droite
â—€ï¸|bouton retour|flÃ¨che|gauche|retour|triangle|bouton de retour
âª|bouton retour rapide|retour rapide|bouton de retour rapide|double|flÃ¨ches|rapide|rembobiner
â®ï¸|bouton piste prÃ©cÃ©dente|piste prÃ©cÃ©dente|prÃ©cÃ©dent|scÃ¨ne prÃ©cÃ©dente|triangle|flÃ¨ches
ğŸ”¼|flÃ¨che|petit triangle haut|bouton vers le haut|haut|triangle
â«|double flÃ¨che vers le haut|flÃ¨che vers le haut|accÃ¨s rapide vers le haut|bouton dâ€™accÃ¨s rapide vers le haut|triangle
ğŸ”½|flÃ¨che|petit triangle bas|bas|bouton vers le bas|triangle
â¬|bas|double flÃ¨che vers le bas|flÃ¨che vers le bas|accÃ¨s rapide vers le bas|bouton dâ€™accÃ¨s rapide vers le bas|triangle
â¸ï¸|bouton pause|pause|barres|double|vertical
â¹ï¸|bouton stop|carrÃ©|stop
âºï¸|bouton enregistrer|cercle|enregistrer|enregistrement
âï¸|bouton Ã©jecter|Ã©jecter
ğŸ¦|camÃ©ra|cinÃ©ma|film
ğŸ”…|luminositÃ© faible|faible
ğŸ”†|luminositÃ© Ã©levÃ©e|Ã©levÃ©e
ğŸ“¶|barres de rÃ©seau|portable|rÃ©seau|tÃ©lÃ©phone|barres de signal
ğŸ“³|mode vibreur|portable|tÃ©lÃ©phone|vibreur|cellulaire|mobile|vibration
ğŸ“´|portable|tÃ©lÃ©phone Ã©teint|cellulaire|Ã©teint|mobile
âš§|symbole de la communautÃ© transgenre|transgenre|symbole transgenre
â™¾ï¸|Ã©ternitÃ©|illimitÃ©|infini|universel
â€¼ï¸|!!|double point dâ€™exclamation|exclamation|point
ğŸ’±|argent|banque|change|conversion de devise|devise
ğŸ’²|argent|dollar|symbole dollar|devise|symbole du dollar en gras
â™»ï¸|recyclage|symbole recyclage|symbole de recyclage
âšœï¸|fleur de lys
ğŸ”±|ancre|bateau|trident
ğŸ“›|badge nominatif|nom
ğŸ”°|dÃ©butant|symbole japonais de dÃ©butant|chevron|feuille|japonais|symbole japonais du dÃ©butant
â­•|0|anneau|cercle|o|rouge|grand
âŒ|Ã—|annuler|croix|multiplication|multiplier|x
â|Ã—|bouton croix|croix|x
â°|bouclette
â¿|boucle|double boucle
ã€½ï¸|alternance|dÃ©but de la musique|japonais|marque|partition|symbole japonais indiquant le dÃ©but de la musique
ğŸ” |lettres latines|majuscules|saisie|abcd|latin
ğŸ”¡|lettres latines|minuscules|saisie|abcd|latin
ğŸ”¢|1234|chiffres|saisie de chiffres|nombres
ğŸ”£|saisie de symboles|symboles|ã€’â™ª&%
ğŸ”¤|alphabet latin|lettres|saisie|abc|latin
ğŸ…°ï¸|a|groupe sanguin a
ğŸ†|ab|groupe sanguin ab
ğŸ…±ï¸|b|groupe sanguin b
ğŸ†‘|bouton effacer|effacer|cl
ğŸ†’|bouton cool|cool
ğŸ†“|bouton gratuit|gratuit|bouton free|free
ğŸ†”|bouton identifiant|identifiant
â“‚ï¸|cercle|m encerclÃ©
ğŸ†•|bouton nouveau|nouveau|bouton new|new
ğŸ†–|bouton pas bien|interdit|mauvais|bouton ng|ng|no go|not good|pas bien|pas bon
ğŸ…¾ï¸|groupe sanguin o|o
ğŸ†—|bouton ok|ok
ğŸ…¿ï¸|bouton p|parking|icÃ´ne stationnement|stationnement
ğŸ†˜|bouton sos|sos|aide|secours
ğŸ†™|bouton vers le haut|nouveautÃ©|icÃ´ne up!|up
ğŸ†š|bouton vs|contre|versus|vs|c.
ğŸˆ|bouton ici en japonais|ici|japonais|katakana|symbole japonais signifiant Â«Â iciÂ Â»|ã‚³ã‚³
ğŸˆ‚ï¸|bouton frais de service en japonais|frais de service|japonais|katakana|payant|service|symbole japonais signifiant Â«Â serviceÂ Â» ou Â«Â service payantÂ Â»|ã‚µ
ğŸˆ·ï¸|bouton montant mensuel en japonais|japonais|montant mensuel|idÃ©ogramme|symbole japonais signifiant Â«Â montant mensuelÂ Â»|æœˆ
ğŸˆ¶|bouton pas gratuit en japonais|japonais|pas gratuit|payant|idÃ©ogramme|symbole japonais signifiant Â«Â payantÂ Â»|æœ‰
ğŸˆ¯|bouton rÃ©servÃ© en japonais|japonais|rÃ©servÃ©|idÃ©ogramme|symbole japonais signifiant Â«Â rÃ©servÃ©Â Â»|æŒ‡
ğŸ‰|bonne affaire|bouton bonne affaire en japonais|japonais|aubaine|idÃ©ogramme|symbole japonais signifiant Â«Â aubaineÂ Â»|æŒ‡
ğŸˆ¹|bouton rÃ©duction en japonais|japonais|rabais|rÃ©duction|idÃ©ogramme|symbole japonais signifiant Â«Â rabaisÂ Â»|å‰²
ğŸˆš|bouton gratuit en japonais|gratuit|japonais|idÃ©ogramme|symbole japonais signifiant Â«Â gratuitÂ Â»|ç„¡
ğŸˆ²|bouton interdit en japonais|japonais|idÃ©ogramme|interdit|symbole japonais signifiant Â«Â interditÂ Â»|ç¦
ğŸ‰‘|accepter|bouton accepter en japonais|japonais|acceptable|idÃ©ogramme|symbole japonais signifiant Â«Â acceptableÂ Â»|å¯
ğŸˆ¸|application|bouton application en japonais|japonais|idÃ©ogramme|symbole japonais signifiant Â«Â applicationÂ Â»|ç”³
ğŸˆ´|bouton note pour rÃ©ussir en japonais|japonais|note pour rÃ©ussir|idÃ©ogramme|note de passage|symbole japonais signifiant Â«Â note de passageÂ Â»|åˆ
ğŸˆ³|bouton chambres disponibles en japonais|chambres disponibles|japonais|idÃ©ogramme|places disponibles|symbole japonais signifiant Â«Â places disponiblesÂ Â»|ç©º
ğŸˆº|bouton ouvert pour affaires en japonais|japonais|ouvert pour affaires|idÃ©ogramme|symbole japonais signifiant Â«Â ouvertÂ Â»|å–¶
ğŸˆµ|bouton complet en japonais|complet|japonais|idÃ©ogramme|symbole japonais signifiant Â«Â completÂ Â»|æº€
ğŸ”´|cercle|disque rouge|forme gÃ©omÃ©trique|gÃ©omÃ©trie|rond|rouge|sphÃ¨re
ğŸŸ |cercle|disque orange|forme gÃ©omÃ©trique|gÃ©omÃ©trie|orange|rond|sphÃ¨re
ğŸŸ¡|cercle|disque jaune|forme gÃ©omÃ©trique|gÃ©omÃ©trie|jaune|rond|sphÃ¨re
ğŸŸ¢|cercle|disque vert|forme gÃ©omÃ©trique|gÃ©omÃ©trie|rond|vert|sphÃ¨re
ğŸ”µ|bleu|cercle|disque bleu|forme gÃ©omÃ©trique|gÃ©omÃ©trie|rond|sphÃ¨re
ğŸŸ£|cercle|disque violet|forme gÃ©omÃ©trique|gÃ©omÃ©trie|rond|violet|sphÃ¨re
ğŸŸ¤|cercle|disque marron|forme gÃ©omÃ©trique|gÃ©omÃ©trie|marron|rond|brun|sphÃ¨re
âš«|cercle|disque noir|forme gÃ©omÃ©trique|gÃ©omÃ©trie|noir|rond|sphÃ¨re
âšª|blanc|cercle|disque blanc|forme gÃ©omÃ©trique|gÃ©omÃ©trie|rond|sphÃ¨re
ğŸŸ¥|carrÃ© rouge|forme gÃ©omÃ©trique|gÃ©omÃ©trie|rouge
ğŸŸ§|carrÃ© orange|forme gÃ©omÃ©trique|gÃ©omÃ©trie|orange
ğŸŸ¨|carrÃ© jaune|forme gÃ©omÃ©trique|gÃ©omÃ©trie|jaune
ğŸŸ©|carrÃ© vert|forme gÃ©omÃ©trique|gÃ©omÃ©trie|vert
ğŸŸ¦|bleu|carrÃ© bleu|forme gÃ©omÃ©trique|gÃ©omÃ©trie
ğŸŸª|carrÃ© violet|forme gÃ©omÃ©trique|gÃ©omÃ©trie|violet
ğŸŸ«|carrÃ© marron|forme gÃ©omÃ©trique|gÃ©omÃ©trie|marron|brun
â¬›|carrÃ©|forme gÃ©omÃ©trique|grand carrÃ© noir
â¬œ|forme|gÃ©omÃ©trie|grand carrÃ© blanc
â—¼ï¸|carrÃ© moyen noir|forme gÃ©omÃ©trique|carrÃ© noir de taille moyenne|gÃ©omÃ©trie
â—»ï¸|carrÃ© moyen blanc|forme gÃ©omÃ©trique|carrÃ© blanc de taille moyenne|gÃ©omÃ©trie
â—¾|carrÃ© petit moyen noir|forme|gÃ©omÃ©trie|carrÃ© noir de taille intermÃ©diaire
â—½|carrÃ© petit moyen blanc|forme|gÃ©omÃ©trie|carrÃ© blanc de taille intermÃ©diaire
â–ªï¸|carrÃ©|forme gÃ©omÃ©trique|petit carrÃ© noir
â–«ï¸|carrÃ©|forme gÃ©omÃ©trique|petit carrÃ© blanc
ğŸ”¶|forme gÃ©omÃ©trique|grand losange orange|losange|gÃ©omÃ©trie|orange
ğŸ”·|forme gÃ©omÃ©trique|grand losange bleu|grand losange orange|losange|bleu|gÃ©omÃ©trie
ğŸ”¸|forme gÃ©omÃ©trique|losange|petit losange orange|gÃ©omÃ©trie|orange
ğŸ”¹|forme gÃ©omÃ©trique|losange|petit losange bleu|bleu|gÃ©omÃ©trie
ğŸ”º|forme gÃ©omÃ©trique|rouge|triangle rouge pointant vers le haut|gÃ©omÃ©trie|triangle qui pointe vers le haut|triangle rouge qui pointe vers le haut
ğŸ”»|flÃ¨che|forme|gÃ©omÃ©trie|triangle rouge pointant vers le bas|rouge|triangle qui pointe vers le bas|triangle rouge qui pointe vers le bas
ğŸ’ |dessin|diamant avec un point|gÃ©omÃ©trique|intÃ©rieur
ğŸ”˜|bouton|forme|gÃ©omÃ©trie|radio
ğŸ”³|carrÃ© blanc|forme|gÃ©omÃ©trie|bouton reprÃ©sentant un carrÃ© blanc
ğŸ”²|carrÃ© noir|forme|gÃ©omÃ©trie|bouton reprÃ©sentant un carrÃ© noir
ğŸ|drapeau Ã  damier
ğŸš©|drapeau triangulaire|fanion
ğŸŒ|drapeaux croisÃ©s
ğŸ´|drapeau noir
ğŸ³ï¸|drapeau blanc
ğŸ³ï¸â€ğŸŒˆ|arc-en-ciel|drapeau
ğŸ³ï¸â€âš§ï¸|blanc|bleu clair|drapeau transgenre|rose|transgenre|bleu pÃ¢le
ğŸ´â€â˜ ï¸|drapeau de pirate|pillage|piller|pirate|trÃ©sor
ğŸ‡¦ğŸ‡©|andorre
ğŸ‡¦ğŸ‡ª|Ã©mirats arabes unis
ğŸ‡¦ğŸ‡«|afghanistan
ğŸ‡¦ğŸ‡¬|antigua-et-barbuda
ğŸ‡¦ğŸ‡®|anguilla
ğŸ‡¦ğŸ‡±|albanie
ğŸ‡¦ğŸ‡²|armÃ©nie
ğŸ‡¦ğŸ‡´|angola
ğŸ‡¦ğŸ‡¶|antarctique
ğŸ‡¦ğŸ‡·|argentine
ğŸ‡¦ğŸ‡¸|samoa amÃ©ricaines
ğŸ‡¦ğŸ‡¹|autriche
ğŸ‡¦ğŸ‡º|australie
ğŸ‡¦ğŸ‡¼|aruba
ğŸ‡¦ğŸ‡½|Ã®les Ã¥land|Ã®les dâ€™Ã¥land
ğŸ‡¦ğŸ‡¿|azerbaÃ¯djan
ğŸ‡§ğŸ‡¦|bosnie-herzÃ©govine
ğŸ‡§ğŸ‡§|barbade
ğŸ‡§ğŸ‡©|bangladesh
ğŸ‡§ğŸ‡ª|belgique
ğŸ‡§ğŸ‡«|burkina faso
ğŸ‡§ğŸ‡¬|bulgarie
ğŸ‡§ğŸ‡­|bahreÃ¯n
ğŸ‡§ğŸ‡®|burundi
ğŸ‡§ğŸ‡¯|bÃ©nin
ğŸ‡§ğŸ‡±|saint-barthÃ©lemy
ğŸ‡§ğŸ‡²|bermudes
ğŸ‡§ğŸ‡³|brunei
ğŸ‡§ğŸ‡´|bolivie
ğŸ‡§ğŸ‡¶|pays-bas caribÃ©ens
ğŸ‡§ğŸ‡·|brÃ©sil
ğŸ‡§ğŸ‡¸|bahamas
ğŸ‡§ğŸ‡¹|bhoutan
ğŸ‡§ğŸ‡¼|botswana
ğŸ‡§ğŸ‡¾|biÃ©lorussie|bÃ©larus
ğŸ‡§ğŸ‡¿|belize
ğŸ‡¨ğŸ‡¦|canada
ğŸ‡¨ğŸ‡¨|Ã®les cocos (keeling)
ğŸ‡¨ğŸ‡©|congo-kinshasa
ğŸ‡¨ğŸ‡«|rÃ©publique centrafricaine
ğŸ‡¨ğŸ‡¬|congo-brazzaville
ğŸ‡¨ğŸ‡­|suisse
ğŸ‡¨ğŸ‡®|cÃ´te dâ€™ivoire
ğŸ‡¨ğŸ‡°|Ã®les cook
ğŸ‡¨ğŸ‡±|chili
ğŸ‡¨ğŸ‡²|cameroun
ğŸ‡¨ğŸ‡³|chine
ğŸ‡¨ğŸ‡´|colombie
ğŸ‡¨ğŸ‡·|costa rica
ğŸ‡¨ğŸ‡º|cuba
ğŸ‡¨ğŸ‡»|cap-vert
ğŸ‡¨ğŸ‡¼|curaÃ§ao
ğŸ‡¨ğŸ‡½|Ã®le christmas
ğŸ‡¨ğŸ‡¾|chypre
ğŸ‡¨ğŸ‡¿|tchÃ©quie
ğŸ‡©ğŸ‡ª|allemagne
ğŸ‡©ğŸ‡¯|djibouti
ğŸ‡©ğŸ‡°|danemark
ğŸ‡©ğŸ‡²|dominique
ğŸ‡©ğŸ‡´|rÃ©publique dominicaine
ğŸ‡©ğŸ‡¿|algÃ©rie
ğŸ‡ªğŸ‡¨|Ã©quateur
ğŸ‡ªğŸ‡ª|estonie
ğŸ‡ªğŸ‡¬|Ã©gypte
ğŸ‡ªğŸ‡­|sahara occidental
ğŸ‡ªğŸ‡·|Ã©rythrÃ©e
ğŸ‡ªğŸ‡¸|espagne
ğŸ‡ªğŸ‡¹|Ã©thiopie
ğŸ‡ªğŸ‡º|union europÃ©enne
ğŸ‡«ğŸ‡®|finlande
ğŸ‡«ğŸ‡¯|fidji
ğŸ‡«ğŸ‡°|Ã®les malouines
ğŸ‡«ğŸ‡²|micronÃ©sie
ğŸ‡«ğŸ‡´|Ã®les fÃ©roÃ©
ğŸ‡«ğŸ‡·|france
ğŸ‡¬ğŸ‡¦|gabon
ğŸ‡¬ğŸ‡§|royaume-uni
ğŸ‡¬ğŸ‡©|grenade
ğŸ‡¬ğŸ‡ª|gÃ©orgie
ğŸ‡¬ğŸ‡«|guyane franÃ§aise
ğŸ‡¬ğŸ‡¬|guernesey
ğŸ‡¬ğŸ‡­|ghana
ğŸ‡¬ğŸ‡®|gibraltar
ğŸ‡¬ğŸ‡±|groenland
ğŸ‡¬ğŸ‡²|gambie
ğŸ‡¬ğŸ‡³|guinÃ©e
ğŸ‡¬ğŸ‡µ|guadeloupe
ğŸ‡¬ğŸ‡¶|guinÃ©e Ã©quatoriale
ğŸ‡¬ğŸ‡·|grÃ¨ce
ğŸ‡¬ğŸ‡¸|gÃ©orgie du sud-et-les Ã®les sandwich du sud
ğŸ‡¬ğŸ‡¹|guatemala
ğŸ‡¬ğŸ‡º|guam
ğŸ‡¬ğŸ‡¼|guinÃ©e-bissau
ğŸ‡¬ğŸ‡¾|guyana
ğŸ‡­ğŸ‡°|r.a.s. chinoise de hong kong
ğŸ‡­ğŸ‡³|honduras
ğŸ‡­ğŸ‡·|croatie
ğŸ‡­ğŸ‡¹|haÃ¯ti
ğŸ‡­ğŸ‡º|hongrie
ğŸ‡®ğŸ‡¨|Ã®les canaries
ğŸ‡®ğŸ‡©|indonÃ©sie
ğŸ‡®ğŸ‡ª|irlande
ğŸ‡®ğŸ‡±|israÃ«l
ğŸ‡®ğŸ‡²|Ã®le de man
ğŸ‡®ğŸ‡³|inde
ğŸ‡®ğŸ‡´|territoire britannique de lâ€™ocÃ©an indien
ğŸ‡®ğŸ‡¶|irak
ğŸ‡®ğŸ‡·|iran
ğŸ‡®ğŸ‡¸|islande
ğŸ‡®ğŸ‡¹|italie
ğŸ‡¯ğŸ‡ª|jersey
ğŸ‡¯ğŸ‡²|jamaÃ¯que
ğŸ‡¯ğŸ‡´|jordanie
ğŸ‡¯ğŸ‡µ|japon
ğŸ‡°ğŸ‡ª|kenya
ğŸ‡°ğŸ‡¬|kirghizstan|kirghizistan
ğŸ‡°ğŸ‡­|cambodge
ğŸ‡°ğŸ‡®|kiribati
ğŸ‡°ğŸ‡²|comores
ğŸ‡°ğŸ‡³|saint-christophe-et-niÃ©vÃ¨s
ğŸ‡°ğŸ‡µ|corÃ©e du nord
ğŸ‡°ğŸ‡·|corÃ©e du sud
ğŸ‡°ğŸ‡¼|koweÃ¯t
ğŸ‡°ğŸ‡¾|Ã®les caÃ¯mans
ğŸ‡°ğŸ‡¿|kazakhstan
ğŸ‡±ğŸ‡¦|laos
ğŸ‡±ğŸ‡§|liban
ğŸ‡±ğŸ‡¨|sainte-lucie
ğŸ‡±ğŸ‡®|liechtenstein
ğŸ‡±ğŸ‡°|sri lanka
ğŸ‡±ğŸ‡·|liberia|libÃ©ria
ğŸ‡±ğŸ‡¸|lesotho
ğŸ‡±ğŸ‡¹|lituanie
ğŸ‡±ğŸ‡º|luxembourg
ğŸ‡±ğŸ‡»|lettonie
ğŸ‡±ğŸ‡¾|libye
ğŸ‡²ğŸ‡¦|maroc
ğŸ‡²ğŸ‡¨|monaco
ğŸ‡²ğŸ‡©|moldavie
ğŸ‡²ğŸ‡ª|montÃ©nÃ©gro
ğŸ‡²ğŸ‡¬|madagascar
ğŸ‡²ğŸ‡­|Ã®les marshall
ğŸ‡²ğŸ‡°|macÃ©doine du nord
ğŸ‡²ğŸ‡±|mali
ğŸ‡²ğŸ‡²|myanmar (birmanie)
ğŸ‡²ğŸ‡³|mongolie
ğŸ‡²ğŸ‡´|r.a.s. chinoise de macao
ğŸ‡²ğŸ‡µ|Ã®les mariannes du nord|mariannes du nord
ğŸ‡²ğŸ‡¶|martinique
ğŸ‡²ğŸ‡·|mauritanie
ğŸ‡²ğŸ‡¸|montserrat
ğŸ‡²ğŸ‡¹|malte
ğŸ‡²ğŸ‡º|maurice
ğŸ‡²ğŸ‡»|maldives
ğŸ‡²ğŸ‡¼|malawi
ğŸ‡²ğŸ‡½|mexique
ğŸ‡²ğŸ‡¾|malaisie
ğŸ‡²ğŸ‡¿|mozambique
ğŸ‡³ğŸ‡¦|namibie
ğŸ‡³ğŸ‡¨|nouvelle-calÃ©donie
ğŸ‡³ğŸ‡ª|niger
ğŸ‡³ğŸ‡«|Ã®le norfolk
ğŸ‡³ğŸ‡¬|nigeria|nigÃ©ria
ğŸ‡³ğŸ‡®|nicaragua
ğŸ‡³ğŸ‡±|pays-bas
ğŸ‡³ğŸ‡´|norvÃ¨ge
ğŸ‡³ğŸ‡µ|nÃ©pal
ğŸ‡³ğŸ‡·|nauru
ğŸ‡³ğŸ‡º|niue
ğŸ‡³ğŸ‡¿|nouvelle-zÃ©lande
ğŸ‡´ğŸ‡²|oman
ğŸ‡µğŸ‡¦|panama
ğŸ‡µğŸ‡ª|pÃ©rou
ğŸ‡µğŸ‡«|polynÃ©sie franÃ§aise
ğŸ‡µğŸ‡¬|papouasie-nouvelle-guinÃ©e
ğŸ‡µğŸ‡­|philippines
ğŸ‡µğŸ‡°|pakistan
ğŸ‡µğŸ‡±|pologne
ğŸ‡µğŸ‡²|saint-pierre-et-miquelon
ğŸ‡µğŸ‡³|Ã®les pitcairn
ğŸ‡µğŸ‡·|porto rico
ğŸ‡µğŸ‡¸|territoires palestiniens
ğŸ‡µğŸ‡¹|portugal
ğŸ‡µğŸ‡¼|palaos
ğŸ‡µğŸ‡¾|paraguay
ğŸ‡¶ğŸ‡¦|qatar
ğŸ‡·ğŸ‡ª|la rÃ©union
ğŸ‡·ğŸ‡´|roumanie
ğŸ‡·ğŸ‡¸|serbie
ğŸ‡·ğŸ‡º|russie
ğŸ‡·ğŸ‡¼|rwanda
ğŸ‡¸ğŸ‡¦|arabie saoudite
ğŸ‡¸ğŸ‡§|Ã®les salomon
ğŸ‡¸ğŸ‡¨|seychelles
ğŸ‡¸ğŸ‡©|soudan
ğŸ‡¸ğŸ‡ª|suÃ¨de
ğŸ‡¸ğŸ‡¬|singapour
ğŸ‡¸ğŸ‡­|sainte-hÃ©lÃ¨ne
ğŸ‡¸ğŸ‡®|slovÃ©nie
ğŸ‡¸ğŸ‡°|slovaquie
ğŸ‡¸ğŸ‡±|sierra leone
ğŸ‡¸ğŸ‡²|saint-marin
ğŸ‡¸ğŸ‡³|sÃ©nÃ©gal
ğŸ‡¸ğŸ‡´|somalie
ğŸ‡¸ğŸ‡·|suriname
ğŸ‡¸ğŸ‡¸|soudan du sud
ğŸ‡¸ğŸ‡¹|sao tomÃ©-et-principe
ğŸ‡¸ğŸ‡»|salvador
ğŸ‡¸ğŸ‡½|saint-martin (partie nÃ©erlandaise)|saint-martin (pays-bas)
ğŸ‡¸ğŸ‡¾|syrie
ğŸ‡¸ğŸ‡¿|eswatini
ğŸ‡¹ğŸ‡¨|Ã®les turques-et-caÃ¯ques
ğŸ‡¹ğŸ‡©|tchad
ğŸ‡¹ğŸ‡«|terres australes franÃ§aises
ğŸ‡¹ğŸ‡¬|togo
ğŸ‡¹ğŸ‡­|thaÃ¯lande
ğŸ‡¹ğŸ‡¯|tadjikistan
ğŸ‡¹ğŸ‡°|tokelau
ğŸ‡¹ğŸ‡±|timor oriental|timor-leste
ğŸ‡¹ğŸ‡²|turkmÃ©nistan
ğŸ‡¹ğŸ‡³|tunisie
ğŸ‡¹ğŸ‡´|tonga
ğŸ‡¹ğŸ‡·|turquie
ğŸ‡¹ğŸ‡¹|trinitÃ©-et-tobago
ğŸ‡¹ğŸ‡»|tuvalu
ğŸ‡¹ğŸ‡¼|taÃ¯wan
ğŸ‡¹ğŸ‡¿|tanzanie
ğŸ‡ºğŸ‡¦|ukraine
ğŸ‡ºğŸ‡¬|ouganda
ğŸ‡ºğŸ‡¸|Ã©tats-unis
ğŸ‡ºğŸ‡¾|uruguay
ğŸ‡ºğŸ‡¿|ouzbÃ©kistan
ğŸ‡»ğŸ‡¦|Ã©tat de la citÃ© du vatican|citÃ© du vatican
ğŸ‡»ğŸ‡¨|saint-vincent-et-les grenadines
ğŸ‡»ğŸ‡ª|venezuela
ğŸ‡»ğŸ‡¬|Ã®les vierges britanniques
ğŸ‡»ğŸ‡®|Ã®les vierges des Ã©tats-unis|Ã®les vierges amÃ©ricaines
ğŸ‡»ğŸ‡³|viÃªt nam|vietnam
ğŸ‡»ğŸ‡º|vanuatu
ğŸ‡¼ğŸ‡«|wallis-et-futuna
ğŸ‡¼ğŸ‡¸|samoa
ğŸ‡½ğŸ‡°|kosovo
ğŸ‡¾ğŸ‡ª|yÃ©men
ğŸ‡¾ğŸ‡¹|mayotte
ğŸ‡¿ğŸ‡¦|afrique du sud
ğŸ‡¿ğŸ‡²|zambie
ğŸ‡¿ğŸ‡¼|zimbabwe
ğŸ´ó §ó ¢ó ¥ó ®ó §ó ¿|angleterre
ğŸ´ó §ó ¢ó ³ó £ó ´ó ¿|Ã©cosse
ğŸ´ó §ó ¢ó ·ó ¬ó ³ó ¿|pays de galles