â‰ï¸|ausrufe- und fragezeichen|ausrufezeichen|fragezeichen|rot|satzzeichen
â„¹ï¸|buchstabe i in blauem quadrat|information
â†”ï¸|entgegengesetzt|nach links und rechts|pfeil nach links und rechts
â†•ï¸|entgegengesetzt|nach oben und unten|pfeil nach oben und unten
â†–ï¸|nach links oben|nordwesten|pfeil nach links oben
â†—ï¸|nach rechts oben|nordosten|pfeil nach rechts oben
â†˜ï¸|nach rechts unten|pfeil nach rechts unten|sÃ¼dosten
â†™ï¸|nach links unten|pfeil nach links unten
âŒ¨ï¸|computer|keyboard|tastatur
â˜€ï¸|sonnenstrahlen|sonnig|strahlen|wetter
â˜ï¸|wetter|wolke|wolkig
â˜‚ï¸|bekleidung|regenschirm|wetter
â˜ƒï¸|schneemann im schnee
â˜„ï¸|komet|weltall
â˜‘ï¸|âœ“|abgehaktes kÃ¤stchen|abstimmungsfeld mit hÃ¤kchen|ankreuz|feld|hÃ¤kchen|kÃ¤stchen mit hÃ¤kchen|wahlurne
â˜”|regenschirm im regen
â˜•|cafe|dampfend|getrÃ¤nk|heiÃŸgetrÃ¤nk|kaffee|tasse|tee|trinken|heissgetrÃ¤nk
â˜˜ï¸|grÃ¼n|kleeblatt|pflanze
â˜ ï¸|gekreuzt|gesicht|knochen|piratenflagge|schÃ¤del|tod|totenkopf
â˜¢ï¸|radioaktivitÃ¤t
â˜£ï¸|biogefÃ¤hrdung|zeichen
â˜¦ï¸|christentum|kreuz|orthodox|religion
â˜¸ï¸|buddhismus|dharma-rad
â˜¹ï¸|deprimiert|dÃ¼ster|gesicht|smiley|stirnrunzelnd|traurig
â™ˆ|sternzeichen|widder (sternzeichen)
â™‰|horoskop|sternzeichen|stier
â™|schÃ¼tze (sternzeichen)|sternzeichen
â™‘|steinbock (sternzeichen)|sternzeichen
â™’|sternzeichen|wassermann (sternzeichen)
â™“|fische (sternzeichen)|horoskop|sternzeichen
â™ ï¸|kartenspiel|pik
â™£ï¸|kartenspiel|kreuz
â™¥ï¸|herz|kartenspiel
â™¦ï¸|karo|kartenspiel
â™¨ï¸|dampfend|heiÃŸe quellen|quellen|heisse quellen
âš’ï¸|arbeiter|hammer und pickel|pickel|werkzeug
âš“|anker|hafen|meer
âš”ï¸|gekreuzte schwerter|schwerter|waffe
âš–ï¸|gerechtigkeit|gewicht|waage|werkzeug|wiegen
âš—ï¸|destillierapparat|werkzeug|labor
âš™ï¸|werkzeug|zahnrad
âœ‚ï¸|schere|schneiden|schnipp|basteln
âœ…|abgehakt|erledigt|weiÃŸes hÃ¤kchen|weisses hÃ¤kchen
âœˆï¸|flieger|flugzeug
âœ‰ï¸|briefumschlag|e-mail
âœ’ï¸|federhalter|fÃ¼ller|schwarzer federhalter|stift
âœ”ï¸|abhaken|erledigt|fertig|hÃ¤kchen|haken|krÃ¤ftiges hÃ¤kchen
âœ–ï¸|Ã—|abbrechen|mal|multiplikationszeichen|multiplizieren|x
âœ¡ï¸|davidstern|jÃ¼disch|religion
âœ¨|*|funkelnde sterne|sterne
âœ³ï¸|*|achtzackiger stern|grÃ¼n|quadrat|stern
âœ´ï¸|*|achtstrahliger stern|stern
â„ï¸|flocke|kalt|schneeflocke|schneien|wetter|winter
â‡ï¸|*|funkeln|grÃ¼n|quadrat
â“|fragezeichen|rotes fragezeichen|satzzeichen|warum|wieso
â”|fragezeichen|satzzeichen|warum|weiÃŸes fragezeichen|weisses fragezeichen
â•|ausrufezeichen|muss|satzzeichen|weiÃŸes ausrufezeichen|weisses ausrufezeichen
â—|!|ausrufezeichen|rot|satzzeichen
â£ï¸|ausrufezeichen|herz als ausrufezeichen|satzzeichen
â¤ï¸|herz|rotes herz
â•|+|addieren|mathe|pluszeichen
â–|-|âˆ’|mathe|minuszeichen
â—|Ã·|divisionszeichen|geteilt durch|geteiltzeichen|mathe
â¤´ï¸|geschwungen|nach oben|oben|pfeil
â¤µï¸|geschwungen|nach unten|pfeil|unten
ã€°ï¸|gewellt|linie|wellenlinie
ãŠ—ï¸|chinesisches schriftzeichen|gratulation|japanisches schriftzeichen|schriftzeichen fÃ¼r gratulation
ãŠ™ï¸|chinesisches schriftzeichen|geheimnis|japanisches schriftzeichen|schriftzeichen fÃ¼r geheimnis
ğŸ˜€|froh|frÃ¶hlich|gesicht|grinsen|haha|lachen|lol|lustig|smiley
ğŸ˜ƒ|augen|frÃ¶hlich|gesicht|glÃ¼cklich|groÃŸe|lÃ¤cheln|lachen|lol|lustig|mund|offen|smiley|grinsendes gesicht mit grossen augen
ğŸ˜„|augen|frÃ¶hlich|geschlossen|gesicht|glÃ¼cklich|grinsen|lÃ¤cheln|lachen|lol|lustig|mund|offen|smiley|witzig
ğŸ˜|augen|frÃ¶hlich|gesicht|grinsen|happy|lÃ¤cheln|lachen|lustig|smiley|strahlen|zÃ¤hne
ğŸ˜†|augen|geschlossen|gesicht|grinsegesicht|grinsen|haha|hehe|hihi|lachen|lol|lustig|mund|offen|smiley|witzig|zugekniffen|zusammengekniffen
ğŸ˜…|gesicht|grinsen|lÃ¤cheln|lustig|mund|nervÃ¶s|offen|schweiÃŸtropfen|schwitzen|smiley|lachender smiley mit kaltem schweiss|schweiss
ğŸ¤£|boden|gesicht|haha|hehe|lachen|lol|lustig|muahaha|rofl|smiley|trÃ¤nen|wÃ¤lzen|witzig
ğŸ˜‚|freudentrÃ¤nen|frÃ¶hlich|gesicht|haha|happy|hehe|hihi|lachen|lol|lustig|muahaha|rofl|smiley|trÃ¤nen|witzig
ğŸ™‚|gesicht|lÃ¤cheln|leicht|smiley
ğŸ™ƒ|auf dem kopf|gesicht|lÃ¤cheln|smiley|stehen|umgekehrt
ğŸ« |auflÃ¶sen|beschÃ¤mt|flÃ¼ssig|gesicht|hitze|sarkasmus|sarkastisch|schmelzen|schwitzen|smiley|verschwinden
ğŸ˜‰|auge|flirten|gesicht|sexy|smiley|zudrÃ¼cken|zugedrÃ¼ckt|zukneifen|zuzwinkern|zwinkern
ğŸ˜Š|augen|errÃ¶ten|freude|freundlich|gesicht|glÃ¼cklich|lÃ¤cheln|lachen|rot|wangen
ğŸ˜‡|brav|engel|gesicht|glÃ¼cklich|heiligenschein|lÃ¤cheln|lieb|seelig|smiley
ğŸ¥°|3|anhimmeln|bewundern|gesicht|hdgdl|hdl|herzchen|herzen|lÃ¤cheln|liebe|smiley|verknallt|verliebt|verzÃ¼ckt
ğŸ˜|augen|gesicht|glÃ¼cklich|herzen|herzfÃ¶rmig|lÃ¤cheln|liebe|smiley|verliebt
ğŸ¤©|aufgeregt|augen|gesicht|grinsen|smiley|star|stern|Ã¼berwÃ¤ltigt|wow
ğŸ˜˜|flirten|gesicht|kuss|kÃ¼sschen|kÃ¼ssen|lieb|smiley|zuwerfen
ğŸ˜—|flirten|gesicht|hdl|knutsch|kuss|kÃ¼ssen|smiley|xoxo
â˜ºï¸|frÃ¶hlich|gesicht|lÃ¤cheln|rot|smiley|wangen
ğŸ˜š|geschlossen|gesicht|knutsch|kuss|kÃ¼sschen|kÃ¼ssen|rot|smiley|ugen|wangen
ğŸ˜™|augen|flirten|gesicht|knutsch|kuss|kÃ¼ssen|lÃ¤cheln|smiley
ğŸ¥²|berÃ¼hrt|dankbar|erleichtert|freudentrÃ¤ne|gerÃ¼hrt|gesicht|lÃ¤cheln|smiley|stolz|trÃ¤ne
ğŸ˜‹|gesicht|lÃ¤cheln|leckeres essen|sich die lippen leckender smiley|sich die lippen leckendes gesicht|smiley|zunge
ğŸ˜›|Ã¤tsch|bÃ¤h|gesicht|herausgestreckt|lachen|lustig|smiley|zunge
ğŸ˜œ|auge|gesicht|herausgestreckt|herausstrecken|smiley|zudrÃ¼cken|zugedrÃ¼ckt|zunge|zwinkern
ğŸ¤ª|augen|gesicht|groÃŸ|irre|klein|smiley|verrÃ¼ckt|gross
ğŸ˜|augen|bÃ¤h|ekel|gesicht|herausgestreckt|herausstrecken|igitt|schmeck|schrecklich|smiley|zunge|zusammengekniffen|zusammenkneifen
ğŸ¤‘|dollarzeichen|geld|gesicht|mund|smiley|zunge
ğŸ¤—|drÃ¼cken|gesicht|hÃ¤nde|smiley|umarmen|umarmung
ğŸ¤­|gesicht|haha|hand|hihi|huch|kichern|lachen|mund|rot|smiley|verlegen|wangen
ğŸ«¢|augen|erschrecken|erstaunen|furcht|geschockt|gesicht|hand|mund|offen|omg|schock|smiley|Ã¼berraschung|unglauben|verlegenheit
ğŸ«£|auge|finger|gebannt|gesicht|hervorlugen|linsen|schÃ¼chtern|smiley|spÃ¤hen|starren|verlegen
ğŸ¤«|ermahnen|finger|gesicht|leise|psst|pst|ruhe|ruhig|sch|smiley
ğŸ¤”|fragen|gesicht|grÃ¼beln|hm|komisch|nachdenken|nachdenklich|smiley|wundern
ğŸ«¡|gesicht|jawohl|jawoll|militÃ¤r|ok|respekt|salutieren|smiley|zu befehl|aye aye|grÃ¼ssendes gesicht|truppen
ğŸ¤|geheimnis|gesicht|halten|mund|reiÃŸverschluss|schweigen|smiley|wahren|reissverschluss
ğŸ¤¨|argwÃ¶hnisch|augenbrauen|gesicht|hochgezogen|misstrauen|skeptisch|smiley|stutzig|zweifel
ğŸ˜|ausdruckslos|gesicht|kommentarlos|neutral|smiley|todernst|unbeeindruckt
ğŸ˜‘|ausdruckslos|gesicht|kommentarlos|selbstgefÃ¤llig|smiley|unbeeindruckt|unglaublich
ğŸ˜¶|gesicht|kein|mund|ohne|smiley|sprachlos
ğŸ«¥|depressiv|deprimiert|egal|gesicht|gestrichelt|introvertiert|smiley|traurig|unsichtbar|verschwinden|verstecken
ğŸ˜¶â€ğŸŒ«ï¸|geistesabwesend|gesicht im nebel|gesicht in wolken|kopf in wolken|abwesend|benebelt|geistig umnachtet|kopf in den wolken
ğŸ˜|feixen|flirten|gesicht|lÃ¤cheln|mundwinkel|schief|smiley|sÃ¼ffisant
ğŸ˜’|gesicht|langweilig|smiley|traurig|unglÃ¼cklich|unzufrieden|verstimmt
ğŸ™„|augen|genervt|gesicht|meinetwegen|nerv|ohje|rollen|smiley|verdrehen|verrollen
ğŸ˜¬|gesicht|grimasse|peinlich|schneiden|smiley|verziehen|zÃ¤hne
ğŸ˜®â€ğŸ’¨|ausatmen|erleichtert|erschÃ¶pft|gesicht|husten|puh|pusten|schnaufen|seufzen|smiley
ğŸ¤¥|gesicht|lÃ¼ge|nase|pinocchio|schwindel
ğŸ«¨|doppelgesicht|erdbeben|gesicht|omg|panik|schock|smiley|Ã¼berrascht|verrÃ¼ckt|vibrieren|wow|zittern
ğŸ™‚â€â†”ï¸|kopfschÃ¼tteln|nein|schÃ¼tteln
ğŸ™‚â€â†•ï¸|ja|kopfnicken|nicken
ğŸ˜Œ|augen|entspannt|erleichtert|geschlossen|gesicht|smiley|zen|zufrieden
ğŸ˜”|enttÃ¤uscht|gesicht|nachdenklich|schrecklich|smiley|traurig|verlieren|verloren
ğŸ˜ª|gesicht|gute|mÃ¼de|nacht|schlÃ¤frig|smiley|traurig
ğŸ¤¤|gesicht|sabbern|smiley
ğŸ˜´|dÃ¶sen|einschlafen|gÃ¤hnen|gesicht|gute nacht|langweilig|mittagsschlaf|mÃ¼de|nickerchen|schlafen|smiley|zzz
ğŸ˜·|arzt|atemschutzmaske|bazillen|erkÃ¤ltet|gesicht|krankheit|mundschutz|schutzmaske|smiley|viren|virus
ğŸ¤’|fieber|gesicht|krank|messen|smiley|thermometer
ğŸ¤•|aua|autsch|gesicht|kopf|schmerzen|smiley|verband|verletzung
ğŸ¤¢|ekel|eklig|erbrechen|gesicht|grÃ¼n|igitt|smiley|Ã¼belkeit|Ã¼bergeben|widerlich|wÃ¼rgen
ğŸ¤®|brechen|erbrechen|gesicht|kotzen|krank|schlecht|smiley|speien|spucken|Ã¼bel|Ã¼bergeben
ğŸ¤§|erkÃ¤ltet|erkÃ¤ltung|gesicht|gesundheit|grippe|hatschi|krank|nase|niesen|putzen|smiley|taschentuch
ğŸ¥µ|fieber|fiebrig|gesicht|heiÃŸ|herausstrecken|hitzschlag|smiley|erhitztes gesicht|heiss|hitzeschlag|krank|rotes gesicht|schnaufend|schwitzendes gesicht|sterbend|Ã¼bel|zunge herausstrecken|schweiss|schweiÃŸ
ğŸ¥¶|bibbern|blau|eisig|erfrieren|frieren|frÃ¶steln|frostig|gesicht|kalt|smiley|unter null|zÃ¤hneklappern|zittern
ğŸ¥´|angeheitert|angeschwipst|angetrunken|benebelt|berauscht|beschwipst|betrunken|gewellt|mund|schwindelig|schwindlig|smiley
ğŸ˜µ|augen|benommen|gesicht|ko|krank|kreuze|schwindelig|schwindlig|smiley
ğŸ˜µâ€ğŸ’«|augen|gesicht|hÃ¶henangst|hypnose|hypnotisiert|omg|schwindelig|schwindlig|smiley|spiralen|verwirrt|wirr
ğŸ¤¯|entsetzt|explodieren|geschockt|gesicht|kopf|schockiert|smiley|Ã¼berwÃ¤ltigt|unglaublich
ğŸ¤ |cowboyhut|cowgirl|gesicht|hut|smiley
ğŸ¥³|aufgeregt|feier|fest|frÃ¶hlich|geburtstag|gesicht|glÃ¼ckwunsch|hurra|hut|party|smiley|Ã¼berraschung|trÃ¶te
ğŸ¥¸|brille|gesicht|incognito|inkognito|maske|nasenbrille|person|smiley|spionieren|verdeckt|verkleidet|verkleidung
ğŸ˜|cool|gesicht|lÃ¤cheln|smiley|sonnenbrille
ğŸ¤“|brille|gesicht|intelligent|klug|nerd|schlaumeier|smart|smiley|strebergesicht
ğŸ§|elegant|gesicht|monokel|reich|smiley
ğŸ˜•|gesicht|keine ahnung|smiley|traurig|verwirrt|verwundert|weiÃŸ nicht
ğŸ«¤|enttÃ¤uscht|genervt|gesicht|hmpf|keine ahnung|langweilig|skeptisch|smiley|unsicher|zweifelnd
ğŸ˜Ÿ|besorgt|gesicht|smiley|sorgen|traurig
ğŸ™|betrÃ¼bt|gesicht|schade|smiley|traurig
ğŸ˜®|erstaunt|gesicht|mund|offen|omg|schockiert|unglaublich|vergessen|wow
ğŸ˜¯|erstaunt|gesicht|omg|smiley|sprachlos|verdutzt
ğŸ˜²|erstaunt|gesicht|nee|omg|schockiert|smiley|verwundert
ğŸ˜³|augen|errÃ¶ten|gesicht|groÃŸ|peinlich|rot|scham|schÃ¤men|smiley|Ã¼berrascht|verlegen|wangen|gross
ğŸ¥º|anflehen|augen|gesicht|groÃŸ|kulleraugen|smiley|traurig|welpenaugen|bettelndes gesicht|bittendes gesicht|flehendes gesicht|gnade|grosse augen|treuer blick|warum nicht
ğŸ¥¹|aufgebracht|dankbar|freudentrÃ¤nen|gerÃ¼hrt|gesicht|rÃ¼hrung|smiley|stolz|trÃ¤nen|weinen|zurÃ¼ckhalten
ğŸ˜¦|entsetzt|gesicht|mund|offen|schockiert|smiley|verwundert
ğŸ˜§|arm|gesicht|leidend|qualvoll|smiley|vergessen|wow
ğŸ˜¨|angst|Ã¤ngstlich|besorgt|gesicht
ğŸ˜°|Ã¤ngstlich|angstschweiÃŸ|besorgt|gesicht|mund|nervÃ¶s|offen|schweiÃŸ|angstschweiss|kalter schweiss|schweiss
ğŸ˜¥|Ã¤ngstlich|enttÃ¤uscht|erleichtert|gesicht|knapp|schweiÃŸ|traurig|schweiss
ğŸ˜¢|gesicht|smiley|trÃ¤ne|traurig|weinen
ğŸ˜­|flennen|gesicht|heulen|schluchzen|smiley|trÃ¤nenfluss|traurig|weinen
ğŸ˜±|angst|Ã¤ngstlich|gesicht|munch|omg|panik|schreiend
ğŸ˜–|bestÃ¼rzt|frustriert|gesicht|konfus|smiley|verwirrt|verzweifelt
ğŸ˜£|ausdauernd|durchhalten|fokus|gesicht|konzentration|konzentrieren|kopfschmerzen
ğŸ˜|enttÃ¤uscht|gesicht|leider|schade|smiley|traurig|verloren
ğŸ˜“|angstschweiÃŸ|augen|bedrÃ¼ckt|gesicht|kopfschmerzen|schweiÃŸ|geschlossene augen|smiley mit kaltem schweiss|schweiss
ğŸ˜©|erschÃ¶pft|fehlschlag|gesicht|hungrig|mÃ¼de|nein|smiley|unglÃ¼cklich
ğŸ˜«|gesicht|mÃ¼de|niesen|smiley|traurig
ğŸ¥±|gÃ¤hnend|gelangweilt|gesicht|langweilig|mÃ¼de|Ã¶de|schnarch|smiley|zzz
ğŸ˜¤|erleichtert|gesicht|gewonnen|schnaubendes gesicht
ğŸ˜¡|gesicht|rot angelaufener smiley|schmollendes gesicht|wÃ¼tend
ğŸ˜ |Ã¤rgern|bÃ¶se|gesicht|smiley|verÃ¤rgert|wut|wÃ¼tend|zornig
ğŸ¤¬|Ã¤rgern|fluchen|gesicht|mund|schimpfen|schimpfwort|smiley|symbole|verdammt|wut|wÃ¼tend|zensur
ğŸ˜ˆ|bÃ¶se|dÃ¤monin|fantasie|grinsen|hÃ¶rner|lila|mÃ¤rchen|satan|smiley|teufel|violett
ğŸ‘¿|bÃ¶se|dÃ¤monin|fantasie|fantasy|gesicht|hÃ¶rner|kobold|lila|mÃ¤rchen|satan|teufelchen|violett|wÃ¼tend
ğŸ’€|gesicht|knochen|mÃ¤rchen|schÃ¤del|tod|totenkopf|yolo
ğŸ’©|kothaufen|mist
ğŸ¤¡|clown-gesicht|gesicht
ğŸ‘¹|gesicht|gruselig|japanisch|mÃ¤rchen|maske|monster|oger|ungeheuer
ğŸ‘º|gemein|gesicht|japanisch|kobold|mÃ¤rchen|maske|monster|tengu|ungeheuer|wÃ¼tend
ğŸ‘»|buh|fantasy|geist|gesicht|gespenst|gruselig|halloween|mÃ¤rchen|spuk|zunge
ğŸ‘½|alien|all|auÃŸerirdischer|fantasy|gesicht|mÃ¤rchen|monster|ufo|weltraum|wesen|ausserirdischer|ausserirdisches wesen
ğŸ‘¾|computerspiel-monster|gesicht|monster|ufo
ğŸ¤–|gesicht|monster|robotergesicht|roboterkopf
ğŸ˜º|gesicht|grinsen|katzengesicht|lachen|lol|lustig|mund|offen|smiley|tier
ğŸ˜¸|augen|gesicht|grinsen|katzengesicht|lachen|smiley|tier
ğŸ˜¹|freudentrÃ¤nen|gesicht|katzengesicht|lachen|smiley|tier|trÃ¤nen
ğŸ˜»|augen|gesicht|herzaugen|herzen|katzengesicht|lÃ¤cheln|lachen|liebe|smiley|tier|verliebt
ğŸ˜¼|gesicht|grinsen|ironisch|katzengesicht|lÃ¤cheln|lachen|smiley|tier|verwegen
ğŸ˜½|augen|geschlossen|gesicht|katzengesicht|kuss|kÃ¼sschen|kÃ¼ssen|rot|smiley|tier|wangen
ğŸ™€|angst|erschÃ¶pft|gesicht|katzengesicht|panik|schockiert|schreien|smiley|tier|Ã¼berrascht
ğŸ˜¿|gesicht|katzengesicht|smiley|tier|trÃ¤ne|traurig|weinen
ğŸ˜¾|gesicht|katzengesicht|schmollen|schmollmund|smiley|tier|verÃ¤rgert
ğŸ™ˆ|affengesicht|augen|bÃ¶se|geheimnis|gemein|geste|nein|omg|sehen|tier|verboten|vergessen|verstecken|zuhalten
ğŸ™‰|affengesicht|bÃ¶se|geheimnis|gemein|geste|hÃ¶ren|nein|ohren|tier|verboten|zuhalten|zuhÃ¶ren
ğŸ™Š|affengesicht|bÃ¶se|geheimnis|gemein|geste|hand|heimlich|leise|mund|nein|sagen|sprechen|still|tier|ups|verboten|zuhalten
ğŸ’Œ|brief|herz|liebesbrief|post|siegel
ğŸ’˜|herz mit pfeil|liebe|pfeil
ğŸ’|herz|hochzeitstag|jahrestag|kÃ¼sschen|kÃ¼sse|liebe|schleife|valentinstag|xoxo
ğŸ’–|aufregung|funkeln|gefÃ¼hl|glitzern|herz|liebe|morgen|nacht|rosa|xoxo
ğŸ’—|aufregung|gefÃ¼hl|herzschlag|kÃ¼sschen|kÃ¼sse|liebe|nervÃ¶s|nervositÃ¤t|puls|wachsen|xoxo
ğŸ’“|gefÃ¼hl|herzschlag|liebe|pulsieren|schlagen
ğŸ’|emotion|gefÃ¼hl|herzen|hochzeitstag|jahrestag|kreisen|liebe|sÃ¼ÃŸ
ğŸ’•|date|gefÃ¼hl|herzen|hochzeitstag|jahrestag|kÃ¼sschen|kÃ¼sse|liebe|rendezvous|xoxo|zwei
ğŸ’Ÿ|deko|emotion|gefÃ¼hl|herzdekoration|liebe|lila|violett|weiÃŸ
ğŸ’”|allein|gebrochen|gefÃ¼hl|herzschmerz|liebeskummer|schmerz|traurig|trennung|zerbrochen
â¤ï¸â€ğŸ”¥|brennendes herz|herz in flammen|leidenschaft|liebe|feuer
â¤ï¸â€ğŸ©¹|besserung|genesen|herz mit verband|erholen|gesund|gute besserung|heilen|herz mit pflaster|pflaster
ğŸ©·|gefallen|gefÃ¤llt|gefÃ¼hl|herz|liebe|mag|mÃ¶gen|niedlich|pink|rosa|sÃ¼ÃŸ|verliebt|flirten|sÃ¼ss
ğŸ§¡|herz|liebe|orange
ğŸ’›|gefÃ¼hl|gelb|herzlich|liebe
ğŸ’š|gefÃ¼hl|grÃ¼n|herz|liebe|romantisch
ğŸ’™|blau|gefÃ¼hl|herz|liebe|romantisch
ğŸ©µ|aquamarin|emotion|gefallen|gefÃ¤llt|gefÃ¼hl|hdl|hellblau|herz|liebe|mag|mÃ¶gen|niedlich|sÃ¼ÃŸ|tÃ¼rkis|zyan
ğŸ’œ|beste|gefÃ¼hl|hdl|herz|liebe|lilafarben|violett
ğŸ¤|braunes herz|herz
ğŸ–¤|bÃ¶se|herz|schwarzes herz
ğŸ©¶|emotion|graues herz|hdl|herz|liebe|schieferfarben|silberfarben
ğŸ¤|herz|weiÃŸes herz|weisses herz
ğŸ’‹|gefÃ¼hl|knutsch|kussabdruck|kÃ¼ssen|liebe|lippenstift|romantisch|sexy
ğŸ’¯|100 punkte|punktestand|volle punktzahl
ğŸ’¢|Ã¤rger|comic|wut
ğŸ’¥|bombe|boom|comic|explodieren|explosion|kollidieren|kollision|zusammenstoÃŸen|zusammenstossen
ğŸ’«|benommenheit|comic|komet|schwindlig|sterne|sternschnuppe
ğŸ’¦|comic|feucht|nass|schweiÃŸtropfen|schwitzen|trainieren|training|tropfen|wasser|schweisstropfen
ğŸ’¨|comic|rennen|staubwolke|weglaufen
ğŸ•³ï¸|loch|schwarz
ğŸ’¬|comic|dialog|gesprÃ¤ch|sprechblase mit drei punkten|unterhaltung
ğŸ‘ï¸â€ğŸ—¨ï¸|auge|dialog|reden|sprechblase|sprechen|zeuge
ğŸ—¨ï¸|dialog|reden|sprechblase links|sprechen|unterhaltung
ğŸ—¯ï¸|sprechblase fÃ¼r wÃ¼tende aussage rechts|wÃ¼tend
ğŸ’­|comic|gedankenblase|nachdenken
ğŸ’¤|buchstaben|comic|gÃ¤hn|langweilig|mÃ¼de|nickerchen|Ã¶de|schlafen|schnarchen|zzz
ğŸ‘‹|auf wiedersehen|bis spÃ¤ter|ciao|guten tag|hallo|hand|hey|hi|tschÃ¼ss|winken
ğŸ¤š|erhobene hand von hinten|erhobener handrÃ¼cken|hand
ğŸ–ï¸|5|finger|fÃ¼nf|gespreizt|hand mit gespreizten fingern
âœ‹|5|erhoben|halt|handflÃ¤che|high five|schlag ein|stopp|warte
ğŸ––|finger|gruÃŸ|grÃ¼ÃŸen|hand|hÃ¤nde|spreizen|spock|vulkanier(in)|vulkanischer gruss
ğŸ«±|ausgestreckt|ausstrecken|hand|hÃ¤ndeschÃ¼tteln|rechts|reichen|schÃ¼tteln|weisen
ğŸ«²|ausgestreckt|ausstrecken|hand|hÃ¤ndeschÃ¼tteln|links|reichen|schÃ¼tteln|weisen
ğŸ«³|abweisen|fallen lassen|fallenlassen|handflÃ¤che|handgeste|hau ab|unten|verscheuchen|wegscheuchen|wegschicken
ğŸ«´|anbieten|angebot|darbieten|einladen|entgegenstrecken|handflÃ¤che|handgeste|kommen|locken|oben|reichen
ğŸ«·|drÃ¼cken|halt|hand|high 5|high five|links|moment|nein|schieben|schluss|stopp|warte mal|warten|nach links drÃ¼ckende hand
ğŸ«¸|drÃ¼cken|halt|hand|high 5|high five|moment|nein|rechts|schieben|schluss|stopp|warte mal|warten|nach rechts drÃ¼ckende hand
ğŸ‘Œ|exzellent|finger|genial|hand|in ordnung|natÃ¼rlich|ok-zeichen|perfekt|super
ğŸ¤Œ|bÃ¼ndelhand|fingerspitzen|gehts noch|geste|handgeste|italienisch|was|zusammengedrÃ¼ckt|zusammengelegt
ğŸ¤|betrag|finger|gering|geste|hand|klein|menge|unbedeutend|wenig-geste|winzig
âœŒï¸|sieg|victory-geste
ğŸ¤|finger|gekreuzt|hand mit gekreuzten fingern
ğŸ«°|daumen|fingerherz|gekreuzt|geld|handgeste|kosten|teuer|zeigefinger
ğŸ¤Ÿ|drei|finger|geste|hand|hdl|ich-liebe-dich-geste|liebe
ğŸ¤˜|corna|finger|hand|heavy|hÃ¶rner|mano cornuta|metalhand|pommesgabel|rock|teufelsgruÃŸ|yeah|teufelsgruss
ğŸ¤™|anrufen|hand|ruf-mich-an-handzeichen|shaka
ğŸ‘ˆ|finger|handrÃ¼ckseite|links|weisen|zeigefinger|zeigen
ğŸ‘‰|finger|handrÃ¼ckseite|rechts|weisen|zeigefinger|zeigen
ğŸ‘†|aufwÃ¤rts|finger|handrÃ¼cken|handrÃ¼ckseite|hier|hinauf|melden|oben|rauf|weisen|zeigefinger|zeigen
ğŸ–•|finger|hand|mittelfinger
ğŸ‘‡|abwÃ¤rts|finger|handrÃ¼cken|handrÃ¼ckseite|hinab|hinunter|runter|unten|weisen|zeigefinger|zeigen
â˜ï¸|finger|handvorderseite|hier|melden|oben|weisen|zeigefinger|zeigen|hoch
ğŸ«µ|deuten|du|fingerzeig|handgeste|sie|stupsen|zeigefinger|zeigen
ğŸ‘|daumen hoch|einverstanden|finger|gut|hand|in ordnung|jawohl|klar|klasse|like|nach oben|ok|super|top|hoch
ğŸ‘|daumen runter|hand|nach unten|schlecht|runter
âœŠ|erhoben|faust|hand|kampf|solidaritÃ¤t
ğŸ‘Š|absolut|bro|faust|geballt|hand|korrekt|zustimmen
ğŸ¤›|faust|hand|nach links
ğŸ¤œ|faust|hand|nach rechts
ğŸ‘|applaudieren|applaus|beifall|gratulation|groÃŸartig|gut|hand|hÃ¤nde|klatschend|toll
ğŸ™Œ|erhoben|feiern|geste|hÃ¤nde|handflÃ¤chen|hurra|zwei
ğŸ«¶|<3|finger|geste|hÃ¤ndeherz|handgeste|handherz|hdl|herz|liebe
ğŸ‘|hÃ¤nde|jazz|offen|umarmen|umarmung
ğŸ¤²|beten|gebet|hand|hÃ¤nde|nach oben|zusammen
ğŸ¤|hÃ¤ndeschÃ¼tteln|handschlag|vereinbarung
ğŸ™|bitten|danken|gebet|gefaltet|grÃ¼ÃŸen|handflÃ¤chen|betende hÃ¤nde|grÃ¼ssen|zusammengelegte handflÃ¤chen
âœï¸|hand|schreibend|stift
ğŸ’…|kosmetik|manikÃ¼re|nagellack|nagelpflege
ğŸ¤³|selfie|smartphone
ğŸ’ª|arm|bizeps|bodybuilder|bro|fitnessstudio|gewichtheben|muckies|muskeln|stark|training
ğŸ¦¾|armprothese|barrierefreiheit|prothese
ğŸ¦¿|barrierefreiheit|beinprothese|prothese
ğŸ¦µ|bein|extremitÃ¤t|fuÃŸ|gebeugtes knie|gliedmaÃŸe|knie|kÃ¶rperglied|kÃ¶rperteil|treten|tritt|fuss|gliedmasse
ğŸ¦¶|fuÃŸ|fÃ¼ÃŸe|kick|knÃ¶chel|kÃ¶rperteil|stampfen|treten|tritt|fuss
ğŸ‘‚|hÃ¶ren|kÃ¶rperteil|ohr
ğŸ¦»|barrierefreiheit|gehÃ¶rlos|hilfsgerÃ¤t|hÃ¶rgerÃ¤t|hÃ¶rhilfe|ohr|schwerhÃ¶rig|taub
ğŸ‘ƒ|kÃ¶rperteil|nase|riechen
ğŸ§ |gehirn|hirn|intelligent|intelligenz|klug|schlau
ğŸ«€|anatomie|herzschlag|kÃ¶rperteil|mensch|organ|puls|schlagen
ğŸ«|atem|atmen|ausatmen|einatmen|kÃ¶rperteil|lungenflÃ¼gel|mensch|organ
ğŸ¦·|perlweiÃŸ|weiÃŸ|zahnarzt|zahnÃ¤rztin|zÃ¤hne|weiss|zahn ziehen
ğŸ¦´|hundeknochen|kauknochen|knochen|skelett
ğŸ‘€|augen|gesicht|gucken|schauen|sehen
ğŸ‘ï¸|auge|blick|kÃ¶rperteil|schauen|sehen
ğŸ‘…|Ã¤tsch|hmm|kÃ¶rperteil|lecken|lecker|mmh|zunge
ğŸ‘„|kÃ¶rperteil|kuss|lippenstift|mund
ğŸ«¦|angst|Ã¤ngstlich|beiÃŸen|besorgt|flirtend|kuss|lippenstift|mund|nervÃ¶s|sexy|unbehaglich|zÃ¤hne|auf lippe beissen
ğŸ‘¶|baby|gesicht|jung|kind|kleinkind|locke
ğŸ§’|enkelkind|jung|jÃ¼nger|kind|munter|strahlend
ğŸ‘¦|enkelsohn|gesicht|junge|jÃ¼nger|kind|munter|sohn|strahlend|mÃ¤nnlich
ğŸ‘§|enkeltochter|gesicht|jung|jÃ¼nger|kind|mÃ¤dchen|munter|strahlend|tochter|weiblich
ğŸ§‘|erwachsene person|mensch|person
ğŸ‘±|blondhaarig|gesicht|mensch|person
ğŸ‘¨|erwachsen|gesicht|mann|mÃ¤nnlich
ğŸ§”|bart|bÃ¤rtig|person|schnurrbart
ğŸ§”â€â™‚ï¸|bart|mann mit bart|mann: bart
ğŸ‘±â€â™‚ï¸|blonder mann|gesicht|haar|mann: blond|mÃ¤nnlich
ğŸ‘©|erwachsen|frau|gesicht|weiblich
ğŸ§”â€â™€ï¸|bart|frau mit bart|frau: bart
ğŸ‘±â€â™€ï¸|blonde frau|frau: blond|gesicht|haar|weiblich
ğŸ§“|alt|Ã¤lter|erwachsen|groÃŸeltern|mensch|person|weise
ğŸ‘´|alt|erwachsen|groÃŸeltern|groÃŸvater|mann|mensch|opa|senior|weise|Ã¤lterer mann|gesicht|glatze|grossvater|mÃ¤nnlich
ğŸ‘µ|alt|erwachsen|frau|groÃŸeltern|groÃŸmutter|mensch|oma|seniorin|weise|Ã¤ltere frau|brille|dutt|gesicht|grossmutter|weiblich
ğŸ™|frustriert|gesicht|missmutig|person|runzeln|stirnrunzelnd|unzufrieden|verÃ¤rgert
ğŸ™â€â™‚ï¸|frustriert|gesicht|mann|missmutig|runzeln|stirnrunzelnd|unzufrieden|verÃ¤rgert|mÃ¤nnlich
ğŸ™â€â™€ï¸|frau|frustriert|gesicht|missmutig|runzeln|stirnrunzelnd|unzufrieden|verÃ¤rgert|weiblich
ğŸ™|eingeschnappt|enttÃ¤uscht|jammerd|jammern|person|schmollend|verÃ¤rgert
ğŸ™â€â™‚ï¸|eingeschnappt|enttÃ¤uscht|jammerd|jammern|mann|schmollend|verÃ¤rgert|mÃ¤nnlich
ğŸ™â€â™€ï¸|eingeschnappt|enttÃ¤uscht|frau|jammerd|jammern|schmollend|verÃ¤rgert|weiblich
ğŸ™…|arme|gesicht|nein|nicht|Ã¼berkreuzt|verbieten|verboten|ausschliessen|falsch|geste|keine chance|person mit Ã¼berkreuzten armen|verschrÃ¤nkte arme|x
ğŸ™…â€â™‚ï¸|arme|gesicht|mann|nein|nicht|Ã¼berkreuzt|verbieten|verboten|mÃ¤nnlich
ğŸ™…â€â™€ï¸|arme|frau mit Ã¼berkreuzten armen|gesicht|weiblich
ğŸ™†|geste|hÃ¤nde|oje|ok|omg|person|Ã¼ber kopf|Ã¼bung
ğŸ™†â€â™‚ï¸|geste|hÃ¤nde|mann|oje|ok|omg|Ã¼ber kopf|Ã¼bung|mÃ¤nnlich
ğŸ™†â€â™€ï¸|frau|geste|hÃ¤nde|oje|ok|omg|Ã¼ber kopf|Ã¼bung|weiblich
ğŸ’|abgekippt|beleidigen|gerÃ¼chte|geste|hand|klatschen|person|sarkasmus|sarkastisch|tratschen
ğŸ’â€â™‚ï¸|abgekippt|beleidigen|gerÃ¼chte|geste|hand|klatschen|mann|sarkasmus|sarkastisch|tratschen|mÃ¤nnlich
ğŸ’â€â™€ï¸|auskunft|frau|informationen|infoschalter-mitarbeiterin|weiblich
ğŸ™‹|aufzeigen|drankommen|drannehmen|frage|geste|heben|hier|sich melden|wissen|erhobener arm|hand heben|hand hoch|ich weiss|nimm mich|person mit erhobenem arm|siegerpose
ğŸ™‹â€â™‚ï¸|aufzeigen|drankommen|drannehmen|frage|geste|hand|heben|hier|ich|mann|sich melden|wissen|mÃ¤nnlich
ğŸ™‹â€â™€ï¸|aufzeigen|drankommen|drannehmen|frage|frau|geste|hand|heben|hier|ich|sich melden|wissen|weiblich
ğŸ§|barrierefreiheit|gehÃ¶rlos|hÃ¶ren|ohr|person|schwerhÃ¶rig|taub
ğŸ§â€â™‚ï¸|gehÃ¶rloser mann|mann|taub|mÃ¤nnlich
ğŸ§â€â™€ï¸|frau|gehÃ¶rlose frau|taub|weiblich
ğŸ™‡|bedauern|bitten|demut|entschuldigung|geste|kniefall|meditation|meditieren|person|sorry|unterwerfen|verbeugen|verzeihung
ğŸ™‡â€â™‚ï¸|demut|mann|sich verbeugender mann|verbeugen|mÃ¤nnlich
ğŸ™‡â€â™€ï¸|bedauern|bitten|demut|entschuldigung|frau|geste|kniefall|meditation|meditieren|sorry|unterwerfen|verbeugen|verzeihung|weiblich
ğŸ¤¦|fassen|frustriert|genervt|gesicht|kopf|oh nein|omg|person|unfassbar|unglaublich|verzweifelt
ğŸ¤¦â€â™‚ï¸|fassen|frustriert|genervt|gesicht|kopf|mann|oh nein|omg|unfassbar|unglaublich|verzweifelt|mÃ¤nnlich
ğŸ¤¦â€â™€ï¸|fassen|frau|frustriert|genervt|gesicht|kopf|oh nein|omg|unfassbar|unglaublich|verzweifelt|weiblich
ğŸ¤·|egal|gleichgÃ¼ltig|keine ahnung|person|schultern zucken|weiÃŸ nicht|zweifel|ich weiss nicht|schulterzuckende person|weiss nicht|wer weiss
ğŸ¤·â€â™‚ï¸|egal|gleichgÃ¼ltig|keine ahnung|mann|schultern zucken|weiÃŸ nicht|zweifel|ich weiss nicht|person|schulterzuckender mann|weiss nicht|wer weiss|mÃ¤nnlich
ğŸ¤·â€â™€ï¸|egal|frau|gleichgÃ¼ltig|keine ahnung|schultern zucken|weiÃŸ nicht|zweifel|ich weiss nicht|person|schulterzuckende frau|weiss nicht|weiblich
ğŸ§‘â€âš•ï¸|arzt/Ã¤rztin|arztkittel|doktor(in)|gesundheitswesen|krankenpflegerin|therapeut
ğŸ‘¨â€âš•ï¸|arztkittel|doktor|krankenpfleger|pfleger
ğŸ‘©â€âš•ï¸|Ã¤rztin|arztkittel|doktor|krankenschwester|pflegerin
ğŸ§‘â€ğŸ“|absolvent(in)|doktorhut|student(in)|uni
ğŸ‘¨â€ğŸ“|absolvent|diplom|doktorhut|student|uni
ğŸ‘©â€ğŸ“|abschluss|absolventin|diplom|doktorhut|studentin|uni
ğŸ§‘â€ğŸ«|dozent(in)|lehrer(in)|professor(in)
ğŸ‘¨â€ğŸ«|dozent|lehrer|mann|professor|tafel
ğŸ‘©â€ğŸ«|dozentin|frau|lehrerin|professorin
ğŸ§‘â€âš–ï¸|richter(in)|waage
ğŸ‘¨â€âš–ï¸|gerechtigkeit|mann|recht|richter
ğŸ‘©â€âš–ï¸|frau|gerechtigkeit|recht|richterin
ğŸ§‘â€ğŸŒ¾|bauer/bÃ¤uerin|farmer(in)|gÃ¤rtner(in)|landwirt(in)
ğŸ‘¨â€ğŸŒ¾|Ã¤hre|bauer|farmer|gÃ¤rtner|landwirt|rancher
ğŸ‘©â€ğŸŒ¾|Ã¤hre|bÃ¤uerin|farmerin|gÃ¤rtnerin|landwirtin
ğŸ§‘â€ğŸ³|koch/kÃ¶chin|kochen
ğŸ‘¨â€ğŸ³|kochen|restaurant
ğŸ‘©â€ğŸ³|kochen|kÃ¶chin
ğŸ§‘â€ğŸ”§|elektriker(in)|klempner(in)|mechaniker(in)|add a translation elektriker(in)|sanitÃ¤r(in)
ğŸ‘¨â€ğŸ”§|elektriker|handwerker|klempner|mann|mechaniker
ğŸ‘©â€ğŸ”§|elektrikerin|frau|handwerkerin|klempnerin|mechanikerin
ğŸ§‘â€ğŸ­|arbeiter(in)|fabrikarbeiter(in)|industriell|montage
ğŸ‘¨â€ğŸ­|fabrikarbeiter|helm|arbeiter|industriell|montage
ğŸ‘©â€ğŸ­|fabrikarbeiterin|frau|helm|arbeiter|industriell|montage
ğŸ§‘â€ğŸ’¼|architekt(in)|bÃ¼roangestellte(r)|business|manager(in)|schlips und kragen
ğŸ‘¨â€ğŸ’¼|angestellter|bÃ¼roangestellter|manager|mann
ğŸ‘©â€ğŸ’¼|angestellte|bÃ¼roangestellte|frau|managerin|mangerin
ğŸ§‘â€ğŸ”¬|forscher(in)|labor|wissenschaftler(in)
ğŸ‘¨â€ğŸ”¬|chemie|forscher|labor|wissenschaftler
ğŸ‘©â€ğŸ”¬|forscherin|frau|labor|wissenschaftlerin
ğŸ§‘â€ğŸ’»|bildschirm|computer|entwickler(in)|it-experte/it-expertin
ğŸ‘¨â€ğŸ’»|arbeit|bildschirm|bÃ¼ro|computer|entwickler|it-experte|mann|office
ğŸ‘©â€ğŸ’»|arbeit|bildschirm|bÃ¼ro|computer|entwicklerin|frau|it-expertin|laptop|office
ğŸ§‘â€ğŸ¤|entertainer(in)|rock|sÃ¤nger(in)|star
ğŸ‘¨â€ğŸ¤|mann|mikrofon|popstar|sÃ¤nger|schauspieler|mÃ¤nnlich
ğŸ‘©â€ğŸ¤|frau|mikrofon|popstar|sÃ¤ngerin|schauspielerin|weiblich
ğŸ§‘â€ğŸ¨|farbpalette|kÃ¼nstler(in)|maler(in)
ğŸ‘¨â€ğŸ¨|farbpalette|kÃ¼nstler|maler|mann|mÃ¤nnlich
ğŸ‘©â€ğŸ¨|farbpalette|frau|kÃ¼nstlerin|malerin|weiblich
ğŸ§‘â€âœˆï¸|flugzeug|pilot(in)
ğŸ‘¨â€âœˆï¸|flugzeug|mann|pilot|mÃ¤nnlich
ğŸ‘©â€âœˆï¸|flieger|flugzeug|frau|pilotin|weiblich
ğŸ§‘â€ğŸš€|astronaut(in)|raumfahrt|weltraum
ğŸ‘¨â€ğŸš€|astronaut|mann|raumfahrt|weltraum|mÃ¤nnlich
ğŸ‘©â€ğŸš€|astronautin|frau|raumfahrt|weltraum|weiblich
ğŸ§‘â€ğŸš’|feuerwehrhelm|feuerwehrmann/-frau
ğŸ‘¨â€ğŸš’|feuerwehrhelm|feuerwehrmann|mann|mÃ¤nnlich
ğŸ‘©â€ğŸš’|feuerwehrfrau|feuerwehrhelm|frau|weiblich
ğŸ‘®|beruf|festnehmen|gesetzeshÃ¼ter|gesicht|person|polizei|polizist(in)|polizistin|uniform|verhaften
ğŸ‘®â€â™‚ï¸|mann|polizei|polizist|mÃ¤nnlich
ğŸ‘®â€â™€ï¸|beruf|festnehmen|frau|gesetzeshÃ¼terin|person|polizei|polizistin|uniform|verhaften|weiblich
ğŸ•µï¸|detektiv(in)|lupe|sherlock|spion
ğŸ•µï¸â€â™‚ï¸|detektiv|mann|spion|mÃ¤nnlich
ğŸ•µï¸â€â™€ï¸|detektivin|frau|spionage|spionin|weiblich
ğŸ’‚|bÃ¤renfellmÃ¼tze|buckingham palace|gesicht|london|wache|wachfrau|wachmann|wachsoldatin|wÃ¤chter
ğŸ’‚â€â™‚ï¸|buckingham palace|wache|wachsoldat
ğŸ’‚â€â™€ï¸|buckingham palace|guard|helm|london|palast|wache|wachsoldatin|wÃ¤chter
ğŸ¥·|ausdauer|geheimmission|kÃ¤mpfer|killer|krieger|kunoichi|mÃ¶rder|ninja|person|shinobi|soldat|vermummt
ğŸ‘·|arbeit|bauarbeiter(in)|bauarbeiterin|beruf|gesicht|helm|person|schutzhelm|umbauen
ğŸ‘·â€â™‚ï¸|bauarbeiter|baustelle|helm
ğŸ‘·â€â™€ï¸|bauarbeiterin|baustelle|frau|helm|mann|mÃ¤nnlich
ğŸ«…|adelig|kÃ¶nigin|kÃ¶nigliche hoheit|krÃ¶nung|monarchin|person mit krone|prinzessin
ğŸ¤´|krone|prinz
ğŸ‘¸|gesicht|krone|mÃ¤rchen|prinzessin
ğŸ‘³|bart|dreitagebart|person mit turban|turban
ğŸ‘³â€â™‚ï¸|gesicht|mann mit turban|turban|mÃ¤nnlich
ğŸ‘³â€â™€ï¸|frau mit turban|gesicht|turban|weiblich
ğŸ‘²|china|chinesisch|gesicht|hut|kappe|mÃ¼tze|person|mÃ¤nnlich
ğŸ§•|frau mit kopftuch|hidschab|hijab|kopftuch|mantilla|person|tichel|tuch|weiblich
ğŸ¤µ|anzug|brÃ¤utigam|formell|mann|person im smoking|smoking|vornehm
ğŸ¤µâ€â™‚ï¸|mann im smoking|smoking|mÃ¤nnlich
ğŸ¤µâ€â™€ï¸|frau im smoking|smoking|weiblich
ğŸ‘°|braut mit schleier|gesicht|hochzeit|person mit schleier|schleier
ğŸ‘°â€â™‚ï¸|mann mit schleier|schleier|mÃ¤nnlich
ğŸ‘°â€â™€ï¸|frau mit schleier|schleier|weiblich
ğŸ¤°|frau|schwangere frau|weiblich
ğŸ«ƒ|aufgeblÃ¤ht|bauch|dick|person|schwangerer mann|Ã¼berfressen|zu viel gegessen
ğŸ«„|aufgeblÃ¤ht|bauch|dicker bauch|person|schwangere person|schwangerschaft|Ã¼berfressen|zu viel gegessen
ğŸ¤±|baby|brust|frau|person|stillen
ğŸ‘©â€ğŸ¼|baby|eltern|flasche gebende frau|frau|fÃ¼ttern|mama|milch|mutter|neugeborenes|person|sÃ¤ugling|weiblich
ğŸ‘¨â€ğŸ¼|baby|der baby die flasche gibt|eltern|flasche gebender mann|fÃ¼ttern|kind|mann, der baby die flasche gibt|mÃ¤nnlich|milch|neugeborenes|papa|person|sÃ¤ugling|vater
ğŸ§‘â€ğŸ¼|baby|die baby die flasche gibt|flasche gebende person|frau|fÃ¼ttern|mama|mann|neugeborenes|papa|person, die baby die flasche gibt|sÃ¤ugling|vater
ğŸ‘¼|engel|gesicht|kind|mÃ¤rchen|putte
ğŸ…|weihnachten|weihnachtsmann|samichlaus
ğŸ¤¶|weihnachten|weihnachtsfrau
ğŸ§‘â€ğŸ„|gesicht mit hut|person|santa claus|weihnachten|weihnachtsfrau|weihnachtshut|weihnachtsmann|weihnachtsmÃ¼tze|weihnachtsperson
ğŸ¦¸|held|person|superheld(in)|superheldin|superkraft|superkrÃ¤fte|superman|Ã¼bermensch|umhang
ğŸ¦¸â€â™‚ï¸|held|superheld
ğŸ¦¸â€â™€ï¸|heldin|superheldin
ğŸ¦¹|bÃ¶sewichtin|krimineller|person|schurke|schurkin|superkrÃ¤fte|superschurke|superschurkin|verbrecher
ğŸ¦¹â€â™‚ï¸|bÃ¶sewicht|mÃ¤nnlicher bÃ¶sewicht
ğŸ¦¹â€â™€ï¸|bÃ¶sewicht|weiblicher bÃ¶sewicht
ğŸ§™|hexenmeister|magier(in)|magiker|person|zauberer|zauberin|zaubern|zauberspruch|zauberstab
ğŸ§™â€â™‚ï¸|hexenmeister|magier|zauberer
ğŸ§™â€â™€ï¸|hexe|magierin|zauberin
ğŸ§š|elfe|fantasy|fee|flÃ¼gel|geflÃ¼gelt|mÃ¤rchenfee|mystisch|person|wesen
ğŸ§šâ€â™‚ï¸|mÃ¤nnliche fee|oberon|puck|zauberer
ğŸ§šâ€â™€ï¸|fee|titania
ğŸ§›|blutsauger|dracula|halloween|person|reiÃŸzÃ¤hne|untoter|vampir|zÃ¤hne|reisszÃ¤hne
ğŸ§›â€â™‚ï¸|dracula|mÃ¤nnlicher vampir|untoter|mann
ğŸ§›â€â™€ï¸|untoter|weiblicher vampir|frau
ğŸ§œ|mÃ¤rchen|meerjungfrau|meermann|nixe|person|sirene|wasserfrau|wassermann|wassermensch
ğŸ§œâ€â™‚ï¸|triton|wassermann
ğŸ§œâ€â™€ï¸|meerjungfrau|nixe|wasserfrau
ğŸ§|elben|elbin|elf(e)|elfe|fantasy|herr der ringe|magie|magisch|person
ğŸ§â€â™‚ï¸|alb|elbe|elf|magisch
ğŸ§â€â™€ï¸|elbin|elfe|magisch
ğŸ§|aladdin|aladin|dschinn|flaschengeist|lampe|person|wunderlampe|wÃ¼nsche
ğŸ§â€â™‚ï¸|dschinn|mÃ¤nnlicher flaschengeist
ğŸ§â€â™€ï¸|dschinn|weiblicher flaschengeist
ğŸ§Ÿ|apokalypse|halloween|horror|person|untoter|walking dead|wandelnder toter|zombie
ğŸ§Ÿâ€â™‚ï¸|mÃ¤nnlicher zombie|untoter|wandelnder toter|zombie
ğŸ§Ÿâ€â™€ï¸|untote|wandelnde tote|weiblicher zombie|zombie
ğŸ§Œ|fantasy|gruslig|kobold|mÃ¤rchen|monster|ork|troll|ungeheuer
ğŸ’†|behandlung|die eine kopfmassage bekommt|entspannen|kopfmassage|kopfschmerzen|massage|migrÃ¤ne|person, die eine kopfmassage bekommt|salon|spa|therapie
ğŸ’†â€â™‚ï¸|der eine kopfmassage bekommt|entspannen|kopfmassage|kopfschmerzen|mann, der eine kopfmassage bekommt|massage|salon|mÃ¤nnlich
ğŸ’†â€â™€ï¸|die eine kopfmassage bekommt|frau, die eine kopfmassage bekommt|kopfmassage|weiblich
ğŸ’‡|friseurin|friseuse|frisÃ¶rin|frisur|haare|haarschnitt|person beim haareschneiden|schere|coiffeur|friseur(in)|frisÃ¶r(in)
ğŸ’‡â€â™‚ï¸|friseur|frisur|haarschnitt|mann beim haareschneiden|salon|schere|coiffeur|mÃ¤nnlich
ğŸ’‡â€â™€ï¸|frau beim haareschneiden|friseur|haarschnitt|schere|coiffeur|weiblich
ğŸš¶|fuÃŸgÃ¤nger(in)|fuÃŸgÃ¤ngerin|gehend|person|schlendern|schlurfen|wandern|fussgÃ¤nger(in)
ğŸš¶â€â™‚ï¸|fuÃŸgÃ¤nger|gehen|mann|spaziergang|fussgÃ¤nger|mÃ¤nnlich
ğŸš¶â€â™€ï¸|frau|fuÃŸgÃ¤ngerin|gehen|schlendern|spazieren|spaziergang|fussgÃ¤ngerin|weiblich
ğŸ§|mensch|person|stand|stehende person
ğŸ§â€â™‚ï¸|mann|stehender mann|mÃ¤nnlich
ğŸ§â€â™€ï¸|frau|stehende frau|weiblich
ğŸ§|fersensitz|kniende person|meditation|meditieren|mensch|person|seiza|zazen
ğŸ§â€â™‚ï¸|kniender mann|mann|mÃ¤nnlich
ğŸ§â€â™€ï¸|frau|kniende frau|weiblich
ğŸ§‘â€ğŸ¦¯|barrierefreiheit|blind|person mit blindenstock|person mit langstock
ğŸ‘¨â€ğŸ¦¯|barrierefreiheit|behinderung|blind|mann mit blindenstock|mann mit gehstock|mann mit langstock|mensch|person|sehbehindert|mÃ¤nnlich
ğŸ‘©â€ğŸ¦¯|barrierefreiheit|behinderung|blind|frau mit blindenstock|frau mit gehstock|frau mit langstock|mensch|person|weiblich
ğŸ§‘â€ğŸ¦¼|barrierefreiheit|person in elektrischem rollstuhl|rollstuhl
ğŸ‘¨â€ğŸ¦¼|barrierefreiheit|behinderung|mann in elektrischem rollstuhl|mann in rollstuhl|mensch|person|rollstuhl|mÃ¤nnlich
ğŸ‘©â€ğŸ¦¼|barrierefreiheit|behinderung|frau in elektrischem rollstuhl|frau in rollstuhl|mensch|person|rollstuhl|weiblich
ğŸ§‘â€ğŸ¦½|barrierefreiheit|person in manuellem rollstuhl|rollstuhl
ğŸ‘¨â€ğŸ¦½|barrierefreiheit|behinderung|mann in manuellem rollstuhl|mann in rollstuhl|mensch|person|rollstuhl|mÃ¤nnlich
ğŸ‘©â€ğŸ¦½|barrierefreiheit|behinderung|frau in manuellem rollstuhl|frau in rollstuhl|mensch|person|rollstuhl|weiblich
ğŸƒ|eilig|joggen|laufende person|lÃ¤uferin|marathon|person|rennen|schnell|sport
ğŸƒâ€â™‚ï¸|joggen|jogger|laufender mann|marathon|rennen|mÃ¤nnlich
ğŸƒâ€â™€ï¸|athletin|frau|joggen|joggerin|laufende frau|lÃ¤uferin|marathon|rennen|rennerin|rennt|schell|weiblich
ğŸ’ƒ|frau|tanzende frau|tÃ¤nzerin|weiblich
ğŸ•º|mann|tanzender mann|mÃ¤nnlich
ğŸ•´ï¸|anzug|geschÃ¤ftlich|mann|schwebender mann im anzug|mÃ¤nnlich
ğŸ‘¯|bunnys|doppelt|hasenohren|leute|party|personen mit hasenohren|seelenverwandt|tanzen|tÃ¤nzerinnen|zwillinge
ğŸ‘¯â€â™‚ï¸|bunnys|hasenohren|mÃ¤nner mit hasenohren|party|tanzen|twillinge
ğŸ‘¯â€â™€ï¸|bunnys|frauen mit hasenohren|hasenohren|party|weiblich
ğŸ§–|abschalten|dampfbad|dampfsauna|entspannen|frau|luxuriÃ¶s|person in dampfsauna|relaxen|sauna|spa
ğŸ§–â€â™‚ï¸|dampfsauna|mann in dampfsauna|sauna|mÃ¤nnlich
ğŸ§–â€â™€ï¸|dampfsauna|frau in dampfsauna|sauna|weiblich
ğŸ§—|bergsteiger(in)|fels|kletterer|klettern|person|sport
ğŸ§—â€â™‚ï¸|bergsteiger|bergsteigen|kletterer|klettern
ğŸ§—â€â™€ï¸|bergsteigerin|bergsteigen|kletterin|klettern
ğŸ¤º|fechten|fechter(in)|schwert|sport
ğŸ‡|jockey auf pferd|pferderennen|schnell|sport|um die wette|wetten
â›·ï¸|schnee|skifahrer(in)|skifahrerin|sport
ğŸ‚|snowboarden|snowboarder(in)|snowboarderin|sport
ğŸŒï¸|abschlagplatz|golfer(in)|golferin|golfspielerin|person|sportlerin
ğŸŒï¸â€â™‚ï¸|golfen|golfer|golfspieler|mann|mÃ¤nnlich
ğŸŒï¸â€â™€ï¸|frau|golfen|golferin|golfspielerin|weiblich
ğŸ„|person|sport|surfboard|surfbrett|surfen|surfer(in)|surferin|wassersport|wellenreiten|wellenreiterin
ğŸ„â€â™‚ï¸|mann|surfer|wellenreiten|mÃ¤nnlich
ğŸ„â€â™€ï¸|frau|sport|strand|surfbrett|surferin|wellenreiten|weiblich
ğŸš£|angeln|boot|kanu|paddel|person im ruderboot|ruderboot|rudern|sport
ğŸš£â€â™‚ï¸|boot|mann im ruderboot|rudern|mÃ¤nnlich
ğŸš£â€â™€ï¸|bootfahrerin|frau im ruderboot|ruderin|rudern|see|weiblich
ğŸŠ|kraulen|person|pool|schwimmbecken|schwimmen|schwimmer(in)|schwimmerin|sport|triathlon|wasser
ğŸŠâ€â™‚ï¸|kraulen|pool|schwimmbad|schwimmen|schwimmer
ğŸŠâ€â™€ï¸|frau|kraulen|pool|schwimmbad|schwimmen|schwimmerin|sport
â›¹ï¸|ball|basketballer|basketballspielerin|dribbeln|person mit ball|sportlerin
â›¹ï¸â€â™‚ï¸|ballsport|handball|mann mit ball|mÃ¤nnlich
â›¹ï¸â€â™€ï¸|ballsport|basketballspieler|frau mit ball|handball|sport|weiblich
ğŸ‹ï¸|gewichtheber(in)|gewichtheberin|hantel|muskeln|person|schwer|sport|stark|training
ğŸ‹ï¸â€â™‚ï¸|gewicht heben|gewichtheber|mann|mÃ¤nnlich
ğŸ‹ï¸â€â™€ï¸|frau|gewicht heben|gewichte heben|gewichteheberin|gewichtheberin|weiblich
ğŸš´|fahrrad|person|radeln|radfahren|radfahrer(in)|radfahrerin|sport|tour de france
ğŸš´â€â™‚ï¸|fahrrad|mann|radfahrer|mÃ¤nnlich
ğŸš´â€â™€ï¸|fahrradfahrerin|frauen|radeln|radfahrerin|radlerin|weiblich
ğŸšµ|fahrrad|mountainbiker(in)|mountainbikerin|mountainbiking|person|radfahren|radfahrerin|sport|tour de france
ğŸšµâ€â™‚ï¸|fahrrad|mann|mountainbiker|rad|mÃ¤nnlich
ğŸšµâ€â™€ï¸|fahrradfahrerin|frau|mountain bikerin|mountainbikerin|radeln|radfahrerin|sport|weiblich
ğŸ¤¸|akrobatik|bodenturnen|gymnastik|person|rad schlagende person|radschlag|sport|turnerin
ğŸ¤¸â€â™‚ï¸|akrobatik|bodenturnen|gymnastik|mann|person|rad schlagender mann|radschlag|sport|turner|mÃ¤nnlich
ğŸ¤¸â€â™€ï¸|akrobatik|bodenturnen|frau|gymnastik|person|rad schlagende frau|radschlag|sport|turnerin|weiblich
ğŸ¤¼|catchen|catcher|person|ringen|ringer(in)|ringkampf|sportler|wrestler|wrestling
ğŸ¤¼â€â™‚ï¸|catchen|catcher|mÃ¤nner|ringen|ringer|ringkampf|sport|wrestler|wrestling
ğŸ¤¼â€â™€ï¸|catchen|catcherin|person|ringende frauen|ringerin|ringkampf|sport|wrestlerin|wrestling|weiblich
ğŸ¤½|person|schwimmsport|sportlerin|wasserballspieler(in)|wasserballspielerin|wassersport
ğŸ¤½â€â™‚ï¸|mann|person|schwimmsport|sportler|wasserballspieler|wassersport
ğŸ¤½â€â™€ï¸|ballspiele|frau|person|schwimmsport|sportlerin|wasserballspielerin|wassersport
ğŸ¤¾|handballerin|handballspieler(in)|handballspielerin|person|schleudern|sportler|werfen
ğŸ¤¾â€â™‚ï¸|handballspieler|mann|sport|mÃ¤nnlich
ğŸ¤¾â€â™€ï¸|frau|handballerin|handballspielerin|person|schleudern|sportlerin|werfen|weiblich
ğŸ¤¹|artistin|geschickt|jongleur(in)|jongleurin|jongleuse|jonglieren|multitasking|person|zirkus
ğŸ¤¹â€â™‚ï¸|artist|entertainer|geschickt|jongleur|jonglieren|mann|multitasking|person|unterhalter|zirkus|mÃ¤nnlich
ğŸ¤¹â€â™€ï¸|frau|geschickt|jongleurin|jonglieren|multitasking|weiblich
ğŸ§˜|burmesischer sitz|frau|lotussitz|meditation|person im lotossitz|person in lotussitz|schneidersitz|yoga|zen
ğŸ§˜â€â™‚ï¸|mann im lotossitz|meditation|yoga|mÃ¤nnlich
ğŸ§˜â€â™€ï¸|frau im lotossitz|meditation|yoga|weiblich
ğŸ›€|badende person|badewanne|badezimmer|dusche|entspannen
ğŸ›Œ|bett|gute nacht|heia|im bett liegende person|mÃ¼de|nachtruhe|schlaf schÃ¶n|schlafen|zzz
ğŸ§‘â€ğŸ¤â€ğŸ§‘|hÃ¤ndchen halten|hÃ¤nde halten|menschen|paar|pÃ¤rchen|personen|sich an den hÃ¤nden haltende personen
ğŸ‘­|frauen|hÃ¤ndchen haltende frauen|paar|pÃ¤rchen aus frau und frau|weiblich
ğŸ‘«|frau|hÃ¤ndchen halten|mann und frau halten hÃ¤nde|paar|pÃ¤rchen aus frau und mann
ğŸ‘¬|hÃ¤ndchen haltende mÃ¤nner|mÃ¤nner|paar|pÃ¤rchen aus mann und mann|zwillinge|mÃ¤nnlich
ğŸ’|frau|herz|kuss|kÃ¼ssendes paar|mann|sich kÃ¼ssendes paar
ğŸ’‘|frau|herz|liebespaar|mann|paar
ğŸ—£ï¸|gesicht|kopf|silhouette|sprechende person|sprechender kopf
ğŸ‘¤|bÃ¼ste|person|silhouette einer bÃ¼ste
ğŸ‘¥|bÃ¼sten|personen|silhouette mehrerer bÃ¼sten
ğŸ«‚|abschied|danke|drÃ¼cken|drÃ¼cker|freundschaft|hallo|liebe|sich umarmende personen|tschÃ¼ss|umarmung
ğŸ‘ª|familie|junge|kind|mutter|vater
ğŸ§‘â€ğŸ§‘â€ğŸ§’|1 kind|familie: 2 erwachsene, 1 kind
ğŸ§‘â€ğŸ§‘â€ğŸ§’â€ğŸ§’|2 kinder|familie: 2 erwachsene, 2 kinder
ğŸ§‘â€ğŸ§’|1 kind|familie: 1 erwachsene(r), 1 kind
ğŸ§‘â€ğŸ§’â€ğŸ§’|2 kinder|familie: 1 erwachsene(r), 2 kinder
ğŸ‘£|abdruck|auf dem weg|fuÃŸabdruck|fuÃŸabdrÃ¼cke|fussabdruck|fussabdrÃ¼cke
ğŸµ|affengesicht|banane|dschungel|gesicht|tier|zoo
ğŸ’|affe|tier
ğŸ¦|affe|gesicht|gorilla|tier
ğŸ¦§|affe|orang-utan|tier
ğŸ¶|gesicht|hundegesicht|tier|treu|wau|wuff|haustier
ğŸ•|haustier|hund|tier|wau|wuff
ğŸ¦®|barrierefreiheit|behinderung|blindenhund|hund|sehbehindert|tier
ğŸ•â€ğŸ¦º|assistenzhund|barrierefreiheit|behinderung|hund|tier
ğŸ©|hund|pudel|tier|haustier
ğŸº|gesicht|tier|wolfsgesicht
ğŸ¦Š|fuchsgesicht|gesicht|tier
ğŸ¦|klug|neugierig|schlau|tier|waschbÃ¤r
ğŸ±|gesicht|katzengesicht|miau|miezekatze|tier|haustier
ğŸˆ|haustier|katze|miau|tier
ğŸˆâ€â¬›|kater|katze|miau|pech|schwarze katze|schwarzer kater|tier|unglÃ¼ck
ğŸ¦|gesicht|lÃ¶wengesicht|sternzeichen|tierkreis
ğŸ¯|gesicht|raubkatze|tier|tigergesicht
ğŸ…|tier|tiger
ğŸ†|gepunktet|leopard|punkte|raubkatze|raubtier|tier|zoo
ğŸ´|gesicht|pferdegesicht|pferdekopf|tier
ğŸ«|elch|geweih|sÃ¤ugetier|tier
ğŸ«|austreten|dickschÃ¤del|dummkopf|esel|maultier|sÃ¤ugetier|stÃ¶rrisch|stur|tier|grautier
ğŸ|pferd|rennen|rennpferd|tier
ğŸ¦„|einhorngesicht|gesicht
ğŸ¦“|streifen|tier|zebra
ğŸ¦Œ|gesicht|hirsch|tier
ğŸ¦¬|bison|bÃ¼ffel|herde|ochse|tier|wisent
ğŸ®|gesicht|kuhgesicht|tier
ğŸ‚|kuh|ochse|sternzeichen|stier|tierkreis
ğŸƒ|bÃ¼ffel|tier|wasserbÃ¼ffel
ğŸ„|bauernhof|kuh|muh|tier
ğŸ·|gesicht|schweinegesicht|tier
ğŸ–|bauernhof|sau|schwein|tier
ğŸ—|eber|schwein|tier|wildschwein
ğŸ½|nase|schweinerÃ¼ssel|tier
ğŸ|schaf|sternzeichen|tierkreis|widder
ğŸ‘|bock|mÃ¤h|schaf|tier|widder|wolle
ğŸ|steinbock|sternzeichen|tierkreis|ziege
ğŸª|dromedar|einhÃ¶ckrig|kamel|tier|wÃ¼ste
ğŸ«|kamel|tier|wÃ¼ste|zweihÃ¶ckrig
ğŸ¦™|alpaca|alpaka|anden|kamel|lama|tier|vicuÃ±a|wolle
ğŸ¦’|flecken|giraffe|tier
ğŸ˜|elefant|tier
ğŸ¦£|aussterben|groÃŸ|mammut|natur|stoÃŸzahn|tier|wollig|gross|stosszahn
ğŸ¦|nashorn|rhinozeros|tier
ğŸ¦›|flusspferd|hippo|nilpferd|tier
ğŸ­|gesicht|mÃ¤usegesicht|mausgesicht|nagetier|tier
ğŸ|maus|nage|tier|weiss
ğŸ€|nagetier|ratte|tier
ğŸ¹|gesicht|hamstergesicht|tier|haustier
ğŸ°|gesicht|hasengesicht|kaninchen|karnickel|langohr|mÃ¼mmelmann|nager|nagetier|tier|haustier
ğŸ‡|hase|kaninchen|karnickel|mÃ¼mmelmann|nagetier|tier|haustier
ğŸ¿ï¸|streifenhÃ¶rnchen|tier
ğŸ¦«|biberschwanz|biberzahn|damm|natur|otter|tier
ğŸ¦”|igel|stachelig|stacheln|tier
ğŸ¦‡|fledermaus|tier|vampir
ğŸ»|bÃ¤rengesicht|gesicht|tier
ğŸ»â€â„ï¸|arktis|eisbÃ¤r|nordpol|weiÃŸ|weiss
ğŸ¨|koalabÃ¤r|koalagesicht|tier
ğŸ¼|gesicht|pandabÃ¤r|pandagesicht|tier
ğŸ¦¥|faultier|langsam|tier|trÃ¤ge
ğŸ¦¦|fischen|otter|tier|verspielt
ğŸ¦¨|skunk|stinken|stinktier|tier
ğŸ¦˜|australien|beuteltier|down under|hÃ¼pfen|kÃ¤nguru|quokka|skippy|springen|tier|wallaby
ğŸ¦¡|dachse|frechdachs|honigdachs|ratel|tier
ğŸ¾|abdruck|tatzenabdrÃ¼cke|tier
ğŸ¦ƒ|geflÃ¼gel|pute|thanksgiving|truthahn
ğŸ”|geflÃ¼gel|henne|huhn|tierkopf
ğŸ“|hahn|tier
ğŸ£|ei|kÃ¼ken in eierschale|piep|schlÃ¼pfendes kÃ¼ken|tier|vogel
ğŸ¤|kÃ¼kenkopf|tier
ğŸ¥|geflÃ¼gel|kÃ¼ken in frontansicht|kÃ¼ken von vorne|tier
ğŸ¦|papagei|taube|tier|vogelkopf
ğŸ§|pinguinkopf|tier|vogel
ğŸ•Šï¸|fliegen|friedenstaube|taube|vogel
ğŸ¦…|adler|tier|vogel
ğŸ¦†|ente|tier|vogel
ğŸ¦¢|hÃ¤ssliches entlein|schwan|tier|vogel
ğŸ¦‰|eule|raubvogel|tier|uhu|vogel|weise
ğŸ¦¤|aussterben|dodo|dronte|groÃŸ|mauritius|natur|tier|vogel|gross
ğŸª¶|federleicht|federn|fliegen|gefieder|leicht|vogelfeder
ğŸ¦©|bunt|farbenfroh|flamingo|rosa|tier|tropen|tropisch|vogel
ğŸ¦š|bunt|pfau|stolzieren|tier|vogel
ğŸ¦œ|ausplaudern|papagei|pirat|plappern|sprechen|tier|vogel|wiederholen
ğŸª½|engelsflÃ¼gel|federn|fliegen|flug|flÃ¼gel|himmlisch|mythologie|vogel
ğŸ¦â€â¬›|amsel|krÃ¤chzen|krÃ¤he|rabe|schnabel|schwarzer vogel|tier|vogel
ğŸª¿|blÃ¶d|dumme gans|gans|gÃ¤nserich|ganter|geflÃ¼gel|schnattern|tier|vogel
ğŸ¦â€ğŸ”¥|asche|fabelwesen|fantasy|feuervogel|phÃ¶nix|reinkarnation|tier|vogel|wiedergeburt|donnervogel
ğŸ¸|froschgesicht|gesicht|grÃ¼n|quak|tier
ğŸŠ|krokodil|reptil|schnappi|tier
ğŸ¢|schildkrÃ¶te|tier
ğŸ¦|eidechse|reptil
ğŸ|schlangentrÃ¤ger|sternzeichen|tierkreis
ğŸ²|drachengesicht|gesicht|mÃ¤rchen|tier
ğŸ‰|chinesisch neujahr|drache|mÃ¤rchen|tier
ğŸ¦•|brachiosaurus|brontosaurus|dinosaurier|diplodocus|saurier|sauropode|tier
ğŸ¦–|dinosaurier|saurier|t-rex|tree|tyrannosaurus rex
ğŸ³|blasender wal|meer|ozean|tier|wal
ğŸ‹|ozean|tier|wal
ğŸ¬|delfin|meer|ozean|strand|tier
ğŸ¦­|meer|ozean|robbe|seehund|seelÃ¶we|tier
ğŸŸ|aquarium|fische|meehr|sternzeichen|tierkreis
ğŸ |fisch|tier|tropenfisch
ğŸ¡|fisch|kugelfisch|kugelrund|meer|tier
ğŸ¦ˆ|fisch|haifisch|meer|tier
ğŸ™|krake|meer|oktopus|tier|tintenfisch
ğŸš|muschel|schneckenhaus|strand|tier
ğŸª¸|great barrier reef|klimawandel|korallenriff|meer|ozean|riff|tier
ğŸª¼|autsch|brennen|gallert|glibber|meeresbewohner|meerestier|nesseltier|ozean|qualle|tentakeln
ğŸŒ|langsam|schnecke|tier
ğŸ¦‹|insekt|schmetterling|schÃ¶n
ğŸ›|gefrÃ¤ÃŸig|insekt|raupe|tier|gefrÃ¤ssig
ğŸœ|ameise|insekt|tier
ğŸ|biene|honigbiene|hummel|insekt|maja|natur|summ|tier
ğŸª²|insekt|kÃ¤fer|krabbeltier|minzkÃ¤fer|tier|wanze
ğŸ|glÃ¼ckskÃ¤fer|insekt|kÃ¤fer|krabbel|marienkÃ¤fer|punkte|tier
ğŸ¦—|grashÃ¼pfer|grille|heuschrecke|insekt|tier|zikade
ğŸª³|insekt|kÃ¤fer|kakerlake|krabbeln|krabbeltier|kÃ¼chenschabe|la cucaracha|schabe|tier
ğŸ•·ï¸|insekt|spinne|tier
ğŸ•¸ï¸|netz|spinnennetz
ğŸ¦‚|horoskop|skorpion|sternzeichen|tierkreis
ğŸ¦Ÿ|biss|fieber|insektenbiss|insektenstich|krankheit|malaria|moskito|mÃ¼cke|schnake|stechmÃ¼cke|stich|tier|virus
ğŸª°|fliegen|insekt|krankheit|made|mÃ¼cke|plage|schmeiÃŸfliege|tier|verwesen|schmeissfliege
ğŸª±|insekt|natur|parasit|regenwurm|ringelwurm|tier|wurm
ğŸ¦ |amÃ¶ben|bakterien|einzeller|medizin|mikrobe|virus|wissenschaft
ğŸ’|blumenstrauÃŸ|bouquet|blumenstrauss
ğŸŒ¸|blume|blÃ¼te|kirschblÃ¼te|kirsche|pflanze
ğŸ’®|blumenstempel
ğŸª·|blume|buddhismus|erleuchtung|gleichmut|hinduismus|liebe|lotosblume|lotusblÃ¼te|pflanze|reinheit|ruhe|schÃ¶nheit
ğŸµï¸|pflanze|rosette
ğŸŒ¹|blume|blÃ¼te|pflanze|rose
ğŸ¥€|am sterben|blume|sterbend|verwelkt|welke blume|welkende blume
ğŸŒº|blume|blÃ¼te|hibiskus|pflanze|rosa
ğŸŒ»|blume|blÃ¼te|pflanze|sonnenblume
ğŸŒ¼|blume|blÃ¼te|gelbe blÃ¼te|pflanze
ğŸŒ·|blume|blÃ¼te|pflanze|tulpe
ğŸª»|blaue wiesenlupine|blÃ¼hen|blume|blÃ¼te|frÃ¼hling|hyazinthe|lavendel|lila|lÃ¶wenmaul|lupine|pflanze|violett
ğŸŒ±|junge pflanze|spross
ğŸª´|dekor|grÃ¼npflanze|haus|pflanze|pflegen|topfpflanze|wachsen|zimmerpflanze
ğŸŒ²|baum|nadelbaum|pflanze|tannenbaum
ğŸŒ³|baum|blÃ¤tter|grÃ¼n|laubbaum|pflanze|wald
ğŸŒ´|baum|kokusnuss|oase|palme|pflanze|strand|tropen
ğŸŒµ|dÃ¼rre|kaktus|natur|pflanze|trockenzeit|wÃ¼ste
ğŸŒ¾|Ã¤hre|pflanze|reisÃ¤hre|reispflanze
ğŸŒ¿|blÃ¤tter|krÃ¤uter|pflanze
ğŸ€|blatt|glÃ¼cksklee|kleeblatt|pflanze|silverster|vierblÃ¤ttriges kleeblatt
ğŸ|ahornblatt|blatt|herbst|laub|pflanze
ğŸ‚|blatt|blÃ¤tter|fallendes laub|herbst|laub|pflanze
ğŸƒ|blatt|blÃ¤tter im wind|laub|pflanze|wind
ğŸª¹|heim|leeres nest|nestbau|nisten|vogelnest|zuhause
ğŸªº|heim|nest mit blauen eiern|nest mit eiern|nestbau|nisten|vogelnest|zuhause
ğŸ„|fliegenpilz|giftig|pilz
ğŸ‡|frucht|obst|trauben|wein
ğŸˆ|cantaloupe|frucht|honigmelone|melone|obst
ğŸ‰|frucht|melone|obst|wassermelone
ğŸŠ|apfelsine|frucht|mandarine|obst|orange|vitamin
ğŸ‹|frucht|obst|sauer|zitrone|zitrusfrucht
ğŸ‹â€ğŸŸ©|cocktail|essen|frucht|limette|obst|saft|sauer|tequila|tropisch|zitrusfrucht
ğŸŒ|banane|frucht|obst|schale
ğŸ|ananas|frucht|obst
ğŸ¥­|essen|frucht|frÃ¼chte|mango|obst|shaker|tropisch
ğŸ|apfel|frucht|obst|roter apfel
ğŸ|apfel|frucht|gesund|grÃ¼ner apfel|obst
ğŸ|birne|frucht|obst
ğŸ‘|frucht|obst|pfirsich
ğŸ’|frucht|kirschen|obst
ğŸ“|beere|erdbeere|essen|frucht|obst
ğŸ«|beere|blaubeeren|essen|frucht|heidelbeeren|lebensmittel|nahrung|obst
ğŸ¥|frucht|kiwi|obst
ğŸ…|essen|gemÃ¼se|obst|tomate
ğŸ«’|essen|grÃ¼n|lebensmittel|nahrung|olivenÃ¶l|olivenzweig|zweig
ğŸ¥¥|colada|essen|frucht|kokosnuss|palme|piÃ±a
ğŸ¥‘|avocado|essen|frucht
ğŸ†|aubergine|gemÃ¼se
ğŸ¥”|essen|gemÃ¼se|kartoffel
ğŸ¥•|gemÃ¼se|karotte|mÃ¶hre|mohrrÃ¼be
ğŸŒ½|gemÃ¼se|maiskolben
ğŸŒ¶ï¸|chili|paprika|peperoni|pfeffer|pflanze|scharf
ğŸ«‘|essen|gemÃ¼sepaprika|grÃ¼n|lebensmittel|nahrung|paprika|peperoni
ğŸ¥’|essen|gemÃ¼se|gurke|scheiben
ğŸ¥¬|blattgemÃ¼se|blattgrÃ¼n|essen|gemÃ¼se|grÃ¼nkohl|grÃ¼nzeug|kohl|kraut|mangold|pak choi|pok choi|salatblatt|spinat
ğŸ¥¦|broccoli|brokkoli|essen|gemÃ¼sekohl|kohl
ğŸ§„|essen|geschmack|knoblauch|lebensmittel|nahrung|wÃ¼rze|zutat
ğŸ§…|essen|geschmack|gewÃ¼rz|lebensmittel|nahrung|wÃ¼rze|zwiebel
ğŸ¥œ|erdnuss|essen
ğŸ«˜|bohnen|essen|gemÃ¼se|hÃ¼lsenfrucht|kidney-bohne|kidneybohne|lebensmittel
ğŸŒ°|kastanie|marone
ğŸ«š|gesund|gewÃ¼rz|ginger ale|ingwerbier|scharf|wurzel|wÃ¼rzig|ginger beer|ingwerwurzel
ğŸ«›|bohne|edamame|erbsenschote|essen|gemÃ¼se|hÃ¼lsenfrucht|hÃ¼lsenfrÃ¼chte|schote
ğŸ„â€ğŸŸ«|braun|essen|fungus|gemÃ¼se|lebensmittel|natur|pflanze|pilz|wald
ğŸ|brotlaib|essen|kohlenhydrate|laib brot|toast|weiÃŸbrot|weizen|weissbrot
ğŸ¥|corissant|croissant|franzÃ¶sisch|frÃ¼hstÃ¼ckshÃ¶rnchen|brot
ğŸ¥–|baguette|brot|franzÃ¶sisch|frÃ¼hstÃ¼ck
ğŸ«“|arepa|brot|essen|fladenbrot|lavasch|lebensmittel|naan|nahrung|pita
ğŸ¥¨|brezel|brezen|brezn|essen|gedreht|oktoberfest
ğŸ¥¯|bÃ¤ckerei|backwaren|bagel|brÃ¶tchen|essen|frÃ¼hstÃ¼ck|pausenbrot|brot
ğŸ¥|crepe|eierpfannkuchen|essen|pfannkuchen
ğŸ§‡|essen|lebensmittel|nahrung|waffel mit butter
ğŸ§€|kÃ¤sestÃ¼ck
ğŸ–|fleischhachse|knochen|restaurant
ğŸ—|fleisch|geflÃ¼gel|hÃ¤hnchenschenkel|hÃ¼hnerbein|restaurant|pouletschenkel
ğŸ¥©|essen|fleischstÃ¼ck|kotelett|lammkotelett|rot|schnitzel|schweinekotelett|steak
ğŸ¥“|bacon|essen|frÃ¼hstÃ¼cksspeck|speckstreifen
ğŸ”|burger|fast food|hamburger|restaurant
ğŸŸ|fritten|pommes frites
ğŸ•|pizzastÃ¼ck|pizzeria
ğŸŒ­|essen|frankfurter|hot dog|hotdog|wurst|wÃ¼rstchen
ğŸ¥ª|brot|essen|sandwich
ğŸŒ®|essen|mexikanisch|taco
ğŸŒ¯|burrito|essen|mexikanisch
ğŸ«”|burrito|eingewickelt|essen|lebensmittel|mexikanisch|streetfood|tamale|wrap
ğŸ¥™|dÃ¶ner kebab|falafel|wrap
ğŸ§†|bÃ¤llchen|essen|falafel|fleischbÃ¤llchen|kichererbsen|lebensmittel|nahrung
ğŸ¥š|ei|frÃ¼hstÃ¼cksei
ğŸ³|braten|bratpfanne|kochen|pfanne|spiegelei in bratpfanne
ğŸ¥˜|essen|paella|pfannengericht|reispfanne
ğŸ²|eintopf|gericht|schÃ¼ssel|suppe|topf mit essen
ğŸ«•|essen|fondue|geschmolzen|kÃ¤se|schokolade|schweizerisch|topf
ğŸ¥£|brei|cerealien|essen|frÃ¼hstÃ¼ck|haferbrei|reisbrei|schÃ¼ssel mit lÃ¶ffel|suppe
ğŸ¥—|blattgemÃ¼se|essen|gesund|grÃ¼n|salat
ğŸ¿|kino|popcorn|snack
ğŸ§ˆ|butter|essen|lebensmittel|milchprodukt|nahrung
ğŸ§‚|gesalzen|geschmack|gewÃ¼rz|salzig|salzstreuer|wÃ¼rze|zutat
ğŸ¥«|bÃ¼chse|dose|essen|konserve
ğŸ±|bento-box|japanisches essen|sushi
ğŸ˜|cracker|reiscracker
ğŸ™|essen|japanisch|reisbÃ¤llchen
ğŸš|essen|reis in schÃ¼ssel
ğŸ›|curry|reis mit curry
ğŸœ|chinesisches essen|dampfend|eiernudeln|nudeln|schÃ¼ssel und essstÃ¤bchen|stÃ¤bchen|suppe
ğŸ|essse|nudeln mit tomatensoÃŸe|pasta|restaurant|spaghetti|nudeln mit tomatensauce
ğŸ |essen|gemÃ¼se|sÃ¼ÃŸkartoffel|gerÃ¶stete sÃ¼sskartoffel|sÃ¼sskartoffel
ğŸ¢|japanisches gericht|oden|restaurant
ğŸ£|japanisches gericht|restaurant|sushi
ğŸ¤|frittierte garnele|garnele|restaurant|tempura
ğŸ¥|fischfrikadelle|restaurant|spirale
ğŸ¥®|essen|festival|herbst|kuchen|mondfest|mondkuchen|pinyin|yuebing
ğŸ¡|dango|japanisches gericht|mochi-kugeln auf einem spieÃŸ|restaurant|mochi-kugeln auf einem spiess
ğŸ¥Ÿ|chinesische teigtasche|dumpling|empanada|essen|gyÅza|jiaozi|kloÃŸ|pierogi|potsticker|teigtasche|kloss
ğŸ¥ |essen|glÃ¼ckskeks|prophezeiung
ğŸ¥¡|chinesisches essen|essen|stÃ¤bchen|takeaway-box|takeaway-schachtel
ğŸ¦€|krabbe|krebs|meer|sternzeichen|strand|tierkreis
ğŸ¦|hummer|lobster|meeresfrucht|meeresfrÃ¼chte|meerestier|scheren|tier
ğŸ¦|garnele|gourmet|krustentier|meeresfrucht|shrimp
ğŸ¦‘|kalmar|tier|tintenfisch
ğŸ¦ª|auster|meer|muschel|perle|tauchen|tier
ğŸ¦|eis|softeis
ğŸ§|eis|sorbet|wassereis|zerstoÃŸen|zerstossen
ğŸ¨|eisbecher|eiscreme|eisdiele
ğŸ©|donut|doughnut|essen|kuchen|sÃ¼ÃŸ|sÃ¼ss
ğŸª|cookie|keks|plÃ¤tchen
ğŸ‚|essen|feier|geburtstagskuchen|geburtstagstorte|happy birthday|kerzen|kuchen|lebensmittel|torte|dessert
ğŸ°|kuchenstÃ¼ck|stÃ¼ck torte|tortenstÃ¼ck|dessert
ğŸ§|bÃ¤ckerei|cupcake|dessert|essen|gebÃ¤ck|kalorienbombe|konditorei|muffin|nachspeise|streusel|sÃ¼ÃŸ|zucker|sÃ¼ss
ğŸ¥§|essen|fÃ¼llung|gebÃ¤ck|kuchen|pastete|torte
ğŸ«|essen|schokoladentafel|sÃ¼ÃŸigkeit|sÃ¼ssigkeit
ğŸ¬|bonbon|sÃ¼ÃŸigkeit|sÃ¼ssigkeit
ğŸ­|lolli|lutscher|sÃ¼ÃŸigkeit|sÃ¼ssigkeit
ğŸ®|dessert|flan|nachspeise|nachtisch|pudding|schokolade|soÃŸe|sauce
ğŸ¯|honigtopf|sÃ¼ÃŸ|sÃ¼ss
ğŸ¼|babyflasche|flÃ¤schchen|flasche|kind|milch|trinken|getrÃ¤nk
ğŸ¥›|getrÃ¤nk|glas|milch|trinken
ğŸ«–|getrÃ¤nk|kanne|lebensmittel|tee brÃ¼hen|teekanne|teekrug|trinken
ğŸµ|getrÃ¤nk|grÃ¼ner tee|oolong|schale|teetasse ohne henkel
ğŸ¶|flasche|getrÃ¤nk|sake-flasche mit tasse|sake-flasche und -tasse|tasse|trinken
ğŸ¾|champagner|flasche mit knallendem korken|getrÃ¤nk|knallen|korken|sekt|trinken
ğŸ·|alkohol|bar|glas|weinglas|getrÃ¤nk
ğŸ¸|bar|cocktailglas|drink|martini|getrÃ¤nk
ğŸ¹|bar|cocktail|exotisches getrÃ¤nk|getrÃ¤nk
ğŸº|bar|bierkrug|krug|oktoberfest|prost|weizenbier|getrÃ¤nk
ğŸ»|anstoÃŸen|bierkrÃ¼ge|oktoberfest|prosit|prost|weizen|anstossen|getrÃ¤nk
ğŸ¥‚|anstoÃŸen|feiern|getrÃ¤nk|glÃ¤ser|prost|sektglÃ¤ser|anstossen|champagner
ğŸ¥ƒ|bar|schnaps|trinkglas|whiskey|getrÃ¤nk
ğŸ«—|ausgieÃŸen|ausleeren|flÃ¼ssigkeit ausgieÃŸen|getrÃ¤nk|gieÃŸen|glas|leer|missgeschick|tropfende flÃ¼ssigkeit|verschÃ¼tten|ausgiessen|flÃ¼ssigkeit ausgiessen|giessen|trinken
ğŸ¥¤|becher mit strohhalm|brause|erfrischung|saft|selters|soda|strohhalm|trinken|trinkhalm|wasser|getrÃ¤nk
ğŸ§‹|blase|bubble tea|essen|getrÃ¤nk|lebensmittel|milch|perle|taiwan|tee
ğŸ§ƒ|fruchtsaft|getrÃ¤nk|obstsaft|saftpackung|trinkpÃ¤ckchen
ğŸ§‰|getrÃ¤nk|mate-tee|tee
ğŸ§Š|eisberg|eiswÃ¼rfel|gefroren|kalt|kÃ¼hlen|wÃ¼rfel
ğŸ¥¢|chinesisches essen|essen|essstÃ¤bchen|hashi|japanisches essen|stÃ¤bchen
ğŸ½ï¸|gabel|geschirr|kochen|messer|teller mit messer und gabel
ğŸ´|abendessen|besteck|essen|frÃ¼hstÃ¼ck|gabel und messer|geschirr|hunger|lecker|messer und gabel|mittagessen|restaurant
ğŸ¥„|besteck|lÃ¶ffel
ğŸ”ª|kÃ¼chenmesser|messer|schneiden
ğŸ«™|einmachglas|einweckglas|essen|gewÃ¼rzglas|leerer behÃ¤lter|leeres einweckglas|leeres glas|marmeladeglas|schraubglas
ğŸº|amphore|gefÃ¤ÃŸ|kochen|krug|sternzeichen|tierkreis|trinken|vase|wassermann|gefÃ¤ss
ğŸŒ|afrika|erde|europa|globus mit europa und afrika|weltkugel
ğŸŒ|erde|globus mit amerika|nordamerika|sÃ¼damerika|weltkugel
ğŸŒ|asien|australien|erde|globus mit asien und australien|weltkugel
ğŸŒ|breitengrad|globus mit meridianen|lÃ¤ngengrad
ğŸ—ºï¸|karte|landkarte|reisen|weltkarte
ğŸ—¾|japan|karte|umriss von japan
ğŸ§­|himmelsrichtung|kompass|magnetisch|navigation|orientierung|richtung|windrose
ğŸ”ï¸|berg|gebirge|kalt|schneebedeckter berg
â›°ï¸|berg|gebirge
ğŸŒ‹|ausbruch|berg|lava|vulkanausbruch|wetter
ğŸ—»|berg|fuji|vulkan
ğŸ•ï¸|campen|camping|zelten
ğŸ–ï¸|meer|sonnenschirm|strand mit sonnenschirm
ğŸœï¸|heiÃŸ|wÃ¼ste|heiss
ğŸï¸|einsame insel|insel|meer|palme|strand|verlassen
ğŸï¸|berg|fluss|nationalpark|natur|park|schutzgebiet
ğŸŸï¸|arena|stadion
ğŸ›ï¸|antikes gebÃ¤ude|gebÃ¤ude|klassizistisch
ğŸ—ï¸|bauen|kran
ğŸ§±|bauen|grenze|klinker|mauerwerk|mÃ¶rtel|wand|ziegelsteine|zugemauert
ğŸª¨|felsen|felsig|hart|natur|schwer|steinig
ğŸªµ|baumstamm|feuerholz|holzig|holzscheite|lagerfeuer
ğŸ›–|behausung|gebÃ¤ude|haus|hÃ¼tte|jurte|objekt|rundhaus|schutz
ğŸ˜ï¸|dorf|gebÃ¤ude|haus|hÃ¤user|wohnhaus|wohnhÃ¤user|wohnsiedlung
ğŸšï¸|gebÃ¤ude|haus|heruntergekommen|verfallenes haus|verlassenes haus
ğŸ |gebÃ¤ude|haus|zuhause
ğŸ¡|baum|haus mit baum|haus mit garten
ğŸ¢|bÃ¼rogebÃ¤ude|hochhaus
ğŸ£|japanisches postgebÃ¤ude|post
ğŸ¤|europa|europÃ¤isches postgebÃ¤ude|postgebÃ¤ude
ğŸ¥|ambulanz|arzt|gebÃ¤ude|krankenhaus|medizin|notaufnahme
ğŸ¦|bank|gebÃ¤ude|geld
ğŸ¨|gebÃ¤ude|hotel|Ã¼bernachten|unterkunft
ğŸ©|gebÃ¤ude|hotel|liebe|stundenhotel|unterkunft
ğŸª|einkaufen|gebÃ¤ude|geschÃ¤ft|lebensmittel|minimarkt
ğŸ«|gebÃ¤ude|schule|schulgebÃ¤ude
ğŸ¬|einkaufen|gebÃ¤ude|geschÃ¤ft|kaufhaus|shoppen
ğŸ­|fabrikgebÃ¤ude|gebÃ¤ude
ğŸ¯|bauwerk|gebÃ¤ude|japanisches schloss|schloss
ğŸ°|bauwerk|burg|europa|europÃ¤isch|gebÃ¤ude|mÃ¤rchenschloss|schloss
ğŸ’’|herz|hochzeit|kirche
ğŸ—¼|fernsehturm|tokio|tokyo tower
ğŸ—½|amerika|freiheitsstatue
â›ª|christentum|christlich|gebÃ¤ude|kirche|kreuz|religion
ğŸ•Œ|islam|moschee|moslem|muslim|religion
ğŸ›•|gebÃ¤ude|hindutempel|tempel|religion
ğŸ•|jude|jÃ¼disch|religion|synagoge|tempel
â›©ï¸|religion|schrein|shinto-schrein
ğŸ•‹|hajj|islam|kaaba|moslem|muslim|religion
â›²|brunnen|garten|park|springbrunnen
â›º|campingurlaub|zeltplatz
ğŸŒ|nebel|neblig|wetter
ğŸŒƒ|city|hochhÃ¤user|nacht|skyline|stadt|sternenhimmel
ğŸ™ï¸|gebÃ¤ude|groÃŸstadt|hÃ¤user|hochhÃ¤user|skyline|stadt|wolkenkratzer|grossstadt
ğŸŒ„|berge|sonnenaufgang Ã¼ber bergen
ğŸŒ…|meer|sonnenaufgang Ã¼ber dem meer
ğŸŒ†|abendstimmung in der stadt|hochhÃ¤user|new york|skyline|sonnenaufgang|sonnenuntergang|wolkenkratzer
ğŸŒ‡|groÃŸstadt|hochhÃ¤user|morgenrot|sonnenaufgang|sonnenuntergang in der stadt|wolkenkratzer|grossstadt
ğŸŒ‰|brÃ¼cke vor nachthimmel|golden gate|nachts
ğŸ |karussellpferd|pferd|reiten
ğŸ›|rutschbahn|rutsche|spielen|spielplatzrutsche|vergnÃ¼gungspark
ğŸ¡|freizeitpark|rad|riesenrad|volksfest
ğŸ¢|achterbahn|freizeitpark|volksfest
ğŸ’ˆ|barbershop-sÃ¤ule|friseur|herrenfriseur|sÃ¤ule
ğŸª|unterhaltung|zelt|zirkuszelt
ğŸš‚|bahn|dampflokomotive|fahrzeug|lokomotive|schiene|zug
ğŸšƒ|eisenbahnwagen|fahrzeug|straÃŸenbahnwagen|tram|wagen|waggon|wagon|zug|strassenbahnwagen
ğŸš„|hochgeschwindigkeitszug mit spitzer nase|ice|shinkansen|tgv|zug
ğŸš…|bahn|hochgeschwindigkeitszug|japan|shinkansen|zug
ğŸš†|bahn|eisenbahn|ice|zug
ğŸš‡|metro|u-bahn
ğŸšˆ|bahn|ice|monorail|s-bahn|zug
ğŸš‰|bahnhof|zug
ğŸšŠ|straÃŸenbahn|tram|verkehrsmittel|strassenbahn
ğŸš|bahn|einschienenbahn|magnetschwebebahn|monorail
ğŸš|bahn|bergbahn|bimmelbahn|zug
ğŸš‹|straÃŸenbahnwagen|tramwagen|transport|verkehrsmittel|waggon|strassenbahnwagen
ğŸšŒ|bus|fahrzeug|schulbus
ğŸš|bus von vorne|verkehrsmittel|vorderansicht bus
ğŸš|oberleitungsbus|straÃŸenbahn|trolleybus|strassenbahn|tram
ğŸš|bus|fahrzeug|kleinbus
ğŸš‘|ambulanz|krankenwagen|notfall
ğŸš’|brand|feuerwehrauto|lÃ¶schfahrzeug
ğŸš“|polizeiwagen|streifenwagen
ğŸš”|polizeiwagen von vorne|streifenwagen|vorderansicht polizeiwagen
ğŸš•|auto|fahrzeug|taxi
ğŸš–|auto|fahren|gelb|taxi von vorne|vorderansicht taxi
ğŸš—|auto|fahren|fahrzeug|rot|verkehr
ğŸš˜|auto von vorne|automobil|fahrzeug|rot|vorderansicht auto
ğŸš™|auto|blau|fahren|verreisen|wohnmobil
ğŸ›»|auto|fahren|fahrzeug|laster|lastwagen|lieferwagen|lkw|pick-up|transport
ğŸšš|lastwagen|lieferwagen|lkw
ğŸš›|lastwagen|lkw|sattelzug|umziehen|ziehen um
ğŸšœ|bauernhof|landwirtschaft|traktor|trecker
ğŸï¸|autorennen|rennauto
ğŸï¸|moped|motorrad|motorrennen
ğŸ›µ|motoroller|motorroller|roller|vespa
ğŸ¦½|barrierefreiheit|behinderung|manueller rollstuhl|rollstuhl
ğŸ¦¼|barrierefreiheit|behinderung|elektrischer rollstuhl|rollstuhl
ğŸ›º|autorikscha|fahrzeug|tuk-tuk
ğŸš²|bmx|fahrrad|radeln|radler|spinning
ğŸ›´|roller|tretroller
ğŸ›¹|board|brett|rÃ¤der|skateboard fahren|skaten|skater
ğŸ›¼|rollen|rollerskate|rollschuh laufen|schuh|sport
ğŸš|bushaltestelle|haltestelle
ğŸ›£ï¸|autobahn|schnellstraÃŸe|schnellstrasse
ğŸ›¤ï¸|bahngleis|gleise|schienen
ğŸ›¢ï¸|fass|Ã¶lfass
â›½|benzin|tanken|tanksÃ¤ule|tankstelle
ğŸ›|autorad|autoreifen|drehen|rad|reifen mit felgen|rotieren
ğŸš¨|polizeilicht|sirene
ğŸš¥|ampel|horizontale verkehrsampel|verkehrsampel|vertikal
ğŸš¦|ampel|horizontal|verkehrsampel|vertikale verkehrsampel
ğŸ›‘|achteckig|schild|stoppschild
ğŸš§|baustellenabsperrung|baustellenschild|schild
ğŸ›Ÿ|leben retten|lebensretter|retten|rettungsring|schwimmring|sicherheit
â›µ|boot|segelboot
ğŸ›¶|boot|kanu|wassersport
ğŸš¤|boot|luxus|schnellboot|see|sommer|wasser|yacht
ğŸ›³ï¸|aida|passagierschiff|rundreise|schiff|seereise|traumschiff
â›´ï¸|fÃ¤hre|schiff
ğŸ›¥ï¸|boot|motorboot|schiff
ğŸš¢|dampfer|kreuzfahrtschiff|schiff|traumschiff
ğŸ›©ï¸|flugzeug|kleines flugzeug|privatjet
ğŸ›«|abflug|fliegen|flughafen|flugzeug|start eines flugzeugs
ğŸ›¬|ankunft|flieger|flughafen|flugzeug|landen|landung eines flugzeugs
ğŸª‚|fallschirmspringen|paragliding|skydiving|sport
ğŸ’º|bus|flugzeug|sitzplatz|zug
ğŸš|fliegen|helikopter|hubschrauber|reisen
ğŸšŸ|hÃ¤ngebahn|schwebebahn
ğŸš |bergschwebebahn|schwebebahn
ğŸš¡|bergseilbahn|gondel|seilbahn
ğŸ›°ï¸|satellit|sputnik|weltraum
ğŸš€|all|rakete|weltraum
ğŸ›¸|alien|auÃŸerirdisch|fliegende untertasse|ufo|ausserirdisch
ğŸ›ï¸|klingel|rezeptionsklingel
ğŸ§³|ballast|gepÃ¤ck|hartschalenkoffer|koffer|reise|trolley-tasche
âŒ›|prozess|sanduhr|vorgang lÃ¤uft|zeit
â³|laufende sanduhr|prozess|sanduhr|vorgang lÃ¤uft
âŒš|armbanduhr|uhr|zeit
â°|uhrzeit|wecker|zeit
â±ï¸|stoppuhr|uhr|zeit
â²ï¸|timer|uhr|zeitschaltuhr
ğŸ•°ï¸|kaminuhr|tick tack|uhr
ğŸ•›|0 uhr|12:00 uhr|mittag|mitternacht|uhr|ziffernblatt 12:00 uhr|ziffernblatt 12.00 uhr|zwÃ¶lf uhr
ğŸ•§|00:30|12:30|halb eins|uhr|zeit|ziffernblatt 12:30 uhr|ziffernblatt 12.30 uhr
ğŸ•|01:00|1:00 uhr|13:00|punkt eins|uhr|zeit|ziffernblatt 1:00 uhr|ziffernblatt 1.00 uhr
ğŸ•œ|1 uhr 30|1:30 uhr|halb zwei|uhr|ziffernblatt 1:30 uhr|ziffernblatt 1.30 uhr
ğŸ•‘|2:00 uhr|uhr|zeit|ziffernblatt 2:00 uhr|ziffernblatt 2.00 uhr
ğŸ•|2:30 uhr|halb drei|uhr|zeit|ziffernblatt 2:30 uhr|ziffernblatt 2.30 uhr
ğŸ•’|3:00 uhr|uhr|zeit|ziffernblatt 3:00 uhr|ziffernblatt 3.00 uhr
ğŸ•|3:30 uhr|halb vier|uhr|ziffernblatt 3:30 uhr|ziffernblatt 3.30 uhr
ğŸ•“|4:00 uhr|uhr|zeit|ziffernblatt 4:00 uhr|ziffernblatt 4.00 uhr
ğŸ•Ÿ|04:30|16:30|4:30 uhr|halb fÃ¼nf|uhr|zeit|ziffernblatt 4:30 uhr|ziffernblatt 4.30 uhr
ğŸ•”|05:00|17:00|5:00 uhr|punkt fÃ¼nf|uhr|zeit|ziffernblatt 5:00 uhr|ziffernblatt 5.00 uhr
ğŸ• |05:30|17:30|5:30 uhr|halb sechs|uhr|ziffernblatt 5:30 uhr|ziffernblatt 5.30 uhr
ğŸ••|6:00 uhr|uhr|zeit|ziffernblatt 6:00 uhr|ziffernblatt 6.00 uhr
ğŸ•¡|6:30 uhr|halb sieben|uhr|ziffernblatt 6.30 uhr
ğŸ•–|7:00 uhr|uhr|ziffernblatt 7:00 uhr|ziffernblatt 7.00 uhr
ğŸ•¢|7:30 uhr|halb acht|uhr|zeit|ziffernblatt 7:30 uhr|ziffernblatt 7.30 uhr
ğŸ•—|8:00 uhr|uhr|um 8|zeit|ziffernblatt 8:00 uhr|ziffernblatt 8.00 uhr
ğŸ•£|8:30 uhr|halb neun|uhr|ziffernblatt 8:30 uhr|ziffernblatt 8.30 uhr
ğŸ•˜|9:00 uhr|uhr|zeit|ziffernblatt 9:00 uhr|ziffernblatt 9.00 uhr
ğŸ•¤|9:30 uhr|halb zehn|uhr|zeit|ziffernblatt 9:30 uhr|ziffernblatt 9.30 uhr
ğŸ•™|10:00 uhr|uhr|zeit|ziffernblatt 10:00 uhr|ziffernblatt 10.00 uhr
ğŸ•¥|10:30 uhr|halb elf|uhr|ziffernblatt 10:30 uhr|ziffernblatt 10.30 uhr
ğŸ•š|11:00 uhr|uhr|zeit|ziffernblatt 11:00 uhr|ziffernblatt 11.00 uhr
ğŸ•¦|11:30 uhr|halb zwÃ¶lf|uhr|zeit|ziffernblatt 11:30 uhr|ziffernblatt 11.30 uhr
ğŸŒ‘|mond|neumond
ğŸŒ’|erstes mondviertel|mond|zunehmend
ğŸŒ“|halbmond|mond|zunehmender halbmond
ğŸŒ”|mond|zunehmend|zweites mondviertel
ğŸŒ•|mond|vollmond
ğŸŒ–|abnehmend|drittes mondviertel|mond
ğŸŒ—|abnehmender halbmond|halbmond
ğŸŒ˜|abnehmend|letztes mondviertel|mond|nacht
ğŸŒ™|mondsichel|nacht
ğŸŒš|gesicht|mondgesicht|neumond mit gesicht
ğŸŒ›|gesicht|mondsichel mit gesicht links|weltall
ğŸŒœ|gesicht|mondsichel mit gesicht rechts|nacht
ğŸŒ¡ï¸|temperatur|thermometer|wetter
ğŸŒ|gesicht|vollmond mit gesicht
ğŸŒ|gesicht|sonne mit gesicht|sonnengesicht|sonnenschein
ğŸª|gasplanet|himmelskÃ¶rper|planet|ringplanet|saturn
â­|astronomie|gelber stern|himmel|stern|weiÃŸer mittelgroÃŸer stern|weisser mittelgrosser stern
ğŸŒŸ|funkelnder stern|glitzern|stern
ğŸŒ |himmel|sternschnuppe
ğŸŒŒ|galaxie|milchstraÃŸe|universum|milchstrasse
â›…|sonne hinter wolke|wolke|wolkig
â›ˆï¸|blitz|gewitter|regen|wetter|wolke mit blitz und regen|wolkig
ğŸŒ¤ï¸|bewÃ¶lkt|kleine wolke|sonne hinter kleiner wolke|wetter|wolke
ğŸŒ¥ï¸|bewÃ¶lkt|groÃŸe wolke|sonne hinter groÃŸer wolke|wetter|wolke|grosse wolke|sonne hinter grosser wolke
ğŸŒ¦ï¸|regenwolke|sonne hinter regenwolke|wetter
ğŸŒ§ï¸|regenwolke|wetter|wolke mit regen
ğŸŒ¨ï¸|kalt|schnee|wetter|wolke mit schnee
ğŸŒ©ï¸|blitz|gewitter|wetter|wolke mit blitz
ğŸŒªï¸|tornado|wetter|wirbelsturm
ğŸŒ«ï¸|nebel|neblig|wetter
ğŸŒ¬ï¸|wetter|windig
ğŸŒ€|spirale|wirbelsturm
ğŸŒˆ|regenbogen|wetter
ğŸŒ‚|geschlossener regenschirm|regenschirm
â›±ï¸|aufgestellter sonnenschirm|sonnenschirm|strand
âš¡|blitz|elektrizitÃ¤t|gefahr|gewitter|hochspannungszeichen|strom
â›„|kalt|schneemann ohne schneeflocken|winter
ğŸ”¥|brennen|feuer|flamme|heiÃŸ|heiss
ğŸ’§|schweiÃŸ|trÃ¤ne|tropfen|wassertropfen|schweiss
ğŸŒŠ|meer|welle
ğŸƒ|halloweenkÃ¼rbis|herbst|kÃ¼rbislaterne
ğŸ„|baum|tanne|weihnachten|weihnachtsbaum
ğŸ†|feuerwerk|silvester
ğŸ‡|feiern|feuerwerk|party|wunderkerze
ğŸ§¨|dynamit|explosion|explosiv|feuerwerkskÃ¶rper|funken|knallen|knaller|kracher|silvester|sprengen|sprengstoff|zÃ¼ndstoff
ğŸˆ|ballon|feier|geburtstag|luftballon
ğŸ‰|bÃ¶ller|feier|juhu|knaller|konfettibombe|party|super|yay
ğŸŠ|feier|konfettiball|party
ğŸ‹|baum|fest|japan|sternenfest|tanabata-baum|zettel
ğŸ|japan|neujahrsfest|piniendekoration
ğŸ|japanische puppen|puppenfest japan
ğŸ|feier|karpfen|traditionelle japanische windsÃ¤cke|windsÃ¤cke
ğŸ|bimmel|feier|glocke|japanisches windspiel|wind
ğŸ‘|japan|mondfest|traditionelles mondfest
ğŸ§§|geld|geschenk|glÃ¼ck|hong bao|hongbao|roter umschlag
ğŸ€|feier|geschenk|pink|rosa|schleife
ğŸ|feier|geburtstag|geschenk|schachtel|schleife|Ã¼berraschung|verpackt|weihnachten
ğŸ—ï¸|gedenkschleife|schleife
ğŸŸï¸|billet|eintrittskarten|ticket
ğŸ«|konzert|ticket|unterhaltung
ğŸ–ï¸|militÃ¤rorden|orden
ğŸ†|bundesliga|champion|gewinnen|pokal|preis|sieger|sport|trophÃ¤e
ğŸ…|gewinn|goldmedaille|medaille|sportmedaille
ğŸ¥‡|erster|gewinn|goldmedaille|medaille 1. platz
ğŸ¥ˆ|medaille 2. platz|silbermedaille|zweiter
ğŸ¥‰|bronzemedaille|dritter|medaille 3. platz
âš½|ball|bundesliga|fuÃŸball|messi|fussball
âš¾|ball|baseball
ğŸ¥|ball|baseball|handschuh|softball|sport|unterarm|werfen
ğŸ€|ball|basketball|korb|sport
ğŸ|ball|sport|volleyball
ğŸˆ|american football|amerika|ball|football|sport|super bowl
ğŸ‰|ball|rugbyball|sport
ğŸ¾|ball|sport|tennisball
ğŸ¥|disc|disk|fliegende untertasse|frisbee|scheibe|ultimate
ğŸ³|bowlingkugel|kugel|spiel
ğŸ|ball|cricket|kricket|schlÃ¤ger
ğŸ‘|feldhockey|hockey|schlÃ¤ger
ğŸ’|eishockey-schlÃ¤ger und puck|hockey|puck|schlÃ¤ger
ğŸ¥|ball|lacrosse|schlÃ¤ger|sport|stick|stock|tor
ğŸ“|ball|ping pong|schlÃ¤ger|spiel|sport|tischtennis
ğŸ¸|badminton|federball|schlÃ¤ger
ğŸ¥Š|boxen|boxhandschuh|handschuh|sport
ğŸ¥‹|judo|kampfkunst|kampfsportanzug|karate|taekwondo
ğŸ¥…|fuÃŸball|netz|sport|tor|fussball
â›³|golffahne|golfplatz|flagge
â›¸ï¸|eislauf|schlittschuh
ğŸ£|angel mit fisch|angeln|entspannung
ğŸ¤¿|schnorcheln|schwimmen|sporttauchen|tauchen|tauchmaske
ğŸ½|laufen|laufshirt mit schÃ¤rpe|schÃ¤rpe|sport
ğŸ¿|ski und stÃ¶cke
ğŸ›·|rodeln|schlitten|schnee
ğŸ¥Œ|curlingstein|spiel|sport|stein
ğŸ¯|darts|pfeil|spiel|volltreffer|zielscheibe
ğŸª€|jo-jo|spielzeug|yo-yo
ğŸª|drachen|fliegen|hochfliegen|steigen|wind
ğŸ”«|pistole|revolver|waffe|wasserpistole
ğŸ±|8-ball|billardkugel|kugel|schwarz|spiel
ğŸ”®|kristallkugel|wahrsager|zukunft
ğŸª„|abrakadabra|hexer|magie|magisch|wunder|zauberei|zauberer|zauberin|zaubern|zauberstab
ğŸ®|gamepad|gaming|unterhaltung|videospiel
ğŸ•¹ï¸|gaming|joystick|videospiel
ğŸ°|glÃ¼cksspiel|spielautomat
ğŸ²|casino|spielwÃ¼rfel|unterhaltung|wÃ¼rfeln|zufall
ğŸ§©|bestandteile|hinweise|hobby|passen|puzzeln|puzzlestÃ¼ck|puzzleteile|spiel|teile|zusammenpassen|zusammensetzen
ğŸ§¸|bÃ¤r|kuscheltier|plÃ¼schteddy|plÃ¼schtier|spielwaren|spielzeug|stoffbÃ¤r|stofftier|teddybÃ¤r
ğŸª…|feier|hau drauf|mexikanisch|mexiko|objekt|party|pinada|pinata|piÃ±ata|sÃ¼ÃŸigkeiten|sÃ¼ssigkeiten
ğŸª©|discokugel|lichtreflexe|party|spiegelkugel|tanzen
ğŸª†|babuschka|matrioschka|matrjoschka|matroschka|puppe|russland|spielzeug
â™Ÿï¸|bauer schach|schach
ğŸƒ|jokerkarte|spielkarte
ğŸ€„|mahjong-stein|roter drache|spiel
ğŸ´|blumenkarte|hanafuda|japanische blumenkarte|karte
ğŸ­|kunst|masken|theater|unterhaltung
ğŸ–¼ï¸|bild|gemÃ¤lde|gerahmtes bild|kunst|malen|rahmen|zeichnen|zeichnung
ğŸ¨|farben|kunst|kÃ¼nstler|mischpalette|palette
ğŸ§µ|faden|nadel|nÃ¤hen|nÃ¤hfaden|nÃ¤hgarn|rolle|spule|zwirn
ğŸª¡|einfÃ¤deln|faden|nadel und faden|nÃ¤hen|nÃ¤hnadel|nÃ¤hte|schneidern|stiche|sticken
ğŸ§¶|ball|garn|hÃ¤keln|spinnen|stricken|wolle|wollknÃ¤uel|zwirn
ğŸª¢|achterknoten|binden|knoten|schnur|schnÃ¼rsenkel|seemansknoten|segelboot|segeln|seil|verknoten|zusammendrehen
ğŸ‘“|accessoire|brille
ğŸ•¶ï¸|augen|brille|dunkel|sonnenbrille
ğŸ¥½|augenschutz|brille|schutzbrille|schweiÃŸen|schweiÃŸerbrille|schwimmen|tauchen|taucherbrille|schweissen
ğŸ¥¼|arztkittel|doc|doktor|experiment|kleidungsstÃ¼ck|laborkittel|labormantel|weiÃŸe jacke|weiÃŸer mantel|wissenschaftler|weisse jacke|weisser mantel
ğŸ¦º|kleidung|notfall|sicherheitsweste|weste
ğŸ‘”|hemd mit krawatte|kleidung|kragen|schlips
ğŸ‘•|kleidung|shirt|t-shirt
ğŸ‘–|hose|jeans|kleidung
ğŸ§£|hals|kalt|kleidung|schal|warm anziehen
ğŸ§¤|handschuhe
ğŸ§¥|brr|jacke|kalt|kleidung|mantel|warm anziehen
ğŸ§¦|socken|strumpf|strÃ¼mpfe
ğŸ‘—|kleidung
ğŸ‘˜|japanisch|kimono|kleidung
ğŸ¥»|kleidung|sari
ğŸ©±|badeanzug|einteiliger badeanzug|kleidung
ğŸ©²|badeanzug|einteiler|kleidung|slip|unterwÃ¤sche
ğŸ©³|badebekleidung|badehose|boxershorts|kleidung|schwimmshorts|shorts
ğŸ‘™|badeanzug|bikini|kleidung
ğŸ‘š|bluse|damenmode|kleidung|oberbekleidung|shirt
ğŸª­|abkÃ¼hlung|faltfÃ¤cher|flirten|heiÃŸ|kÃ¼hlen|luft zufÃ¤cheln|schÃ¼chtern|spanisch|warm|fÃ¤chern|flamenco|heiss|scheu|tanzen
ğŸ‘›|accessoire|brieftasche|geldbÃ¶rse|mÃ¼nzen|portemonnaie
ğŸ‘œ|accessoire|einkaufen|handtasche|tasche
ğŸ‘|accessoire|beutel|clutch|handtasche|kulturbeutel|tasche|waschtasche
ğŸ›ï¸|einkaufen|einkaufstÃ¼ten|shoppen|shopping|tasche|tÃ¼te
ğŸ’|ranzen|rucksack|schule|schulranzen|tornister|schulsack
ğŸ©´|badelatschen|flipflops|latschen|sandalen|schuh|strandschuh|zehensandalen
ğŸ‘|gehen|herrenschuh|schuh
ğŸ‘Ÿ|laufen|rennen|schuh|sneaker|sportlich|sportschuh|turnschuh
ğŸ¥¾|brauner schuh|campen|camping|kleidungsstÃ¼ck|outdoor|rucksacktour|schuh|stiefel|wandern|wanderstiefel|wanderung
ğŸ¥¿|ballerina|ballet-pumps|bequem|flacher schuh|frauenschuh|kleidungsstÃ¼ck|schuh|slipper
ğŸ‘ |absatzschuh|damen|elegant|high heel|highheels|pumps|rot|schuh|stÃ¶ckelschuh|vornehm
ğŸ‘¡|damensandale|sandale|schuh
ğŸ©°|ballettschuhe|kleidung|schuhe|tanz
ğŸ‘¢|damenstiefel|schuh|stiefel
ğŸª®|afro pick|haare|haarkamm|kamm|kÃ¤mmen
ğŸ‘‘|kÃ¶nigin|kopfbedeckung|krone|majestÃ¤t
ğŸ‘’|damenhut mit schleife|hut|kleidung|kopfbedeckung|schleife
ğŸ©|hut|kopfbedeckung|unterhaltung|zauberer|zylinderhut
ğŸ“|abschlussfeier|diplom|doktorhut
ğŸ§¢|baseball-kappe|baseball-mÃ¼tze|baseballkappe|baseballmÃ¼tze|mÃ¼tze|schirmkappe
ğŸª–|armee|heer|helm|kÃ¤mpferin|krieg|militÃ¤rhelm|schutzhelm|soldatin
â›‘ï¸|bergen|erste hilfe|helm mit weiÃŸem kreuz|hilfe|kreuz|retten|rettungshelm|roter helm|sanitÃ¤ter|helm mit weissem kreuz
ğŸ“¿|beten|gebetskette|kette|religion|rosenkranz
ğŸ’„|kosmetik|lippenstift|make-up|makeup|rot|schminke
ğŸ’|diamantring|edelstein|ring|schmuck|verlobung
ğŸ’|diamant|edelstein
ğŸ”‡|durchgestrichener lautsprecher|leise|psst|stummgeschaltet
ğŸ”ˆ|eingeschaltet|lautsprecher mit geringer lautstÃ¤rke|ton an
ğŸ”‰|lautsprecher mit einer schallwelle|lautsprecher mit mittlerer lautstÃ¤rke|leise|mittellaut|ton
ğŸ”Š|dezibel|lautsprecher mit drei schallwellen|lautsprecher mit hoher lautstÃ¤rke|musik|schallwellen
ğŸ“¢|lautsprecher|megafon|schallendes megafon
ğŸ“£|jubel|lautsprecher|megafon
ğŸ“¯|brief|e-mail|posthorn
ğŸ””|ding dong|glocke|klingeling|ton eingeschaltet
ğŸ”•|durchgestrichene glocke|glocke|kein ton|leise|ton ausgeschaltet
ğŸ¼|musik|notenschlÃ¼ssel|partitur|violinschlÃ¼ssel
ğŸµ|lied|melodie|musiknote|note
ğŸ¶|musiknoten|noten
ğŸ™ï¸|mikrofon|studiomikrofon
ğŸšï¸|musik|schieberegler
ğŸ›ï¸|bedienknÃ¶pfe|drehregler|knÃ¶pfe|stellknÃ¶pfe
ğŸ¤|karaoke|mikrofon|singen|unterhaltung
ğŸ§|kopfhÃ¶rer|musik|unterhaltung
ğŸ“»|musik|radio
ğŸ·|instrument|musikinstrument|saxofon
ğŸª—|akkordeons|concertina|harmonika|instrument|musikinstrument|quetschkommoden|schifferklavier|spielen|ziehharmonikas
ğŸ¸|gitarre|instrument|musikinstrument
ğŸ¹|instrument|klaviatur|klavier|musikinstrument|piano|tastatur|tasten
ğŸº|instrument|musikinstrument|trompete
ğŸ»|geige|instrument|musikinstrument|violine
ğŸª•|banjo|instrument|musik|saiteninstrument|zupfinstrument
ğŸ¥|drumsticks|instrument|musik|schlÃ¤gel|sticks|trommelstÃ¶cke
ğŸª˜|afrikanische trommel|conga|handtrommel|instrument|musikinstrument|rhythmus|trommeln
ğŸª‡|cha-cha-cha|instrument|maracas|musikinstrument|musizieren|party|percussion|rasseln|tanzen|schÃ¼tteln|trommel
ğŸªˆ|band|blaskapelle|flÃ¶te|holzblasinstrument|instrument|musikinstrument|musizieren|orchester|spielmannszug|blockflÃ¶te|pfeife
ğŸ“±|handy|iphone|mobiltelefon|smartphone|telefonieren
ğŸ“²|anrufen|handy|iphone|kommunikation|mobiltelefon mit pfeil|pfeil|whatsapp
â˜ï¸|anrufen|festnetz|telefon
ğŸ“|anrufen|hÃ¶rer|kommunikation|telefonhÃ¶rer
ğŸ“Ÿ|kommunikation|pager|piepser
ğŸ“ |faxgerÃ¤t|kommunikation
ğŸ”‹|akku|batterie
ğŸª«|akku fast leer|akku leer|aufladen|batterie fast leer|batterie leer|elektronik|ladestand|niedriger akkustand|schwache batterie|schwacher akku
ğŸ”Œ|netzstecker|stecker|stromstecker
ğŸ’»|bildschirm|computermonitor|laptop|monitor|notebook|pc
ğŸ–¥ï¸|bildschirm|computer|desktopcomputer|imac|monitor
ğŸ–¨ï¸|computer|drucker
ğŸ–±ï¸|computermaus|maus
ğŸ–²ï¸|computer|trackball
ğŸ’½|md|minidisc|minidisk
ğŸ’¾|datentrÃ¤ger|diskette
ğŸ’¿|blu-ray|cd|dvd
ğŸ“€|blu-ray|cd|computer|dvd
ğŸ§®|abaki|abakusse|berechnung|kalkulation|mathematik|rechenhilfe|rechenrahmen|rechenschieber|rechnen|zÃ¤hlen|zÃ¤hlrahmen
ğŸ¥|filmkamera|kino|unterhaltung
ğŸï¸|filmband|filmstreifen|kino
ğŸ“½ï¸|filmprojektor|kino|unterhaltung
ğŸ¬|filmklappe|klappe|unterhaltung
ğŸ“º|fernsehen|fernseher|film|tv
ğŸ“·|fotoapparat|fotos|kamera
ğŸ“¸|blitz|fotoapparat mit blitz
ğŸ“¹|filmen|videokamera|videos
ğŸ“¼|vhs|videokassette
ğŸ”|lupe nach links|suche|vergrÃ¶ÃŸerungsglas|vergrÃ¶sserungsglas
ğŸ”|lupe nach rechts|suche|vergrÃ¶ÃŸerungsglas|vergrÃ¶sserungsglas
ğŸ•¯ï¸|kerze|licht
ğŸ’¡|glÃ¼hbirne|hell|idee|lampe|licht
ğŸ”¦|lampe|licht|taschenlampe
ğŸ®|izakaya|japanische laterne|japanisches lokal|rote papierlaterne
ğŸª”|diya|lampe|Ã¶llampe
ğŸ“”|einband|notizbuch mit dekorativem einband
ğŸ“•|buch|geschlossenes buch
ğŸ“–|bibliothek|blÃ¤ttern|buch|geÃ¶ffnet|lernen|lesen|offenes buch|seite
ğŸ“—|buch|grÃ¼nes buch|lesen
ğŸ“˜|blaues buch|buch
ğŸ“™|buch|orangefarbenes buch
ğŸ“š|bÃ¼cherstapel|fantasie|lesen|roman
ğŸ““|notizbuch|notizen
ğŸ“’|notizblock|spiralblock
ğŸ“ƒ|dokument|papier|seite|teilweise eingerolltes blatt
ğŸ“œ|papier|schriftrolle
ğŸ“„|dokument|papier|seite|vorderseite eines blattes
ğŸ“°|medien|nachrichten|presse|zeitung
ğŸ—ï¸|zeitung|zusammengerollte zeitung
ğŸ“‘|notizen|pagemarker
ğŸ”–|etikett|lesen|lesezeichen
ğŸ·ï¸|etikett|label|marke
ğŸ’°|geldsack|moneten|reich|sack
ğŸª™|bezahlen|dollar|euro|geld|goldesel|metall|mÃ¼nze|reich|schatz|silber|sparen
ğŸ’´|geldschein|yen-banknote
ğŸ’µ|dollar-banknote|geldschein|wÃ¤hrung
ğŸ’¶|euro-banknote|euroschein|geldschein
ğŸ’·|geldschein|pfund-banknote
ğŸ’¸|bank|euro|geldschein mit flÃ¼geln|knete|moneten
ğŸ’³|bankkarte|ec-karte|geldkarte|guthaben|karte|kreditkarte
ğŸ§¾|abrechnung|aufstellung|beleg|blatt|buchhalter|buchhaltung|quittung|rechnungswesen|schriftstÃ¼ck
ğŸ’¹|diagramm|markt|steigende kurve mit yen-zeichen|steigender trend mit yen-zeichen
ğŸ“§|brief|e-mail-symbol|post
ğŸ“¨|e-mail|eingehender briefumschlag|empfangen|umschlag
ğŸ“©|e-mail|gesendet|umschlag mit pfeil
ğŸ“¤|ablage|e-mail|postausgang
ğŸ“¥|ablage|e-mail|posteingang
ğŸ“¦|pÃ¤ckchen|paket
ğŸ“«|briefkasten|e-mail|geschlossener briefkasten mit post|post
ğŸ“ª|briefkasten|geschlossener briefkasten ohne post|keine e-mail|keine post|post
ğŸ“¬|briefkasten|e-mail|offener briefkasten mit post|post
ğŸ“­|briefkasten|keine e-mail|keine post|offener briefkasten ohne post|post
ğŸ“®|briefkasten|post
ğŸ—³ï¸|urne mit wahlzettel|wahlen|wahlzettel
âœï¸|bleistift|stift
ğŸ–‹ï¸|fÃ¼ller|fÃ¼llfedehalter|fÃ¼llfederhalter|fÃ¼llhalter|schreiben|stift
ğŸ–Šï¸|kugelschreiber|stift
ğŸ–Œï¸|kunst|malen|pinsel
ğŸ–ï¸|buntstift|filzstift|wachsmalstift
ğŸ“|bleistift|kurzmitteilung|nachricht|notiz|papier und bleistift|schreibblock|schreiben
ğŸ’¼|aktentasche|tasche
ğŸ“|akten|bÃ¼ro|dokument|geschlossen|ordner
ğŸ“‚|dokument|geÃ¶ffneter ordner|offen|ordner
ğŸ—‚ï¸|akten|bÃ¼roausstattung|bÃ¼romaterial|karteibahnen|karteikarten|karteireiter
ğŸ“…|datum|kalenderblatt
ğŸ“†|abreiÃŸkalender|datum|kalender|termin|abreisskalender
ğŸ—’ï¸|block|notizblock|papier
ğŸ—“ï¸|kalender|spiralkalender
ğŸ“‡|rotationskartei|visitenkarten
ğŸ“ˆ|aufwÃ¤rtstrend|diagramm|kurve|steigend
ğŸ“‰|abwÃ¤rtstrend|diagramm|fallend|kurve
ğŸ“Š|balkendiagramm|diagramm
ğŸ“‹|clipboard|clpboard|klemmbrett|zwischenablage
ğŸ“Œ|anpinnen|reiÃŸzwecke|reisszwecke
ğŸ“|anpinnen|reiÃŸzwecke|runde reiÃŸzwecke|stecknadel|reisszwecke|runde reisszwecke
ğŸ“|bÃ¼roklammer
ğŸ–‡ï¸|bÃ¼roklammern|verhakte bÃ¼roklammern
ğŸ“|lineal
ğŸ“|dreieckiges lineal|geodreieck|lineal
ğŸ—ƒï¸|bÃ¼roausstattung|bÃ¼romaterial|karteikasten
ğŸ—„ï¸|ablage|aktenschrank|archiv|schublade
ğŸ—‘ï¸|abfalleimer|papierkorb
ğŸ”’|datenschutz|geschlossenes schloss|schloss|sicherheit
ğŸ”“|nicht gesichert|offenes schloss|schloss
ğŸ”|datenschutz|privat|schloss mit fÃ¼ller|sicherheit
ğŸ”|datenschutz|privat|schloss mit schlÃ¼ssel|sicherheit
ğŸ”‘|passwort|schlieÃŸen|schlÃ¼ssel|schliessen
ğŸ—ï¸|alter schlÃ¼ssel|schloss|schlÃ¼ssel
ğŸ”¨|hammer|werkzeug
ğŸª“|axt|beil|hacken|holz|spalten|werkzeug
â›ï¸|pickel|werkzeug
ğŸ› ï¸|hammer und schraubenschlÃ¼ssel|schraubenschlÃ¼ssel|werkzeug
ğŸ—¡ï¸|dolch|schwert|waffe
ğŸ’£|bombe|comic|dynamit|explodieren
ğŸªƒ|aborigines|australien|boomerang|bumerang|schleuder|waffe|werfen
ğŸ¹|bogen|pfeil und bogen
ğŸ›¡ï¸|schild|schutzschild
ğŸªš|handsÃ¤ge|holz|sÃ¤gen|tischler|trimmen|werkzeug
ğŸ”§|schraubenschlÃ¼ssel|werkzeug
ğŸª›|schraubendreher|schraubenzieher|werkzeug
ğŸ”©|mutter und schraube|schraube
ğŸ—œï¸|schraubzwinge|werkzeug
ğŸ¦¯|barrierefreiheit|behinderung|blindenstock|gehstock
ğŸ”—|kettenglieder|linksymbol|verknÃ¼pfen|verknÃ¼pfungssymbol|zwei ringe
â›“ï¸â€ğŸ’¥|brechen|freiheit|gebrochene kette|handschellen|kette|zerbrechen|befreien|kaputte kette|losreissen|reissen
â›“ï¸|eisen|ketten
ğŸª|angelhaken|aufhaken|aufhÃ¤ngen|einhaken|haken|hÃ¤ngen|metallhaken
ğŸ§°|box|handkasten|kasten|kiste|mechaniker|rote kiste|werkzeugkasten|werkzeugkiste|werkzeugkoffer
ğŸ§²|anziehungskraft|hufeisen|magnetisch|pole|positiv negativ|u-form
ğŸªœ|hochsteigen|holzleiter|klettern|leiter|sprosse|stufe
ğŸ§ª|chemie|chemikalie|chemiker|experiment|labor|reagenzglas|substanz|versuche|wissenschaft
ğŸ§«|bakterienkultur|biologe|biologie|biologin|kultur|labor|petrischale|pipette|probe
ğŸ§¬|biologe|biologie|biologin|dna|dns|evolution|genetik|genmanipulation|leben
ğŸ”¬|labor|mikroskop|untersuchen|wissenschaft
ğŸ”­|himmel|teleskop
ğŸ“¡|antenne|sat-schÃ¼ssel|satellitenschÃ¼ssel|satschÃ¼ssel|schÃ¼ssel
ğŸ’‰|arzt|impfen|impfung|injektion|kanÃ¼le|nadel|spritze
ğŸ©¸|blutspende|blutstropfen|flÃ¼ssigkeit|medizin|menstruation
ğŸ’Š|arznei|arzt|kapsel|medizin|pille|tabletten
ğŸ©¹|heftpflaster|pflaster|verletzt|wunde
ğŸ©¼|behinderung|beinverletzung|fuÃŸverletzung|gehhilfe|gehstÃ¼tze|hilfe|krÃ¼cke|schmerzen|stock|verletzt|verletzung|fussverletzung
ğŸ©º|abhÃ¶ren|arzt|doktor|herzschlag|medizin|stethoskop|untersuchung
ğŸ©»|durchleuchten|knochen|medizin|radiologie|rippen|rÃ¶ntgenbild|rÃ¶ntgenstrahlen|skelett
ğŸšª|eingang|geschlossen|tÃ¼r|ausgang
ğŸ›—|aufzug|fahrstuhl|haus|lift|symbol|transport
ğŸª|holzspiegel|reflexion|spiegelbild|wandspiegel
ğŸªŸ|aussicht|durchsichtig|fensterrahmen|frische luft|glas|haus|lÃ¼ften|Ã¶ffnung|rahmen
ğŸ›ï¸|bett|hotel|schlafen|Ã¼bernachtung
ğŸ›‹ï¸|couch|lampe|sofa und lampe
ğŸª‘|holzstuhl|mÃ¶bel|sitzen|stuhl
ğŸš½|klo|toilette|wc
ğŸª |abfluss|gummiglocke|klempner|klo|pÃ¶mpel|pÃ¼mpel|sanitÃ¤r|saugglocken|toilette|verstopft|wc|werkzeug
ğŸš¿|dusche|duschkopf
ğŸ›|badewanne|badezimmer|dusche
ğŸª¤|anlocken|falle|kÃ¤se|mausefalle|mÃ¤usefalle
ğŸª’|klinge|rasieren|rasierer|rasiermesser|scharf
ğŸ§´|creme|feuchtigkeitscreme|feuchtigkeitsmilch|haarwaschmittel|kÃ¶rpercreme|lotion|nachtcreme|shampoo|sonnencreme
ğŸ§·|punk|sicherheitsnadel|windel
ğŸ§¹|besen|fegen|hexenbesen|kehren|reinigen|sauber machen|sÃ¤ubern
ğŸ§º|bauernhof|korb|landwirtschaft|picknick|tragekorb|wÃ¤schekorb
ğŸ§»|hygiene|klopapier|kÃ¼chenrolle|papierrolle|papiertÃ¼cher|toilettenpapier|wc-papier
ğŸª£|behÃ¤lter|bottich|eimer|kÃ¼bel|wassereimer
ğŸ§¼|baden|putzen|reinigen|riegel|sauber machen|sÃ¤ubern|schaum|schÃ¤umen|seifenschale|seifenstÃ¼ck
ğŸ«§|blasen|perlen|reinigen|schaum|schweben|seifenblasen|unter wasser|wasserblasen|sauber
ğŸª¥|badezimmer|bÃ¼rste|kÃ¶rperpflege|mundhygiene|putzen|sauber|zahnbÃ¼rste|zÃ¤hne|zahnhygiene
ğŸ§½|absorbieren|aufsaugen|lÃ¶chrig|porÃ¶s|putzen|putzmittel|reinigen|sauber machen|schaum|schÃ¤umen|schwamm
ğŸ§¯|feuerlÃ¶scher|lÃ¶schen
ğŸ›’|einkaufen|einkaufswagen
ğŸš¬|kippe|rauchen|rauchersymbol|zigarette
âš°ï¸|beerdigung|sarg|tod|tot|vampir
ğŸª¦|friedhof|grabstein|rip|tot
âš±ï¸|beerdigung|tod|tot|urne
ğŸ§¿|amulett|blau|bÃ¶ser blick|glasperle|glÃ¼cksbringer|kÃ¼gelchen|nazar-amulett|perle|talisman
ğŸª¬|amulett|auge in offener hand|fatima|glÃ¼ckssymbol|hamsa|hand|jÃ¼disch|maria|muslimisch|schutz
ğŸ—¿|gesicht|maske|osterinsel|statue
ğŸª§|ankÃ¼ndigung|bekanntmachung|demonstration|hinweis|mahnwache|plakat|protestschild|schild
ğŸªª|ausweis|dokument|fÃ¼hrerschein|karte|pass|personalausweis|plakette|reisepass|fahrausweis|id
ğŸ§|atm|geldautomat|symbol geldautomat
ğŸš®|abfall|mÃ¼lleimer|sauberkeit|symbol papierkorb|wegschmeiÃŸen|wegwerfen|wegschmeissen|papierkorb
ğŸš°|trinkwasser|wasserhahn
â™¿|barrierefrei|behindertengerecht|rollstuhl|symbol rollstuhl
ğŸš¹|herrentoilette|wc
ğŸšº|damentoilette|wc
ğŸš»|toiletten|wc
ğŸš¼|symbol baby|wickelraum|baby-symbol
ğŸš¾|toilette|wc
ğŸ›‚|passkontrolle
ğŸ›ƒ|zollkontrolle
ğŸ›„|gepÃ¤ckausgabe
ğŸ›…|gepÃ¤ckaufbewahrung|schlieÃŸfach|schliessfach
âš ï¸|achtung|dreieck|vorsicht|warnschild|warnung
ğŸš¸|kinder Ã¼berqueren die straÃŸe|kinder-queren-die-straÃŸe-schild|straÃŸenschild|vorsicht|kinder-queren-die-strasse-schild
â›”|einbahnstrasse|kein zutritt|keine durchfahrt|verboten|zutritt verboten|zutritt-verboten-schild|halt
ğŸš«|kein zutritt|kein-zutritt-zeichen|verboten|verbotszeichen
ğŸš³|fahhrad|fahrrad-verboten-schild|fahrrÃ¤der verboten|radfahren verboten|verboten
ğŸš­|rauchen verboten|rauchverbot|zigarette
ğŸš¯|abfall|mÃ¼ll-verboten-zeichen|verboten
ğŸš±|kein trinkwasser|verboten|verschmutzt|wasser
ğŸš·|fuÃŸgÃ¤nger verboten|fuÃŸgÃ¤nger-verboten-schild|verboten|fussgÃ¤nger-verboten-schild
ğŸ“µ|handy|mobiltelefone verboten|verbot
ğŸ”|erwachsene|minderjÃ¤hrige verboten|mindestalter|nicht jugendfrei|zeichen mit durchgestrichener 18
â¬†ï¸|aufwÃ¤rtspfeil|nach oben|norden|pfeil nach oben|hoch
â¡ï¸|nach rechts|osten|pfeil nach rechts|rechtspfeil
â¬‡ï¸|abwÃ¤rtspfeil|nach unten|pfeil nach unten|sÃ¼den|runter
â¬…ï¸|linkspfeil|nach links|pfeil nach links|westen
â†©ï¸|geschwungener pfeil nach links|links|nach links|pfeil
â†ªï¸|geschwungen|nach rechts|pfeil|rechts|umdrehen
ğŸ”ƒ|im uhrzeigersinn|kreisfÃ¶rmige pfeile im uhrzeigersinn|pfeile
ğŸ”„|gegen den uhrzeigersinn|kreisfÃ¶rmige pfeile gegen den uhrzeigersinn|pfeile gegen den uhrzeigersinn
ğŸ”™|back-pfeil|links|pfeil|zurÃ¼ck
ğŸ”š|end-pfeil|ende-zeichen|links|pfeil
ğŸ”›|anschalten|ein-zeichen|einschaltem|on!-pfeil|pfeil|rechts und links
ğŸ”œ|bald-zeichen|pfeil|rechts|soon-pfeil
ğŸ”|pfeil nach oben|top-pfeil|top-zeichen|hoch
ğŸ›|kultstÃ¤tte|religion|religiÃ¶se stÃ¤tte
âš›ï¸|atheist|atomzeichen
ğŸ•‰ï¸|hinduismus|om|religion
â˜¯ï¸|daoismus|religion|yang|yin und yang
âœï¸|christentum|kreuz|lateinisch|religion|rÃ¶misch
â˜ªï¸|hilal|islam|muslim|religion|stern
â˜®ï¸|friedensbewegung|friedenssymbol|friedenszeichen
ğŸ•|leuchter|menora|religion
ğŸ”¯|hexagramm mit punkt|wahrsager
ğŸª¯|deg tegh fateh|glaube|khalsa|khanda-emblem|religion|schwert|sikhismus
â™Š|horoskop|sternzeichen|zwillinge (sternzeichen)
â™‹|krebs (sternzeichen)|sternzeichen
â™Œ|horoskop|lÃ¶we (sternzeichen)|sternzeichen
â™|horoskop|jungfrau (sternzeichen)|sternzeichen
â™|horoskop|sternzeichen|waage (sternzeichen)
â™|horoskop|skorpion (sternzeichen)|sternzeichen
â›|schlagentrÃ¤ger|schlangentrÃ¤ger|sternbild
ğŸ”€|gekreuzt|pfeile|richtung|verschlungene pfeile nach rechts|zufallsmodus
ğŸ”|im uhrzeigersinn|keycap|pfeile|tastenkappe|wiederholen
ğŸ”‚|dasselbe wiederholen|einmal|im uhrzeigersinn|noch einmal|pfeile|titel wiederholen|wiederholen
â–¶ï¸|abspielen|dreieck|pfeil|rechts|wiedergabe
â©|doppelpfeile nach rechts|Ã¼berspringen|vorwÃ¤rts|weiter
â­ï¸|doppelpfeil|dreieck|nÃ¤chster titel|vorwÃ¤rts|weiter
â¯ï¸|dreieck|pause|pfeil|rechts|wiedergabe oder pause
â—€ï¸|dreieck|links|pfeil|zurÃ¼ck
âª|doppelpfeile nach links|dreieck|pfeil|vorheriger titel|zurÃ¼ckspulen
â®ï¸|doppelpfeil|dreieck|pfeil|vorheriger titel|zurÃ¼ck
ğŸ”¼|aufwÃ¤rts-schaltflÃ¤che|nach oben|pfeil|schaltflÃ¤che
â«|aufwÃ¤rts|doppelpfeile nach oben|doppelt|nach oben|pfeil
ğŸ”½|abwÃ¤rts-schaltflÃ¤che|nach unten|pfeil|schaltflÃ¤che
â¬|doppelpfeile nach unten|doppelt abwÃ¤rts|nach unten|pfeil
â¸ï¸|keycap|pause|streifen|tastenkappe|vertikal
â¹ï¸|aufnahme stoppen|keycap|quadrat|stopp|tastenkappe
âºï¸|aufnahme|aufnehmen|keycap|kreis|tastenkappe
âï¸|auswerfen|auswurftaste|medien
ğŸ¦|filmkamera in blauem quadrat|kinosymbol|unterhaltung
ğŸ”…|dimmen|gedimmt|helligkeit|schwache helligkeit|taste dimmen
ğŸ”†|heller-taste|helligkeit|starke helligkeit
ğŸ“¶|balkenfÃ¶rmige signalstÃ¤rkenanzeige|empfang|mobilfunksignal|mobiltelefon|signalstÃ¤rke
ğŸ›œ|computer|drahtlos|hotspot|internet|kabellos|netzwerk|router|verbindung|wi-fi|wlan|wifi
ğŸ“³|handy|kommunikation|mobiltelefon|symbol fÃ¼r vibrationsalarm|vibrationsmodus|vibrieren
ğŸ“´|ausschalten|handy aus|mobiltelefon aus
âš§ï¸|symbol fÃ¼r transgender|transgender-symbol
ğŸŸ°|gleichheitszeichen extrafett|ist gleich|mathematik|vergleichszeichen
â™¾ï¸|ewig|grenzenlos|unendlichkeit
â€¼ï¸|ausrufezeichen|doppeltes ausrufezeichen|muss|rot|satzzeichen
ğŸ’±|geldwechsel|wÃ¤hrung|wechsel
ğŸ’²|bezahlen|dollar-zeichen|dollarzeichen extrafett|geld|knete|moneten|teuer|usd|wÃ¤hrung
â™»ï¸|grÃ¼ne punkt|grÃ¼ner punkt|recycling-symbol
âšœï¸|fleur-de-lis|lilie
ğŸ”±|anker|dreizack|poseidon|triton
ğŸ“›|namensschild|schild
ğŸ”°|anfÃ¤nger|japanisches anfÃ¤nger-zeichen|japanisches symbol
â­•|groÃŸer kreis|hohler roter kreis|kreis|o|rot|grosser kreis
âŒ|abbrechen|durchgestrichen|kreuzzeichen|mal|multiplikation|multiplizieren|rotes kreuz|x
â|angekreuztes feld|angekreuztes kÃ¤stchen|feld|kreuzsymbol im quadrat|quadrat|x
â°|schleife|looping
â¿|blau|doppelschleife|rechteck|schleife
ã€½ï¸|japanisch|teilalternationszeichen|zeichensetzung
ğŸ” |abcd|buchstaben|groÃŸbuchstaben|groÃŸschreiben|eingabesymbol lateinische grossbuchstaben|grossbuchstaben|lateinische grossbuchstaben
ğŸ”¡|eingabesymbol lateinische kleinbuchstaben|kleinbuchstaben|lateinische kleinbuchstaben
ğŸ”¢|1234|eingabesymbol|symbol|zahlen|ziffern
ğŸ”£|&|%|â™ª|ã€’|eingabesymbol|keycap|sonderzeichen|symbol|tastenkappe
ğŸ”¤|abc|alphabet|buchstaben|eingabesymbol|lateinisch|symbol
ğŸ…°ï¸|a|blutgruppe|groÃŸbuchstabe|negativ|positiv|grossbuchstabe a in quadrat
ğŸ†|ab|blutgruppe|groÃŸbuchstaben ab in rotem quadrat|negativ|positiv|grossbuchstaben ab in rotem quadrat
ğŸ…±ï¸|blutgruppe|groÃŸbuchstabe|negativ|positiv|grossbuchstabe b in quadrat
ğŸ†‘|cl|groÃŸbuchstaben cl in rotem quadrat|grossbuchstaben cl in rotem quadrat
ğŸ†’|cool|wort cool in blauem quadrat
ğŸ†“|free|wort free in blauem quadrat
ğŸ†”|groÃŸbuchstaben id in lila quadrat|id|grossbuchstaben id in lila quadrat
â“‚ï¸|buchstabe|eingekreist|groÃŸbuchstabe|kreis|m|grossbuchstabe
ğŸ†•|neu|new|wort new in blauem quadrat
ğŸ†–|groÃŸbuchstaben ng in blauem quadrat|ng|grossbuchstaben ng in blauem quadrat
ğŸ…¾ï¸|0|blutgruppe|groÃŸbuchstabe|negativ|o|positiv|grossbuchstabe o in quadrat
ğŸ†—|groÃŸbuchstaben|keycap|okay|tastenkappe|grossbuchstaben ok in blauem quadrat
ğŸ…¿ï¸|groÃŸbuchstabe|parken|parkplatz|taste|grossbuchstabe p in quadrat|quadrat
ğŸ†˜|hilfe|sos-zeichen
ğŸ†™|keycap|tastenkappe|up!
ğŸ†š|gegen|taste|versus|vs|grossbuchstaben vs in orangefarbenem quadrat
ğŸˆ|koko|japanisches schriftzeichen|schriftzeichen koko
ğŸˆ‚ï¸|sa|japanisches schriftzeichen|schriftzeichen sa
ğŸˆ·ï¸|japanisch|monatlich|monatsbetrag|mond|schriftzeichen|taste
ğŸˆ¶|berechnen|existieren|japanisch|nicht gratis|schriftzeichen|taste
ğŸˆ¯|finger|japanisches schriftzeichen|reserviert|schriftzeichen fÃ¼r finger|schriftzeichen fÃ¼r reserviert
ğŸ‰|japanisches schriftzeichen|schnÃ¤ppchen|schriftzeichen fÃ¼r schnÃ¤ppchen|schriftzeichen fÃ¼r vorteil|vorteil
ğŸˆ¹|japanisches schriftzeichen|rabatt|schriftzeichen fÃ¼r rabatt|schriftzeichen fÃ¼r teilen|teilen
ğŸˆš|gratis|japanisches schriftzeichen|schriftzeichen fÃ¼r gratis|schriftzeichen fÃ¼r verhandlung|verhandlung
ğŸˆ²|japanisches schriftzeichen|kanji|schriftzeichen fÃ¼r verbieten|verbieten
ğŸ‰‘|akzeptieren|japanisch|schriftzeichen
ğŸˆ¸|anwenden|chinesisches schriftzeichen|japanisches schriftzeichen|schriftzeichen fÃ¼r anwenden
ğŸˆ´|bestanden|bestehen|chinesisches schriftzeichen|japanisches schriftzeichen|schriftzeichen fÃ¼r note zum bestehen|schriftzeichen fÃ¼r zusammen|zusammen
ğŸˆ³|chinesisches schriftzeichen|japanisches schriftzeichen|leer|schriftzeichen fÃ¼r leer|schriftzeichen fÃ¼r zimmer frei|zimmer frei
ğŸˆº|betrieb|chinesisches schriftzeichen|geÃ¶ffnet|japanisches schriftzeichen|schriftzeichen fÃ¼r betrieb|schriftzeichen fÃ¼r geÃ¶ffnet
ğŸˆµ|belegt|besetzt|chinesisches schriftzeichen|fÃ¼lle|japanisches schriftzeichen|kanji|kein zimmer frei|schriftzeichen fÃ¼r fÃ¼lle|schriftzeichen fÃ¼r kein zimmer frei
ğŸ”´|ball|groÃŸer roter kreis|kreis|punkt|roter punkt|grosser roter kreis
ğŸŸ |form|kreis|orange scheibe|oranger kreis|oranger punkt|punkt
ğŸŸ¡|form|gelbe scheibe|gelber kreis|gelber punkt|kreis|punkt|scheibe
ğŸŸ¢|form|grÃ¼ne scheibe|grÃ¼ner kreis|grÃ¼ner punkt|kreis|punkt
ğŸ”µ|ball|blauer punkt|groÃŸer blauer kreis|kreis|punkt|grosser blauer kreis
ğŸŸ£|form|kreis|lila|punkt|scheibe|violett
ğŸŸ¤|braune scheibe|brauner kreis|brauner punkt|form|kreis|punkt
âš«|ball|groÃŸer schwarzer kreis|kreis|punkt|rund|schwarzer punkt|grosser schwarzer kreis
âšª|ball|groÃŸer weiÃŸer kreis|kreis|punkt|weiÃŸer punkt|grosser weisser kreis|weiss
ğŸŸ¥|form|quadrat|rotes quadrat|rotes viereck|viereck
ğŸŸ§|form|oranges quadrat|oranges viereck|quadrat|viereck
ğŸŸ¨|form|gelbes quadrat|gelbes viereck|quadrat|viereck
ğŸŸ©|form|grÃ¼nes quadrat|grÃ¼nes viereck|quadrat|viereck
ğŸŸ¦|blaues quadrat|blaues viereck|form|quadrat|viereck
ğŸŸª|form|lila|quadrat|viereck|violett
ğŸŸ«|braunes quadrat|braunes viereck|form|quadrat|viereck
â¬›|groÃŸes schwarzes quadrat|quadrat|schwarz|grosses schwarzes quadrat
â¬œ|groÃŸes weiÃŸes quadrat|quadrat|weiÃŸ|grosses weisses quadrat|weiss
â—¼ï¸|mittelgroÃŸes schwarzes quadrat|quadrat|schwarz|mittelgrosses schwarzes quadrat
â—»ï¸|mittelgroÃŸes weiÃŸes quadrat|quadrat|weiÃŸ|mittelgrosses weisses quadrat|weiss
â—¾|mittelkleines schwarzes quadrat|quadrat|schwarz
â—½|geometrisch|mittelkleines weiÃŸes quadrat|quadrat|weiÃŸ|mittelkleines weisses quadrat|weiss
â–ªï¸|kleines schwarzes quadrat|punkt|quadrat|schwarz
â–«ï¸|kleines weiÃŸes quadrat|quadrat|weiÃŸ|kleines weisses quadrat|weiss
ğŸ”¶|groÃŸe orangefarbene raute|orangefarben|raute|grosse orangefarbene raute
ğŸ”·|blau|groÃŸe blaue raute|raute|grosse blaue raute
ğŸ”¸|kleine orangefarbene raute|orangefarben|raute
ğŸ”¹|blau|kleine blaue raute|raute
ğŸ”º|aufwÃ¤rts|dreieck|rotes dreieck mit der spitze nach oben|rotes dreieck mit spitze oben
ğŸ”»|abwÃ¤rts|dreieck|rotes dreieck mit der spitze nach unten
ğŸ’ |diamant|mit punkt|rautenform mit punkt
ğŸ”˜|optionsfeld|schaltflÃ¤che
ğŸ”³|quadratisch|schaltflÃ¤che|weiÃŸe quadratische schaltflÃ¤che|weisse quadratische schaltflÃ¤che
ğŸ”²|quadratisch|schaltflÃ¤che|schwarze quadratische schaltflÃ¤che
ğŸ|flagge|formel 1|karierte flagge|nascar|rennen|sport|zielflagge
ğŸš©|dreiecksflagge|flagge|rot|standortflagge|wimpel
ğŸŒ|japanische flaggen|Ã¼berkreuzte flaggen|flaggen
ğŸ´|fahne|schwarze fahne|schwarze flagge|wehende schwarze fahne|flagge
ğŸ³ï¸|fahne|wehende weiÃŸe fahne|weiÃŸe fahne|weiÃŸe flagge|wehende weisse fahne|weisse fahne|flagge
ğŸ³ï¸â€ğŸŒˆ|bisexuell|bunt|fahne|flagge|lesbisch|pride|queer|regenbogenflagge|schwul|trans|lgbtqia
ğŸ³ï¸â€âš§ï¸|flagge|transgender-flagge|hellblau|pink|transgenderflagge|weiss|lgbtqia
ğŸ´â€â˜ ï¸|jolly roger|piratenfahne|piratenflagge|schatz|flagge
ğŸ‡¦ğŸ‡©|andorra
ğŸ‡¦ğŸ‡ª|vereinigte arabische emirate
ğŸ‡¦ğŸ‡«|afghanistan
ğŸ‡¦ğŸ‡¬|antigua und barbuda
ğŸ‡¦ğŸ‡®|anguilla
ğŸ‡¦ğŸ‡±|albanien
ğŸ‡¦ğŸ‡²|armenien
ğŸ‡¦ğŸ‡´|angola
ğŸ‡¦ğŸ‡¶|antarktis
ğŸ‡¦ğŸ‡·|argentinien
ğŸ‡¦ğŸ‡¸|amerikanisch-samoa
ğŸ‡¦ğŸ‡¹|Ã¶sterreich
ğŸ‡¦ğŸ‡º|australien
ğŸ‡¦ğŸ‡¼|aruba
ğŸ‡¦ğŸ‡½|Ã¥landinseln
ğŸ‡¦ğŸ‡¿|aserbaidschan
ğŸ‡§ğŸ‡¦|bosnien und herzegowina
ğŸ‡§ğŸ‡§|barbados
ğŸ‡§ğŸ‡©|bangladesch
ğŸ‡§ğŸ‡ª|belgien
ğŸ‡§ğŸ‡«|burkina faso
ğŸ‡§ğŸ‡¬|bulgarien
ğŸ‡§ğŸ‡­|bahrain
ğŸ‡§ğŸ‡®|burundi
ğŸ‡§ğŸ‡¯|benin
ğŸ‡§ğŸ‡±|st. barthÃ©lemy
ğŸ‡§ğŸ‡²|bermuda
ğŸ‡§ğŸ‡³|brunei darussalam
ğŸ‡§ğŸ‡´|bolivien
ğŸ‡§ğŸ‡¶|karibische niederlande
ğŸ‡§ğŸ‡·|brasilien
ğŸ‡§ğŸ‡¸|bahamas
ğŸ‡§ğŸ‡¹|bhutan
ğŸ‡§ğŸ‡¼|botsuana|botswana
ğŸ‡§ğŸ‡¾|belarus
ğŸ‡§ğŸ‡¿|belize
ğŸ‡¨ğŸ‡¦|kanada
ğŸ‡¨ğŸ‡¨|kokosinseln
ğŸ‡¨ğŸ‡©|kongo-kinshasa
ğŸ‡¨ğŸ‡«|zentralafrikanische republik
ğŸ‡¨ğŸ‡¬|kongo-brazzaville
ğŸ‡¨ğŸ‡­|schweiz
ğŸ‡¨ğŸ‡®|cÃ´te dâ€™ivoire
ğŸ‡¨ğŸ‡°|cookinseln
ğŸ‡¨ğŸ‡±|chile
ğŸ‡¨ğŸ‡²|kamerun
ğŸ‡¨ğŸ‡³|china
ğŸ‡¨ğŸ‡´|kolumbien
ğŸ‡¨ğŸ‡·|costa rica
ğŸ‡¨ğŸ‡º|kuba
ğŸ‡¨ğŸ‡»|cabo verde|kapverden
ğŸ‡¨ğŸ‡¼|curaÃ§ao
ğŸ‡¨ğŸ‡½|weihnachtsinsel
ğŸ‡¨ğŸ‡¾|zypern
ğŸ‡¨ğŸ‡¿|tschechien
ğŸ‡©ğŸ‡ª|deutschland
ğŸ‡©ğŸ‡¯|dschibuti
ğŸ‡©ğŸ‡°|dÃ¤nemark
ğŸ‡©ğŸ‡²|dominica
ğŸ‡©ğŸ‡´|dominikanische republik
ğŸ‡©ğŸ‡¿|algerien
ğŸ‡ªğŸ‡¨|ecuador
ğŸ‡ªğŸ‡ª|estland
ğŸ‡ªğŸ‡¬|Ã¤gypten
ğŸ‡ªğŸ‡­|westsahara
ğŸ‡ªğŸ‡·|eritrea
ğŸ‡ªğŸ‡¸|spanien
ğŸ‡ªğŸ‡¹|Ã¤thiopien
ğŸ‡ªğŸ‡º|europÃ¤ische union
ğŸ‡«ğŸ‡®|finnland
ğŸ‡«ğŸ‡¯|fidschi
ğŸ‡«ğŸ‡°|falklandinseln
ğŸ‡«ğŸ‡²|mikronesien
ğŸ‡«ğŸ‡´|fÃ¤rÃ¶er
ğŸ‡«ğŸ‡·|frankreich
ğŸ‡¬ğŸ‡¦|gabun
ğŸ‡¬ğŸ‡§|vereinigtes kÃ¶nigreich
ğŸ‡¬ğŸ‡©|grenada
ğŸ‡¬ğŸ‡ª|georgien
ğŸ‡¬ğŸ‡«|franzÃ¶sisch-guayana
ğŸ‡¬ğŸ‡¬|guernsey
ğŸ‡¬ğŸ‡­|ghana
ğŸ‡¬ğŸ‡®|gibraltar
ğŸ‡¬ğŸ‡±|grÃ¶nland
ğŸ‡¬ğŸ‡²|gambia
ğŸ‡¬ğŸ‡³|guinea
ğŸ‡¬ğŸ‡µ|guadeloupe
ğŸ‡¬ğŸ‡¶|Ã¤quatorialguinea
ğŸ‡¬ğŸ‡·|griechenland
ğŸ‡¬ğŸ‡¸|sÃ¼dgeorgien und die sÃ¼dlichen sandwichinseln
ğŸ‡¬ğŸ‡¹|guatemala
ğŸ‡¬ğŸ‡º|guam
ğŸ‡¬ğŸ‡¼|guinea-bissau
ğŸ‡¬ğŸ‡¾|guyana
ğŸ‡­ğŸ‡°|sonderverwaltungsregion hongkong
ğŸ‡­ğŸ‡³|honduras
ğŸ‡­ğŸ‡·|kroatien
ğŸ‡­ğŸ‡¹|haiti
ğŸ‡­ğŸ‡º|ungarn
ğŸ‡®ğŸ‡¨|kanarische inseln
ğŸ‡®ğŸ‡©|indonesien
ğŸ‡®ğŸ‡ª|irland
ğŸ‡®ğŸ‡±|israel
ğŸ‡®ğŸ‡²|isle of man
ğŸ‡®ğŸ‡³|indien
ğŸ‡®ğŸ‡´|britisches territorium im indischen ozean
ğŸ‡®ğŸ‡¶|irak
ğŸ‡®ğŸ‡·|iran
ğŸ‡®ğŸ‡¸|island
ğŸ‡®ğŸ‡¹|italien
ğŸ‡¯ğŸ‡ª|jersey
ğŸ‡¯ğŸ‡²|jamaika
ğŸ‡¯ğŸ‡´|jordanien
ğŸ‡¯ğŸ‡µ|japan
ğŸ‡°ğŸ‡ª|kenia
ğŸ‡°ğŸ‡¬|kirgisistan
ğŸ‡°ğŸ‡­|kambodscha
ğŸ‡°ğŸ‡®|kiribati
ğŸ‡°ğŸ‡²|komoren
ğŸ‡°ğŸ‡³|st. kitts und nevis
ğŸ‡°ğŸ‡µ|nordkorea
ğŸ‡°ğŸ‡·|sÃ¼dkorea
ğŸ‡°ğŸ‡¼|kuwait
ğŸ‡°ğŸ‡¾|kaimaninseln
ğŸ‡°ğŸ‡¿|kasachstan
ğŸ‡±ğŸ‡¦|laos
ğŸ‡±ğŸ‡§|libanon
ğŸ‡±ğŸ‡¨|st. lucia
ğŸ‡±ğŸ‡®|liechtenstein
ğŸ‡±ğŸ‡°|sri lanka
ğŸ‡±ğŸ‡·|liberia
ğŸ‡±ğŸ‡¸|lesotho
ğŸ‡±ğŸ‡¹|litauen
ğŸ‡±ğŸ‡º|luxemburg
ğŸ‡±ğŸ‡»|lettland
ğŸ‡±ğŸ‡¾|libyen
ğŸ‡²ğŸ‡¦|marokko
ğŸ‡²ğŸ‡¨|monaco
ğŸ‡²ğŸ‡©|republik moldau
ğŸ‡²ğŸ‡ª|montenegro
ğŸ‡²ğŸ‡¬|madagaskar
ğŸ‡²ğŸ‡­|marshallinseln
ğŸ‡²ğŸ‡°|nordmazedonien
ğŸ‡²ğŸ‡±|mali
ğŸ‡²ğŸ‡²|myanmar
ğŸ‡²ğŸ‡³|mongolei
ğŸ‡²ğŸ‡´|sonderverwaltungsregion macau
ğŸ‡²ğŸ‡µ|nÃ¶rdliche marianen
ğŸ‡²ğŸ‡¶|martinique
ğŸ‡²ğŸ‡·|mauretanien
ğŸ‡²ğŸ‡¸|montserrat
ğŸ‡²ğŸ‡¹|malta
ğŸ‡²ğŸ‡º|mauritius
ğŸ‡²ğŸ‡»|malediven
ğŸ‡²ğŸ‡¼|malawi
ğŸ‡²ğŸ‡½|mexiko
ğŸ‡²ğŸ‡¾|malaysia
ğŸ‡²ğŸ‡¿|mosambik
ğŸ‡³ğŸ‡¦|namibia
ğŸ‡³ğŸ‡¨|neukaledonien
ğŸ‡³ğŸ‡ª|niger
ğŸ‡³ğŸ‡«|norfolkinsel
ğŸ‡³ğŸ‡¬|nigeria
ğŸ‡³ğŸ‡®|nicaragua
ğŸ‡³ğŸ‡±|niederlande
ğŸ‡³ğŸ‡´|norwegen
ğŸ‡³ğŸ‡µ|nepal
ğŸ‡³ğŸ‡·|nauru
ğŸ‡³ğŸ‡º|niue
ğŸ‡³ğŸ‡¿|neuseeland
ğŸ‡´ğŸ‡²|oman
ğŸ‡µğŸ‡¦|panama
ğŸ‡µğŸ‡ª|peru
ğŸ‡µğŸ‡«|franzÃ¶sisch-polynesien
ğŸ‡µğŸ‡¬|papua-neuguinea
ğŸ‡µğŸ‡­|philippinen
ğŸ‡µğŸ‡°|pakistan
ğŸ‡µğŸ‡±|polen
ğŸ‡µğŸ‡²|st. pierre und miquelon
ğŸ‡µğŸ‡³|pitcairninseln
ğŸ‡µğŸ‡·|puerto rico
ğŸ‡µğŸ‡¸|palÃ¤stinensische autonomiegebiete
ğŸ‡µğŸ‡¹|portugal
ğŸ‡µğŸ‡¼|palau
ğŸ‡µğŸ‡¾|paraguay
ğŸ‡¶ğŸ‡¦|katar
ğŸ‡·ğŸ‡ª|rÃ©union
ğŸ‡·ğŸ‡´|rumÃ¤nien
ğŸ‡·ğŸ‡¸|serbien
ğŸ‡·ğŸ‡º|russland
ğŸ‡·ğŸ‡¼|ruanda
ğŸ‡¸ğŸ‡¦|saudi-arabien
ğŸ‡¸ğŸ‡§|salomonen|salomon-inseln
ğŸ‡¸ğŸ‡¨|seychellen
ğŸ‡¸ğŸ‡©|sudan
ğŸ‡¸ğŸ‡ª|schweden
ğŸ‡¸ğŸ‡¬|singapur
ğŸ‡¸ğŸ‡­|st. helena
ğŸ‡¸ğŸ‡®|slowenien
ğŸ‡¸ğŸ‡°|slowakei
ğŸ‡¸ğŸ‡±|sierra leone
ğŸ‡¸ğŸ‡²|san marino
ğŸ‡¸ğŸ‡³|senegal
ğŸ‡¸ğŸ‡´|somalia
ğŸ‡¸ğŸ‡·|suriname
ğŸ‡¸ğŸ‡¸|sÃ¼dsudan
ğŸ‡¸ğŸ‡¹|sÃ£o tomÃ© und prÃ­ncipe
ğŸ‡¸ğŸ‡»|el salvador
ğŸ‡¸ğŸ‡½|sint maarten
ğŸ‡¸ğŸ‡¾|syrien
ğŸ‡¸ğŸ‡¿|eswatini
ğŸ‡¹ğŸ‡¨|turks- und caicosinseln
ğŸ‡¹ğŸ‡©|tschad
ğŸ‡¹ğŸ‡«|franzÃ¶sische sÃ¼d- und antarktisgebiete
ğŸ‡¹ğŸ‡¬|togo
ğŸ‡¹ğŸ‡­|thailand
ğŸ‡¹ğŸ‡¯|tadschikistan
ğŸ‡¹ğŸ‡°|tokelau
ğŸ‡¹ğŸ‡±|timor-leste|osttimor
ğŸ‡¹ğŸ‡²|turkmenistan
ğŸ‡¹ğŸ‡³|tunesien
ğŸ‡¹ğŸ‡´|tonga
ğŸ‡¹ğŸ‡·|tÃ¼rkei
ğŸ‡¹ğŸ‡¹|trinidad und tobago
ğŸ‡¹ğŸ‡»|tuvalu
ğŸ‡¹ğŸ‡¼|taiwan
ğŸ‡¹ğŸ‡¿|tansania
ğŸ‡ºğŸ‡¦|ukraine
ğŸ‡ºğŸ‡¬|uganda
ğŸ‡ºğŸ‡¸|vereinigte staaten
ğŸ‡ºğŸ‡¾|uruguay
ğŸ‡ºğŸ‡¿|usbekistan
ğŸ‡»ğŸ‡¦|vatikanstadt
ğŸ‡»ğŸ‡¨|st. vincent und die grenadinen
ğŸ‡»ğŸ‡ª|venezuela
ğŸ‡»ğŸ‡¬|britische jungferninseln
ğŸ‡»ğŸ‡®|amerikanische jungferninseln
ğŸ‡»ğŸ‡³|vietnam
ğŸ‡»ğŸ‡º|vanuatu
ğŸ‡¼ğŸ‡«|wallis und futuna
ğŸ‡¼ğŸ‡¸|samoa
ğŸ‡½ğŸ‡°|kosovo
ğŸ‡¾ğŸ‡ª|jemen
ğŸ‡¾ğŸ‡¹|mayotte
ğŸ‡¿ğŸ‡¦|sÃ¼dafrika
ğŸ‡¿ğŸ‡²|sambia
ğŸ‡¿ğŸ‡¼|simbabwe|zimbabwe
ğŸ´ó §ó ¢ó ¥ó ®ó §ó ¿|england
ğŸ´ó §ó ¢ó ³ó £ó ´ó ¿|schottland
ğŸ´ó §ó ¢ó ·ó ¬ó ³ó ¿|wales