â‰ï¸|felkiÃ¡ltÃ¡s|felkiÃ¡ltÃ³jel kÃ©rdÅ‘jellel|Ã­rÃ¡sjel|kÃ©rdÃ©s|kÃ¶zpontozÃ¡s
â„¹ï¸|informÃ¡ciÃ³forrÃ¡s|tÃ¡jÃ©koztatÃ¡s
â†”ï¸|balra-jobbra mutatÃ³ nyÃ­l|nyÃ­l
â†•ï¸|fel-le mutatÃ³ nyÃ­l|nyÃ­l
â†–ï¸|balra felfelÃ© mutatÃ³ nyÃ­l|Ã©szaknyugat|irÃ¡ny|nyÃ­l
â†—ï¸|Ã©szakkelet|felfelÃ©|irÃ¡ny|jobbra felfelÃ© mutatÃ³ nyÃ­l|nyÃ­l
â†˜ï¸|dÃ©lkelet|irÃ¡ny|jobbra lefelÃ© mutatÃ³ nyÃ­l|nyÃ­l
â†™ï¸|balra lefelÃ© mutatÃ³ nyÃ­l|dÃ©lnyugat|irÃ¡ny|nyÃ­l
âŒ¨ï¸|billentyÅ±zet|szÃ¡mÃ­tÃ³gÃ©p
â˜€ï¸|fÃ©nyes sugarak|idÅ‘jÃ¡rÃ¡s|napos|napsugarak
â˜ï¸|felhÅ‘|idÅ‘jÃ¡rÃ¡s
â˜‚ï¸|esernyÅ‘|esÅ‘|idÅ‘jÃ¡rÃ¡s|kiegÃ©szÃ­tÅ‘
â˜ƒï¸|hideg|hÃ³ember|idÅ‘jÃ¡rÃ¡s
â˜„ï¸|Å±r|Ã¼stÃ¶kÃ¶s
â˜‘ï¸|jelÃ¶lÅ‘nÃ©gyzet pipÃ¡val|nÃ©gyzet|pipa|szavazÃ¡s
â˜”|csepp|ernyÅ‘|esernyÅ‘ esÅ‘cseppekkel|esÅ‘|idÅ‘jÃ¡rÃ¡s|kiegÃ©szÃ­tÅ‘
â˜•|forrÃ³|gÅ‘zÃ¶lgÅ‘|ital|kÃ¡vÃ©|tea
â˜˜ï¸|lÃ³here|nÃ¶vÃ©ny
â˜ ï¸|arc|csontok|halÃ¡l|koponya csontokkal
â˜¢ï¸|jel|nukleÃ¡ris veszÃ©ly|radioaktÃ­v
â˜£ï¸|biolÃ³giai veszÃ©ly|jel
â˜¦ï¸|keresztÃ©nysÃ©g|ortodox kereszt|vallÃ¡s
â˜¸ï¸|buddha|buddhizmus|dharma-kerÃ©k|kerÃ©k|vallÃ¡s
â˜¹ï¸|arc|rosszallÃ¡s|rosszallÃ³ arc
â™ˆ|horoszkÃ³p|kos csillagjegy
â™‰|bika csillagjegy|horoszkÃ³p
â™|horoszkÃ³p|nyilas csillagjegy
â™‘|bak csillagjegy|horoszkÃ³p
â™’|horoszkÃ³p|vÃ­zÃ¶ntÅ‘ csillagjegy
â™“|halak csillagjegy|horoszkÃ³p
â™ ï¸|francia kÃ¡rtya|jÃ¡tÃ©k|pikk|szÃ­n
â™£ï¸|francia kÃ¡rtya|jÃ¡tÃ©k|szÃ­n|treff
â™¥ï¸|francia kÃ¡rtya|jÃ¡tÃ©k|kÅ‘r|szÃ­n
â™¦ï¸|francia kÃ¡rtya|jÃ¡tÃ©k|kÃ¡rÃ³|szÃ­n
â™¨ï¸|forrÃ¡s|forrÃ³|gÅ‘z|hÅ‘forrÃ¡s
âš’ï¸|csÃ¡kÃ¡ny|kalapÃ¡cs Ã©s csÃ¡kÃ¡ny|szerszÃ¡m
âš“|hajÃ³zÃ¡s|horgony|kikÃ¶tÃ©s|vasmacska
âš”ï¸|fegyver|kardok|keresztbe tett|keresztezett
âš–ï¸|eszkÃ¶z|felszerelÃ©s|kÃ©tkarÃº mÃ©rleg|mÃ©rleg|tÃ¶meg
âš—ï¸|eszkÃ¶z|felszerelÃ©s|kÃ©mia|lombik
âš™ï¸|fogaskerÃ©k|szerszÃ¡m
âœ‚ï¸|eszkÃ¶z|ollÃ³
âœ…|jel|pipa|vastag fehÃ©r pipa
âœˆï¸|lÃ©gi jÃ¡rmÅ±|repÃ¼lÅ‘gÃ©p
âœ‰ï¸|borÃ­tÃ©k|e-mail|levÃ©l
âœ’ï¸|fekete tollhegy|Ã­rÃ³szer|tollhegy
âœ”ï¸|jel|pipa|vastag pipa
âœ–ï¸|Ã—|jel|mÃ©gse|szorzÃ¡s|x
âœ¡ï¸|csillag|dÃ¡vid-csillag|vallÃ¡s|zsidÃ³
âœ¨|csillag|szikra|szikrÃ¡k
âœ³ï¸|csillag|nyolcÃ¡gÃº csillag
âœ´ï¸|csillag|nyolcas csillag
â„ï¸|hideg|hÃ³pehely|idÅ‘jÃ¡rÃ¡s
â‡ï¸|szikra
â“|Ã­rÃ¡sjel|kÃ©rdÃ©s|kÃ©rdÅ‘jel|kÃ¶zpontozÃ¡s|piros kÃ©rdÅ‘jel
â”|fehÃ©r kÃ©rdÅ‘jel|Ã­rÃ¡sjel|kÃ©rdÃ©s|kÃ¶zpontozÃ¡s
â•|fehÃ©r felkiÃ¡ltÃ³jel|felkiÃ¡ltÃ¡s|Ã­rÃ¡sjel|kÃ¶zpontozÃ¡s
â—|felkiÃ¡ltÃ¡s|felkiÃ¡ltÃ³jel|Ã­rÃ¡sjel|kÃ¶zpontozÃ¡s|piros felkiÃ¡ltÃ³jel
â£ï¸|Ã­rÃ¡sjel|kÃ¶zpontozÃ¡s|nagy szÃ­v alakÃº felkiÃ¡ltÃ³jel|szÃ­v
â¤ï¸|piros|szÃ­v|vÃ¶rÃ¶s szÃ­v
â•|+|jel|matematika|plusz
â–|-|âˆ’|jel|matematika|mÃ­nusz
â—|Ã·|jel|matematika|osztÃ¡s
â¤´ï¸|felfelÃ© gÃ¶rbÃ¼lÅ‘ jobb nyÃ­l|nyÃ­l
â¤µï¸|lefelÃ© gÃ¶rbÃ¼lÅ‘ jobb nyÃ­l|nyÃ­l
ã€°ï¸|gondolatjel|hullÃ¡mos|kÃ¶zpontozÃ¡s
ãŠ—ï¸|gratulÃ¡ciÃ³|japÃ¡n gratulÃ¡ciÃ³ gomb|kÃ©pÃ­rÃ¡sjel|ç¥
ãŠ™ï¸|titok|japÃ¡n titok gomb|kÃ©pÃ­rÃ¡sjel|ç§˜
ğŸ˜€|arc|nevetÃ©s|nevetÅ‘ arc
ğŸ˜ƒ|arc|mosoly|nagyra nyÃ­lt szemmel mosolygÃ³ arc|nyitott szÃ¡j|vidÃ¡msÃ¡g
ğŸ˜„|arc|mosoly|nevetÅ‘ arc mosolygÃ³ szemmel|szÃ¡j|szem
ğŸ˜|arc|mosolygÃ³ szemmel nevetÅ‘ arc|szem
ğŸ˜†|arc|nevetÃ©s|nyitott szÃ¡jjal Ã©s lehunyt szemmel mosolygÃ³ arc
ğŸ˜…|arc|hideg verejtÃ©k|mosoly|nevetÅ‘ arc verejtÃ©kkel|nyitott szÃ¡j
ğŸ¤£|fej|gurul a nevetÃ©stÅ‘l|nevetÃ©s
ğŸ˜‚|arc Ã¶rÃ¶mkÃ¶nnyekkel|kÃ¶nnyek|nevetÃ©s|Ã¶rÃ¶m
ğŸ™‚|arc|finoman mosolygÃ³ arc|mosoly
ğŸ™ƒ|arc|fejjel lefelÃ© fordult arc
ğŸ« |elolvadÃ³ arc|eloszlik|eltÅ±nik|folyÃ©kony|olvad
ğŸ˜‰|arc|kacsintÃ¡s|kacsintÃ³ arc
ğŸ˜Š|elpirul|elvÃ¶rÃ¶sÃ¶dik|mosolygÃ³ arc mosolygÃ³ szemmel|vidÃ¡m szemek
ğŸ˜‡|angyal|arc|Ã¡rtatlansÃ¡g|glÃ³ria|mese|mosolygÃ³ arc glÃ³riÃ¡val
ğŸ¥°|imÃ¡dat|mosolygÃ³s arc szÃ­vekkel|szerelem|szerelmes
ğŸ˜|arc|mosolygÃ³ arc szÃ­v alakÃº szemmel|szem|szerelem|szÃ­vek
ğŸ¤©|arc|csillagszemÅ±|szemek|vigyorgÃ³
ğŸ˜˜|arc|csÃ³kot dobÃ³ arc|puszi|szÃ­v
ğŸ˜—|arc|csÃ³kolÃ³ arc|puszi
â˜ºï¸|arc|mosolygÃ³ arc|nyugodt
ğŸ˜š|arc|csÃ³kolÃ³ arc lehunyt szemmel|lehunyt szem|puszi
ğŸ˜™|arc|csÃ³kolÃ³ arc mosolygÃ³ szemmel|puszi|szem
ğŸ¥²|bÃ¼szke|hÃ¡lÃ¡s|kÃ¶nny|meghatott|megkÃ¶nnyebbÃ¼lt|mosolygÃ³ arc kÃ¶nnycseppel|mosolyog
ğŸ˜‹|arc|finom Ã©telt Ã©lvezÅ‘ arc|mosoly|nyami
ğŸ˜›|arc kinyÃºjtott nyelvvel|nyelv
ğŸ˜œ|arc kinyÃºjtott nyelvvel Ã©s kacsintÃ³ szemmel|kacsintÃ¡s|mosoly|nyelv|szem|vicc
ğŸ¤ª|kicsi|nagy|Å‘rÃ¼lt fej|szem
ğŸ˜|arc kilÃ³gÃ³ nyelvvel Ã©s erÅ‘sen behunyt szemmel|kiÃ¶ltÃ¶tt nyelv|lehunyt szem|szÃ¶rnyÅ± Ã­z
ğŸ¤‘|arc dollÃ¡rjelekkel|dollÃ¡r|pÃ©nz|szÃ¡j
ğŸ¤—|arc|Ã¶lelÃ©s
ğŸ¤­|arc szÃ¡jra tett kÃ©zzel|hoppÃ¡
ğŸ«¢|Ã¡mulat|csodÃ¡lkozÃ¡s|hitetlenkedÃ©s|ijedt|meglep|nyitott szemÅ±, szÃ¡jÃ¡t takarÃ³ arc|zavarba hoz
ğŸ«£|bÃ¡mul|kÃ©mlelÅ‘ szemÅ± arc|megbabonÃ¡zott|pillant
ğŸ¤«|csend|csitÃ­tÃ³ arc|csitt
ğŸ¤”|arc|elgondolkodÃ³|gondolkodÃ³ arc
ğŸ«¡|derÅ±s|igen|katonÃ¡k|okÃ©|tisztelgÃ©s|tisztelgÅ‘ arc
ğŸ¤|arc Ã¶sszecipzÃ¡rozott szÃ¡jjal|cipzÃ¡r|szÃ¡j
ğŸ¤¨|bizalmatlan|felhÃºzott szemÃ¶ldÃ¶kÅ± arc|kÃ©telkedÅ‘
ğŸ˜|arc|pÃ³kerarc|semleges
ğŸ˜‘|arc|Ã©rzÃ©ketlen|kifejezÃ©stelen|semleges
ğŸ˜¶|arc|csendes|nÃ©ma|nincs szÃ¡ja|szÃ¡j nÃ©lkÃ¼li arc
ğŸ«¥|elrejtÅ‘zik|eltÅ±nik|introvertÃ¡lt|lÃ¡thatatlan|levert|pontozott vonalas arc
ğŸ˜¶â€ğŸŒ«ï¸|arc a felhÅ‘ben
ğŸ˜|arc|Ã¶nelÃ©gÃ¼lt|vigyor
ğŸ˜’|arc|szomorÃº
ğŸ™„|arc|forgÃ³ szemek|szemÃ©t forgatÃ³ arc
ğŸ˜¬|arc|grimaszolÃ³ arc
ğŸ˜®â€ğŸ’¨|levegÅ‘t kifÃºjÃ³ arc
ğŸ¤¥|arc|hazudik|hazudÃ³s|pinokkiÃ³
ğŸ«¨|arc|fÃ¶ldrengÃ©s|meglepÅ‘dÃ©s|rÃ¡zkÃ³dÃ³|rezeg
ğŸ˜Œ|arc|megkÃ¶nnyebbÃ¼lt
ğŸ˜”|arc|elgondolkodÃ³|tÅ±nÅ‘dÅ‘
ğŸ˜ª|Ã¡lmos|arc|Ã¡sÃ­t
ğŸ¤¤|fej|nyÃ¡ladzÃ³
ğŸ˜´|alvÃ¡s|alvÃ³ arc|arc|zzz
ğŸ˜·|arc egÃ©szsÃ©gÃ¼gyi maszkkal|betegsÃ©g|egÃ©szsÃ©gÃ¼gyi maszk|gyÃ³gyszer|orvos
ğŸ¤’|arc lÃ¡zmÃ©rÅ‘vel|beteg|lÃ¡zmÃ©rÅ‘
ğŸ¤•|arc bekÃ¶tÃ¶tt fejjel|kÃ¶tÃ©s|sÃ©rÃ¼lÃ©s
ğŸ¤¢|arc|Ã©melygÅ‘|hÃ¡nyÃ¡s
ğŸ¤®|beteg|hÃ¡nyÃ³ arc
ğŸ¤§|fej|hapci|tÃ¼sszentÅ‘ arc
ğŸ¥µ|forrÃ³ arc|forrÃ³sÃ¡g|hÅ‘guta|izzadÃ³|lÃ¡zas|vÃ¶rÃ¶s arcÃº
ğŸ¥¶|elkÃ©kÃ¼lt arc|fagyÃ¡s|fagyos arc|fagyoskodik|hideg|jÃ©gcsapok
ğŸ¥´|hullÃ¡mvonalas szÃ¡j|ittas|kÃ¡ba|keresztbeÃ¡llÃ³ szemek|rÃ©szeges arc|spicces
ğŸ˜µ|arc|szÃ©dÃ¼lÃ©s|szÃ©dÃ¼lÅ‘ arc
ğŸ˜µâ€ğŸ’«|spirÃ¡lszemÅ± arc
ğŸ¤¯|felrobbanÃ³ fej|megdÃ¶bbent
ğŸ¤ |cowboykalapos fej|fej|kalap
ğŸ¥³|bulizÃ³ arc|csÃ¡kÃ³|duda|Ã¼nneplÃ©s
ğŸ¥¸|Ã¡lca|Ã¡lcÃ¡zott arc|arc|inkognÃ­tÃ³|orr|szemÃ¼veg
ğŸ˜|arc|laza|mosolygÃ³ arc napszemÃ¼veggel|napszemÃ¼veg
ğŸ¤“|arc|gÃ©pmÃ¡niÃ¡s|kockaarc
ğŸ§|arc monoklival|mÃ©rges
ğŸ˜•|arc|zavart
ğŸ«¤|Ã¡tlÃ³s szÃ¡jÃº arc|bizonytalan|csalÃ³dott|kÃ©tkedÅ‘|meh
ğŸ˜Ÿ|aggodalmas|aggÃ³dÃ³ arc|arc
ğŸ™|arc|kissÃ© komor arc|rosszallÃ¡s
ğŸ˜®|arc nyitott szÃ¡jjal|csodÃ¡lkozÃ¡s|nyitott szÃ¡j
ğŸ˜¯|arc|dÃ¶bbent|meglepett|meglepÅ‘dÃ¶tt
ğŸ˜²|arc|csodÃ¡lkozÃ³|lenyÅ±gÃ¶zÃ¶tt
ğŸ˜³|arc|elpirult arc|elvÃ¶rÃ¶sÃ¶dik
ğŸ¥º|bociszemek|esedezÅ‘ arc|kÃ©rlelÅ‘|kÃ¶nyÃ¶rgÅ‘s
ğŸ¥¹|bÃ¼szke|dÃ¼hÃ¶s|ellenÃ¡ll|kÃ¶nnyeivel kÃ¼szkÃ¶dÅ‘ arc|sÃ­r|szomorÃº
ğŸ˜¦|arc|nyitott szÃ¡j|rosszallÃ¡s|rosszallÃ³ arc nyitott szÃ¡jjal
ğŸ˜§|arc|elgyÃ¶tÃ¶rt|elkÃ­nzott
ğŸ˜¨|arc|fÃ©lelemmel teli arc|rÃ©mÃ¼lt
ğŸ˜°|aggÃ³dÃ³ arc nyitott szÃ¡jjal Ã©s verejtÃ©kkel|arc|hideg verejtÃ©k|nyitott szÃ¡j|rohanÃ¡s
ğŸ˜¥|arc|csalÃ³dott, de megkÃ¶nnyebbÃ¼lt arc|huhh|megkÃ¶nnyebbÃ¼lt
ğŸ˜¢|arc|kÃ¶nnycsepp|sÃ­rÃ¡s|sÃ­rÃ³ arc|szomorÃºsÃ¡g
ğŸ˜­|arc|kÃ¶nnyek|sÃ­rÃ¡s|szomorÃºsÃ¡g|zokogÃ¡s|zokogÃ³ arc
ğŸ˜±|arc|fÃ©lelemtÅ‘l sikoltÃ³ arc|munch|rÃ©mÃ¼let|sikoly
ğŸ˜–|arc|Ã¶sszezavarodott
ğŸ˜£|Ã¡llhatatos arc|Ã¡llhatatossÃ¡g|arc
ğŸ˜|arc|csalÃ³dott
ğŸ˜“|arc|lehangolt arc verejtÃ©kkel|verejtÃ©k
ğŸ˜©|arc|fÃ¡radt|kimerÃ¼lt|megviselt
ğŸ˜«|arc|fÃ¡radt arc|fÃ¡radtsÃ¡g
ğŸ¥±|arc|Ã¡sÃ­tÃ¡s|Ã¡sÃ­tÃ³|fÃ¡radt
ğŸ˜¤|arc|gyÅ‘zelem|orrÃ¡bÃ³l gÅ‘zt fÃºjtatÃ³ arc|siker
ğŸ˜¡|arc|dÃ¼hÃ¶s|duzzogÃ³ arc|mÃ©rges|vÃ¶rÃ¶s
ğŸ˜ |arc|dÃ¼hÃ¶s|mÃ©rges
ğŸ¤¬|arc jelekkel a szÃ¡jÃ¡n|kÃ¡romkodÃ¡s
ğŸ˜ˆ|arc|fantasy|mese|mosolygÃ³ arc szarvakkal|Ã¶rdÃ¶g|szarvak
ğŸ‘¿|dÃ©mon|fantasy|mÃ©rges arc szarvakkal|mese|Ã¶rdÃ¶g
ğŸ’€|csont|halÃ¡l|koponya|szÃ¶rny
ğŸ’©|kaka|kakiarc|kakihalom|kÃ©pregÃ©ny
ğŸ¤¡|bohÃ³cfej|fej
ğŸ‘¹|arc|japÃ¡n|lÃ©ny|mese|ogre|Ã³riÃ¡s|szÃ¶rny
ğŸ‘º|arc|fantasy|japÃ¡n|kobold|lÃ©ny|mese|szÃ¶rny
ğŸ‘»|arc|kÃ­sÃ©rtet|lÃ©ny|mese|szellem|szÃ¶rny
ğŸ‘½|fÃ¶ldÃ¶nkÃ­vÃ¼li|idegen|ufÃ³|Å±rlÃ©ny
ğŸ‘¾|fÃ¶ldÃ¶nkÃ­vÃ¼li|idegen|szÃ¶rny|ufÃ³|Å±rlÃ©ny
ğŸ¤–|arc|robot|szÃ¶rny
ğŸ˜º|arc|macska|mosoly|nevetÅ‘ macska|nyitott|szÃ¡j
ğŸ˜¸|arc|macska|mosolygÃ³|nevetÃ©s|nevetÅ‘ macska mosolygÃ³ szemmel|szem
ğŸ˜¹|arc|kÃ¶nny|macska Ã¶rÃ¶mkÃ¶nnyekkel|mosoly|Ã¶rÃ¶mkÃ¶nny
ğŸ˜»|arc|macska|mosolygÃ³ macska szÃ­v alakÃº szemmel|szerelem|szÃ­v
ğŸ˜¼|arc|fanyar|irÃ³nia|macska fanyar mosollyal|mosoly
ğŸ˜½|arc|csÃ³kolÃ³|macska
ğŸ™€|arc|hÅ±ha|kimerÃ¼lt|macska
ğŸ˜¿|arc|macska|sÃ­rÃ¡s|sÃ­rÃ³|szomorÃº
ğŸ˜¾|arc|duzzogÃ¡s|duzzogÃ³|macska
ğŸ™ˆ|majom|nem lÃ¡t semmit|nem lÃ¡ttam semmit|tilos
ğŸ™‰|majom|nem hall semmit|nem hallottam semmit|tilos
ğŸ™Š|majom|nem szÃ³l semmit|nem szÃ³lok semmit|tilos
ğŸ’Œ|levÃ©l|romantika|szerelem|szerelmes levÃ©l|szÃ­v
ğŸ’˜|cupido|nyÃ­llal Ã¡tlÅ‘tt szÃ­v|romantika|szerelem
ğŸ’|ajÃ¡ndÃ©k|szalag|szÃ­v szalaggal|valentin-nap
ğŸ’–|izgatott|ragyogÃ¡s|ragyogÃ³ szÃ­v|szÃ­v
ğŸ’—|idegessÃ©g|izgalom|nÃ¶vekvÅ‘ szÃ­v|szÃ­vdobogÃ¡s
ğŸ’“|dobogÃ³ szÃ­v|szÃ­vdobogÃ¡s
ğŸ’|forgÃ¡s|forgÃ³ szÃ­vek|szÃ­v
ğŸ’•|kÃ©t szÃ­v|szerelem|szerelmes szÃ­vek|szÃ­vek
ğŸ’Ÿ|dekorÃ¡ciÃ³|dÃ­sz|szÃ­v formÃ¡jÃº dekorÃ¡ciÃ³
ğŸ’”|Ã¶sszetÃ¶rt|szÃ­v
â¤ï¸â€ğŸ”¥|Ã©gÅ‘|lÃ¡ngolÃ³|szerelem|szÃ­v|vÃ¡gy
â¤ï¸â€ğŸ©¹|gyÃ³gyulÃ³ szÃ­v
ğŸ©·|cuki|rÃ³zsaszÃ­n|szerelem|szÃ­v|tetszik
ğŸ§¡|narancssÃ¡rga szÃ­v
ğŸ’›|sÃ¡rga|szÃ­v
ğŸ’š|szÃ­v|zÃ¶ld
ğŸ’™|kÃ©k|szÃ­v
ğŸ©µ|ciÃ¡n|pÃ¡vakÃ©k|szÃ­v|vilÃ¡goskÃ©k
ğŸ’œ|lila|szÃ­v
ğŸ¤|barna|szÃ­v
ğŸ–¤|fekete|gonosz|szÃ­v
ğŸ©¶|ezÃ¼st|pala|szÃ­v|szÃ¼rke
ğŸ¤|fehÃ©r|szÃ­v
ğŸ’‹|ajkak|csÃ³knyom|romantika|szenvedÃ©ly
ğŸ’¯|100|szÃ¡z pont|teljes pontszÃ¡m
ğŸ’¢|a dÃ¼h szimbÃ³luma|dÃ¼hÃ¶s|kÃ©pregÃ©ny|mÃ©rges
ğŸ’¥|bumm|kÃ©pregÃ©ny|Ã¼tkÃ¶zÃ©s
ğŸ’«|csillagokat lÃ¡t|kÃ©pregÃ©ny|szÃ©dÃ¼lÃ©s
ğŸ’¦|izzadsÃ¡gcseppek|kÃ©pregÃ©ny
ğŸ’¨|futÃ¡s|kÃ©pregÃ©ny|rohanÃ¡s
ğŸ•³ï¸|lyuk
ğŸ’¬|beszÃ©d|buborÃ©k|kÃ©pregÃ©ny|pÃ¡rbeszÃ©d|szÃ¶vegbuborÃ©k
ğŸ‘ï¸â€ğŸ—¨ï¸|pÃ¡rbeszÃ©d|szem szÃ¶vegbuborÃ©kban|szÃ¶vegbuborÃ©k|tanÃº
ğŸ—¨ï¸|balra nyÃ­lÃ³ szÃ¶vegbuborÃ©k|beszÃ©d|buborÃ©k|kÃ©pregÃ©ny|pÃ¡rbeszÃ©d
ğŸ—¯ï¸|buborÃ©k|dÃ¼hÃ¶s|jobbra nyÃ­lÃ³ dÃ¼hÃ¶s szÃ¶vegbuborÃ©k|kÃ©pregÃ©ny|mÃ©rges
ğŸ’­|buborÃ©k|gondolatbuborÃ©k|kÃ©pregÃ©ny
ğŸ’¤|alvÃ¡s|kÃ©pregÃ©ny
ğŸ‘‹|integetÃ©s|integetÅ‘ kÃ©z|kÃ©z|test
ğŸ¤š|felemelt|kÃ©zfej
ğŸ–ï¸|felemelt kÃ©z szÃ©tÃ¡llÃ³ ujjakkal|kÃ©z|szÃ©tÃ¡llÃ³|test|ujj
âœ‹|felemelt kÃ©z|kÃ©z|test
ğŸ––|kÃ©z|spock|star trek-Ã¼dvÃ¶zlet|test|ujj|vulcan
ğŸ«±|jobbra nÃ©zÅ‘ kÃ©z|kÃ©z
ğŸ«²|balra nÃ©zÅ‘ kÃ©z|kÃ©z
ğŸ«³|elejt|hess|lefelÃ© nÃ©zÅ‘ kÃ©z|mellÅ‘z
ğŸ«´|elkap|felajÃ¡nl|felfelÃ© nÃ©zÅ‘ kÃ©z|hÃ­v|int
ğŸ«·|balra tolÃ³ kÃ©z|elutasÃ­t|pacsi|stop|tol|vÃ¡r
ğŸ«¸|elutasÃ­t|jobbra tolÃ³ kÃ©z|pacsi|stop|tol|vÃ¡r
ğŸ‘Œ|kÃ©z|ok jel|okÃ©|rendben|test
ğŸ¤Œ|gÃºnyos|kÃ©zmozdulat|kihallgatÃ¡s|Ã¶sszecsippentett|ujjak
ğŸ¤|csippentÅ‘ kÃ©z|kis Ã¶sszeg
âœŒï¸|betÅ±|gyÅ‘zelmi jelet mutatÃ³ kÃ©z|jel|kÃ©zjel|test
ğŸ¤|keresztezett ujjak|szerencse|ujj
ğŸ«°|csettint|drÃ¡ga|keresztezett mutatÃ³- Ã©s hÃ¼velykujjÃº kÃ©z|pÃ©nz|szeretet|szÃ­v
ğŸ¤Ÿ|kÃ©z|szeretlek kÃ©zmozdulat
ğŸ¤˜|kÃ©z|metÃ¡lvilla|Ã¶rdÃ¶gvilla|szarvak
ğŸ¤™|hÃ­vj fel kÃ©zjel|hÃ­vÃ¡s|kÃ©z
ğŸ‘ˆ|kÃ©z balra mutatÃ³ ujjal|mutatÃ³ujj|tenyÃ©r|test|ujj
ğŸ‘‰|kÃ©z jobbra mutatÃ³ ujjal|mutatÃ³ujj|tenyÃ©r|test|ujj
ğŸ‘†|felfelÃ©|kÃ©z|mutatÃ³ujj|tenyÃ©r felfelÃ© mutatÃ³ ujjal|test|ujj
ğŸ–•|kÃ©z|kÃ¶zÃ©psÅ‘ ujj|test|ujj
ğŸ‘‡|kÃ©z|lefelÃ©|mutatÃ³ujj|tenyÃ©r lefelÃ© mutatÃ³ ujjal|test|ujj
â˜ï¸|felfelÃ©|kÃ©z felfelÃ© mutatÃ³ ujjal|mutatÃ³ujj|test|ujj
ğŸ«µ|felhasznÃ¡lÃ³ra mutatÃ³ ujj|mutat|te
ğŸ‘|felfelÃ© mutatÃ³ hÃ¼velykujj|hÃ¼velykujj felfelÃ©|kÃ©z|okÃ©|rendben|test
ğŸ‘|hÃ¼velykujj lefelÃ©|kÃ©z|lefelÃ© mutatÃ³ hÃ¼velykujj|test
âœŠ|felemelt|Ã¶kÃ¶l|test|Ã¼tÃ©s
ğŸ‘Š|felemelt|Ã¶kÃ¶l|test|Ã¼tÃ©sre emelt Ã¶kÃ¶l
ğŸ¤›|bal szÃ©lsÅ‘|balra nÃ©zÅ‘ Ã¶kÃ¶l|Ã¶kÃ¶l
ğŸ¤œ|jobb szÃ©lsÅ‘|jobbra nÃ©zÅ‘ Ã¶kÃ¶l|Ã¶kÃ¶l
ğŸ‘|kÃ©z|tapsolÃ³ kÃ©z|test
ğŸ™Œ|kÃ©z|kezÃ©t felemelÅ‘ ember|test|Ã¼nneplÃ©s|vidÃ¡msÃ¡g
ğŸ«¶|szeretet|szÃ­vet formÃ¡zÃ³ kezek
ğŸ‘|kÃ©z|kitÃ¡rva|szÃ©ttÃ¡rt kÃ©z|test
ğŸ¤²|felfelÃ© fordÃ­tott tenyerek|ima
ğŸ¤|kÃ©zfogÃ¡s|megÃ¡llapodÃ¡s|talÃ¡lkozÃ¡s|Ã¼dvÃ¶zlÃ©s
ğŸ™|ima|kÃ©rÃ©s|kÃ¶szÃ¶net|Ã¶sszetett kÃ©z|test
âœï¸|Ã­rÃ¡s|Ã­rÃ³ kÃ©z|kÃ©z|test
ğŸ’…|kifestÃ©s|kÃ¶rÃ¶mlakk|lakk|manikÅ±r
ğŸ¤³|fÃ©nykÃ©pezÅ‘|szelfi|telefon
ğŸ’ª|befeszÃ­tett bicepsz|bicepsz|izom|karizom|kÃ©pregÃ©ny
ğŸ¦¾|akadÃ¡lymentessÃ©g|mechanikus kar|protÃ©zis
ğŸ¦¿|akadÃ¡lymentessÃ©g|mechanikus lÃ¡b|protÃ©zis
ğŸ¦µ|comb|lÃ¡bszÃ¡r|rÃºgÃ¡s
ğŸ¦¶|dobogÃ¡s|lÃ¡bfej|rÃºgÃ¡s
ğŸ‘‚|fej|fÃ¼l|testrÃ©sz
ğŸ¦»|akadÃ¡lymentessÃ©g|fÃ¼l hallÃ³kÃ©szÃ¼lÃ©kkel|nagyothallÃ³
ğŸ‘ƒ|fej|orr|testrÃ©sz
ğŸ§ |agy|intelligens
ğŸ«€|kardiolÃ³gia|kÃ¶zÃ©ppont|pulzus|szerv|szÃ­vverÃ©s
ğŸ«|belÃ©gzÃ©s|kilÃ©gzÃ©s|lÃ©gzÃ©s|lÃ©legzet|szerv|tÃ¼dÅ‘
ğŸ¦·|fogorvos
ğŸ¦´|csontvÃ¡z
ğŸ‘€|arc|szemek|test
ğŸ‘ï¸|szem|test
ğŸ‘…|nyelv|test
ğŸ‘„|ajkak|szÃ¡j|test
ğŸ«¦|aggÃ³dÃ³|ajkÃ¡ba harapÃ³ szÃ¡j|fÃ©lelem|flÃ¶rt|ideges|kÃ©nyelmetlen|nyugtalan
ğŸ‘¶|baba|kisbaba
ğŸ§’|gyerek|gyermek
ğŸ‘¦|fiÃº|kisfiÃº|srÃ¡c
ğŸ‘§|kislÃ¡ny|lÃ¡nyka
ğŸ§‘|felnÅ‘tt
ğŸ‘±|szÅ‘ke hajÃº ember
ğŸ‘¨|fÃ©rfi
ğŸ§”|szakÃ¡llas ember
ğŸ§”â€â™‚ï¸|fÃ©rfi: szakÃ¡ll
ğŸ‘±â€â™‚ï¸|fÃ©rfi|szÅ‘ke
ğŸ‘©|nÅ‘
ğŸ§”â€â™€ï¸|nÅ‘: szakÃ¡ll
ğŸ‘±â€â™€ï¸|nÅ‘|szÅ‘ke
ğŸ§“|idÅ‘sebb felnÅ‘tt|nemi szempontbÃ³l semleges
ğŸ‘´|idÅ‘s fÃ©rfi|Ã¶regember
ğŸ‘µ|idÅ‘s nÅ‘|Ã¶reg nÃ©ni
ğŸ™|rosszallÃ¡s|rosszallÃ³ ember|rosszallÃ³ tekintet
ğŸ™â€â™‚ï¸|fÃ©rfi|gesztus|rosszallÃ¡s|rosszallÃ³
ğŸ™â€â™€ï¸|gesztus|nÅ‘|rosszallÃ¡s|rosszallÃ³
ğŸ™|duzzogÃ¡s|duzzogÃ³ ember
ğŸ™â€â™‚ï¸|duzzogÃ¡s|duzzogÃ³|fÃ©rfi|gesztus
ğŸ™â€â™€ï¸|duzzogÃ¡s|duzzogÃ³|gesztus|nÅ‘
ğŸ™…|kÃ©zjel|nem szabad|tilos|tiltÃ¡s mutatÃ¡sa|tiltott
ğŸ™…â€â™‚ï¸|fÃ©rfi|gesztus|kÃ©zmozdulat|tilos|tiltÃ¡st mutatÃ³ fÃ©rfi
ğŸ™…â€â™€ï¸|gesztus|kÃ©zmozdulat|nÅ‘|tilos|tiltÃ¡st mutatÃ³ nÅ‘
ğŸ™†|beleegyezÃ©s mutatÃ¡sa|kÃ©zjel|okÃ©|rendben
ğŸ™†â€â™‚ï¸|beleegyezÃ©st mutatÃ³ fÃ©rfi|fÃ©rfi|gesztus|kÃ©zmozdulat|okÃ©
ğŸ™†â€â™€ï¸|beleegyezÃ©st mutatÃ³ nÅ‘|gesztus|kÃ©zmozdulat|nÅ‘|okÃ©
ğŸ’|ember az informÃ¡ciÃ³s pultnÃ¡l|informÃ¡ciÃ³|kÃ©z|segÃ­tsÃ©g
ğŸ’â€â™‚ï¸|fÃ©rfi|informÃ¡ciÃ³|nyitott tenyÃ©r|nyitott tenyerÅ± fÃ©rfi|segÃ­tsÃ©g
ğŸ’â€â™€ï¸|informÃ¡ciÃ³|nÅ‘|nyitott tenyÃ©r|nyitott tenyerÅ± nÅ‘|segÃ­tsÃ©g
ğŸ™‹|boldog|integet|vidÃ¡man intÅ‘ ember
ğŸ™‹â€â™‚ï¸|fÃ©rfi|gesztus|intÃ©s|kÃ©zmozdulat|vidÃ¡man intÅ‘ fÃ©rfi
ğŸ™‹â€â™€ï¸|gesztus|intÃ©s|kÃ©zmozdulat|nÅ‘|vidÃ¡man intÅ‘ nÅ‘
ğŸ§|akadÃ¡lymentessÃ©g|fÃ¼l|hall|siket ember
ğŸ§â€â™‚ï¸|fÃ©rfi|siket
ğŸ§â€â™€ï¸|nÅ‘|siket
ğŸ™‡|bocsÃ¡natkÃ©rÃ©s|meghajlÃ¡s|meghajlÃ³ ember|sajnÃ¡lat
ğŸ™‡â€â™‚ï¸|bocsÃ¡natkÃ©rÃ©s|fÃ©rfi|meghajlÃ¡s|meghajlÃ³|sajnÃ¡lat
ğŸ™‡â€â™€ï¸|bocsÃ¡natkÃ©rÃ©s|meghajlÃ¡s|meghajlÃ³|nÅ‘|sajnÃ¡lat
ğŸ¤¦|arc|elkeseredÃ©s|kÃ©zbe temetett arc|nem hiszem el
ğŸ¤¦â€â™‚ï¸|arcÃ¡t a kezÃ©be temetÅ‘ fÃ©rfi|elkeseredÃ©s|fÃ©rfi|hitetlensÃ©g|kÃ©zbe temetett arc
ğŸ¤¦â€â™€ï¸|arcÃ¡t a kezÃ©be temetÅ‘ nÅ‘|elkeseredÃ©s|hitetlensÃ©g|kÃ©zbe temetett arc|nÅ‘
ğŸ¤·|kÃ¶zÃ¶mbÃ¶s|nem Ã©rdekel|rÃ¡ndÃ­t|vÃ¡llrÃ¡ndÃ­tÃ¡s
ğŸ¤·â€â™‚ï¸|Ã©rdektelensÃ©g|fÃ©rfi|kÃ©tsÃ©g|kÃ¶zÃ¶mbÃ¶s|nem Ã©rdekel|vÃ¡llrÃ¡ndÃ­tÃ¡s|vÃ¡llrÃ¡ndÃ­tÃ³ fÃ©rfi
ğŸ¤·â€â™€ï¸|Ã©rdektelensÃ©g|kÃ©tsÃ©g|kÃ¶zÃ¶mbÃ¶s|nem Ã©rdekel|nÅ‘|vÃ¡llrÃ¡ndÃ­tÃ¡s|vÃ¡llrÃ¡ndÃ­tÃ³ nÅ‘
ğŸ§‘â€âš•ï¸|Ã¡polÃ³nÅ‘|egÃ©szsÃ©gÃ¼gyi dolgozÃ³|orvos|terapeuta
ğŸ‘¨â€âš•ï¸|Ã¡polÃ³|doktor|orvos|terapeuta
ğŸ‘©â€âš•ï¸|Ã¡polÃ³nÅ‘|doktornÅ‘|nÅ‘vÃ©r|orvos|terapeuta
ğŸ§‘â€ğŸ“|diÃ¡k|vÃ©gzÅ‘s
ğŸ‘¨â€ğŸ“|diÃ¡k|egyetemista|fÃ©rfi|tanulÃ³
ğŸ‘©â€ğŸ“|diÃ¡k|egyetemista|nÅ‘i tanulÃ³|tanulÃ³
ğŸ§‘â€ğŸ«|oktatÃ³|professzor|tanÃ¡r / tanÃ¡rnÅ‘
ğŸ‘¨â€ğŸ«|fÃ©rfi|oktatÃ³|professzor|tanÃ¡r
ğŸ‘©â€ğŸ«|nÅ‘|oktatÃ³|professzorasszony|tanÃ¡rnÅ‘
ğŸ§‘â€âš–ï¸|bÃ­rÃ³ / bÃ­rÃ³nÅ‘|mÃ©rleg
ğŸ‘¨â€âš–ï¸|bÃ­rÃ³
ğŸ‘©â€âš–ï¸|bÃ­rÃ³nÅ‘
ğŸ§‘â€ğŸŒ¾|fÃ¶ldmÅ±ves|gazda / nÅ‘i gazda|nÃ¶vÃ©nytermesztÅ‘
ğŸ‘¨â€ğŸŒ¾|fÃ©rfi|fÃ¶ldmÅ±ves|gazda|kertÃ©sz
ğŸ‘©â€ğŸŒ¾|fÃ¶ldmÅ±ves|gazda|kertÃ©sz|nÅ‘i gazda
ğŸ§‘â€ğŸ³|sÃ©f|szakÃ¡cs / szakÃ¡csnÅ‘
ğŸ‘¨â€ğŸ³|fÃ©rfi|sÃ©f|szakÃ¡cs
ğŸ‘©â€ğŸ³|nÅ‘|sÃ©f|szakÃ¡csnÅ‘
ğŸ§‘â€ğŸ”§|szaki|szerelÅ‘ / szerelÅ‘nÅ‘|villanyszerelÅ‘|vÃ­zvezetÃ©k-szerelÅ‘
ğŸ‘¨â€ğŸ”§|fÃ©rfi|szerelÅ‘|villanyszerelÅ‘|vÃ­zszerelÅ‘
ğŸ‘©â€ğŸ”§|nÅ‘|szerelÅ‘nÅ‘|villanyszerelÅ‘|vÃ­zszerelÅ‘
ğŸ§‘â€ğŸ­|dolgozÃ³|gyÃ¡ri|munkÃ¡s
ğŸ‘¨â€ğŸ­|dolgozÃ³|fÃ©rfi|gyÃ¡ri|munkÃ¡s
ğŸ‘©â€ğŸ­|dolgozÃ³|gyÃ¡ri|munkÃ¡s|nÅ‘i munkÃ¡s
ğŸ§‘â€ğŸ’¼|Ã©pÃ­tÃ©sz|Ã©rtelmisÃ©gi|irodai dolgozÃ³|menedzser|Ã¼zletember
ğŸ‘¨â€ğŸ’¼|alkalmazott|fÃ©rfi irodista|irodai
ğŸ‘©â€ğŸ’¼|alkalmazott|irodai|nÅ‘i irodista
ğŸ§‘â€ğŸ”¬|biolÃ³gus|fizikus|mÃ©rnÃ¶k|tudÃ¡s|tudÃ³s|vegyÃ©sz
ğŸ‘¨â€ğŸ”¬|fÃ©rfi tudÃ³s|fizikus|kÃ©mikus|matematikus
ğŸ‘©â€ğŸ”¬|fizikus|kÃ©mikus|matematikus|nÅ‘i tudÃ³s
ğŸ§‘â€ğŸ’»|fejlesztÅ‘|feltalÃ¡lÃ³|informatikus|programozÃ³|szoftver
ğŸ‘¨â€ğŸ’»|fejlesztÅ‘|feltalÃ¡lÃ³|fÃ©rfi|kÃ³dolÃ³|programozÃ³|szoftver
ğŸ‘©â€ğŸ’»|fejlesztÅ‘|feltalÃ¡lÃ³|kÃ³dolÃ³|nÅ‘|programozÃ³|szoftver
ğŸ§‘â€ğŸ¤|elÅ‘adÃ³mÅ±vÃ©sz|Ã©nekes|rock|szÃ­nÃ©s|sztÃ¡r
ğŸ‘¨â€ğŸ¤|elÅ‘adÃ³|Ã©nekes|fÃ©rfi|mÅ±vÃ©sz|rock|sztÃ¡r
ğŸ‘©â€ğŸ¤|elÅ‘adÃ³|Ã©nekes|mÅ±vÃ©sz|nÅ‘i Ã©nekes|rock|sztÃ¡r
ğŸ§‘â€ğŸ¨|festÅ‘|mÅ±vÃ©sz|paletta
ğŸ‘¨â€ğŸ¨|fÃ©rfi|festÅ‘|mÅ±vÃ©sz|paletta
ğŸ‘©â€ğŸ¨|festÅ‘|mÅ±vÃ©sz|nÅ‘i mÅ±vÃ©sz|paletta
ğŸ§‘â€âœˆï¸|pilÃ³ta / pilÃ³tanÅ‘|repÃ¼lÅ‘gÃ©p
ğŸ‘¨â€âœˆï¸|fÃ©rfi|pilÃ³ta|repÃ¼lÅ‘
ğŸ‘©â€âœˆï¸|nÅ‘|pilÃ³tanÅ‘|repÃ¼lÅ‘
ğŸ§‘â€ğŸš€|rakÃ©ta|Å±rhajÃ³s / Å±rhajÃ³snÅ‘
ğŸ‘¨â€ğŸš€|fÃ©rfi|rakÃ©ta|Å±rhajÃ³s
ğŸ‘©â€ğŸš€|nÅ‘|rakÃ©ta|Å±rhajÃ³snÅ‘
ğŸ§‘â€ğŸš’|tÅ±zoltÃ³ / tÅ±zoltÃ³nÅ‘|tÅ±zoltÃ³autÃ³
ğŸ‘¨â€ğŸš’|fÃ©rfi|tÅ±zoltÃ³
ğŸ‘©â€ğŸš’|nÅ‘|tÅ±zoltÃ³nÅ‘
ğŸ‘®|rendÅ‘rsÃ©g|zsaru
ğŸ‘®â€â™‚ï¸|fÃ©rfi|rendÅ‘r|zsaru
ğŸ‘®â€â™€ï¸|nÅ‘|rendÅ‘rnÅ‘|zsaru
ğŸ•µï¸|detektÃ­v|kopÃ³
ğŸ•µï¸â€â™‚ï¸|detektÃ­v|fÃ©rfi|kÃ©m|nyomozÃ³
ğŸ•µï¸â€â™€ï¸|detektÃ­v|kÃ©mnÅ‘|nÅ‘|nyomozÃ³nÅ‘
ğŸ’‚|gÃ¡rdista|Å‘rsÃ©g
ğŸ’‚â€â™‚ï¸|fÃ©rfi|Å‘r
ğŸ’‚â€â™€ï¸|nÅ‘i Å‘r|Å‘r
ğŸ¥·|harcos|nindzsa|rejtett|rejtÅ‘zkÃ¶dÃ©s
ğŸ‘·|Ã©pÃ­tkezÃ©s|Ã©pÃ­tÅ‘munkÃ¡s|sisak|vÃ©dÅ‘sisak
ğŸ‘·â€â™‚ï¸|Ã©pÃ­tkezÃ©s|Ã©pÃ­tÅ‘munkÃ¡s|fÃ©rfi|munkÃ¡s
ğŸ‘·â€â™€ï¸|Ã©pÃ­tkezÃ©s|Ã©pÃ­tÅ‘munkÃ¡snÅ‘|munkÃ¡s|nÅ‘
ğŸ«…|koronÃ¡s szemÃ©ly|mÃ©ltÃ³sÃ¡g|nemes|uralkodÃ³i
ğŸ¤´|herceg
ğŸ‘¸|fantasy|hercegnÅ‘|mesehÅ‘s
ğŸ‘³|ember|turbÃ¡nos ember
ğŸ‘³â€â™‚ï¸|fÃ©rfi|turbÃ¡nos fÃ©rfi
ğŸ‘³â€â™€ï¸|nÅ‘|turbÃ¡nos nÅ‘
ğŸ‘²|ember|kÃ­nai sapkÃ¡s ember|sapka
ğŸ§•|fejkendÅ‘|hidzsÃ¡b|mantilla|nÅ‘ fejkendÅ‘vel|tichel
ğŸ¤µ|ember|szmokingos ember|vÅ‘legÃ©ny
ğŸ¤µâ€â™‚ï¸|fÃ©rfi|szmokingos fÃ©rfi
ğŸ¤µâ€â™€ï¸|nÅ‘|szmokingos nÅ‘
ğŸ‘°|ember fÃ¡tyollal|eskÃ¼vÅ‘|fÃ¡tyol|menyasszony
ğŸ‘°â€â™‚ï¸|fÃ¡tyol|fÃ©rfi fÃ¡tyollal
ğŸ‘°â€â™€ï¸|fÃ¡tyol|nÅ‘ fÃ¡tyollal
ğŸ¤°|nÅ‘|terhes|vÃ¡randÃ³s
ğŸ«ƒ|has|puffadt|teli|terhes fÃ©rfi
ğŸ«„|has|puffadt|teli|terhes szemÃ©ly
ğŸ¤±|baba|mell|szoptatÃ¡s
ğŸ‘©â€ğŸ¼|etetÃ©s|gondozÃ¡s|kisbaba|kisbabÃ¡t etetÅ‘ nÅ‘|nÅ‘
ğŸ‘¨â€ğŸ¼|etetÃ©s|fÃ©rfi|gondozÃ¡s|kisbaba|kisbabÃ¡t etetÅ‘ fÃ©rfi
ğŸ§‘â€ğŸ¼|etetÃ©s|gondozÃ¡s|kisbaba|kisbabÃ¡t etetÅ‘ szemÃ©ly|szemÃ©ly
ğŸ‘¼|angyal|arc|babaangyal|mese
ğŸ…|arc|fej|mikulÃ¡s|tÃ©lapÃ³|Ã¼nneplÃ©s
ğŸ¤¶|anyÃ³|karÃ¡csony|mikulÃ¡s ruhÃ¡s anyÃ³
ğŸ§‘â€ğŸ„|mikulÃ¡s, karÃ¡csony|tÃ©lapÃ³
ğŸ¦¸|hÅ‘snÅ‘|jÃ³|szuperhÅ‘s|szuperkÃ©pessÃ©g
ğŸ¦¸â€â™‚ï¸|fÃ©rfi szuperhÅ‘s|hÅ‘snÅ‘|jÃ³|szuperkÃ©pessÃ©g
ğŸ¦¸â€â™€ï¸|hÅ‘snÅ‘|jÃ³|nÅ‘i szuperhÅ‘s|szuperkÃ©pessÃ©g
ğŸ¦¹|bÅ±nÃ¶zÅ‘|fÅ‘gonosz|gazember|gonosz|szuperkÃ©pessÃ©g
ğŸ¦¹â€â™‚ï¸|bÅ±nÃ¶zÅ‘|fÃ©rfi fÅ‘gonosz|gazember|gonosz|szuperkÃ©pessÃ©g
ğŸ¦¹â€â™€ï¸|bÅ±nÃ¶zÅ‘|gazember|gonosz|nÅ‘i fÅ‘gonosz|szuperkÃ©pessÃ©g
ğŸ§™|boszorkÃ¡nymester|mÃ¡gus|varÃ¡zslÃ³
ğŸ§™â€â™‚ï¸|boszorkÃ¡nymester|fÃ©rfi varÃ¡zslÃ³|mÃ¡gus
ğŸ§™â€â™€ï¸|boszorkÃ¡ny|varÃ¡zslÃ³nÅ‘
ğŸ§š|oberon|puck|titÃ¡nia|tÃ¼ndÃ©r
ğŸ§šâ€â™‚ï¸|fÃ©rfi tÃ¼ndÃ©r|oberon|puck
ğŸ§šâ€â™€ï¸|nÅ‘i tÃ¼ndÃ©r|titÃ¡nia
ğŸ§›|drakula|Ã©lÅ‘halott|vÃ¡mpÃ­r
ğŸ§›â€â™‚ï¸|drakula|Ã©lÅ‘halott|Ã©lÅ‘holt|fÃ©rfi vÃ¡mpÃ­r
ğŸ§›â€â™€ï¸|Ã©lÅ‘halott|Ã©lÅ‘holt|nÅ‘i vÃ¡mpÃ­r
ğŸ§œ|hableÃ¡ny|hablegÃ©ny|sellÅ‘
ğŸ§œâ€â™‚ï¸|fÃ©rfi sellÅ‘|triton
ğŸ§œâ€â™€ï¸|nÅ‘i sellÅ‘|sellÅ‘lÃ¡ny
ğŸ§|mÃ¡gikus|tÃ¼nde
ğŸ§â€â™‚ï¸|fÃ©rfi tÃ¼nde|mÃ¡gikus
ğŸ§â€â™€ï¸|mÃ¡gikus|nÅ‘i tÃ¼nde
ğŸ§|dzsinn
ğŸ§â€â™‚ï¸|dzsinn|fÃ©rfi dzsinn
ğŸ§â€â™€ï¸|dzsinn|nÅ‘i dzsinn
ğŸ§Ÿ|Ã©lÅ‘halott|Ã©lÅ‘holt|sÃ©tÃ¡lÃ³ halott|zombi
ğŸ§Ÿâ€â™‚ï¸|Ã©lÅ‘halott|Ã©lÅ‘holt|fÃ©rfi zombi|sÃ©tÃ¡lÃ³ halott
ğŸ§Ÿâ€â™€ï¸|Ã©lÅ‘halott|Ã©lÅ‘holt|nÅ‘i zombi|sÃ©tÃ¡lÃ³ halott
ğŸ§Œ|kÃ©pzelet|szÃ¶rny|troll|tÃ¼ndÃ©rmese
ğŸ’†|arcmasszÃ¡zs|masszÃ¡zs
ğŸ’†â€â™‚ï¸|arc|fÃ©rfi arcmasszÃ¡zson|masszÃ¡zs
ğŸ’†â€â™€ï¸|arc|masszÃ¡zs|nÅ‘ arcmasszÃ¡zson
ğŸ’‡|fodrÃ¡szat|hajvÃ¡gÃ¡s|szÃ©psÃ©gÃ¡polÃ¡s
ğŸ’‡â€â™‚ï¸|fÃ©rfi fodrÃ¡sznÃ¡l|fodrÃ¡szat|hajvÃ¡gÃ¡s
ğŸ’‡â€â™€ï¸|fodrÃ¡szat|hajvÃ¡gÃ¡s|nÅ‘ fodrÃ¡sznÃ¡l
ğŸš¶|gyaloglÃ¡s|gyalogos|sÃ©ta
ğŸš¶â€â™‚ï¸|fÃ©rfi|sÃ©ta|sÃ©tÃ¡lÃ³|tÃºra
ğŸš¶â€â™€ï¸|nÅ‘|sÃ©ta|sÃ©tÃ¡lÃ³|tÃºra
ğŸ§|Ã¡llÃ³ ember
ğŸ§â€â™‚ï¸|Ã¡llÃ³ fÃ©rfi|fÃ©rfi
ğŸ§â€â™€ï¸|Ã¡llÃ³ nÅ‘|nÅ‘
ğŸ§|tÃ©rdelÅ‘ ember
ğŸ§â€â™‚ï¸|fÃ©rfi|tÃ©rdelÅ‘ fÃ©rfi
ğŸ§â€â™€ï¸|nÅ‘|tÃ©rdelÅ‘ nÅ‘
ğŸ§‘â€ğŸ¦¯|akadÃ¡lymentessÃ©g|ember fehÃ©r bottal|vak
ğŸ‘¨â€ğŸ¦¯|akadÃ¡lymentessÃ©g|fÃ©rfi fehÃ©r bottal|vak
ğŸ‘©â€ğŸ¦¯|akadÃ¡lymentessÃ©g|nÅ‘ fehÃ©r bottal|vak
ğŸ§‘â€ğŸ¦¼|akadÃ¡lymentessÃ©g|ember motoros kerekesszÃ©kben|kerekesszÃ©k
ğŸ‘¨â€ğŸ¦¼|akadÃ¡lymentessÃ©g|fÃ©rfi motoros kerekesszÃ©kben|kerekesszÃ©k
ğŸ‘©â€ğŸ¦¼|akadÃ¡lymentessÃ©g|kerekesszÃ©k|nÅ‘ motoros kerekesszÃ©kben
ğŸ§‘â€ğŸ¦½|akadÃ¡lymentessÃ©g|kerekesszÃ©kes ember
ğŸ‘¨â€ğŸ¦½|akadÃ¡lymentessÃ©g|fÃ©rfi kÃ©zi hajtÃ¡sÃº kerekesszÃ©kben|kerekesszÃ©k
ğŸ‘©â€ğŸ¦½|akadÃ¡lymentessÃ©g|kerekesszÃ©k|nÅ‘ kÃ©zi hajtÃ¡sÃº kerekesszÃ©kben
ğŸƒ|futÃ¡s|futÃ³|maraton
ğŸƒâ€â™‚ï¸|fÃ©rfi|futÃ¡s|futÃ³ fÃ©rfi|maraton|verseny
ğŸƒâ€â™€ï¸|futÃ¡s|futÃ³ nÅ‘|maraton|nÅ‘|verseny
ğŸ’ƒ|nÅ‘|tÃ¡ncolÃ³
ğŸ•º|fÃ©rfi|tÃ¡ncolÃ³ fÃ©rfi
ğŸ•´ï¸|Ã¶ltÃ¶nyÃ¶s, lebegÅ‘ ember|Ã¼zletember
ğŸ‘¯|bulizÃ³ emberek|lÃ¡nyok|nÅ‘|nyuszifÃ¼l|parti
ğŸ‘¯â€â™‚ï¸|buil|bulizÃ³ fÃ©rfiak|fÃ©rfiak|nyuszifÃ¼l|parti|tÃ¡ncos
ğŸ‘¯â€â™€ï¸|buil|bulizÃ³ nÅ‘k|nÅ‘k|nyuszifÃ¼l|parti|tÃ¡ncos
ğŸ§–|ember a gÅ‘zfÃ¼rdÅ‘ben|gÅ‘zfÃ¼rdÅ‘|szauna
ğŸ§–â€â™‚ï¸|fÃ©rfi a gÅ‘zfÃ¼rdÅ‘ben|gÅ‘zfÃ¼rdÅ‘|szauna
ğŸ§–â€â™€ï¸|gÅ‘zfÃ¼rdÅ‘|nÅ‘ a gÅ‘zfÃ¼rdÅ‘ben|szauna
ğŸ§—|mÃ¡szÃ³ ember
ğŸ§—â€â™‚ï¸|mÃ¡szÃ³ fÃ©rfi
ğŸ§—â€â™€ï¸|mÃ¡szÃ³ nÅ‘
ğŸ¤º|kard|sportolÃ³|vÃ­vÃ¡s|vÃ­vÃ³
ğŸ‡|lÃ³verseny|versenylÃ³|zsokÃ©
â›·ï¸|hÃ³|sÃ­elÃ©s|sÃ­elÅ‘|tÃ©li sportok
ğŸ‚|hÃ³deszka|snowboardozÃ³|tÃ©li sportok
ğŸŒï¸|golfozÃ³|golfÃ¼tÅ‘|labda
ğŸŒï¸â€â™‚ï¸|fÃ©rfi|golfozÃ³ fÃ©rfi
ğŸŒï¸â€â™€ï¸|golfozÃ³ nÅ‘|nÅ‘
ğŸ„|szÃ¶rfÃ¶zÅ‘
ğŸ„â€â™‚ï¸|fÃ©rfi|szÃ¶rfÃ¶zÅ‘ fÃ©rfi
ğŸ„â€â™€ï¸|nÅ‘|szÃ¶rfÃ¶zÅ‘ nÅ‘
ğŸš£|evezÅ‘ ember|vÃ­zi jÃ¡rmÅ±
ğŸš£â€â™‚ï¸|csÃ³nak|evezÃ©s|evezÅ‘ fÃ©rfi|fÃ©rfi
ğŸš£â€â™€ï¸|csÃ³nak|evezÃ©s|evezÅ‘ nÅ‘|nÅ‘
ğŸŠ|ÃºszÃ¡s|ÃºszÃ³
ğŸŠâ€â™‚ï¸|fÃ©rfi|ÃºszÃ¡s|ÃºszÃ³
ğŸŠâ€â™€ï¸|nÅ‘|ÃºszÃ¡s|ÃºszÃ³
â›¹ï¸|ember labdÃ¡val|labda|sportolÃ³
â›¹ï¸â€â™‚ï¸|fÃ©rfi labdÃ¡val|labda
â›¹ï¸â€â™€ï¸|labda|nÅ‘ labdÃ¡val
ğŸ‹ï¸|sportolÃ³|sÃºlyemelÅ‘
ğŸ‹ï¸â€â™‚ï¸|fÃ©rfi|sÃºlyemelÅ‘
ğŸ‹ï¸â€â™€ï¸|nÅ‘|sÃºlyemelÅ‘
ğŸš´|biciklista|kerÃ©kpÃ¡ros|sportolÃ³
ğŸš´â€â™‚ï¸|bicajos|fÃ©rfi|kerÃ©kpÃ¡ros
ğŸš´â€â™€ï¸|bicajos|kerÃ©kpÃ¡ros|nÅ‘
ğŸšµ|biciklista|hegyikerÃ©kpÃ¡ros|kerÃ©kpÃ¡r|sportolÃ³
ğŸšµâ€â™‚ï¸|bicajos|fÃ©rfi|hegyikerÃ©kpÃ¡ros fÃ©rfi|kerÃ©kpÃ¡ros
ğŸšµâ€â™€ï¸|bicajos|hegyikerÃ©kpÃ¡ros nÅ‘|kerÃ©kpÃ¡ros|nÅ‘
ğŸ¤¸|cigÃ¡nykerÃ©k|sportolÃ³|torna
ğŸ¤¸â€â™‚ï¸|cigÃ¡nykerÃ©k|cigÃ¡nykerekezÅ‘ fÃ©rfi|fÃ©rfi|sport|torna
ğŸ¤¸â€â™€ï¸|cigÃ¡nykerÃ©k|cigÃ¡nykerekezÅ‘ nÅ‘|nÅ‘|sport|torna
ğŸ¤¼|birkÃ³zÃ¡s|birkÃ³zÃ³k|sportolÃ³
ğŸ¤¼â€â™‚ï¸|birkozÃ¡s|birkozÃ³|birkÃ³zÃ³ fÃ©rfiak|fÃ©rfi|sport
ğŸ¤¼â€â™€ï¸|birkozÃ¡s|birkozÃ³|birkÃ³zÃ³ nÅ‘k|nÅ‘|sport
ğŸ¤½|pÃ³lÃ³|sport|vÃ­zilabda
ğŸ¤½â€â™‚ï¸|fÃ©rfi|pÃ³lÃ³|sport|vÃ­zilabda|vÃ­zilabdÃ¡zÃ³ fÃ©rfi
ğŸ¤½â€â™€ï¸|nÅ‘|pÃ³lÃ³|sport|vÃ­zilabda|vÃ­zilabdÃ¡zÃ³ nÅ‘
ğŸ¤¾|kÃ©zilabda|labda|sportolÃ³
ğŸ¤¾â€â™‚ï¸|fÃ©rfi|kÃ©zilabda|kÃ©zilabdÃ¡zÃ³ fÃ©rfi|sport
ğŸ¤¾â€â™€ï¸|kÃ©zilabda|kÃ©zilabdÃ¡zÃ³ nÅ‘|nÅ‘|sport
ğŸ¤¹|egyensÃºly|egyszerre|Ã¼gyes|zsonglÅ‘r
ğŸ¤¹â€â™‚ï¸|egyensÃºly|egyszerre|fÃ©rfi|tÃ¶bb feladat|zsonglÅ‘r
ğŸ¤¹â€â™€ï¸|egyensÃºly|egyszerre|nÅ‘|tÃ¶bb feladat|zsonglÅ‘r
ğŸ§˜|ember lÃ³tuszÃ¼lÃ©sben|jÃ³ga|meditÃ¡ciÃ³
ğŸ§˜â€â™‚ï¸|fÃ©rfi lÃ³tuszÃ¼lÃ©sben|jÃ³ga|meditÃ¡ciÃ³
ğŸ§˜â€â™€ï¸|jÃ³ga|meditÃ¡ciÃ³|nÅ‘ lÃ³tuszÃ¼lÃ©sben
ğŸ›€|fÃ¼rdÃ©s|fÃ¼rdÅ‘ ember|fÃ¼rdÅ‘kÃ¡d
ğŸ›Œ|alvÃ¡s|ember az Ã¡gyban|szÃ¡lloda
ğŸ§‘â€ğŸ¤â€ğŸ§‘|egymÃ¡s kezÃ©t fogÃ³ emberek|fogÃ¡s|kÃ©zenfogva|pÃ¡r
ğŸ‘­|kÃ©zen fogva Ã¡llÃ³ nÅ‘k|nÅ‘k|pÃ¡r
ğŸ‘«|kÃ©z a kÃ©zben|kÃ©zen fogva Ã¡llÃ³ fÃ©rfi Ã©s nÅ‘|pÃ¡r
ğŸ‘¬|fÃ©rfiak|ikrek|kÃ©zen fogva Ã¡llÃ³ fÃ©rfiak|pÃ¡r
ğŸ’|csÃ³k|pÃ¡r|romantika
ğŸ’‘|pÃ¡r szÃ­vvel|romantika|szerelem|szÃ­v
ğŸ‘ª|anya|anyuka|apa|apuka|csalÃ¡d|gyermek
ğŸ—£ï¸|arc|beszÃ©d|beszÃ©lÅ‘ fej|fej|sziluett
ğŸ‘¤|ember sziluettje melltÅ‘l felfelÃ©|sziluett
ğŸ‘¥|ember|kÃ©t ember sziluettje melltÅ‘l felfelÃ©|sziluett
ğŸ«‚|egymÃ¡st Ã¶lelÅ‘ emberek|hellÃ³|kÃ¶szÃ¶net|Ã¶lelÃ©s|viszlÃ¡t
ğŸ‘£|lÃ¡bnyomok|nyomok
ğŸµ|Ã¡llat|fej|majomfej
ğŸ’|kismajom|majom
ğŸ¦|Ã¡llat|gorilla
ğŸ¦§|emberszabÃ¡sÃº majom|orangutÃ¡n
ğŸ¶|fej|kedvenc|kisÃ¡llat|kutyafej
ğŸ•|kisÃ¡llat|kutya
ğŸ¦®|akadÃ¡lymentessÃ©g|vakvezetÅ‘ kutya
ğŸ•â€ğŸ¦º|akadÃ¡lymentessÃ©g|kutya|segÃ­tÅ‘kutya|segÃ­tsÃ©g
ğŸ©|kedvenc|kisÃ¡llat|kutya|pudli|uszkÃ¡r
ğŸº|farkasfej|fej
ğŸ¦Š|fej|rÃ³kafej
ğŸ¦|kÃ­vÃ¡ncsi|mosÃ³medve|ravasz
ğŸ±|cica|fej|kedvenc|kisÃ¡llat|macskafej
ğŸˆ|kedvenc|kisÃ¡llat|macska
ğŸˆâ€â¬›|balszerencse|fekete|macska
ğŸ¦|Ã¡llatÃ¶v|csillagjegy|fej|oroszlÃ¡nfej
ğŸ¯|fej|tigrisfej
ğŸ…|Ã¡llat|tigris
ğŸ†|Ã¡llat|leopÃ¡rd
ğŸ´|fej|lÃ³fej
ğŸ«|agancs|Ã¡llat|emlÅ‘s|jÃ¡vorszarvas
ğŸ«|Ã¡llat|csacsi|emlÅ‘s|makacs|Ã¶szvÃ©r|szamÃ¡r
ğŸ|lÃ³verseny|versenylÃ³
ğŸ¦„|egyszarvÃº|fej|unikornisfej
ğŸ¦“|csÃ­k|zebra
ğŸ¦Œ|agancs|Ã¡llat|szarvas
ğŸ¦¬|bÃ¶lÃ©ny|csorda
ğŸ®|fej|tehÃ©nfej
ğŸ‚|Ã¡llatÃ¶v|bika|csillagjegy|Ã¶kÃ¶r
ğŸƒ|bÃ¶lÃ©ny|vÃ­zibÃ¶lÃ©ny
ğŸ„|Ã¡llat|tehÃ©n
ğŸ·|disznÃ³|fej|malacfej
ğŸ–|Ã¡llat|disznÃ³|koca|malac
ğŸ—|disznÃ³|vaddisznÃ³
ğŸ½|disznÃ³|malacorr|orr
ğŸ|Ã¡llatÃ¶v|csillagjegy|kos
ğŸ‘|anyajuh|bÃ¡rÃ¡ny|birka|juh
ğŸ|Ã¡llatÃ¶v|bakkecske|csillagjegy|kecske
ğŸª|dromedÃ¡r|pÃºposteve|teve
ğŸ«|kÃ©tpÃºpÃº teve|pÃºposteve|teve
ğŸ¦™|alpaka|guanako|gyapjÃº|lÃ¡ma|vicuÃ±a
ğŸ¦’|foltok|zsirÃ¡f
ğŸ˜|elefÃ¡nt|ormÃ¡ny
ğŸ¦£|gyapjas|kihalt|mamut|nagy|ormÃ¡nyos
ğŸ¦|Ã¡llat|orrszarvÃº
ğŸ¦›|vÃ­zilÃ³
ğŸ­|egÃ©rfej|fej
ğŸ|egÃ©r
ğŸ€|patkÃ¡ny
ğŸ¹|fej|hÃ¶rcsÃ¶gfej|kedvenc|kisÃ¡llat
ğŸ°|fej|kedvenc|kisÃ¡llat|nyÃºlfej|nyuszi
ğŸ‡|kedvenc|kisÃ¡llat|nyÃºl|nyuszi
ğŸ¿ï¸|mogyorÃ³|mÃ³kus
ğŸ¦«|gÃ¡t|hÃ³d
ğŸ¦”|sÃ¼n|tÃ¼skÃ©s
ğŸ¦‡|Ã¡llat|denevÃ©r|drakula|vÃ¡mpÃ­r
ğŸ»|fej|maci|medvefej
ğŸ»â€â„ï¸|fehÃ©r|jegesmedve|medve|sarkvidÃ©k
ğŸ¨|fej|koala|maci|medve
ğŸ¼|fej|pandafej
ğŸ¦¥|lajhÃ¡r|lassÃº|lusta
ğŸ¦¦|halÃ¡szÃ³|jÃ¡tÃ©kos|vidra
ğŸ¦¨|bÅ±zÃ¶sborz
ğŸ¦˜|ausztrÃ¡lia|erszÃ©nyes|kenguru|ugrÃ¡s
ğŸ¦¡|borz|mÃ©hÃ©szborz
ğŸ¾|lÃ¡bak|lÃ¡bnyomok|mancsnyomok
ğŸ¦ƒ|madÃ¡r|pulyka
ğŸ”|madÃ¡r|tyÃºk
ğŸ“|kakas|madÃ¡r
ğŸ£|kikelÃ©s|kikelÅ‘ kiscsibe|kiscsirke|madÃ¡r
ğŸ¤|kiscsibe|madÃ¡r|naposcsibe
ğŸ¥|elÅ‘re nÃ©zÅ‘ kiscsibe|kiscsibe|madÃ¡r
ğŸ¦|madÃ¡r
ğŸ§|madÃ¡r|pingvin
ğŸ•Šï¸|bÃ©kegalamb|galamb|madÃ¡r|olajÃ¡g
ğŸ¦…|madÃ¡r|sas
ğŸ¦†|kacsa|madÃ¡r
ğŸ¦¢|fiatal hattyÃº|hattyÃº|madÃ¡r|rÃºt kiskacsa
ğŸ¦‰|bagoly|bÃ¶lcs|madÃ¡r
ğŸ¦¤|dodÃ³|kihalt|madÃ¡r|mauritius|nagy
ğŸª¶|madÃ¡rtoll|repÃ¼lÃ©s|tollazat
ğŸ¦©|flamingÃ³|szÃ­npompÃ¡s|trÃ³pusi
ğŸ¦š|bÃ¼szke|hivalkodÃ³|madÃ¡r|pÃ¡vatyÃºk
ğŸ¦œ|beszÃ©l|kalÃ³z|madÃ¡r|papagÃ¡j
ğŸª½|angyal|madÃ¡r|mitolÃ³gia|repÃ¼lÃ©s|szÃ¡rny
ğŸª¿|bolondos|gÃ¡gog|liba|madÃ¡r|szÃ¡rnyas
ğŸ¸|bÃ©kafej|fej
ğŸŠ|krokodil
ğŸ¢|teknÅ‘c|teknÅ‘sbÃ©ka
ğŸ¦|gyÃ­k|hÃ¼llÅ‘
ğŸ|Ã¡llatÃ¶v|csillagjegy|kÃ­gyÃ³
ğŸ²|fantasy|fej|mese|sÃ¡rkÃ¡nyfej
ğŸ‰|mese|sÃ¡rkÃ¡ny
ğŸ¦•|brachiosaurus|brontosaurus|diplodocus|sauropoda
ğŸ¦–|t. rex|tyrannosaurus rex
ğŸ³|bÃ¡lna|fej|frÃ¶cskÃ¶lÃ©s|frÃ¶cskÃ¶lÅ‘ bÃ¡lna
ğŸ‹|bÃ¡lna
ğŸ¬|delfin
ğŸ¦­|fÃ³ka|oroszlÃ¡nfÃ³ka
ğŸŸ|Ã¡llatÃ¶v|csillagjegy|halak
ğŸ |dÃ­szhal|hal|trÃ³pusi
ğŸ¡|gÃ¶mbhal|hal
ğŸ¦ˆ|cÃ¡pa|hal
ğŸ™|oktopusz|polip
ğŸš|kagylÃ³|spirÃ¡lis|tengeri csiga
ğŸª¸|korall|Ã³ceÃ¡n|zÃ¡tony
ğŸª¼|csÃ­p|gerinctelen|jaj|kocsonyÃ¡s|medÃºza|szÃºrÃ³szerv|tengeri
ğŸŒ|csiga
ğŸ¦‹|pillangÃ³|rovar|szÃ©p
ğŸ›|bogÃ¡r|rovar
ğŸœ|hangya|rovar
ğŸ|mÃ©hecske|rovar
ğŸª²|bogÃ¡r|rovar
ğŸ|bogÃ¡r|katicabogÃ¡r|rovar
ğŸ¦—|szÃ¶cske|tÃ¼csÃ¶k
ğŸª³|csÃ³tÃ¡ny|kÃ¡rtevÅ‘|rovar|svÃ¡bbogÃ¡r
ğŸ•·ï¸|pÃ³k|rovar
ğŸ•¸ï¸|hÃ¡lÃ³|pÃ³khÃ¡lÃ³
ğŸ¦‚|Ã¡llatÃ¶v|csillagjegy|skorpiÃ³
ğŸ¦Ÿ|betegsÃ©g|lÃ¡z|malÃ¡ria|rovar|szÃºnyog|vÃ­rus
ğŸª°|betegsÃ©g|fÃ©reg|kÃ¡rtevÅ‘|lÃ©gy|rohadÃ¡s
ğŸª±|fÃ©reg|fÃ¶ldigiliszta|gyÅ±rÅ±s fÃ©reg|kukac|parazita
ğŸ¦ |amÅ‘ba|baktÃ©rium|mikrÃ³ba|vÃ­rus
ğŸ’|csokor|romantika|virÃ¡gcsokor
ğŸŒ¸|cseresznyevirÃ¡g|virÃ¡g
ğŸ’®|fehÃ©r virÃ¡g|nÃ¶vÃ©ny|virÃ¡g
ğŸª·|buddhizmus|hinduizmus|india|lÃ³tusz|tisztasÃ¡g|vietnam|virÃ¡g
ğŸµï¸|nÃ¶vÃ©ny|rozetta|virÃ¡g
ğŸŒ¹|nÃ¶vÃ©ny|rÃ³zsa|virÃ¡g
ğŸ¥€|hervadt|virÃ¡g
ğŸŒº|hibiszkusz|nÃ¶vÃ©ny|virÃ¡g
ğŸŒ»|napraforgÃ³|nÃ¶vÃ©ny|virÃ¡g
ğŸŒ¼|nÃ¶vÃ©ny|virÃ¡gzÃ¡s
ğŸŒ·|nÃ¶vÃ©ny|tulipÃ¡n|virÃ¡g
ğŸª»|bÃºzavirÃ¡g|csillagfÃ¼rt|jÃ¡cint|levendula|tÃ¡tika|virÃ¡g
ğŸŒ±|nÃ¶vÃ©ny|palÃ¡nta
ğŸª´|cserepes nÃ¶vÃ©ny|gondozÃ¡s|hasztalan|nÃ¶vÃ©ny|szoba|unalmas
ğŸŒ²|fa|nÃ¶vÃ©ny|Ã¶rÃ¶kzÃ¶ld
ğŸŒ³|fa|lombhullatÃ³|nÃ¶vÃ©ny
ğŸŒ´|fa|nÃ¶vÃ©ny|pÃ¡lmafa
ğŸŒµ|kaktusz|nÃ¶vÃ©ny
ğŸŒ¾|nÃ¶vÃ©ny|rizs
ğŸŒ¿|gyÃ³gynÃ¶vÃ©ny|levÃ©l|nÃ¶vÃ©ny
ğŸ€|lÃ³here|nÃ©gylevelÅ±|szerencse
ğŸ|juharlevÃ©l|levÃ©l|nÃ¶vÃ©ny
ğŸ‚|lehullott|levÃ©l|nÃ¶vÃ©ny
ğŸƒ|hullÃ³|lebegÅ‘|levÃ©l|nÃ¶vÃ©ny|szÃ©lfÃºtta levÃ©l
ğŸª¹|fÃ©szekrakÃ¡s|Ã¼res fÃ©szek
ğŸªº|fÃ©szek tojÃ¡sokkal|fÃ©szekrakÃ¡s
ğŸ„|gomba|nÃ¶vÃ©ny
ğŸ‡|gyÃ¼mÃ¶lcs|nÃ¶vÃ©ny|szÅ‘lÅ‘
ğŸˆ|gyÃ¼mÃ¶lcs|nÃ¶vÃ©ny|sÃ¡rgadinnye
ğŸ‰|gÃ¶rÃ¶gdinnye|gyÃ¼mÃ¶lcs|nÃ¶vÃ©ny
ğŸŠ|gyÃ¼mÃ¶lcs|mandarin|narancs|nÃ¶vÃ©ny
ğŸ‹|citrom|citrusfÃ©le|gyÃ¼mÃ¶lcs|nÃ¶vÃ©ny
ğŸŒ|banÃ¡n|gyÃ¼mÃ¶lcs|nÃ¶vÃ©ny
ğŸ|ananÃ¡sz|gyÃ¼mÃ¶lcs|nÃ¶vÃ©ny
ğŸ¥­|gyÃ¼mÃ¶lcs|mangÃ³|trÃ³pusi
ğŸ|alma|gyÃ¼mÃ¶lcs|nÃ¶vÃ©ny|piros
ğŸ|alma|gyÃ¼mÃ¶lcs|nÃ¶vÃ©ny|zÃ¶ld
ğŸ|gyÃ¼mÃ¶lcs|kÃ¶rte|nÃ¶vÃ©ny
ğŸ‘|gyÃ¼mÃ¶lcs|nÃ¶vÃ©ny|Å‘szibarack
ğŸ’|cseresznye|gyÃ¼mÃ¶lcs|nÃ¶vÃ©ny
ğŸ“|eper|gyÃ¼mÃ¶lcs|nÃ¶vÃ©ny|szamÃ³ca
ğŸ«|Ã¡fonya
ğŸ¥|Ã©tel|gyÃ¼mÃ¶lcs|kivi
ğŸ…|nÃ¶vÃ©ny|paradicsom|zÃ¶ldsÃ©g
ğŸ«’|Ã©tel|olajbogyÃ³
ğŸ¥¥|kÃ³kuszdiÃ³|pÃ¡lma|piÃ±a colada
ğŸ¥‘|avokÃ¡dÃ³|Ã©tel|gyÃ¼mÃ¶lcs
ğŸ†|nÃ¶vÃ©ny|padlizsÃ¡n|zÃ¶ldsÃ©g
ğŸ¥”|Ã©tel|krumpli|zÃ¶ldsÃ©g
ğŸ¥•|Ã©tel|sÃ¡rgarÃ©pa|zÃ¶ldsÃ©g
ğŸŒ½|csÅ‘|kukoricacsÅ‘|nÃ¶vÃ©ny
ğŸŒ¶ï¸|erÅ‘spaprika|nÃ¶vÃ©ny|paprika
ğŸ«‘|kaliforniai paprika|paprika|zÃ¶ldsÃ©g
ğŸ¥’|Ã©tel|uborka|zÃ¶ldsÃ©g
ğŸ¥¬|kÃ¡poszta|kel|kÃ­nai kel|leveles zÃ¶ldsÃ©g|salÃ¡ta
ğŸ¥¦|brokkoli|vadkÃ¡poszta
ğŸ§„|fokhagyma|Ã­zesÃ­tÃ©s
ğŸ§…|hagyma|Ã­zesÃ­tÃ©s
ğŸ¥œ|Ã©tel|fÃ¶ldimogyorÃ³|mogyorÃ³
ğŸ«˜|bab|Ã©tel|hÃ¼velyes nÃ¶vÃ©ny|vese
ğŸŒ°|gesztenye|nÃ¶vÃ©ny
ğŸ«š|fÅ±szer|gyÃ¶kÃ©r|gyÃ¶mbÃ©rgyÃ¶kÃ©r|sÃ¶r
ğŸ«›|bab|borsÃ³hÃ¼vely|edamame|hÃ¼velyes|zÃ¶ldsÃ©g
ğŸ|kenyÃ©r|vekni
ğŸ¥|croissant|Ã©tel|francia|reggeli
ğŸ¥–|bagett|Ã©tel|francia|kenyÃ©r
ğŸ«“|lapos kenyÃ©r|laposkenyÃ©r|naan|pita
ğŸ¥¨|csavart|perec
ğŸ¥¯|bagel|pÃ©kÃ¡ru|vajkrÃ©m
ğŸ¥|Ã©tel|palacsinta
ğŸ§‡|gofri|hatÃ¡rozatlan|vas
ğŸ§€|lyukas sajt|sajtdarab
ğŸ–|csontos hÃºs|hÃºs
ğŸ—|baromfi|comb|csirkecomb|csontos
ğŸ¥©|bÃ¡rÃ¡nyszelet|hÃºsdarab|hÃºsszelet|sertÃ©sszelet|steak
ğŸ¥“|bacon|Ã©tel|hÃºs|szalonna
ğŸ”|burger|hambi|hamburger
ğŸŸ|krumpli|sÃ¼lt krumpli|sÃ¼ltkrumpli
ğŸ•|pizza|sajtos|szelet
ğŸŒ­|hot dog|hotdog|kifli|kolbÃ¡sz|mustÃ¡r|virsli
ğŸ¥ª|kenyÃ©r|szendvics
ğŸŒ®|Ã©tel|mexikÃ³i|taco
ğŸŒ¯|burrito|Ã©tel|mexikÃ³i
ğŸ«”|felcsavart|mexikÃ³i|tamale
ğŸ¥™|Ã©tel|falafel|gÃ­rosz|kebab|pita|tÃ¶ltÃ¶tt
ğŸ§†|csicseriborsÃ³|falafel|hÃºsgolyÃ³
ğŸ¥š|Ã©tel|tojÃ¡s
ğŸ³|serpenyÅ‘|sÃ¼tÃ©s-fÅ‘zÃ©s|tojÃ¡s
ğŸ¥˜|Ã©tel|serpenyÅ‘s Ã©tel
ğŸ²|egy tÃ¡l Ã©tel|ennivalÃ³|Ã©tel|tÃ¡l
ğŸ«•|csokolÃ¡dÃ©|fondÃ¼|lÃ¡bas|olvasztott|sajt|svÃ¡jci
ğŸ¥£|gabonapehely|reggeli|rizskÃ¡sa|tÃ¡l kanÃ¡llal
ğŸ¥—|Ã©tel|salÃ¡ta|zÃ¶ld
ğŸ¿|kukorica|pattogatott kukorica
ğŸ§ˆ|tejtermÃ©k|vaj
ğŸ§‚|fÅ±szer|sÃ³szÃ³rÃ³
ğŸ¥«|konzervdoboz
ğŸ±|bento|Ã©teldoboz|japÃ¡n Ã©teldoboz
ğŸ˜|japÃ¡n|keksz|rizskeksz
ğŸ™|golyÃ³|japÃ¡n|rizsgolyÃ³
ğŸš|fÅ‘tt rizs|fÅ‘zÃ¶tt|rizs
ğŸ›|currys rizs|rizs
ğŸœ|forrÃ³|gÅ‘zÃ¶lgÅ‘ tÃ¡l|gÅ‘zÃ¶lÃ¶g|tÃ¡l|tÃ©szta
ğŸ|spagetti|tÃ©szta
ğŸ |burgonya|Ã©desburgonya|Ã©tel|sÃ¼lt Ã©desburgonya
ğŸ¢|Ã©tel|japÃ¡n kebab|oden
ğŸ£|Ã©tel|szusi
ğŸ¤|rÃ¡k|sÃ¼lt garnÃ©larÃ¡k|tenger gyÃ¼mÃ¶lcsei
ğŸ¥|csavart|Ã©tel|haltorta
ğŸ¥®|fesztivÃ¡l|holdsÃ¼temÃ©ny|Å‘sz|yuÃ¨bÇng
ğŸ¡|dango|desszert|Ã©dessÃ©g|Ã©tel|pÃ¡lca
ğŸ¥Ÿ|gombÃ³c|tÃ¶ltÃ¶tt tÃ©szta
ğŸ¥ |jÃ³slat|szerencsesÃ¼ti
ğŸ¥¡|elviteles doboz|elviteles papÃ­rdoboz
ğŸ¦€|Ã¡llatÃ¶v|csillagjegy|rÃ¡k
ğŸ¦|homÃ¡r|ollÃ³k|rÃ¡kleves|tengeri Ã©tel
ğŸ¦|Ã©tel|garnÃ©larÃ¡k|kicsi
ğŸ¦‘|Ã©tel|tintahal
ğŸ¦ª|bÃºvÃ¡rkodÃ¡s|gyÃ¶ngy|osztriga
ğŸ¦|desszert|Ã©dessÃ©g|fagyi|gÃ©pi fagylalt|lÃ¡gyfagylalt
ğŸ§|desszert|Ã©dessÃ©g|fagyi|fagylalt Ã¶ntettel|Ã¶ntet
ğŸ¨|desszert|Ã©dessÃ©g|fagyi|fagylalt
ğŸ©|desszert|Ã©dessÃ©g|fÃ¡nk
ğŸª|desszert|Ã©dessÃ©g|keksz|sÃ¼temÃ©ny|sÃ¼ti
ğŸ‚|desszert|Ã©dessÃ©g|sÃ¼temÃ©ny|sÃ¼ti|szÃ¼letÃ©snapi torta|szÃ¼linap|torta
ğŸ°|desszert|Ã©dessÃ©g|gyÃ¼mÃ¶lcstorta|sÃ¼temÃ©ny|sÃ¼ti|tortaszelet
ğŸ§|cupcake|Ã©dessÃ©g|pÃ©kÃ¡ru
ğŸ¥§|pite|sÃ¼temÃ©ny|tÃ¶ltelÃ©k
ğŸ«|csoki|csokolÃ¡dÃ©|desszert|Ã©dessÃ©g|tÃ¡blÃ¡s csokolÃ¡dÃ©
ğŸ¬|cukorka|desszert|Ã©dessÃ©g
ğŸ­|cukorka|desszert|Ã©dessÃ©g|nyalÃ³ka
ğŸ®|desszert|Ã©dessÃ©g|puding
ğŸ¯|bÃ¶dÃ¶n|csupor|mÃ©zes bÃ¶dÃ¶n|mÃ©zes csupor
ğŸ¼|baba|cumisÃ¼veg|tej
ğŸ¥›|egy pohÃ¡r tej|ital|pohÃ¡r|tej
ğŸ«–|bÃ¶gre|ital|tea|teÃ¡skanna
ğŸµ|fÃ¼l nÃ©lkÃ¼li teÃ¡scsÃ©sze|ital|tea|teÃ¡scsÃ©sze
ğŸ¶|bÃ¡r|csÃ©sze|ital|szakÃ©|Ã¼veg
ğŸ¾|bÃ¡r|ital|kiugrik|kupak|Ã¼veg kiugrÃ³ dugÃ³val
ğŸ·|bÃ¡r|borospohÃ¡r|ital|pohÃ¡r
ğŸ¸|bÃ¡r|ital|koktÃ©los pohÃ¡r|pohÃ¡r
ğŸ¹|bÃ¡r|ital|koktÃ©l|trÃ³pusi
ğŸº|bÃ¡r|ital|korsÃ³|sÃ¶rÃ¶skorsÃ³
ğŸ»|bÃ¡r|ital|koccintÃ¡s|korsÃ³|Ã¶sszekoccanÃ³ sÃ¶rÃ¶skorsÃ³k|sÃ¶r
ğŸ¥‚|ivÃ¡s|koccintÃ¡s|koccintÃ³ poharak|pohÃ¡r|Ã¼nneplÃ©s
ğŸ¥ƒ|alkohol|feles pohÃ¡r|tÃ¶mÃ©ny|whisky
ğŸ«—|ital|kiÃ¶nt|Ã¶mlÅ‘ folyadÃ©k|pohÃ¡r|Ã¼res
ğŸ¥¤|dzsÃºz|ivÃ³lÃ©|pohÃ¡r szÃ­vÃ³szÃ¡llal|szÃ³da
ğŸ§‹|buborÃ©kos tea|gyÃ¶ngy|tea|tej
ğŸ§ƒ|gyÃ¼mÃ¶lcsleves doboz|italos doboz
ğŸ§‰|ital|matÃ©
ğŸ§Š|hideg|jÃ©ghegy|jÃ©gkocka
ğŸ¥¢|evÅ‘pÃ¡lcikÃ¡k|hashi
ğŸ½ï¸|kÃ©s Ã©s villa tÃ¡nyÃ©rral|tÃ¡lalÃ¡s|tÃ¡nyÃ©r|villa
ğŸ´|kÃ©s Ã©s villa|tÃ¡lalÃ¡s|villa
ğŸ¥„|evÅ‘eszkÃ¶z|kanÃ¡l
ğŸ”ª|eszkÃ¶z|felszerelÃ©s|kÃ©s|konyhakÃ©s
ğŸ«™|befÅ‘ttesÃ¼veg|fÅ±szer|szÃ³sz|tÃ¡rolÃ¡s|tÃ¡rolÃ³|Ã¼res
ğŸº|amfora|edÃ©ny|vÃ¡za|vÃ­zÃ¶ntÅ‘
ğŸŒ|afrika|eurÃ³pa|eurÃ³pÃ¡t Ã©s afrikÃ¡t mutatÃ³ fÃ¶ldgÃ¶mb|fÃ¶ldgÃ¶mb|vilÃ¡g
ğŸŒ|amerika|amerikÃ¡t mutatÃ³ fÃ¶ldgÃ¶mb|fÃ¶ldgÃ¶mb|fÃ¶ldrajz|vilÃ¡g
ğŸŒ|ausztrÃ¡lia|Ã¡zsia|Ã¡zsiÃ¡t Ã©s ausztrÃ¡liÃ¡t mutatÃ³ fÃ¶ldgÃ¶mb|fÃ¶ld|vilÃ¡g
ğŸŒ|dÃ©lkÃ¶rÃ¶k|fÃ¶ldgÃ¶mb dÃ©lkÃ¶rÃ¶kkel|fÃ¶ldrajz|vilÃ¡g
ğŸ—ºï¸|fÃ¶ld|tÃ©rkÃ©p|vilÃ¡gtÃ©rkÃ©p
ğŸ—¾|fÃ¶ldrajz|japÃ¡n tÃ©rkÃ©pe|tÃ©rkÃ©p
ğŸ§­|irÃ¡nytÅ±|mÃ¡gneses|navigÃ¡ciÃ³|tÃ¡jÃ©kozÃ³dÃ¡s
ğŸ”ï¸|hegy hÃ³takarÃ³val|hideg|hÃ³
â›°ï¸|hegysÃ©g
ğŸŒ‹|kitÃ¶rÃ©s|tÅ±zhÃ¡nyÃ³|vulkÃ¡n
ğŸ—»|fudzsi-hegy|hegy
ğŸ•ï¸|kemping|sÃ¡torozÃ¡s
ğŸ–ï¸|napernyÅ‘|strand napernyÅ‘vel|tengerpart
ğŸœï¸|kaktusz|sivatag
ğŸï¸|lakatlan sziget|sivatag|sziget
ğŸï¸|nemzeti park|park|vÃ©dett terÃ¼let
ğŸŸï¸|sportlÃ©tesÃ­tmÃ©ny|stadion
ğŸ›ï¸|Ã©pÃ¼let|klasszikus|rÃ©gi
ğŸ—ï¸|Ã©pÃ­tÃ©s|Ã©pÃ­tkezÃ©s
ğŸ§±|agyag|fal|malter|tÃ©gla|tÃ©glÃ¡k
ğŸª¨|kemÃ©ny|kÅ‘szikla|nehÃ©z|szikla
ğŸªµ|faanyag|farÃ¶nk|rÃ¶nk
ğŸ›–|hÃ¡z|jurta|kunyhÃ³
ğŸ˜ï¸|Ã©pÃ¼let|hÃ¡z|lakÃ³hÃ¡zak
ğŸšï¸|elhagyatott|Ã©pÃ¼let|hÃ¡z
ğŸ |Ã©pÃ¼let|hÃ¡z|lakÃ³hÃ¡z|otthon
ğŸ¡|Ã©pÃ¼let|hÃ¡z kerttel|kert|otthon
ğŸ¢|Ã©pÃ¼let|irodaÃ©pÃ¼let
ğŸ£|Ã©pÃ¼let|japÃ¡n postahivatal|posta
ğŸ¤|Ã©pÃ¼let|eurÃ³pai|postahivatal
ğŸ¥|doktor|Ã©pÃ¼let|gyÃ³gyÃ­tÃ¡s|kÃ³rhÃ¡z|orvos
ğŸ¦|bank|Ã©pÃ¼let
ğŸ¨|Ã©pÃ¼let|hotel
ğŸ©|Ã©pÃ¼let|love hotel|szÃ¡llÃ³ szerelmeseknek|szÃ¡lloda|szerelmi fÃ©szek
ğŸª|bolt|Ã©jjel-nappali|Ã©pÃ¼let|kisbolt|non-stop
ğŸ«|Ã©pÃ¼let|iskola
ğŸ¬|Ã¡ruhÃ¡z|boltok|Ã©pÃ¼let
ğŸ­|Ã©pÃ¼let|gyÃ¡r
ğŸ¯|Ã©pÃ¼let|japÃ¡n|kastÃ©ly
ğŸ°|Ã©pÃ¼let|eurÃ³pai|vÃ¡r
ğŸ’’|Ã©pÃ¼let|eskÃ¼vÅ‘|kÃ¡polna|romantika
ğŸ—¼|tokiÃ³i torony|torony
ğŸ—½|szabadsÃ¡g-szobor|szobor
â›ª|Ã©pÃ¼let|keresztÃ©ny|templom|vallÃ¡s
ğŸ•Œ|iszlÃ¡m|mecset|mohamedÃ¡n|muszlim|vallÃ¡s
ğŸ›•|hindu|templom
ğŸ•|szentÃ©ly|templom|vallÃ¡s|zsidÃ³|zsinagÃ³ga
â›©ï¸|sintÃ³|szentÃ©ly|vallÃ¡s
ğŸ•‹|iszlÃ¡m|kÃ¡ba|mohamedÃ¡n|muszlim|vallÃ¡s
â›²|szÃ¶kÅ‘kÃºt
â›º|kempingezÃ©s|sÃ¡tor|szÃ¡llÃ¡s
ğŸŒ|idÅ‘jÃ¡rÃ¡s|kÃ¶dÃ¶s
ğŸŒƒ|csillag|derÃ¼lt idÅ‘|Ã©jszaka csillagokkal
ğŸ™ï¸|Ã©pÃ¼letek|vÃ¡roskÃ©p
ğŸŒ„|hegyek mÃ¶gÃ¶tt felkelÅ‘ nap|napfelkelte
ğŸŒ…|felkelÅ‘ nap|napfelkelte|reggel
ğŸŒ†|alkonyat|este|naplemente|vÃ¡roskÃ©p alkonyatkor
ğŸŒ‡|alkonyat|Ã©pÃ¼letek|lemenÅ‘ nap|naplemente
ğŸŒ‰|Ã©jszaka|hÃ­d
ğŸ |jÃ¡tÃ©k|kÃ¶rhinta|lÃ³ a kÃ¶rhintÃ¡rÃ³l|vidÃ¡mpark
ğŸ›|jÃ¡tÃ©k|jÃ¡tszÃ³tÃ©ri csÃºszda|vidÃ¡mpark
ğŸ¡|jÃ¡tÃ©k|Ã³riÃ¡skerÃ©k|vidÃ¡mpark
ğŸ¢|hullÃ¡mnvasÃºt|hullÃ¡mvasÃºt|jÃ¡tÃ©k|vidÃ¡mpark
ğŸ’ˆ|borbÃ©ly|cÃ©gÃ©r|fodrÃ¡szcÃ©gÃ©r|hajvÃ¡gÃ¡s
ğŸª|cirkuszsÃ¡tor|sÃ¡tor
ğŸš‚|gÅ‘z|jÃ¡rmÅ±|mozdony|vasÃºt
ğŸšƒ|elektromos|kocsi|vasÃºti kocsi|villamos|vonat
ğŸš„|gyorsvasÃºt|gyorsvonat|jÃ¡rmÅ±|vasÃºt
ğŸš…|golyÃ³orrÃº gyorsvasÃºt|gyorsvonat|jÃ¡rmÅ±|nagysebessÃ©gÅ±
ğŸš†|jÃ¡rmÅ±|vasÃºt|vonat
ğŸš‡|fÃ¶ldalatti|jÃ¡rmÅ±|metrÃ³
ğŸšˆ|hÃ©v|jÃ¡rmÅ±|vasÃºt
ğŸš‰|Ã¡llomÃ¡s|jÃ¡rmÅ±|vasÃºt|vonat
ğŸšŠ|jÃ¡rmÅ±|nagyvÃ¡rosi kÃ¶zlekedÃ©s|villamos
ğŸš|egysÃ­nÅ± vasÃºt|jÃ¡rmÅ±
ğŸš|hegyi vasÃºt|jÃ¡rmÅ±|kocsi
ğŸš‹|jÃ¡rmÅ±|kocsi|villamoskocsi
ğŸšŒ|busz|jÃ¡rmÅ±
ğŸš|busz|Ã©rkezÃ©s|Ã©rkezÅ‘ busz|jÃ¡rmÅ±
ğŸš|busz|jÃ¡rmÅ±|trolibusz
ğŸš|busz|jÃ¡rmÅ±|mikrobusz|minibusz
ğŸš‘|jÃ¡rmÅ±|mentÅ‘
ğŸš’|jÃ¡rmÅ±|tÅ±zoltÃ³autÃ³|tÅ±zoltÃ³sÃ¡g
ğŸš“|autÃ³|jÃ¡rmÅ±|jÃ¡rÅ‘rautÃ³|rendÅ‘rautÃ³|rendÅ‘rsÃ©g
ğŸš”|autÃ³|Ã©rkezÅ‘ rendÅ‘rautÃ³|jÃ¡rmÅ±|jÃ¡rÅ‘rautÃ³|rendÅ‘rsÃ©g
ğŸš•|jÃ¡rmÅ±|szemÃ©lyszÃ¡llÃ­tÃ¡s|taxi
ğŸš–|Ã©rkezÅ‘|jÃ¡rmÅ±|szemÃ©lyszÃ¡llÃ­tÃ¡s|taxi
ğŸš—|autÃ³|jÃ¡rmÅ±
ğŸš˜|autÃ³|Ã©rkezÅ‘|jÃ¡rmÅ±|kocsi
ğŸš™|jÃ¡rmÅ±|lakÃ³kocsi|suv|szabadidÅ‘autÃ³
ğŸ›»|kisteherautÃ³|pick-up|pickup
ğŸšš|autÃ³|jÃ¡rmÅ±|teherautÃ³|teherfuvarozÃ¡s
ğŸš›|autÃ³|billenÅ‘s teherautÃ³|jÃ¡rmÅ±|teherfuvarozÃ¡s
ğŸšœ|jÃ¡rmÅ±|traktor
ğŸï¸|autÃ³|versenyautÃ³|versenyzÃ©s
ğŸï¸|motorkerÃ©kpÃ¡r|versenyzÃ©s
ğŸ›µ|motor|robogÃ³
ğŸ¦½|akadÃ¡lymentessÃ©g|kÃ©zi hajtÃ¡sÃº kerekesszÃ©k
ğŸ¦¼|akadÃ¡lymentessÃ©g|motoros kerekesszÃ©k
ğŸ›º|motoros riksa|tuk tuk
ğŸš²|bicikli|jÃ¡rmÅ±|kerÃ©kpÃ¡r
ğŸ›´|roller
ğŸ›¹|deszka|gÃ¶rdeszka
ğŸ›¼|gÃ¶rkorcsolya
ğŸš|buszmegÃ¡llÃ³|megÃ¡llÃ³
ğŸ›£ï¸|autÃ³pÃ¡lya|pÃ¡lya|Ãºt
ğŸ›¤ï¸|vasÃºti sÃ­n|vonat
ğŸ›¢ï¸|hordÃ³|olajoshordÃ³
â›½|benzinkÃºt|dÃ­zel|kÃºt|tank|tÃ¶ltÅ‘Ã¡llomÃ¡s
ğŸ›|abroncs|fordul|kerÃ©k|kÃ¶r
ğŸš¨|autÃ³|forgÃ³|jÃ¡rmÅ±|lÃ¡mpa|rendÅ‘rautÃ³ villogÃ³ja|villogÃ³
ğŸš¥|kÃ¶zlekedÃ©si|lÃ¡mpa|vÃ­zszintes kÃ¶zlekedÃ©si lÃ¡mpa
ğŸš¦|fÃ¼ggÅ‘leges kÃ¶zlekedÃ©si lÃ¡mpa|kÃ¶zlekedÃ©si|lÃ¡mpa
ğŸ›‘|nyolcszÃ¶g|stoptÃ¡bla
ğŸš§|sorompÃ³|ÃºtÃ©pÃ­tÃ©s
ğŸ›Ÿ|biztonsÃ¡g|Ã©letmentÅ‘|lebeg|megment|mentÅ‘Ã¶v
â›µ|hajÃ³|jacht|tenger|vitorlÃ¡s|vÃ­zi jÃ¡rmÅ±
ğŸ›¶|csÃ³nak|kenu
ğŸš¤|csÃ³nak|motoros siklÃ³csÃ³nak|vÃ­zi jÃ¡rmÅ±
ğŸ›³ï¸|csÃ³nak|utasszÃ¡llÃ­tÃ¡s|utasszÃ¡llÃ­tÃ³ hajÃ³|vÃ­zi jÃ¡rmÅ±
â›´ï¸|hajÃ³|komp|utasszÃ¡llÃ­tÃ¡s
ğŸ›¥ï¸|csÃ³nak|motorcsÃ³nak|utasszÃ¡llÃ­tÃ¡s
ğŸš¢|hajÃ³|vÃ­zi jÃ¡rmÅ±
ğŸ›©ï¸|kisrepÃ¼lÅ‘|lÃ©gi jÃ¡rmÅ±|repÃ¼lÅ‘gÃ©p
ğŸ›«|felszÃ¡llÃ¡s|indulÃ¡s|lÃ©gi jÃ¡rmÅ±|repÃ¼lÅ‘gÃ©p indulÃ¡sa|utasfelvÃ©tel
ğŸ›¬|Ã©rkezÃ©s|lÃ©gi jÃ¡rmÅ±|leszÃ¡llÃ¡s|repÃ¼lÅ‘gÃ©p Ã©rkezÃ©se
ğŸª‚|ejtÅ‘ernyÅ‘|siklÃ³ernyÅ‘
ğŸ’º|szÃ©k|Ã¼lÃ©s
ğŸš|helikopter|lÃ©gi jÃ¡rmÅ±
ğŸšŸ|fÃ¼ggÅ‘vasÃºt|jÃ¡rmÅ±|vasÃºt
ğŸš |hegyi felvonÃ³|jÃ¡rmÅ±
ğŸš¡|jÃ¡rmÅ±|kÃ¶tÃ©lpÃ¡lya|kÃ¶tÃ©lpÃ¡lyÃ¡s felvonÃ³|levegÅ‘
ğŸ›°ï¸|jÃ¡rmÅ±|mÅ±hold|szatellit|Å±r
ğŸš€|jÃ¡rmÅ±|rakÃ©ta|Å±r
ğŸ›¸|repÃ¼lÅ‘ csÃ©szealj|ufo|ufÃ³
ğŸ›ï¸|csengÅ‘|londinerhÃ­vÃ³ csengÅ‘|szÃ¡lloda
ğŸ§³|bÅ‘rÃ¶nd|csomagolÃ¡s|utazÃ¡s
âŒ›|homok|idÅ‘|lejÃ¡rt homokÃ³ra|Ã³ra
â³|homokÃ³ra|idÅ‘|nem lejÃ¡rt homokÃ³ra
âŒš|karÃ³ra|Ã³ra
â°|Ã©bresztÃ©s|Ã©bresztÅ‘Ã³ra|Ã³ra|vekker
â±ï¸|Ã³ra|stopperÃ³ra
â²ï¸|idÅ‘zÃ­tÅ‘|Ã³ra|visszaszÃ¡mlÃ¡lÃ¡s|visszaszÃ¡mlÃ¡lÃ³ Ã³ra
ğŸ•°ï¸|Ã³ra|rÃ©gies Ã³ra
ğŸ•›|00|12:00|egÃ©sz Ã³ra|Ã³ra|tizenkÃ©t Ã³ra|tizenkettÅ‘
ğŸ•§|12:30|30|fÃ©l egy|harminc|Ã³ra|tizenkettÅ‘
ğŸ•|00|1:00|egÃ©sz Ã³ra|egy|Ã³ra
ğŸ•œ|1:30|30|egy|fÃ©l kettÅ‘|harminc|Ã³ra
ğŸ•‘|00|2:00|egÃ©sz Ã³ra|kÃ©t Ã³ra|kettÅ‘|Ã³ra
ğŸ•|2:30|30|fÃ©l hÃ¡rom|harminc|kettÅ‘|Ã³ra
ğŸ•’|00|3:00|egÃ©sz Ã³ra|hÃ¡rom|Ã³ra
ğŸ•|3:30|30|fÃ©l nÃ©gy|harminc|hÃ¡rom|Ã³ra
ğŸ•“|00|4:00|egÃ©sz Ã³ra|nÃ©gy|Ã³ra
ğŸ•Ÿ|30|4:30|fÃ©l Ã¶t|harminc|nÃ©gy|Ã³ra
ğŸ•”|00|5:00|egÃ©sz Ã³ra|Ã³ra|Ã¶t
ğŸ• |30|5:30|fÃ©l hat|harminc|Ã³ra|Ã¶t
ğŸ••|00|6:00|egÃ©sz Ã³ra|hat|Ã³ra
ğŸ•¡|30|6:30|fÃ©l hÃ©t|harminc|hat|Ã³ra
ğŸ•–|00|7:00|egÃ©sz Ã³ra|hÃ©t|Ã³ra
ğŸ•¢|30|7:30|fÃ©l nyolc|harminc|hÃ©t|Ã³ra
ğŸ•—|00|8:00|egÃ©sz Ã³ra|nyolc|Ã³ra
ğŸ•£|30|8:30|fÃ©l kilenc|harminc|nyolc|Ã³ra
ğŸ•˜|00|9:00|egÃ©sz Ã³ra|kilenc|Ã³ra
ğŸ•¤|30|9:30|fÃ©l tÃ­z|harminc|kilenc|Ã³ra
ğŸ•™|00|10:00|egÃ©sz Ã³ra|Ã³ra|tÃ­z
ğŸ•¥|10:30|30|fÃ©l tizenegy|harminc|Ã³ra|tÃ­z
ğŸ•š|00|11:00|egÃ©sz Ã³ra|Ã³ra|tizenegy
ğŸ•¦|11:30|30|fÃ©l tizenkettÅ‘|harminc|Ã³ra|tizenegy
ğŸŒ‘|Ã©g|holdfÃ¡zisok|sÃ¶tÃ©tsÃ©g|Ãºjhold
ğŸŒ’|Ã©g|holdfÃ¡zisok|nÃ¶vÅ‘ hold|nÃ¶vÅ‘, sarlÃ³ alakÃº hold|sarlÃ³
ğŸŒ“|Ã©g|elsÅ‘ negyedben lÃ©vÅ‘ hold|holdfÃ¡zisok|negyed
ğŸŒ”|domborÃº|Ã©g|holdfÃ¡zisok|nÃ¶vÅ‘ domborÃº hold
ğŸŒ•|Ã©g|holdfÃ¡zisok|telihold
ğŸŒ–|domborÃº|Ã©g|fogyÃ³ domborÃº hold|holdfÃ¡zisok
ğŸŒ—|Ã©g|holdfÃ¡zisok|utolsÃ³ negyedben lÃ©vÅ‘ hold
ğŸŒ˜|Ã©g|fogyÃ³, kifli alakÃº hold|fogyÃ³, sarlÃ³ alakÃº hold|holdfÃ¡zisok|sarlÃ³
ğŸŒ™|Ã©g|holdfÃ¡zisok|nÃ¶vekvÅ‘ hold|sarlÃ³
ğŸŒš|arc|Ã©g|holdfÃ¡zisok|Ãºjhold arccal
ğŸŒ›|arc|Ã©g|elsÅ‘ negyedben lÃ©vÅ‘ hold arccal|holdfÃ¡zisok
ğŸŒœ|arc|Ã©g|holdfÃ¡zisok|utolsÃ³ negyedben lÃ©vÅ‘ hold arccal
ğŸŒ¡ï¸|hÅ‘mÃ©rÅ‘|idÅ‘jÃ¡rÃ¡s
ğŸŒ|arc|Ã©g|holdfÃ¡zisok|telihold arccal
ğŸŒ|arc|Ã©gitest|idÅ‘jÃ¡rÃ¡s|nap arccal
ğŸª|gyÅ±rÅ±s bolygÃ³|szaturnusz
â­|csillag
ğŸŒŸ|csillag|csillogÃ¡s|fÃ©nylÅ‘ csillag
ğŸŒ |csillaghullÃ¡s|Ã©g|hullÃ³csillag
ğŸŒŒ|csillagrendszer|tejÃºt|Å±r|vilÃ¡gÅ±r
â›…|felhÅ‘|idÅ‘jÃ¡rÃ¡s|nap egy felhÅ‘ mÃ¶gÃ¶tt
â›ˆï¸|esÅ‘|felhÅ‘ villÃ¡mmal Ã©s esÅ‘vel|idÅ‘jÃ¡rÃ¡s|mennydÃ¶rgÃ©s
ğŸŒ¤ï¸|felhÅ‘|idÅ‘jÃ¡rÃ¡s|nap egy kis felhÅ‘ mÃ¶gÃ¶tt
ğŸŒ¥ï¸|felhÅ‘|idÅ‘jÃ¡rÃ¡s|nap egy nagy felhÅ‘ mÃ¶gÃ¶tt
ğŸŒ¦ï¸|esÅ‘|felhÅ‘|idÅ‘jÃ¡rÃ¡s|nap a felhÅ‘ mÃ¶gÃ¶tt esÅ‘vel
ğŸŒ§ï¸|esÅ‘|felhÅ‘ esÅ‘vel|idÅ‘jÃ¡rÃ¡s
ğŸŒ¨ï¸|felhÅ‘ hÃ³val|hideg|hÃ³|idÅ‘jÃ¡rÃ¡s
ğŸŒ©ï¸|felhÅ‘ villÃ¡mmal|idÅ‘jÃ¡rÃ¡s|villÃ¡m
ğŸŒªï¸|felhÅ‘|idÅ‘jÃ¡rÃ¡s|tornÃ¡dÃ³
ğŸŒ«ï¸|felhÅ‘|idÅ‘jÃ¡rÃ¡s|kÃ¶d
ğŸŒ¬ï¸|arc|idÅ‘jÃ¡rÃ¡s|szÃ©larc|szeles
ğŸŒ€|ciklon|hurrikÃ¡n|idÅ‘jÃ¡rÃ¡s|tÃ¡jfun
ğŸŒˆ|esÅ‘|idÅ‘jÃ¡rÃ¡s|szivÃ¡rvÃ¡ny
ğŸŒ‚|becsukott esernyÅ‘|ernyÅ‘|esÅ‘|idÅ‘jÃ¡rÃ¡s|kiegÃ©szÃ­tÅ‘
â›±ï¸|ernyÅ‘ a fÃ¶ldÃ¶n|esÅ‘|idÅ‘jÃ¡rÃ¡s|nap
âš¡|magasfeszÃ¼ltsÃ©g|nagyfeszÃ¼ltsÃ©g|veszÃ©ly|villÃ¡m
â›„|hideg|hÃ³ember hÃ³ nÃ©lkÃ¼l|idÅ‘jÃ¡rÃ¡s
ğŸ”¥|lÃ¡ng|tÅ±z
ğŸ’§|csepp|hideg|idÅ‘jÃ¡rÃ¡s|izzadsÃ¡g|vicces
ğŸŒŠ|hullÃ¡m|idÅ‘jÃ¡rÃ¡s|Ã³ceÃ¡n|tenger|vÃ­zhullÃ¡m
ğŸƒ|halloween|tÃ¶klÃ¡mpa|tÃ¶klÃ¡mpÃ¡s|Ã¼nnepi hangulat|Ã¼nneplÃ©s
ğŸ„|fa|fenyÅ‘fa|karÃ¡csonyfa|Ã¼nnep
ğŸ†|tÅ±zijÃ¡tÃ©k|Ã¼nnepi hangulat|Ã¼nneplÃ©s
ğŸ‡|csillagszÃ³rÃ³|tÅ±zijÃ¡tÃ©k|Ã¼nnepi hangulat|Ã¼nneplÃ©s
ğŸ§¨|dinamit|petÃ¡rda|robbanÃ³szer|tÃ¼zijÃ¡tÃ©k
ğŸˆ|lÃ©ggÃ¶mb|Ã¼nnepi hangulat|Ã¼nneplÃ©s
ğŸ‰|buli|partikellÃ©kek|Ã¼nnepi hangulat|Ã¼nneplÃ©s
ğŸŠ|konfetti|Ã¼nnepi hangulat|Ã¼nneplÃ©s
ğŸ‹|fa|japÃ¡n|tanabata Ã¼nnepi fa|Ã¼nnepi hangulat|Ã¼nneplÃ©s
ğŸ|bambusz|fenyÅ‘dekorÃ¡ciÃ³|japÃ¡n|Ã¼nnep
ğŸ|baba|japÃ¡n babÃ¡k|Ã¼nnepi hangulat|Ã¼nneplÃ©s
ğŸ|ponty|rizspapÃ­r pontyok|Ã¼nnepi hangulat|Ã¼nneplÃ©s
ğŸ|harang|szÃ©lharang|Ã¼nnepi hangulat|Ã¼nneplÃ©s
ğŸ‘|holdÃ¼nnep|Ã¼nnepi hangulat|Ã¼nneplÃ©s
ğŸ§§|ajÃ¡ndÃ©k|hÃ³ngbÄo|lai see|pÃ©nz|piros borÃ­tÃ©k|szerencsehozÃ³
ğŸ€|masni|szalag|Ã¼nnepi hangulat|Ã¼nneplÃ©s
ğŸ|ajÃ¡ndÃ©k|becsomagolt|doboz|Ã¼nnepi hangulat|Ã¼nneplÃ©s
ğŸ—ï¸|emlÃ©kezÃ©s|emlÃ©kezÅ‘ szalag|megemlÃ©kezÃ©s|szalag
ğŸŸï¸|belÃ©pÅ‘jegyek|jegy
ğŸ«|belÃ©pÅ‘|jegy
ğŸ–ï¸|katonai|kitÃ¼ntetÃ©s|medÃ¡l|megemlÃ©kezÃ©s
ğŸ†|dÃ­j|kupa
ğŸ…|Ã©rem|medÃ¡l|sportÃ©rem
ğŸ¥‡|aranyÃ©rem|elsÅ‘|Ã©rem
ğŸ¥ˆ|Ã©rem|ezÃ¼stÃ©rem|mÃ¡sodik
ğŸ¥‰|bronzÃ©rem|Ã©rem|harmadik
âš½|foci|futball|labda
âš¾|baseball|labda
ğŸ¥|kar alatti dobÃ¡s|kesztyÅ±|labda|softball
ğŸ€|kosÃ¡rlabda|labda
ğŸ|jÃ¡tÃ©k|labda|rÃ¶plabda|sport
ğŸˆ|amerikai foci|amerikai futball|labda
ğŸ‰|labda|rÃ¶gbi
ğŸ¾|labda|tenisz
ğŸ¥|frizbi|ultimate
ğŸ³|bowling|golyÃ³|jÃ¡tÃ©k
ğŸ|jÃ¡tÃ©k|krikett|labda|Ã¼tÅ‘
ğŸ‘|gyeplabda|hoki|labda|sport|Ã¼tÅ‘
ğŸ’|hokiÃ¼tÅ‘ Ã©s korong|jÃ©ghoki|korong|labda|sport|Ã¼tÅ‘
ğŸ¥|bot|kapu|labda|lacrosse
ğŸ“|asztalitenisz|labda|pingpong|sport|Ã¼tÅ‘
ğŸ¸|jÃ¡tÃ©k|labda|tollaslabda|Ã¼tÅ‘
ğŸ¥Š|bokszkesztyÅ±|kesztyÅ±|sport
ğŸ¥‹|dzsÃºdÃ³|harcmÅ±vÃ©szet|judo|karateruha|ruha|sport
ğŸ¥…|hÃ¡lÃ³|kapu|sport
â›³|golf|lyuk|zÃ¡szlÃ³ a lyuknÃ¡l
â›¸ï¸|jÃ©gkorcsolya|korcsolya
ğŸ£|bot|hal|horgÃ¡szbot|pecabot
ğŸ¤¿|bÃºvÃ¡rkodÃ¡s|bÃºvÃ¡rmaszk|merÃ¼lÃ©s|szabadtÃ¼dÅ‘s merÃ¼lÃ©s
ğŸ½|futÃ¡s|futÃ³mez|mez|trikÃ³
ğŸ¿|hÃ³|sÃ­elÃ©s|sÃ­lÃ©cek|tÃ©li sportok
ğŸ›·|szÃ¡nkÃ³
ğŸ¥Œ|curlingkÅ‘|jÃ¡tÃ©k|kÅ‘
ğŸ¯|bullseye|jÃ¡tÃ©k|talÃ¡lat|telitalÃ¡lat
ğŸª€|jÃ¡tÃ©k|jojÃ³zik
ğŸª|papÃ­rsÃ¡rkÃ¡ny|repÃ¼l|szÃ¡rnyal
ğŸ”«|fegyver|pisztoly|revolver|vÃ­zipisztoly
ğŸ±|8-as|biliÃ¡rdgolyÃ³|golyÃ³
ğŸ”®|jÃ¶vendÅ‘mondÃ¡s|kristÃ¡lygÃ¶mb|mese
ğŸª„|boszorkÃ¡ny|varÃ¡zslat|varÃ¡zslÃ³|varÃ¡zspÃ¡lca
ğŸ®|jÃ¡tÃ©k|kontroller|videojÃ¡tÃ©k
ğŸ•¹ï¸|jÃ¡tÃ©k|joystick|videojÃ¡tÃ©k
ğŸ°|jÃ¡tÃ©kgÃ©p|nyerÅ‘gÃ©p|pÃ©nzbedobÃ³s
ğŸ²|dobÃ³kocka|jÃ¡tÃ©k|kocka
ğŸ§©|darab|kirakÃ³|nyom|Ã¶sszekapcsolÃ³dÃ³|puzzle
ğŸ§¸|jÃ¡tÃ©k|jÃ¡tszÃ³tÃ¡rs|plÃ¼ssmaci|tÃ¶mÃ¶tt
ğŸª…|buli|pinyÃ¡ta|Ã¼nnepsÃ©g
ğŸª©|buli|csillÃ¡m|diszkÃ³|tÃ¡nc|tÃ¼kÃ¶rgÃ¶mb
ğŸª†|baba|egymÃ¡sba rakhatÃ³|matrjoska|orosz
â™Ÿï¸|felÃ¡ldozhatÃ³|gyalog|paraszt|sakk
ğŸƒ|dzsÃ³ker|francia kÃ¡rtya|jÃ¡tÃ©k
ğŸ€„|jÃ¡tÃ©k|madzsong vÃ¶rÃ¶s sÃ¡rkÃ¡ny|vÃ¶rÃ¶s
ğŸ´|japÃ¡n|jÃ¡tÃ©k|kÃ¡rtya|virÃ¡gos kÃ¡rtyajÃ¡tÃ©k
ğŸ­|elÅ‘adÃ¡s|elÅ‘adÃ³mÅ±vÃ©szetek|maszkok|szÃ­nhÃ¡z
ğŸ–¼ï¸|bekeretezett kÃ©p|galÃ©ria|kÃ©p kerettel|mÅ±vÃ©szet|mÃºzeum
ğŸ¨|festÅ‘paletta|galÃ©ria|mÅ±vÃ©szet|mÃºzeum|paletta
ğŸ§µ|cÃ©rna|madzag|orsÃ³|tÅ±|varrÃ¡s
ğŸª¡|hÃ­mzÃ©s|Ã¶ltÃ©s|szabÃ¡szat|tÅ±|varrÃ¡s|varrat|varrÃ³tÅ±
ğŸ§¶|fonÃ¡l|gombolyag|horgolÃ¡s|kÃ¶tÃ©s
ğŸª¢|csomÃ³|hurok|kÃ¶tÃ©l|madzag
ğŸ‘“|szemÃ¼veg|viselet
ğŸ•¶ï¸|kiegÃ©szÃ­tÅ‘|napszemÃ¼veg|sÃ¶tÃ©t|szemÃ¼veg
ğŸ¥½|hegesztÃ©s|szemvÃ©delem|ÃºszÃ¡s|vÃ©dÅ‘szemÃ¼veg
ğŸ¥¼|kÃ­sÃ©rlet|laborkÃ¶peny|orvos|tudÃ³s
ğŸ¦º|biztonsÃ¡g|mellÃ©ny|mentÅ‘mellÃ©ny|vÃ©szhelyzet
ğŸ‘”|elegancia|nyakkendÅ‘|ruhÃ¡zat
ğŸ‘•|pÃ³lÃ³|ruha|ruhÃ¡zat
ğŸ‘–|farmernadrÃ¡g|nadrÃ¡g|ruha|ruhÃ¡zat
ğŸ§£|nyak|sÃ¡l
ğŸ§¤|kesztyÅ±|kÃ©z
ğŸ§¥|dzseki|kabÃ¡t
ğŸ§¦|harisnya|zokni
ğŸ‘—|ruha|ruhÃ¡zat
ğŸ‘˜|kimonÃ³|ruha|ruhÃ¡zat
ğŸ¥»|ruha|ruhÃ¡zat|szÃ¡ri
ğŸ©±|egyrÃ©szes fÃ¼rdÅ‘ruha|fÃ¼rdÅ‘ruha
ğŸ©²|alsÃ³|egyrÃ©szes|fÃ¼rdÅ‘nadrÃ¡g
ğŸ©³|alsÃ³|fÃ¼rdÅ‘nadrÃ¡g|rÃ¶vidnadrÃ¡g
ğŸ‘™|bikini|fÃ¼rdÅ‘|ruha|ruhÃ¡zat|ÃºszÃ¡s
ğŸ‘š|nÅ‘i ruha|nÅ‘k|ruha|ruhÃ¡zat
ğŸª­|fÃ©lÃ©nk|forrÃ³sÃ¡g|hÅ±tÃ©s|legyezÅ‘|Ã¶sszecsukhatÃ³ kÃ©zi legyezÅ‘|tÃ¡nc
ğŸ‘›|kiegÃ©szÃ­tÅ‘|pÃ©nztÃ¡rca
ğŸ‘œ|kiegÃ©szÃ­tÅ‘|nÅ‘i tÃ¡ska|tÃ¡ska
ğŸ‘|kiegÃ©szÃ­tÅ‘|tÃ¡ska
ğŸ›ï¸|bevÃ¡sÃ¡rlÃ³tÃ¡ska|bevÃ¡sÃ¡rlÃ³tÃ¡skÃ¡k|tÃ¡ska|vÃ¡sÃ¡rlÃ¡s
ğŸ’|hÃ¡tizsÃ¡k|iskolatÃ¡ska|tÃ¡ska
ğŸ©´|papucs|strandpapucs|szandÃ¡l|tangapapucs
ğŸ‘|cipÅ‘|fÃ©rfi|ruha|ruhÃ¡zat
ğŸ‘Ÿ|atlÃ©tika|cipÅ‘|edzÅ‘cipÅ‘|futÃ¡s|futÃ³cipÅ‘|tornacipÅ‘
ğŸ¥¾|bakancs|hÃ¡tizsÃ¡kos tÃºra|kemping|tÃºrabakancs|tÃºrÃ¡zÃ¡s
ğŸ¥¿|balenira|lapos sarkÃº cipÅ‘|mokaszin|papucs
ğŸ‘ |magas sarkÃº cipÅ‘|magassarkÃº|nÅ‘k|ruha|ruhÃ¡zat
ğŸ‘¡|nÅ‘i szandÃ¡l|nÅ‘k|ruha|ruhÃ¡zat|szandÃ¡l
ğŸ©°|balettcipÅ‘|tÃ¡nc
ğŸ‘¢|csizma|lÃ¡bbeli|nÅ‘i csizma|nÅ‘k|ruha|ruhÃ¡zat
ğŸª®|afro|fÃ©sÅ±|fogÃº|haj|hosszÃº
ğŸ‘‘|kiegÃ©szÃ­tÅ‘|kirÃ¡lynÅ‘|korona
ğŸ‘’|kalap|nÅ‘i kalap|nÅ‘k|ruha|ruhÃ¡zat
ğŸ©|cilinder|kalap|ruha|ruhÃ¡zat
ğŸ“|diplomaosztÃ³n hasznÃ¡lt kalap|kalap|ruha|ruhÃ¡zat|Ã¼nneplÃ©s
ğŸ§¢|baseball sapka|sildes sapka
ğŸª–|hadsereg|harcos|katonai sisak|katonasÃ¡g|sisak
â›‘ï¸|elsÅ‘segÃ©ly|sisak vÃ¶rÃ¶s kereszttel
ğŸ“¿|gyÃ¶ngyÃ¶k|imafÃ¼zÃ©r|nyaklÃ¡nc|vallÃ¡s
ğŸ’„|ajakrÃºzs|kozmetikum|smink|szÃ©psÃ©gÃ¡polÃ¡s
ğŸ’|Ã©kszer|gyÃ©mÃ¡nt|gyÅ±rÅ±|romantika
ğŸ’|Ã©kkÅ‘|Ã©kszer|gyÃ©mÃ¡nt|romantika
ğŸ”‡|csendes|elnÃ©mÃ­tott hangszÃ³rÃ³|hangerÅ‘|hangszÃ³rÃ³|nÃ©ma|nÃ©mÃ­tott
ğŸ”ˆ|hangerÅ‘|hangszÃ³rÃ³
ğŸ”‰|alacsony hangerÅ‘|bekapcsolt hangszÃ³rÃ³|hangszÃ³rÃ³
ğŸ”Š|hangos|hangszÃ³rÃ³|nagy hangerÅ‘
ğŸ“¢|hangosbeszÃ©lÅ‘|kÃ¶zlemÃ©nyek
ğŸ“£|megafon|szurkolÃ¡s
ğŸ“¯|kÃ¼rt|postai|postakÃ¼rt
ğŸ””|harang
ğŸ”•|Ã¡thÃºzott harang|harang|nÃ©ma|nÃ©mÃ­tÃ¡s|nÃ©mÃ­tott|tilos|tiltott
ğŸ¼|kotta|zenei kotta
ğŸµ|hangjegy|zene
ğŸ¶|hangjegyek|zene
ğŸ™ï¸|mikrofon|stÃºdiÃ³mikrofon|zene
ğŸšï¸|csÃºszka|hangerÅ‘|zene
ğŸ›ï¸|gombok|irÃ¡nyÃ­tÃ¡s|vezÃ©rlÅ‘gombok|zene
ğŸ¤|hangjegyek|karaoke|mikrofon|zene
ğŸ§|fÃ¼lhallgatÃ³|zenehallgatÃ¡s
ğŸ“»|rÃ¡diÃ³kÃ©szÃ¼lÃ©k
ğŸ·|hangszer|szaxi|szaxofon|zene
ğŸª—|harmonika|tangÃ³harmonika
ğŸ¸|gitÃ¡r|hangszer|zene
ğŸ¹|billentyÅ±zet|hangszer|zenei billentyÅ±zet|zongora
ğŸº|hangszer|trombita|zene
ğŸ»|hangszer|hegedÅ±|zene
ğŸª•|bendzsÃ³|hÃºros|zene
ğŸ¥|dobverÅ‘|zene
ğŸª˜|dob|hosszÃº dob|konga|ritmus|Ã¼tem
ğŸª‡|csÃ¶rgÅ‘|hangszer|rÃ¡z|rumbatÃ¶k|Ã¼tÅ‘hangszer|zene
ğŸªˆ|blockflÃ¶te|fafÃºvÃ³s|fife|furulya|fuvola|zene
ğŸ“±|mobiltelefon|rÃ¡diÃ³telefon|telefon
ğŸ“²|hÃ­vÃ¡s|mobiltelefon nyÃ­llal|nyÃ­l|rÃ¡diÃ³telefon|telefon
â˜ï¸|telefon
ğŸ“|kagylÃ³|telefonkagylÃ³
ğŸ“Ÿ|szemÃ©lyhÃ­vÃ³
ğŸ“ |faxkÃ©szÃ¼lÃ©k
ğŸ”‹|akkumulÃ¡tor|elem
ğŸª«|alacsony energiaszint|alacsony tÃ¶ltÃ¶ttsÃ©g|elektronikus
ğŸ”Œ|dugÃ³|elektromos dugÃ³|elektronika|villamossÃ¡g
ğŸ’»|laptop|notebook|szÃ¡mÃ­tÃ³gÃ©p
ğŸ–¥ï¸|asztali|pc|szÃ¡mÃ­tÃ³gÃ©p
ğŸ–¨ï¸|nyomtatÃ³|szÃ¡mÃ­tÃ³gÃ©p
ğŸ–±ï¸|3 gombos|egÃ©r|hÃ¡rom|szÃ¡mÃ­tÃ³gÃ©pes egÃ©r
ğŸ–²ï¸|szÃ¡mÃ­tÃ³gÃ©p|trackball
ğŸ’½|lemez|minidisk|optikai|szÃ¡mÃ­tÃ³gÃ©p
ğŸ’¾|floppylemez|hajlÃ©konylemez|lemez|szÃ¡mÃ­tÃ³gÃ©p
ğŸ’¿|blu-ray|dvd|lemez|optikai|szÃ¡mÃ­tÃ³gÃ©p
ğŸ“€|blu-ray|cd|dvd|lemez|optikai|szÃ¡mÃ­tÃ³gÃ©p
ğŸ§®|abakusz|szÃ¡molÃ¡s
ğŸ¥|felvevÅ‘|film|kamera|mozi
ğŸï¸|filmkockÃ¡k|filmtekercs|kocka|kockÃ¡k|mozi
ğŸ“½ï¸|filmvetÃ­tÅ‘|mozi|vetÃ­tÅ‘|videÃ³
ğŸ¬|csapÃ³|film
ğŸ“º|televÃ­ziÃ³|tÃ©vÃ©kÃ©szÃ¼lÃ©k
ğŸ“·|fÃ©nykÃ©pezÅ‘gÃ©p|kamera
ğŸ“¸|fÃ©nykÃ©pezÅ‘ vakuval|fÃ©nykÃ©pezÅ‘gÃ©p|vaku|videÃ³
ğŸ“¹|kamera|videÃ³k|videokamera
ğŸ“¼|kazetta|szalag|videÃ³|videokazetta
ğŸ”|balra mutatÃ³ nagyÃ­tÃ³|keresÃ©s|lencse|nagyÃ­tÃ³
ğŸ”|jobbra mutatÃ³ nagyÃ­tÃ³|keresÃ©s|lencse|nagyÃ­tÃ³
ğŸ•¯ï¸|gyertya|vilÃ¡gÃ­tÃ¡s
ğŸ’¡|fÃ©ny|kÃ©pregÃ©ny|Ã¶tlet|vilÃ¡gÃ­tÃ¡s|villanykÃ¶rte
ğŸ”¦|elektronikus|elemlÃ¡mpa|fÃ©ny|vilÃ¡gÃ­tÃ¡s|zseblÃ¡mpa
ğŸ®|bÃ¡r|japÃ¡n|lÃ¡mpa|piros papÃ­rlÃ¡mpa
ğŸª”|diya|lÃ¡mpa|olajlÃ¡mpa
ğŸ“”|borÃ­tÃ³|dÃ­szes|dÃ­szkÃ¶tÃ©s|fÃ¼zet|jegyzetfÃ¼zet dÃ­szkÃ¶tÃ©sben
ğŸ“•|becsukott kÃ¶nyv|csukott|kÃ¶nyv
ğŸ“–|kÃ¶nyv|nyitott
ğŸ“—|kÃ¶nyv|zÃ¶ld
ğŸ“˜|kÃ©k|kÃ¶nyv
ğŸ“™|kÃ¶nyv|narancssÃ¡rga
ğŸ“š|kÃ¶nyvek
ğŸ““|fÃ¼zet|jegyzetek|jegyzetfÃ¼zet
ğŸ“’|fÅ‘kÃ¶nyv|kÃ¶nyv
ğŸ“ƒ|dokumentum|kunkorodik|kunkorodÃ³ lap|lap
ğŸ“œ|papÃ­rtekercs|tekercs
ğŸ“„|dokumentum|felfelÃ© nÃ©zÅ‘ oldal|lap
ğŸ“°|ÃºjsÃ¡gos
ğŸ—ï¸|feltekert|papÃ­r|ÃºjsÃ¡g
ğŸ“‘|fÃ¼lek|jelzÃ©s|kÃ¶nyvjelzÅ‘k
ğŸ”–|kÃ¶nyvjelzÅ‘
ğŸ·ï¸|cÃ­mke
ğŸ’°|dollÃ¡r|pÃ©nzeszsÃ¡k|zsÃ¡k
ğŸª™|arany|Ã©rme|ezÃ¼st|fÃ©m|kincs|pÃ©nz
ğŸ’´|bankjegy|bankÃ³|jen|papÃ­rpÃ©nz|pÃ©nznem
ğŸ’µ|bankjegy|bankÃ³|dollÃ¡r|papÃ­rpÃ©nz|pÃ©nznem
ğŸ’¶|bankjegy|bankÃ³|eurÃ³|papÃ­rpÃ©nz|pÃ©nznem
ğŸ’·|bankjegy|bankÃ³|font|papÃ­rpÃ©nz|pÃ©nznem
ğŸ’¸|bankjegy|dollÃ¡r|pÃ©nz szÃ¡rnyakkal|szÃ¡rnyak
ğŸ’³|bankkÃ¡rtya|hitelkÃ¡rtya|kÃ¡rtya
ğŸ§¾|bizonyÃ­tÃ¡k|kÃ¶nyvelÃ©s|nyugta|pÃ©nzÃ¼gyek|szÃ¡mla
ğŸ’¹|diagram|emelkedÃ©s|jen|nÃ¶vekvÅ‘ jendiagram|pÃ©nz|trend
ğŸ“§|e-mail|levÃ©l
ğŸ“¨|beÃ©rkezÅ‘|borÃ­tÃ©k|e-mail|fogadÃ¡s|levÃ©l|posta
ğŸ“©|borÃ­tÃ©k nyÃ­llal|e-mail|elkÃ¼ldÃ¶tt|kimenÅ‘|levÃ©l|nyÃ­l|posta
ğŸ“¤|elkÃ¼ldÃ¶tt|kimenÅ‘|levÃ©l|posta|tÃ¡lca
ğŸ“¥|beÃ©rkezÅ‘|fogadÃ¡s|levÃ©l|posta|tÃ¡lca
ğŸ“¦|csomag|doboz
ğŸ“«|csukott leveleslÃ¡da felemelt zÃ¡szlÃ³val|levÃ©l|leveleslÃ¡da|postalÃ¡da
ğŸ“ª|csukott leveleslÃ¡da leengedett zÃ¡szlÃ³val|leengedett|levÃ©l|leveleslÃ¡da|postalÃ¡da
ğŸ“¬|felemelt|levÃ©l|leveleslÃ¡da|nyitott leveleslÃ¡da felemelt zÃ¡szlÃ³val|postalÃ¡da
ğŸ“­|leengedett|levÃ©l|leveleslÃ¡da|nyitott leveleslÃ¡da leengedett zÃ¡szlÃ³val|postalÃ¡da
ğŸ“®|doboz|leveleslÃ¡da|postalÃ¡da
ğŸ—³ï¸|doboz|szavazÃ¡s|urna szavazÃ³lappal
âœï¸|ceruza|Ã­rÃ³szer
ğŸ–‹ï¸|Ã­rÃ³szer|toll|tÃ¶ltÅ‘toll
ğŸ–Šï¸|golyÃ³stoll|Ã­rÃ³szer|toll
ğŸ–Œï¸|ecset|festÃ©s|Ã­rÃ³szer
ğŸ–ï¸|rajz|zsÃ­rkrÃ©ta
ğŸ“|ceruza|feljegyzÃ©s|lap
ğŸ’¼|aktatÃ¡ska
ğŸ“|fÃ¡jlmappa|mappa
ğŸ“‚|fÃ¡jl|mappa|nyitott fÃ¡jlmappa
ğŸ—‚ï¸|elvÃ¡lasztÃ³k|kartotÃ©kelvÃ¡lasztÃ³k|katalÃ³gus
ğŸ“…|dÃ¡tum|naptÃ¡r
ğŸ“†|fali naptÃ¡r|naptÃ¡r
ğŸ—’ï¸|jegyzettÃ¶mb|spirÃ¡lfÃ¼zet|tÃ¶mb
ğŸ—“ï¸|naptÃ¡r|spirÃ¡los naptÃ¡r|tÃ¶mb
ğŸ“‡|forgÃ³ nÃ©vjegykÃ¡rtyatartÃ³|kÃ¡rtya|rolodex|tartÃ³
ğŸ“ˆ|diagram|felfelÃ©|nÃ¶vekedÃ©s|nÃ¶vekvÅ‘ diagram|trend
ğŸ“‰|csÃ¶kkenÃ©s|csÃ¶kkenÅ‘ diagram|diagram|lefelÃ©|trend
ğŸ“Š|diagram|oszlopdiagram|sÃ¡v
ğŸ“‹|Ã­rÃ³tÃ¡bla
ğŸ“Œ|rajzszÃ¶g
ğŸ“|kerek rajzszÃ¶g|rajzszÃ¶g
ğŸ“|gemkapocs|papÃ­rkapocs
ğŸ–‡ï¸|gemkapcsok|kapcsolÃ³dÃ¡s|Ã¶sszekapcsolt gemkapcsok
ğŸ“|egyenes|vonalzÃ³
ğŸ“|derÃ©kszÃ¶gÅ±|hÃ¡romszÃ¶gvonalzÃ³|vonalzÃ³
ğŸ—ƒï¸|aktÃ¡k|doboz|kartotÃ©kdoboz
ğŸ—„ï¸|aktÃ¡k|iratok|iratszekrÃ©ny|szekrÃ©ny
ğŸ—‘ï¸|papÃ­rkosÃ¡r
ğŸ”’|lakat|zÃ¡rt|zÃ¡rva
ğŸ”“|kinyitÃ¡s|lakat|nyitott lakat|nyitva
ğŸ”|adatvÃ©delem|lakat tollal|tinta|toll|zÃ¡r
ğŸ”|biztonsÃ¡gos|kulcs|zÃ¡rt lakat kulccsal|zÃ¡rva
ğŸ”‘|jelszÃ³|kulcs
ğŸ—ï¸|Ã¶reg kulcs|rÃ©gi kulcs
ğŸ”¨|kalapÃ¡cs|szerszÃ¡m
ğŸª“|balta|fa|fejsze|szekerce|vÃ¡gÃ¡s
â›ï¸|bÃ¡nyÃ¡szat|csÃ¡kÃ¡ny|szerszÃ¡m
ğŸ› ï¸|csavarkulcs|kalapÃ¡cs Ã©s csavarkulcs|szerszÃ¡m|villÃ¡skulcs
ğŸ—¡ï¸|fegyver|szÃºrÃ¡s|tÅ‘r
ğŸ’£|bomba|kÃ©pregÃ©ny
ğŸªƒ|ausztrÃ¡lia|bumerÃ¡ng|visszajÃ¶n|visszarepÃ¼l
ğŸ¹|fegyver|Ã­j Ã©s nyÃ­l|nyÃ­l|nyilas
ğŸ›¡ï¸|fegyver|pajzs
ğŸªš|Ã¡cs|asztalos|fa|fÅ±rÃ©sz|rÃ³kafarkÃº|szerszÃ¡m
ğŸ”§|csavarkulcs|szerszÃ¡m|villÃ¡skulcs
ğŸª›|csavarhÃºzÃ³|szerszÃ¡m
ğŸ”©|anya|csavar Ã©s anya|szerszÃ¡m
ğŸ—œï¸|satu|szerszÃ¡m
ğŸ¦¯|akadÃ¡lymentessÃ©g|fehÃ©r bot|vak
ğŸ”—|kapocs|lÃ¡ncszem
â›“ï¸|lÃ¡ncszemek
ğŸª|csapda|fogÃ¡s|horog|kampÃ³
ğŸ§°|barkÃ¡csolÃ¡s|lÃ¡da|szerszÃ¡moslÃ¡da
ğŸ§²|mÃ¡gneses|patkÃ³|vonzÃ³dÃ¡s
ğŸªœ|fok|lÃ©trafok|mÃ¡szÃ¡s
ğŸ§ª|kÃ©mcsÅ‘|kÃ©mia|kÃ­sÃ©rlet|labor|tudomÃ¡ny|vegyÃ©szet
ğŸ§«|baktÃ©rium|biolÃ³gia|biolÃ³gus|labor|petri-csÃ©sze|tenyÃ©szet
ğŸ§¬|biolÃ³gia|dns|Ã©let|fejlÅ‘dÃ©s|gÃ©nek|genetika
ğŸ”¬|eszkÃ¶z|felszerelÃ©s|mikroszkÃ³p
ğŸ”­|eszkÃ¶z|felszerelÃ©s|tÃ¡vcsÅ‘
ğŸ“¡|antenna|mÅ±hold|parabolaantenna|tÃ¡nyÃ©r
ğŸ’‰|eszkÃ¶z|fecskendÅ‘|injekciÃ³s tÅ±|orvos|vÃ©rvÃ©tel
ğŸ©¸|gyÃ³gyszer|menstruÃ¡ciÃ³|vÃ©radÃ¡s|vÃ©rcsepp
ğŸ’Š|betegsÃ©g|doktor|gyÃ³gyszer|orvos|pirula|tabletta
ğŸ©¹|kÃ¶tszer|ragtapasz
ğŸ©¼|bot|fogyatÃ©kossÃ¡g|mankÃ³|mozgÃ¡ssegÃ­tÅ‘|sÃ©rÃ¼lÃ©s|sÃ©tapÃ¡lca
ğŸ©º|gyÃ³gyszer|orvos|szÃ­v|sztetoszkÃ³p
ğŸ©»|csontok|csontvÃ¡z|orvosi|rÃ¶ntgen
ğŸšª|ajtÃ³
ğŸ›—|akadÃ¡lymentesÃ­tÃ©s|felvonÃ³|lift
ğŸª|tÃ¼kÃ¶r|tÃ¼krÃ¶zÅ‘dÃ©s|visszaverÅ‘dÃ©s
ğŸªŸ|ablak|Ã¡tlÃ¡tszÃ³|friss levegÅ‘|keret|kilÃ¡tÃ¡s|nyÃ­lÃ¡s
ğŸ›ï¸|Ã¡gy|alvÃ¡s|szÃ¡lloda
ğŸ›‹ï¸|kanapÃ© Ã©s lÃ¡mpa|lÃ¡mpa|szÃ¡lloda
ğŸª‘|szÃ©k|Ã¼lÃ©s
ğŸš½|mosdÃ³|toalett|vÃ©cÃ©
ğŸª |dugulÃ¡s|vÃ©cÃ©pumpa|vÃ­zvezetÃ©k-szerelÅ‘|wc
ğŸš¿|vÃ­zsugÃ¡r|zuhanyzÃ³
ğŸ›|fÃ¼rdÃ©s|fÃ¼rdÅ‘kÃ¡d
ğŸª¤|csalÃ©tek|csali|csapda|egÃ©rcsapda
ğŸª’|borotva|borotvÃ¡l|Ã©les
ğŸ§´|hidratÃ¡lÃ³|krÃ©mes flakon|napvÃ©dÅ‘ krÃ©m|sampon
ğŸ§·|biztosÃ­tÃ³tÅ±|pelenka|punk rock
ğŸ§¹|boszorkÃ¡ny|seprÃ©s|seprÅ±|tisztÃ­tÃ¡s
ğŸ§º|gazdÃ¡lkodÃ¡s|kosÃ¡r|piknik|szennyes
ğŸ§»|papÃ­rtekercs|papÃ­rtÃ¶rÃ¶lkÃ¶zÅ‘|wc-papÃ­r
ğŸª£|felmosÃ³|vÃ¶dÃ¶r
ğŸ§¼|darab|fÃ¼rdÃ©s|szappanhab|szappantartÃ³|tisztÃ¡lkodÃ¡s
ğŸ«§|bÃ¶fi|buborÃ©kok|szappan|tiszta|vÃ­z alatti
ğŸª¥|fogak|fogÃ¡szat|fogkefe|fogmosÃ¡s|fÃ¼rdÅ‘szoba|higiÃ©nia|kefe|tisztÃ­tÃ¡s
ğŸ§½|nedvszÃ­vÃ³|porÃ³zus|szivacs|tisztÃ­tÃ¡s
ğŸ§¯|elfojt|elolt|tÅ±zoltÃ³ kÃ©szÃ¼lÃ©k
ğŸ›’|bevÃ¡sÃ¡rlÃ³kocsi|kocsi|shopping|vÃ¡sÃ¡rlÃ¡s
ğŸš¬|cigaretta|dohÃ¡nyzÃ¡s
âš°ï¸|halÃ¡l|koporsÃ³
ğŸª¦|fejfa|sÃ­rkÅ‘|temetÅ‘
âš±ï¸|halÃ¡l|halotti urna|temetÃ©s|urna
ğŸ§¿|bÅ±bÃ¡j|gonoszÅ±zÅ‘|nazar amulett|szem|talizmÃ¡n
ğŸª¬|amulett|fatima|hamsza|kÃ©z|mÃ¡ria|mirjam|vÃ©delem
ğŸ—¿|arc|japÃ¡n|moai|szobor
ğŸª§|demonstrÃ¡ciÃ³|sztrÃ¡jk|tÃ¡bla|transzparens|tÃ¼ntetÃ©s
ğŸªª|azonosÃ­tÃ³|biztonsÃ¡g|engedÃ©ly|hitelesÃ­tÅ‘ adatok|szemÃ©lyi igazolvÃ¡ny
ğŸ§|atm-jel|bankautomata
ğŸš®|kÃ¶rnyezettudatossÃ¡g|szemÃ©t a kukÃ¡ban szimbÃ³lum|szemetes
ğŸš°|fogyaszthatÃ³ vÃ­z|ihatÃ³|ivÃ³vÃ­z
â™¿|akadÃ¡lymentessÃ©g|kerekesszÃ©k
ğŸš¹|fÃ©rfiak|fÃ©rfimosdÃ³|mosdÃ³|vÃ©cÃ©|wc
ğŸšº|mosdÃ³|nÅ‘i mosdÃ³|nÅ‘k|vÃ©cÃ©|wc
ğŸš»|mosdÃ³|toalett|vÃ©cÃ©
ğŸš¼|baba szimbÃ³lum|kisbaba|pelenkÃ¡zÃ³
ğŸš¾|mellÃ©khelyisÃ©g|mosdÃ³|toalett|vÃ©cÃ©|wc
ğŸ›‚|ellenÅ‘rzÃ©s|ÃºtlevÃ©l-ellenÅ‘rzÃ©s
ğŸ›ƒ|ellenÅ‘rzÃ©s|vÃ¡m
ğŸ›„|felvÃ©tel|poggyÃ¡szfelvÃ©tel
ğŸ›…|csomagmegÅ‘rzÅ‘|megÅ‘rzÃ©s|poggyÃ¡sz
âš ï¸|figyelem|figyelmeztetÃ©s
ğŸš¸|Ã¡tkelÅ‘ gyermekek|gyalogosok|gyermekek
â›”|behajtani tilos|behajtÃ¡s|kÃ¶zlekedÃ©si tÃ¡bla|nincs behajtÃ¡s|tilos|tiltott
ğŸš«|behajtÃ¡s|nincs behajtÃ¡s|tilos|tiltott
ğŸš³|bicikli|kerÃ©kpÃ¡rozni tilos|tilos|tiltott
ğŸš­|cigaretta|dohÃ¡nyozni tilos|dohÃ¡nyzÃ¡s|tilos|tiltott
ğŸš¯|szemÃ©t|szemetelÃ©s|szemetelni tilos|tilos|tiltott
ğŸš±|ivÃ¡s|ivÃ³vÃ­z|nem|tilos|tiltott
ğŸš·|gyalogos|nem gyalogos zÃ³na|tilos|tiltott
ğŸ“µ|mobiltelefon hasznÃ¡lata tilos|telefon|tilos|tiltott
ğŸ”|18 Ã©v alatt tilos|18-as karika|korhatÃ¡r|tilos|tiltÃ¡s|tiltott|tizennyolc
â¬†ï¸|Ã©szak|felfelÃ© mutatÃ³ nyÃ­l|irÃ¡ny|nyÃ­l
â¡ï¸|irÃ¡ny|jobbra mutatÃ³ nyÃ­l|kelet|nyÃ­l
â¬‡ï¸|dÃ©l|irÃ¡ny|lefelÃ© mutatÃ³ nyÃ­l|nyÃ­l
â¬…ï¸|balra mutatÃ³ nyÃ­l|irÃ¡ny|nyÃ­l|nyugat
â†©ï¸|balra gÃ¶rbÃ¼lÅ‘ jobb nyÃ­l|nyÃ­l
â†ªï¸|jobbra gÃ¶rbÃ¼lÅ‘ bal nyÃ­l|nyÃ­l
ğŸ”ƒ|nyÃ­l|Ã³ramutatÃ³ jÃ¡rÃ¡sÃ¡val megegyezÅ‘ irÃ¡nyÃº fÃ¼ggÅ‘leges nyilak|ÃºjratÃ¶ltÃ©s
ğŸ”„|nyÃ­l|Ã³ramutatÃ³ jÃ¡rÃ¡sÃ¡val ellentÃ©tes irÃ¡nyÃº nyilak gombja
ğŸ”™|nyÃ­l|vissza nyÃ­l|visszafelÃ©
ğŸ”š|nyÃ­l|vÃ©ge
ğŸ”›|bekapcsolva|jelzÃ©s|nyÃ­l
ğŸ”œ|hamarosan|jÃ¶n|nyÃ­l
ğŸ”|csÃºcsra nyÃ­l|felfelÃ©|nyÃ­l|top
ğŸ›|imahely|vallÃ¡s
âš›ï¸|ateista|atom szimbÃ³lum
ğŸ•‰ï¸|hindu|om|vallÃ¡s
â˜¯ï¸|jang|jin-jang|taoizmus|vallÃ¡s
âœï¸|keresztÃ©nysÃ©g|latin kereszt|vallÃ¡s
â˜ªï¸|csillag Ã©s fÃ©lhold|iszlÃ¡m|muszlim|vallÃ¡s
â˜®ï¸|bÃ©kejel
ğŸ•|gyertyatartÃ³|menÃ³ra|vallÃ¡s
ğŸ”¯|csillag|hatÃ¡gÃº csillag ponttal|szerencse
ğŸª¯|khanda|szikh|vallÃ¡s
â™Š|horoszkÃ³p|ikrek csillagjegy
â™‹|horoszkÃ³p|rÃ¡k csillagjegy
â™Œ|horoszkÃ³p|oroszlÃ¡n csillagjegy
â™|horoszkÃ³p|szÅ±z csillagjegy
â™|horoszkÃ³p|mÃ©rleg csillagjegy
â™|horoszkÃ³p|skorpiÃ³ csillagjegy
â›|csillagjegy|horoszkÃ³p|kÃ­gyÃ³tartÃ³
ğŸ”€|egymÃ¡st keresztezÅ‘ nyilak|vÃ©letlenszerÅ± lejÃ¡tszÃ¡s gomb
ğŸ”|ismÃ©tlÃ©s gomb|nyilak
ğŸ”‚|egy szÃ¡m ismÃ©tlÃ©se gomb|ismÃ©tlÃ©s egyszer|nyilak
â–¶ï¸|jobbra nyÃ­l|lejÃ¡tszÃ¡s gomb|nyÃ­l
â©|dupla nyÃ­l|elÅ‘retekerÃ©s gomb|gyors tekerÃ©s
â­ï¸|kÃ¶vetkezÅ‘ jelenet|kÃ¶vetkezÅ‘ szÃ¡m gomb
â¯ï¸|lejÃ¡tszÃ¡s vagy szÃ¼net gomb|szÃ¼neteltetÃ©s
â—€ï¸|balra nyÃ­l|visszajÃ¡tszÃ¡s gomb
âª|dupla nyÃ­l|gyors tekerÃ©s|visszatekerÃ©s gomb
â®ï¸|elÅ‘zÅ‘ jelenet|elÅ‘zÅ‘ szÃ¡m|legutÃ³bbi szÃ¡m gomb|nyÃ­l
ğŸ”¼|felfelÃ© gomb|gomb|nyÃ­l|piros
â«|dupla|gomb|gyors felfelÃ© gomb|nyÃ­l
ğŸ”½|gomb|lefelÃ©|nyÃ­l|piros
â¬|gomb|gyors lefelÃ© gomb|lefelÃ©|nyÃ­l|piros
â¸ï¸|dupla vonal|fÃ¼ggÅ‘leges|gomb|szÃ¼neteltetÃ©s gomb
â¹ï¸|gomb|leÃ¡llÃ­tÃ¡s|nÃ©gyzet
âºï¸|felvÃ©tel|gomb|kÃ¶r
âï¸|gomb|kiadÃ¡s|lemez kiadÃ¡sa gomb
ğŸ¦|film|kamera|mozi
ğŸ”…|fÃ©nyerÅ‘|sÃ¶tÃ©tÃ­tÃ©s gomb
ğŸ”†|fÃ©nyerÅ‘|vilÃ¡gosÃ­tÃ¡s gomb
ğŸ“¶|antennasÃ¡vok|mobiltelefon|tÃ©rerÅ‘
ğŸ›œ|hÃ¡lÃ³zat|internet|szÃ¡mÃ­tÃ³gÃ©p|vezetÃ©k nÃ©lkÃ¼li
ğŸ“³|mobiltelefon|rÃ¡diÃ³telefon|rezgÃ©s|rezgÅ‘ mÃ³d|telefon|tiltott
ğŸ“´|kikapcsolva|mobiltelefon|rÃ¡diÃ³telefon|telefon|tiltott
âš§ï¸|transznemÅ± szimbÃ³lum
ğŸŸ°|egyenlÅ‘sÃ©g|matematika|vastag egyenlÅ‘sÃ©gjel
â™¾ï¸|korlÃ¡tlan|Ã¶rÃ¶kkÃ©|univerzÃ¡lis|vÃ©gtelen
â€¼ï¸|dupla felkiÃ¡ltÃ³jel|felkiÃ¡ltÃ¡s|Ã­rÃ¡sjel|kÃ¶zpontozÃ¡s
ğŸ’±|Ã¡tvÃ¡ltÃ¡s|bank|pÃ©nzvÃ¡ltÃ¡s|pÃ©nzvÃ¡ltÃ³|valuta
ğŸ’²|dollÃ¡r|pÃ©nznem|vastag dollÃ¡rjel
â™»ï¸|ÃºjrahasznosÃ­tÃ¡s szimbÃ³lum
âšœï¸|anjou-liliom|liliom
ğŸ”±|emblÃ©ma|hajÃ³|hÃ¡romÃ¡gÃº szigony|jel|szigony|vasmacska
ğŸ“›|jelvÃ©ny|kitÅ±zÅ‘|nÃ©v
ğŸ”°|a kezdÅ‘ japÃ¡n szimbÃ³luma|japÃ¡n|kezdÅ‘|levÃ©l|sÃ¡rga
â­•|kÃ¶r|nagy, vastag kÃ¶r|o
âŒ|Ã¡thÃºzÃ¡sjel|jel|mÃ©gse|szorzÃ¡s|x
â|Ã¡thÃºzÃ¡sjel gomb|jel|nÃ©gyzet
â°|hurok
â¿|dupla|hurok
ã€½ï¸|jel|rÃ©szelvÃ¡lasztÃ³|vÃ¡lasztÃ³
ğŸ” |abcd|betÅ±k|bevitel|latin|nagybetÅ±s
ğŸ”¡|abcd|betÅ±k|bevitel|kisbetÅ±s|latin
ğŸ”¢|1234|bevitel|szÃ¡mbevitel|szÃ¡mok
ğŸ”£|bevitel|szimbÃ³lumok bevitele
ğŸ”¤|abc|betÅ±k|bevitel|latin betÅ±k bevitele
ğŸ…°ï¸|a gomb (vÃ©rcsoport)|vÃ©rcsoport
ğŸ†|ab gomb (vÃ©rcsoport)|vÃ©rcsoport
ğŸ…±ï¸|b gomb (vÃ©rcsoport)|vÃ©rcsoport
ğŸ†‘|cl gomb
ğŸ†’|cool gomb
ğŸ†“|free gomb
ğŸ†”|id gomb|identitÃ¡s
â“‚ï¸|bekarikÃ¡zott m betÅ±|kÃ¶r|m
ğŸ†•|new gomb
ğŸ†–|ng gomb
ğŸ…¾ï¸|0 gomb (vÃ©rcsoport)|vÃ©rcsoport
ğŸ†—|ok gomb
ğŸ…¿ï¸|p gomb|parkolÃ¡s
ğŸ†˜|segÃ­tsÃ©g|sos gomb
ğŸ†™|jel|up! gomb
ğŸ†š|ellen|versus|vs gomb
ğŸˆ|itt|japÃ¡n itt gomb|katakana|ã‚³ã‚³
ğŸˆ‚ï¸|szervizdÃ­j|japÃ¡n szervizdÃ­j gomb|katakana|ã‚µ
ğŸˆ·ï¸|havi Ã¶sszeg|japÃ¡n havi Ã¶sszeg gomb|kÃ©pÃ­rÃ¡sjel|æœˆ
ğŸˆ¶|nem ingyenes|japÃ¡n nem ingyenes gomb|kÃ©pÃ­rÃ¡sjel|æœ‰
ğŸˆ¯|foglalt|japÃ¡n foglalt gomb|kÃ©pÃ­rÃ¡sjel|æŒ‡
ğŸ‰|alkalmi vÃ©tel|japÃ¡n alkalmi vÃ©tel gomb|kÃ©pÃ­rÃ¡sjel|å¾—
ğŸˆ¹|engedmÃ©ny|japÃ¡n engedmÃ©ny gomb|kÃ©pÃ­rÃ¡sjel|å‰²
ğŸˆš|ingyenes|japÃ¡n ingyenes gomb|kÃ©pÃ­rÃ¡sjel|ç„¡
ğŸˆ²|tiltott|japÃ¡n tiltott gomb|kÃ©pÃ­rÃ¡sjel|ç¦
ğŸ‰‘|elfogadÃ¡s|japÃ¡n elfogadÃ¡s gomb|kÃ©pÃ­rÃ¡sjel|å¯
ğŸˆ¸|alkalmazÃ¡s|japÃ¡n alkalmazÃ¡s gomb|kÃ©pÃ­rÃ¡sjel|ç”³
ğŸˆ´|minimÃ¡lis pontszÃ¡m|japÃ¡n minimÃ¡lis pontszÃ¡m gomb|kÃ©pÃ­rÃ¡sjel|åˆ
ğŸˆ³|megÃ¼resedÃ©s|japÃ¡n megÃ¼resedÃ©s gomb|kÃ©pÃ­rÃ¡sjel|ç©º
ğŸˆº|mÅ±kÃ¶dik|japÃ¡n mÅ±kÃ¶dik gomb|kÃ©pÃ­rÃ¡sjel|å–¶
ğŸˆµ|megtelt|japÃ¡n megtelt gomb|kÃ©pÃ­rÃ¡sjel|æº€
ğŸ”´|alakzat|kÃ¶r|piros
ğŸŸ |kÃ¶r|narancssÃ¡rga
ğŸŸ¡|kÃ¶r|sÃ¡rga
ğŸŸ¢|kÃ¶r|zÃ¶ld
ğŸ”µ|alakzat|kÃ©k|kÃ¶r
ğŸŸ£|kÃ¶r|lila
ğŸŸ¤|barna|kÃ¶r
âš«|alakzat|fekete kÃ¶r|kÃ¶r
âšª|alakzat|fehÃ©r kÃ¶r|kÃ¶r
ğŸŸ¥|nÃ©gyzet|vÃ¶rÃ¶s
ğŸŸ§|narancssÃ¡rga|nÃ©gyzet
ğŸŸ¨|nÃ©gyzet|sÃ¡rga
ğŸŸ©|nÃ©gyzet|zÃ¶ld
ğŸŸ¦|kÃ©k|nÃ©gyzet
ğŸŸª|lila|nÃ©gyzet
ğŸŸ«|barna|nÃ©gyzet
â¬›|geometria|nagy fekete nÃ©gyzet|nÃ©gyzet
â¬œ|geometria|nagy fehÃ©r nÃ©gyzet|nÃ©gyzet
â—¼ï¸|geometria|kÃ¶zepes fekete nÃ©gyzet|nÃ©gyzet
â—»ï¸|geometria|kÃ¶zepes fehÃ©r nÃ©gyzet|nÃ©gyzet
â—¾|geometria|kis-kÃ¶zepes fekete nÃ©gyzet|nÃ©gyzet
â—½|geometria|kis-kÃ¶zepes fehÃ©r nÃ©gyzet|nÃ©gyzet
â–ªï¸|geometria|kis fekete nÃ©gyzet|nÃ©gyzet
â–«ï¸|geometria|kis fehÃ©r nÃ©gyzet|nÃ©gyzet
ğŸ”¶|geometria|nagy narancssÃ¡rga rombusz|narancs|rombusz
ğŸ”·|geometria|kÃ©k|nagy kÃ©k rombusz|rombusz
ğŸ”¸|geometria|kis narancssÃ¡rga rombusz|narancs|rombusz
ğŸ”¹|geometria|kÃ©k|kis kÃ©k rombusz|rombusz
ğŸ”º|alakzat|felfelÃ©|fÃ¶lfelÃ© mutatÃ³ piros hÃ¡romszÃ¶g|piros
ğŸ”»|alakzat|lefelÃ© mutatÃ³ piros hÃ¡romszÃ¶g|piros
ğŸ’ |alakzat|kÃ©pregÃ©ny|rombusz ponttal
ğŸ”˜|gomb|rÃ¡diÃ³gomb|vÃ¡lasztÃ³gomb
ğŸ”³|bekeretezett|fehÃ©r, nÃ©gyzet alakÃº gomb|gomb|nÃ©gyzet
ğŸ”²|fekete, nÃ©gyzet alakÃº gomb|gomb|nÃ©gyzet
ğŸ|autÃ³verseny|kockÃ¡s zÃ¡szlÃ³|versenyzÃ©s
ğŸš©|hÃ¡romszÃ¶g alakÃº zÃ¡szlÃ³|zÃ¡szlÃ³rÃºd
ğŸŒ|japÃ¡n|keresztbe tett zÃ¡szlÃ³k|Ã¼nnepi hangulat|Ã¼nneplÃ©s|zÃ¡szlÃ³k
ğŸ´|lengÅ‘ fekete zÃ¡szlÃ³
ğŸ³ï¸|lengÅ‘ fehÃ©r zÃ¡szlÃ³
ğŸ³ï¸â€ğŸŒˆ|szivÃ¡rvÃ¡nyszÃ­nÅ±|zÃ¡szlÃ³
ğŸ³ï¸â€âš§ï¸|transznemÅ±|zÃ¡szlÃ³
ğŸ´â€â˜ ï¸|fosztogatÃ³|jolly roger|kalÃ³zzÃ¡szlÃ³|kincs
ğŸ‡¦ğŸ‡©|andorra
ğŸ‡¦ğŸ‡ª|egyesÃ¼lt arab emÃ­rsÃ©gek
ğŸ‡¦ğŸ‡«|afganisztÃ¡n
ğŸ‡¦ğŸ‡¬|antigua Ã©s barbuda
ğŸ‡¦ğŸ‡®|anguilla
ğŸ‡¦ğŸ‡±|albÃ¡nia
ğŸ‡¦ğŸ‡²|Ã¶rmÃ©nyorszÃ¡g
ğŸ‡¦ğŸ‡´|angola
ğŸ‡¦ğŸ‡¶|antarktisz
ğŸ‡¦ğŸ‡·|argentÃ­na
ğŸ‡¦ğŸ‡¸|amerikai szamoa
ğŸ‡¦ğŸ‡¹|ausztria
ğŸ‡¦ğŸ‡º|ausztrÃ¡lia
ğŸ‡¦ğŸ‡¼|aruba
ğŸ‡¦ğŸ‡½|Ã¥land-szigetek
ğŸ‡¦ğŸ‡¿|azerbajdzsÃ¡n
ğŸ‡§ğŸ‡¦|bosznia-hercegovina
ğŸ‡§ğŸ‡§|barbados
ğŸ‡§ğŸ‡©|banglades
ğŸ‡§ğŸ‡ª|belgium
ğŸ‡§ğŸ‡«|burkina faso
ğŸ‡§ğŸ‡¬|bulgÃ¡ria
ğŸ‡§ğŸ‡­|bahrein
ğŸ‡§ğŸ‡®|burundi
ğŸ‡§ğŸ‡¯|benin
ğŸ‡§ğŸ‡±|saint-barthÃ©lemy
ğŸ‡§ğŸ‡²|bermuda
ğŸ‡§ğŸ‡³|brunei
ğŸ‡§ğŸ‡´|bolÃ­via
ğŸ‡§ğŸ‡¶|holland karib-tÃ©rsÃ©g
ğŸ‡§ğŸ‡·|brazÃ­lia
ğŸ‡§ğŸ‡¸|bahama-szigetek
ğŸ‡§ğŸ‡¹|bhutÃ¡n
ğŸ‡§ğŸ‡¼|botswana
ğŸ‡§ğŸ‡¾|belarusz
ğŸ‡§ğŸ‡¿|belize
ğŸ‡¨ğŸ‡¦|kanada
ğŸ‡¨ğŸ‡¨|kÃ³kusz (keeling)-szigetek
ğŸ‡¨ğŸ‡©|kongÃ³ â€“ kinshasa
ğŸ‡¨ğŸ‡«|kÃ¶zÃ©p-afrikai kÃ¶ztÃ¡rsasÃ¡g
ğŸ‡¨ğŸ‡¬|kongÃ³ â€“ brazzaville
ğŸ‡¨ğŸ‡­|svÃ¡jc
ğŸ‡¨ğŸ‡®|elefÃ¡ntcsontpart
ğŸ‡¨ğŸ‡°|cook-szigetek
ğŸ‡¨ğŸ‡±|chile
ğŸ‡¨ğŸ‡²|kamerun
ğŸ‡¨ğŸ‡³|kÃ­na
ğŸ‡¨ğŸ‡´|kolumbia
ğŸ‡¨ğŸ‡·|costa rica
ğŸ‡¨ğŸ‡º|kuba
ğŸ‡¨ğŸ‡»|zÃ¶ld-foki kÃ¶ztÃ¡rsasÃ¡g
ğŸ‡¨ğŸ‡¼|curaÃ§ao
ğŸ‡¨ğŸ‡½|karÃ¡csony-sziget
ğŸ‡¨ğŸ‡¾|ciprus
ğŸ‡¨ğŸ‡¿|csehorszÃ¡g
ğŸ‡©ğŸ‡ª|nÃ©metorszÃ¡g
ğŸ‡©ğŸ‡¯|dzsibuti
ğŸ‡©ğŸ‡°|dÃ¡nia
ğŸ‡©ğŸ‡²|dominika
ğŸ‡©ğŸ‡´|dominikai kÃ¶ztÃ¡rsasÃ¡g
ğŸ‡©ğŸ‡¿|algÃ©ria
ğŸ‡ªğŸ‡¨|ecuador
ğŸ‡ªğŸ‡ª|Ã©sztorszÃ¡g
ğŸ‡ªğŸ‡¬|egyiptom
ğŸ‡ªğŸ‡­|nyugat-szahara
ğŸ‡ªğŸ‡·|eritrea
ğŸ‡ªğŸ‡¸|spanyolorszÃ¡g
ğŸ‡ªğŸ‡¹|etiÃ³pia
ğŸ‡ªğŸ‡º|eurÃ³pai uniÃ³
ğŸ‡«ğŸ‡®|finnorszÃ¡g
ğŸ‡«ğŸ‡¯|fidzsi
ğŸ‡«ğŸ‡°|falkland-szigetek
ğŸ‡«ğŸ‡²|mikronÃ©zia
ğŸ‡«ğŸ‡´|ferÃ¶er szigetek
ğŸ‡«ğŸ‡·|franciaorszÃ¡g
ğŸ‡¬ğŸ‡¦|gabon
ğŸ‡¬ğŸ‡§|egyesÃ¼lt kirÃ¡lysÃ¡g
ğŸ‡¬ğŸ‡©|grenada
ğŸ‡¬ğŸ‡ª|grÃºzia
ğŸ‡¬ğŸ‡«|francia guyana
ğŸ‡¬ğŸ‡¬|guernsey
ğŸ‡¬ğŸ‡­|ghÃ¡na
ğŸ‡¬ğŸ‡®|gibraltÃ¡r
ğŸ‡¬ğŸ‡±|grÃ¶nland
ğŸ‡¬ğŸ‡²|gambia
ğŸ‡¬ğŸ‡³|guinea
ğŸ‡¬ğŸ‡µ|guadeloupe
ğŸ‡¬ğŸ‡¶|egyenlÃ­tÅ‘i-guinea
ğŸ‡¬ğŸ‡·|gÃ¶rÃ¶gorszÃ¡g
ğŸ‡¬ğŸ‡¸|dÃ©li-georgia Ã©s dÃ©li-sandwich-szigetek
ğŸ‡¬ğŸ‡¹|guatemala
ğŸ‡¬ğŸ‡º|guam
ğŸ‡¬ğŸ‡¼|bissau-guinea
ğŸ‡¬ğŸ‡¾|guyana
ğŸ‡­ğŸ‡°|hongkong kkt
ğŸ‡­ğŸ‡³|honduras
ğŸ‡­ğŸ‡·|horvÃ¡torszÃ¡g
ğŸ‡­ğŸ‡¹|haiti
ğŸ‡­ğŸ‡º|magyarorszÃ¡g
ğŸ‡®ğŸ‡¨|kanÃ¡ri-szigetek
ğŸ‡®ğŸ‡©|indonÃ©zia
ğŸ‡®ğŸ‡ª|Ã­rorszÃ¡g
ğŸ‡®ğŸ‡±|izrael
ğŸ‡®ğŸ‡²|man-sziget
ğŸ‡®ğŸ‡³|india
ğŸ‡®ğŸ‡´|brit indiai-Ã³ceÃ¡ni terÃ¼let
ğŸ‡®ğŸ‡¶|irak
ğŸ‡®ğŸ‡·|irÃ¡n
ğŸ‡®ğŸ‡¸|izland
ğŸ‡®ğŸ‡¹|olaszorszÃ¡g
ğŸ‡¯ğŸ‡ª|jersey
ğŸ‡¯ğŸ‡²|jamaica
ğŸ‡¯ğŸ‡´|jordÃ¡nia
ğŸ‡¯ğŸ‡µ|japÃ¡n
ğŸ‡°ğŸ‡ª|kenya
ğŸ‡°ğŸ‡¬|kirgizisztÃ¡n
ğŸ‡°ğŸ‡­|kambodzsa
ğŸ‡°ğŸ‡®|kiribati
ğŸ‡°ğŸ‡²|comore-szigetek
ğŸ‡°ğŸ‡³|saint kitts Ã©s nevis
ğŸ‡°ğŸ‡µ|Ã©szak-korea
ğŸ‡°ğŸ‡·|dÃ©l-korea
ğŸ‡°ğŸ‡¼|kuvait
ğŸ‡°ğŸ‡¾|kajmÃ¡n-szigetek
ğŸ‡°ğŸ‡¿|kazahsztÃ¡n
ğŸ‡±ğŸ‡¦|laosz
ğŸ‡±ğŸ‡§|libanon
ğŸ‡±ğŸ‡¨|saint lucia
ğŸ‡±ğŸ‡®|liechtenstein
ğŸ‡±ğŸ‡°|srÃ­ lanka
ğŸ‡±ğŸ‡·|libÃ©ria
ğŸ‡±ğŸ‡¸|lesotho
ğŸ‡±ğŸ‡¹|litvÃ¡nia
ğŸ‡±ğŸ‡º|luxemburg
ğŸ‡±ğŸ‡»|lettorszÃ¡g
ğŸ‡±ğŸ‡¾|lÃ­bia
ğŸ‡²ğŸ‡¦|marokkÃ³
ğŸ‡²ğŸ‡¨|monaco
ğŸ‡²ğŸ‡©|moldova
ğŸ‡²ğŸ‡ª|montenegrÃ³
ğŸ‡²ğŸ‡¬|madagaszkÃ¡r
ğŸ‡²ğŸ‡­|marshall-szigetek
ğŸ‡²ğŸ‡°|Ã©szak-macedÃ³nia
ğŸ‡²ğŸ‡±|mali
ğŸ‡²ğŸ‡²|mianmar
ğŸ‡²ğŸ‡³|mongÃ³lia
ğŸ‡²ğŸ‡´|makaÃ³ kkt
ğŸ‡²ğŸ‡µ|Ã©szaki mariana-szigetek
ğŸ‡²ğŸ‡¶|martinique
ğŸ‡²ğŸ‡·|mauritÃ¡nia
ğŸ‡²ğŸ‡¸|montserrat
ğŸ‡²ğŸ‡¹|mÃ¡lta
ğŸ‡²ğŸ‡º|mauritius
ğŸ‡²ğŸ‡»|maldÃ­v-szigetek
ğŸ‡²ğŸ‡¼|malawi
ğŸ‡²ğŸ‡½|mexikÃ³
ğŸ‡²ğŸ‡¾|malajzia
ğŸ‡²ğŸ‡¿|mozambik
ğŸ‡³ğŸ‡¦|namÃ­bia
ğŸ‡³ğŸ‡¨|Ãºj-kaledÃ³nia
ğŸ‡³ğŸ‡ª|niger
ğŸ‡³ğŸ‡«|norfolk-sziget
ğŸ‡³ğŸ‡¬|nigÃ©ria
ğŸ‡³ğŸ‡®|nicaragua
ğŸ‡³ğŸ‡±|hollandia
ğŸ‡³ğŸ‡´|norvÃ©gia
ğŸ‡³ğŸ‡µ|nepÃ¡l
ğŸ‡³ğŸ‡·|nauru
ğŸ‡³ğŸ‡º|niue
ğŸ‡³ğŸ‡¿|Ãºj-zÃ©land
ğŸ‡´ğŸ‡²|omÃ¡n
ğŸ‡µğŸ‡¦|panama
ğŸ‡µğŸ‡ª|peru
ğŸ‡µğŸ‡«|francia polinÃ©zia
ğŸ‡µğŸ‡¬|pÃ¡pua Ãºj-guinea
ğŸ‡µğŸ‡­|fÃ¼lÃ¶p-szigetek
ğŸ‡µğŸ‡°|pakisztÃ¡n
ğŸ‡µğŸ‡±|lengyelorszÃ¡g
ğŸ‡µğŸ‡²|saint-pierre Ã©s miquelon
ğŸ‡µğŸ‡³|pitcairn-szigetek
ğŸ‡µğŸ‡·|puerto rico
ğŸ‡µğŸ‡¸|palesztin autonÃ³mia
ğŸ‡µğŸ‡¹|portugÃ¡lia
ğŸ‡µğŸ‡¼|palau
ğŸ‡µğŸ‡¾|paraguay
ğŸ‡¶ğŸ‡¦|katar
ğŸ‡·ğŸ‡ª|rÃ©union
ğŸ‡·ğŸ‡´|romÃ¡nia
ğŸ‡·ğŸ‡¸|szerbia
ğŸ‡·ğŸ‡º|oroszorszÃ¡g
ğŸ‡·ğŸ‡¼|ruanda
ğŸ‡¸ğŸ‡¦|szaÃºd-arÃ¡bia
ğŸ‡¸ğŸ‡§|salamon-szigetek
ğŸ‡¸ğŸ‡¨|seychelle-szigetek
ğŸ‡¸ğŸ‡©|szudÃ¡n
ğŸ‡¸ğŸ‡ª|svÃ©dorszÃ¡g
ğŸ‡¸ğŸ‡¬|szingapÃºr
ğŸ‡¸ğŸ‡­|szent ilona
ğŸ‡¸ğŸ‡®|szlovÃ©nia
ğŸ‡¸ğŸ‡°|szlovÃ¡kia
ğŸ‡¸ğŸ‡±|sierra leone
ğŸ‡¸ğŸ‡²|san marino
ğŸ‡¸ğŸ‡³|szenegÃ¡l
ğŸ‡¸ğŸ‡´|szomÃ¡lia
ğŸ‡¸ğŸ‡·|suriname
ğŸ‡¸ğŸ‡¸|dÃ©l-szudÃ¡n
ğŸ‡¸ğŸ‡¹|sÃ£o tomÃ© Ã©s prÃ­ncipe
ğŸ‡¸ğŸ‡»|salvador
ğŸ‡¸ğŸ‡½|sint maarten
ğŸ‡¸ğŸ‡¾|szÃ­ria
ğŸ‡¸ğŸ‡¿|szvÃ¡zifÃ¶ld
ğŸ‡¹ğŸ‡¨|turks- Ã©s caicos-szigetek
ğŸ‡¹ğŸ‡©|csÃ¡d
ğŸ‡¹ğŸ‡«|francia dÃ©li terÃ¼letek
ğŸ‡¹ğŸ‡¬|togo
ğŸ‡¹ğŸ‡­|thaifÃ¶ld
ğŸ‡¹ğŸ‡¯|tÃ¡dzsikisztÃ¡n
ğŸ‡¹ğŸ‡°|tokelau
ğŸ‡¹ğŸ‡±|kelet-timor
ğŸ‡¹ğŸ‡²|tÃ¼rkmenisztÃ¡n
ğŸ‡¹ğŸ‡³|tunÃ©zia
ğŸ‡¹ğŸ‡´|tonga
ğŸ‡¹ğŸ‡·|tÃ¶rÃ¶korszÃ¡g
ğŸ‡¹ğŸ‡¹|trinidad Ã©s tobago
ğŸ‡¹ğŸ‡»|tuvalu
ğŸ‡¹ğŸ‡¼|tajvan
ğŸ‡¹ğŸ‡¿|tanzÃ¡nia
ğŸ‡ºğŸ‡¦|ukrajna
ğŸ‡ºğŸ‡¬|uganda
ğŸ‡ºğŸ‡¸|egyesÃ¼lt Ã¡llamok
ğŸ‡ºğŸ‡¾|uruguay
ğŸ‡ºğŸ‡¿|Ã¼zbegisztÃ¡n
ğŸ‡»ğŸ‡¦|vatikÃ¡n
ğŸ‡»ğŸ‡¨|saint vincent Ã©s a grenadine-szigetek
ğŸ‡»ğŸ‡ª|venezuela
ğŸ‡»ğŸ‡¬|brit virgin-szigetek
ğŸ‡»ğŸ‡®|amerikai virgin-szigetek
ğŸ‡»ğŸ‡³|vietnÃ¡m
ğŸ‡»ğŸ‡º|vanuatu
ğŸ‡¼ğŸ‡«|wallis Ã©s futuna
ğŸ‡¼ğŸ‡¸|szamoa
ğŸ‡½ğŸ‡°|koszovÃ³
ğŸ‡¾ğŸ‡ª|jemen
ğŸ‡¾ğŸ‡¹|mayotte
ğŸ‡¿ğŸ‡¦|dÃ©l-afrikai kÃ¶ztÃ¡rsasÃ¡g
ğŸ‡¿ğŸ‡²|zambia
ğŸ‡¿ğŸ‡¼|zimbabwe
ğŸ´ó §ó ¢ó ¥ó ®ó §ó ¿|anglia
ğŸ´ó §ó ¢ó ³ó £ó ´ó ¿|skÃ³cia
ğŸ´ó §ó ¢ó ·ó ¬ó ³ó ¿|wales