â‰ï¸|punteggiatura|punto esclamativo e interrogativo|punto interrogativo
â„¹ï¸|informazioni|punto informazioni
â†”ï¸|destra|doppia direzione|freccia sinistra-destra|larghezza
â†•ï¸|altezza|doppia direzione|freccia su-giÃ¹
â†–ï¸|direzione|freccia in alto a sinistra|nord-ovest|punto intercardinale
â†—ï¸|direzione|freccia in alto a destra|freccia rivolta verso destra che punta in alto|nord-est|punto intercardinale
â†˜ï¸|direzione|freccia in basso a destra|punto intercardinale|sud-est
â†™ï¸|direzione|freccia in basso a sinistra|punto intercardinale|sud-ovest
âŒ¨ï¸|computer|tastiera senza fili
â˜€ï¸|calore|luce|raggi|sole|splendente
â˜ï¸|meteo|nuvola
â˜‚ï¸|meteo|ombrello|pioggia
â˜ƒï¸|freddo|inverno|neve|pupazzo di neve|pupazzo innevato
â˜„ï¸|cometa|spazio|stella cometa
â˜‘ï¸|grigio|riquadro con spunta|spunta
â˜”|gocce dâ€™acqua|meteo|ombrello bagnato|ombrello con gocce di pioggia|pioggia
â˜•|bevanda calda|caffÃ¨|fumante|tÃ¨ caldo
â˜˜ï¸|foglia|irlanda|trifoglio
â˜ ï¸|letale|morte|pericolo|teschio con ossa incrociate
â˜¢ï¸|radioattivitÃ |radioattivo|rifiuti tossici|scorie|simbolo della radioattivitÃ 
â˜£ï¸|biorischio|pericolo|rischio biologico|simbolo del rischio biologico|sostanze pericolose
â˜¦ï¸|cristianesimo|croce ortodossa|ortodossi|religione
â˜¸ï¸|buddhismo|dharmacakra|religione buddhista|ruota a otto raggi|ruota del dharma
â˜¹ï¸|corrucciato|faccina imbronciata|imbronciato|mettere il muso
â™ˆ|ariete|segno zodiacale dellâ€™ariete|zodiaco
â™‰|segno zodiacale del toro|toro|zodiaco
â™|sagittario|segno zodiacale del saggitario|zodiaco
â™‘|capricorno|segno zodiacale del capricorno|zodiaco
â™’|acquario|segno zodiacale dellâ€™acquario|zodiaco
â™“|pesci|segno zodiacale dei pesci|zodiaco
â™ ï¸|carte|picche|seme
â™£ï¸|carte|fiori|seme
â™¥ï¸|carte|cuori|seme
â™¦ï¸|carte|quadri|seme
â™¨ï¸|acqua sorgente|acqua termale|sorgenti termali|terme
âš’ï¸|attrezzi|lavori manuali|manodopera|piccone e martello|utensili
âš“|ancora|simbolo
âš”ï¸|armi|combattimento|duello|spade incrociate
âš–ï¸|bilancia a doppio piatto|pesare|piatti della bilancia
âš—ï¸|alambicco|chimica|esperimento|strumento
âš™ï¸|componente|ingranaggio|meccanismo|ruota dentata
âœ‚ï¸|forbici|strumento|tagliare
âœ…|baffo|pulsante segno di spunta|segno di spunta
âœˆï¸|aeroplano|velivolo
âœ‰ï¸|busta|email|lettera|posta|ricevere posta
âœ’ï¸|calamaio|inchiostro|pennino
âœ”ï¸|baffo|segno di spunta|spunta
âœ–ï¸|cancellare|moltiplicazione|segno moltiplicazione|segno per|x
âœ¡ï¸|david|ebraismo|ebreo|simbolo ebraico|stella di david
âœ¨|scintille|stelle|stelline
âœ³ï¸|*|asterisco|otto punte
âœ´ï¸|asterisco|stella stilizzata
â„ï¸|fiocco di neve|freddo|ghiaccio|inverno|neve
â‡ï¸|scintilla stilizzata
â“|domanda|punto di domanda pieno|punto interrogativo rosso
â”|domanda|punto di domanda vuoto|punto interrogativo bianco
â•|esclamazione|punto esclamativo bianco|punto esclamativo vuoto
â—|esclamazione|punteggiatura|punto esclamativo pieno|punto esclamativo rosso
â£ï¸|cuore|punteggiatura|punto esclamativo a cuore|simbolo
â¤ï¸|amore|cuore rosso|rosso
â•|+|addizione|piÃ¹|segno di addizione
â–|-|meno|segno di sottrazione|sottrazione
â—|Ã·|divisione|diviso|segno di divisione
â¤´ï¸|curva|freccia curva in alto|verso lâ€™alto
â¤µï¸|curva|freccia curva in basso|verso il basso
ã€°ï¸|ondulato|trattino
ãŠ—ï¸|congratulazioni|giapponese|ideogramma giapponese di congratulazioni
ãŠ™ï¸|giapponese|ideogramma giapponese di segreto|segreto
ğŸ˜€|faccina che sogghigna|faccina con un gran sorriso|risata|sogghignare
ğŸ˜ƒ|faccina con un gran sorriso e occhi spalancati|faccina sorridente|risata|sorridere
ğŸ˜„|bocca aperta|faccina con sorriso e occhi sorridenti|faccina con un gran sorriso e occhi sorridenti|occhi felici|risata|sorriso
ğŸ˜|faccina raggiante con occhi felici|occhi felici|risata|sogghignare
ğŸ˜†|bocca aperta|occhi chiusi|sorriso a bocca aperta con occhi chiusi
ğŸ˜…|faccina con un gran sorriso e goccia di sudore|goccia|sorriso teso|sudore
ğŸ¤£|crepapelle|ridere a crepapelle
ğŸ˜‚|faccina con lacrime di gioia|gioia|lacrime|piangere dal ridere
ğŸ™‚|faccina con sorriso accennato|mezzo sorriso|sorriso a bocca chiusa
ğŸ™ƒ|capovolta|faccina|scombussolata|sottosopra
ğŸ˜‰|faccina che fa lâ€™occhiolino|fare lâ€™occhiolino
ğŸ˜Š|faccina con occhi sorridenti|felice|occhi sorridenti|sorriso
ğŸ˜‡|angioletto|aureola|faccina con sorriso e aureola|faccina sorridente con aureola
ğŸ¥°|adorazione|colpo di fulmine|faccina con cuoricini|faccina innamorata
ğŸ˜|amore|cuore|faccina con sorriso e occhi a cuore
ğŸ¤©|colpo di fulmine|faccia sorridente|occhi|stelline
ğŸ˜˜|baci|faccina che manda baci|faccina che manda un bacio
ğŸ˜—|faccina che bacia|faccina che dÃ  bacio
â˜ºï¸|delineata|faccina|rilassata|sorridente
ğŸ˜š|baciare|bacio|faccina che bacia con occhi chiusi|occhi chiusi
ğŸ˜™|faccina che bacia con occhi sorridenti|faccina che manda baci|faccina sorridente
ğŸ¥²|emozionato|faccina sorridente con lacrima|grato|lacrima|orgoglioso|rincuorato|sorridente
ğŸ˜‹|buono|cibo delizioso|faccina che si lecca i baffi|gnam
ğŸ˜›|faccina che mostra la lingua|faccina con lingua fuori|linguaccia
ğŸ˜œ|faccina che fa lâ€™occhiolino e mostra la lingua|linguaccia con occhiolino|occhiolino|scherzo
ğŸ¤ª|faccina impazzita|grande|occhio|piccolo
ğŸ˜|bleah|faccina con un gran sorriso che mostra la lingua|linguaccia|orribile
ğŸ¤‘|aviditÃ |faccina avida di denaro|guadagnare|ricchezza|soldi
ğŸ¤—|abbraccio|faccina che abbraccia|sorriso
ğŸ¤­|faccina con mano sulla bocca|oops
ğŸ¤«|faccina che zittisce|silenzio|zittire
ğŸ¤”|concentrarsi|faccina concentrata|pensare
ğŸ¤|bocca cucita|faccina con bocca con cerniera|no comment|non posso parlare|zitto
ğŸ¤¨|diffidente|faccia con sopracciglia alzate|scettico
ğŸ˜|faccina|impassibile|neutra|no comment
ğŸ˜‘|faccina|inespressiva|no comment
ğŸ˜¶|faccina senza bocca|non posso parlare|senza bocca
ğŸ˜¶â€ğŸŒ«ï¸|testa tra le nuvole
ğŸ˜|faccina che sorride|faccina con sorrisetto|furbetto|malizioso
ğŸ˜’|contrariata|faccina|triste
ğŸ™„|faccina con occhi al cielo|guardare altrove|roteare gli occhi|sollevare gli occhi al cielo
ğŸ˜¬|faccina con smorfia
ğŸ˜®â€ğŸ’¨|faccina che espira
ğŸ¤¥|bugiardo|faccina bugiarda|naso lungo|pinocchio
ğŸ˜Œ|faccina sollevata
ğŸ˜”|faccina|pensierosa|scoraggiata
ğŸ˜ª|assonnato|dormire|faccina assonnata|sonno
ğŸ¤¤|bava|faccina che sbava|sbavare
ğŸ˜´|faccina che dorme|sonno
ğŸ˜·|faccina con mascherina|maschera|mascherina
ğŸ¤’|ammalato|faccina con termometro|febbre|influenza|termometro
ğŸ¤•|bende|dolore|faccina bendata|faccina con la testa bendata|farsi male|fasciarsi la testa
ğŸ¤¢|faccina nauseata|nausea|vomito
ğŸ¤®|faccina che vomita|nausea|vomito
ğŸ¤§|faccina che starnutisce|raffreddore|starnuto
ğŸ¥µ|caldo|faccina accaldata|faccina sudata|febbricitante|sudore
ğŸ¥¶|faccina blu|faccina congelata|freddo|gelone|ipotermia
ğŸ¥´|faccina con occhi semiaperti|faccina stordita|frastornato|vertigini
ğŸ˜µ|faccina frastornata|testa che gira
ğŸ˜µâ€ğŸ’«|faccina con occhi a spirale
ğŸ¤¯|scioccato|testa che esplode
ğŸ¤ |cappello|cowboy|faccina con cappello da cowboy
ğŸ¥³|cappellino|faccina che festeggia|festa|festeggiamenti|party|trombetta
ğŸ¥¸|faccina travestita|incognito|naso|occhiali|travestimento
ğŸ˜|faccina con sorriso e occhiali da sole|occhiali da sole|sorriso|spensierato
ğŸ¤“|faccina nerd|nerd|occhiali da nerd|secchione|studioso
ğŸ§|faccina con monocolo|sospetto
ğŸ˜•|confusa|faccina
ğŸ˜Ÿ|faccina preoccupata|preoccupazione preoccupata
ğŸ™|corrucciato|faccina leggermente imbronciata|imbronciato|mettere il muso
ğŸ˜®|bocca|faccina con bocca aperta|sorpreso|stupito
ğŸ˜¯|faccina|sbalordita|sorpresa
ğŸ˜²|faccina|scioccata|stupita
ğŸ˜³|confuso|faccina con guance rosse|faccina imbarazzata|imbarazzato
ğŸ¥º|faccina sullâ€™orlo delle lacrime|faccina supplichevole|implorare|lacrime|quasi in lacrime
ğŸ˜¦|bocca aperta|corrucciata con bocca aperta|faccina imbronciata con bocca aperta
ğŸ˜§|angosciata|faccina|sofferente
ğŸ˜¨|faccina|impaurita|paura
ğŸ˜°|faccina blu sudata|faccina sotto pressione|faccina sudata in ansia|sudata
ğŸ˜¥|deluso|faccina delusa ma sollevata|sollevato
ğŸ˜¢|faccina che piange|lacrime|piangere|triste
ğŸ˜­|faccina disperata|lacrime|piangere|pianto
ğŸ˜±|faccina|grido di paura|paura|terrorizzata
ğŸ˜–|faccina|frustrata
ğŸ˜£|faccina|perseverante
ğŸ˜|delusa|delusione|faccina
ğŸ˜“|delusione|faccina abbattuta sudata|faccina sudata|sudore
ğŸ˜©|esausta|faccina|sfinita
ğŸ˜«|faccina|stanca
ğŸ¥±|annoiata|annoiato|faccina che sbadiglia|sbadiglio|sonno|stanca|stanco
ğŸ˜¤|arrabbiarsi|faccina che sbuffa|sbuffare
ğŸ˜¡|arrabbiata|broncio|faccina accigliata|faccina rossa|imbronciata|muso
ğŸ˜ |arrabbiata|faccina|rabbia
ğŸ¤¬|faccina con simboli sulla bocca|imprecare
ğŸ˜ˆ|corna|faccina con sorriso e corna|sorriso
ğŸ‘¿|diavolo|faccina arrabbiata con corna
ğŸ’€|favola|morte|mostro|teschio
ğŸ’©|cacca|popÃ²|pupÃ¹
ğŸ¤¡|clown|faccina|pagliaccio
ğŸ‘¹|faccina|favola|mostro|orco giapponese
ğŸ‘º|elfo|folletto|goblin|malefico|mostro
ğŸ‘»|fantasma|favola|halloween|scherzo|storie di fantasmi
ğŸ‘½|alieno|extraterrestre|faccina|ufo
ğŸ‘¾|faccina|favola|mostro alieno|ufo
ğŸ¤–|faccina di robot|robot
ğŸ˜º|aperta|bocca|faccina|gatto che sorride
ğŸ˜¸|faccina|gatto che sogghigna|gatto con occhi sorridenti|ghigno
ğŸ˜¹|faccina|gatto con lacrime di gioia|gatto lacrime di gioia|gioia|lacrime di gioia
ğŸ˜»|amore|cuore|faccina|gatto innamorato|gatto sorridente con occhi a cuore
ğŸ˜¼|faccina|gatto con sorriso sarcastico|gatto sorriso sarcastico|sarcastico|sorriso ironico
ğŸ˜½|bacio|faccina|gatto che manda baci|occhi chiusi
ğŸ™€|esterrefatto|faccina|gatto|oh mio dio
ğŸ˜¿|faccina|gatto che piange|piangere
ğŸ˜¾|broncio|faccina|gatto imbronciato|muso
ğŸ™ˆ|non vedo|scimmietta non vedo
ğŸ™‰|non sento|scimmietta non sento
ğŸ™Š|non parlo|scimmietta non parlo
ğŸ’‹|bacio|impronta della bocca|labbra|romanticismo|segno delle labbra
ğŸ’Œ|busta con cuore|cuore|lettera dâ€™amore|romanticismo
ğŸ’˜|amore|cuore con freccia|cupido|emozione|freccia
ğŸ’|cuore con fiocco|emozione|fiocco|san valentino
ğŸ’–|amore|cuore che luccica|emozionato|emozione|luccichio
ğŸ’—|amore|cuore che cresce|emozionato|nervoso
ğŸ’“|amore|battito|cuore che batte|pulsazione
ğŸ’|adorabile|amore|carino|cuore|cuori che girano
ğŸ’•|amore|due cuori|emozione|innamorati
ğŸ’Ÿ|cuore|decorazione con cuore
ğŸ’”|cuore|emozione|infranto|spezzato
â¤ï¸â€ğŸ”¥|cuore in fiamme
â¤ï¸â€ğŸ©¹|cuore guarito
ğŸ§¡|arancione|cuore|emozione
ğŸ’›|cuore|emozione|giallo
ğŸ’š|cuore|emozione|verde
ğŸ’™|azzurro|cuore|emozione
ğŸ’œ|cuore|emozione|viola
ğŸ¤|cuore|emozione|marrone
ğŸ–¤|cuore|dolore|nero|tristezza
ğŸ¤|bianco|cuore|emozione
ğŸ’¯|100|punteggio pieno|punti
ğŸ’¢|arrabbiato|emozione|fumetto|rabbia|simbolo rabbia
ğŸ’¥|collisione|emozione|fumetto|simbolo collisione
ğŸ’«|emozione|fumetto|stella con scia|stelle|vedere le stelle|vorticoso
ğŸ’¦|bagno di sudore|emozione|fumetto|gocce di sudore|sudato|sudore
ğŸ’¨|emozione|fuga|fumetto|nuvola di polvere|scappare
ğŸ•³ï¸|buco|fumetto|nero
ğŸ’£|bomba|emozione|fumetto
ğŸ’¬|dialogo|fumetto
ğŸ‘ï¸â€ğŸ—¨ï¸|fumetto|nuvoletta|occhio nel fumetto|testimone
ğŸ—¨ï¸|dialogo|fumetto|nuvoletta nera
ğŸ—¯ï¸|dialogo|fumetto|nuvoletta rabbia|rabbia
ğŸ’­|fumetto|nuvoletta
ğŸ’¤|dormire|russare|sonno|zzz
ğŸ‘‹|mano che saluta|salutare
ğŸ¤š|alzata|dorso mano alzata|mano
ğŸ–|cinque dita|mano alzata|mano aperta|palmo della mano
âœ‹|alzata|carta|mano
ğŸ––|saluto vulcaniano|spock|star trek
ğŸ‘Œ|mano che fa ok|ok|segno di ok
ğŸ¤Œ|dita unite|gesto della mano|interrogativo|mano a pigna|sarcastico
ğŸ¤|mano che fa il gesto del pizzico|piccola quantitÃ |poco|un poâ€™|un pochino
âœŒï¸|forbice|mano|segno di vittoria|vittoria|yeah
ğŸ¤|dita incrociate|fortuna|incrociare|mano
ğŸ¤Ÿ|gesto ti amo|gesto tvb
ğŸ¤˜|corna|fare le corna|rock and roll|segno delle corna
ğŸ¤™|chiamare|mano con gesto di chiamata|telefonare
ğŸ‘ˆ|dito indice|dito verso sinistra|indice verso sinistra
ğŸ‘‰|dito indice|dito verso destra|indice verso destra
ğŸ‘†|dito alzato|dito in su|dito indice|indice alzato|indice in su
ğŸ–•|dito medio|insulto|offendere
ğŸ‘‡|dito abbassato|dito in giÃ¹|dito indice|indice abbassato|indice in giÃ¹
â˜ï¸|dito verso lâ€™alto|indicare|indice verso lâ€™alto|tu
ğŸ‘|mano|pollice in su|segno|su
ğŸ‘|giÃ¹|mano|pollice in giÃ¹|pollice verso
âœŠ|alzato|pugno|sasso
ğŸ‘Š|mano|pugno chiuso
ğŸ¤›|pugno a sinistra|sinistra
ğŸ¤œ|destra|pugno a destra
ğŸ‘|applaudire|applauso|mani che applaudono
ğŸ™Œ|evviva|mani alzate|urrÃ |vittoria
ğŸ‘|aperta|mani aperte|mano|segno delle mani aperte
ğŸ¤²|mani unite in alto|preghiera
ğŸ¤|conoscere|mano|presentarsi|stretta di mano
ğŸ™|gesto|mani giunte|mano|pregare|preghiera
âœï¸|mano che scrive|scrivere a mano
ğŸ’…|cosmetici|manicure|smalto per unghie
ğŸ¤³|autoscatto|fotocamera|selfie|telefono
ğŸ’ª|bicipite|forte|fumetto|muscolo|teso
ğŸ¦¾|accessibilitÃ |protesi robotica per il braccio
ğŸ¦¿|accessibilitÃ |protesi robotica per la gamba
ğŸ¦µ|arto|calcio|gamba
ğŸ¦¶|calciare|camminare|piede
ğŸ‘‚|corpo|orecchio
ğŸ¦»|accessibilitÃ |apparecchio acustico|non udente|non udenti|orecchio con apparecchio acustico|protesi acustica
ğŸ‘ƒ|corpo|faccia|naso
ğŸ§ |cervello|intelligente
ğŸ«€|battito|cardiologia|cuore|organo del cuore|pulsazione
ğŸ«|espirazione|inspirazione|organo|polmoni|respirazione|respiro
ğŸ¦·|dente|dentista
ğŸ¦´|osso|scheletro
ğŸ‘€|faccia|occhi
ğŸ‘ï¸|corpo|faccia|occhio
ğŸ‘…|corpo|faccia|lingua
ğŸ‘„|bocca|corpo|faccia|labbra
ğŸ‘¶|bebÃ¨|figlio|neonato|persone
ğŸ§’|bimbo|giovane
ğŸ‘¦|bambino|persone|ragazzino
ğŸ‘§|bambina|persone|ragazzina
ğŸ§‘|adulto|persona
ğŸ‘±|biondo|persona bionda|persone
ğŸ‘¨|maschio|persone|uomo
ğŸ§”|barba|persona con la barba
ğŸ§”â€â™‚ï¸|barba|uomo con la barba
ğŸ‘±â€â™‚ï¸|biondo|maschio|uomo
ğŸ‘©|donna|femmina|persone
ğŸ§”â€â™€ï¸|barba|donna con la barba
ğŸ‘±â€â™€ï¸|bionda|donna|femmina
ğŸ§“|adulto anziano|anziano|persona anziana
ğŸ‘´|anziano|nonno|persone|uomo
ğŸ‘µ|anziana|donna|nonna|persone
ğŸ™|corrucciata|gesto|persona
ğŸ™â€â™‚ï¸|corrucciato|gesto|maschio|uomo
ğŸ™â€â™€ï¸|corrucciata|donna|femmina|gesto
ğŸ™|gesto|imbronciata|persona
ğŸ™â€â™‚ï¸|gesto|imbronciato|maschio|uomo
ğŸ™â€â™€ï¸|donna|femmina|gesto|imbronciata
ğŸ™…|faccina|gesto di rifiuto|non bene|persona che fa segno di no|rifiuto|vietato
ğŸ™…â€â™‚ï¸|no|proibito|rifiuto|uomo con gesto di rifiuto
ğŸ™…â€â™€ï¸|donna con gesto di rifiuto|no|proibito|rifiuto
ğŸ™†|gesto|ok|persona con gesto ok|tutto bene
ğŸ™†â€â™‚ï¸|dâ€™accordo|gesto|ok|uomo con gesto ok
ğŸ™†â€â™€ï¸|dâ€™accordo|donna con gesto ok|gesto|ok
ğŸ’|assistenza|informazioni|persona al punto informazioni|persone
ğŸ’â€â™‚ï¸|indicazione|informazioni|sarcastico|uomo al punto informazioni
ğŸ’â€â™€ï¸|donna al punto informazioni|indicazione|informazioni|sarcastica
ğŸ™‹|felice|gesto|mano alzata|persona con mano alzata
ğŸ™‹â€â™‚ï¸|gesto|mano alzata|uomo con mano alzata
ğŸ™‹â€â™€ï¸|donna con mano alzata|gesto|mano alzata
ğŸ§|accessibilitÃ |difficoltÃ  uditive|persona con problemi di udito|problemi di udito|sorditÃ 
ğŸ§â€â™‚ï¸|sorditÃ |sordo|uomo con difficoltÃ  uditive|uomo con problemi di udito|uomo sordo
ğŸ§â€â™€ï¸|donna con difficoltÃ  uditive|donna con problemi di udito|donna sorda|sorda|sorditÃ 
ğŸ™‡|gesto|mi dispiace|persona che fa un inchino profondo
ğŸ™‡â€â™‚ï¸|gesto|inchino|scuse|uomo che fa inchino profondo
ğŸ™‡â€â™€ï¸|donna che fa inchino profondo|gesto|inchino|scuse
ğŸ¤¦|esasperazione|facepalm|incredulitÃ |mano in fronte|persona esasperata
ğŸ¤¦â€â™‚ï¸|esasperazione|facepalm|gesto|uomo esasperato
ğŸ¤¦â€â™€ï¸|donna esasperata|esasperazione|facepalm|gesto
ğŸ¤·|dubbio|indifferenza|noncuranza|persona che scrolla le spalle|spalle alzate
ğŸ¤·â€â™‚ï¸|dubitare|gesto|indifferenza|uomo che scrolla le spalle
ğŸ¤·â€â™€ï¸|donna che scrolla le spalle|dubitare|gesto|indifferenza
ğŸ§‘â€âš•ï¸|infermiera|infermiere|medico|persona che lavora nella sanitÃ |sanitÃ |terapista
ğŸ‘¨â€âš•ï¸|camice|dottore|operatore sanitario|ospedale|uomo
ğŸ‘©â€âš•ï¸|camice|donna|dottoressa|operatrice sanitaria|ospedale
ğŸ§‘â€ğŸ“|diploma|studentessa
ğŸ‘¨â€ğŸ“|laurea|maschio|ragazzo|studente
ğŸ‘©â€ğŸ“|femmina|laurea|ragazza|studentessa
ğŸ§‘â€ğŸ«|insegnante|maestra|maestro|professoressa
ğŸ‘¨â€ğŸ«|insegnante|professore|scuola|studio
ğŸ‘©â€ğŸ«|insegnante|professoressa|scuola|studio
ğŸ§‘â€âš–ï¸|bilancia|giudice|giustizia
ğŸ‘¨â€âš–ï¸|bilancia|giudice|giustizia|uomo
ğŸ‘©â€âš–ï¸|bilancia|donna|giudice|giustizia
ğŸ§‘â€ğŸŒ¾|agricoltore|allevatore|contadino|giardiniere
ğŸ‘¨â€ğŸŒ¾|allevatore|contadino|fattoria|uomo
ğŸ‘©â€ğŸŒ¾|allevatrice|contadina|donna|fattoria
ğŸ§‘â€ğŸ³|chef|cuoco|persona che cucina
ğŸ‘¨â€ğŸ³|chef|cucinare|cuoco|uomo
ğŸ‘©â€ğŸ³|chef|cucinare|cuoca|donna
ğŸ§‘â€ğŸ”§|elettricista|idraulico|meccanico|tecnico specializzato
ğŸ‘¨â€ğŸ”§|chiave inglese|idraulico|meccanico|tecnico specializzato|uomo
ğŸ‘©â€ğŸ”§|chiave inglese|donna|idraulico donna|meccanico|tecnico specializzato
ğŸ§‘â€ğŸ­|assemblaggio|fabbrica|industria|operaio|persona che lavora in fabbrica
ğŸ‘¨â€ğŸ­|fabbrica|industria|operaio|uomo
ğŸ‘©â€ğŸ­|donna|fabbrica|industria|operaia
ğŸ§‘â€ğŸ’¼|architetto|business|impiegato|manager|persona che fa un lavoro dâ€™ufficio
ğŸ‘¨â€ğŸ’¼|architetto|business|impiegato|manager|ufficio|uomo
ğŸ‘©â€ğŸ’¼|architetto|business|donna|impiegata|manager|ufficio
ğŸ§‘â€ğŸ”¬|biologo|chimico|fisico|ingegnere|persona che lavora in campo scientifico|scienziato
ğŸ‘¨â€ğŸ”¬|biologia|chimica|scienza|scienziato|uomo
ğŸ‘©â€ğŸ”¬|biologia|chimica|donna|scienza|scienziata
ğŸ§‘â€ğŸ’»|inventore|persona esperta di tecnologia|programmatore|software|sviluppatore|tecnologo
ğŸ‘¨â€ğŸ’»|computer|programmatore|sviluppatore|tecnologo|uomo
ğŸ‘©â€ğŸ’»|computer|donna|programmatrice|sviluppatrice|tecnologa
ğŸ§‘â€ğŸ¤|attore|cantante|intrattenitore|rock|star
ğŸ‘¨â€ğŸ¤|attore|cantante uomo|musica|star
ğŸ‘©â€ğŸ¤|attrice|cantante donna|musica|star
ğŸ§‘â€ğŸ¨|artista|tavolozza
ğŸ‘¨â€ğŸ¨|arte|artista|pittore|uomo
ğŸ‘©â€ğŸ¨|arte|artista|donna|pittrice
ğŸ§‘â€âœˆï¸|aereo|pilota
ğŸ‘¨â€âœˆï¸|aereo|aeroplano|pilota|uomo
ğŸ‘©â€âœˆï¸|aereo|aeroplano|donna|pilota
ğŸ§‘â€ğŸš€|astronauta|razzo
ğŸ‘¨â€ğŸš€|astronauta|razzo|spazio|uomo
ğŸ‘©â€ğŸš€|astronauta|donna|razzo|spazio
ğŸ§‘â€ğŸš’|pompiere|vigile del fuoco
ğŸ‘¨â€ğŸš’|incendio|pompiere|uomo|vigile del fuoco
ğŸ‘©â€ğŸš’|donna|incendio|pompiere|vigile del fuoco
ğŸ‘®|agente di polizia|persone|polizia|poliziotto
ğŸ‘®â€â™‚ï¸|agente|divisa|polizia|poliziotto uomo|uomo
ğŸ‘®â€â™€ï¸|agente|divisa|donna|polizia|poliziotta
ğŸ•µ|detective|investigatore|mistero
ğŸ•µï¸â€â™‚ï¸|detective|investigatore|spia|uomo
ğŸ•µï¸â€â™€ï¸|detective|donna|investigatrice|spia
ğŸ’‚|guardia
ğŸ’‚â€â™‚ï¸|guardia|maschio|uomo
ğŸ’‚â€â™€ï¸|donna|femmina|guardia
ğŸ¥·|guerriero|invisibile|nascosto|ninja
ğŸ‘·|edile|operaio|persone
ğŸ‘·â€â™‚ï¸|costruzioni|edificio|operaio edile uomo|uomo
ğŸ‘·â€â™€ï¸|costruzioni|donna|edificio|operaia edile
ğŸ¤´|principe
ğŸ‘¸|favola|persone|principessa
ğŸ‘³|persona con turbante|persone|turbante
ğŸ‘³â€â™‚ï¸|maschio|turbante|uomo con turbante
ğŸ‘³â€â™€ï¸|donna con turbante|femmina|turbante
ğŸ‘²|persone|uomo con zucchetto cinese|zucchetto
ğŸ§•|donna con foulard|donna con hijab|donna con velo
ğŸ¤µ|persona in smoking|smoking|sposo
ğŸ¤µâ€â™‚ï¸|smoking|uomo in smoking
ğŸ¤µâ€â™€ï¸|donna in smoking|smoking
ğŸ‘°|matrimonio|persona con velo|sposa|velo
ğŸ‘°â€â™‚ï¸|sposo con velo|velo
ğŸ‘°â€â™€ï¸|sposa con velo|velo
ğŸ¤°|donna|gravidanza|incinta
ğŸ¤±|allattamento|allattare al seno
ğŸ‘©â€ğŸ¼|allattamento|bebÃ¨|donna che allatta|nutrire
ğŸ‘¨â€ğŸ¼|allattamento|bebÃ¨|nutrire|uomo che allatta
ğŸ§‘â€ğŸ¼|allattamento|bebÃ¨|nutrire|persona che allatta
ğŸ‘¼|angelo|angioletto|faccina|favola
ğŸ…|babbo natale|festa|natale
ğŸ¤¶|mamma natale|natale
ğŸ§‘â€ğŸ„|claus, natale|santa claus
ğŸ¦¸|eroina|supereroe|supereroina|superpoteri
ğŸ¦¸â€â™‚ï¸|eroe|supereroe|uomo
ğŸ¦¸â€â™€ï¸|donna|supereroina|superpoteri
ğŸ¦¹|cattivo|criminale|supercattivo|superpotere
ğŸ¦¹â€â™‚ï¸|cattivo|criminale|supercattivo uomo|superpotere|uomo
ğŸ¦¹â€â™€ï¸|cattivo|criminale|donna|supercattiva|superpotere
ğŸ§™|mago|strega|stregone
ğŸ§™â€â™‚ï¸|mago uomo|stregone
ğŸ§™â€â™€ï¸|maga|strega
ğŸ§š|fata|oberon|puck|titania
ğŸ§šâ€â™‚ï¸|folletto alato|oberon|puck
ğŸ§šâ€â™€ï¸|fata donna|titania
ğŸ§›|dracula|morto vivente|vampiro
ğŸ§›â€â™‚ï¸|dracula|morto vivente|vampiro uomo
ğŸ§›â€â™€ï¸|non morto|vampira
ğŸ§œ|sirena
ğŸ§œâ€â™‚ï¸|tritone
ğŸ§œâ€â™€ï¸|sirena donna
ğŸ§|elfo|magico
ğŸ§â€â™‚ï¸|elfo uomo|magico
ğŸ§â€â™€ï¸|elfo donna|magico
ğŸ§|djinn|genio
ğŸ§â€â™‚ï¸|djinn|genio uomo
ğŸ§â€â™€ï¸|djinn|genio donna
ğŸ§Ÿ|morto vivente|zombie
ğŸ§Ÿâ€â™‚ï¸|morto vivente|zombie uomo
ğŸ§Ÿâ€â™€ï¸|morto vivente|zombie donna
ğŸ’†|centro estetico|massaggio facciale|persona che riceve un massaggio
ğŸ’†â€â™‚ï¸|faccia|massaggio al viso per uomo|uomo che riceve un massaggio|viso
ğŸ’†â€â™€ï¸|donna che riceve un massaggio|faccia|massaggio al viso per donna|viso
ğŸ’‡|bellezza|salone di bellezza|taglio di capelli
ğŸ’‡â€â™‚ï¸|bellezza|taglio di capelli per uomo|uomo
ğŸ’‡â€â™€ï¸|bellezza|donna|taglio di capelli per donna
ğŸš¶|camminare|passeggiata|pedone|uomo
ğŸš¶â€â™‚ï¸|camminare|passeggiata|pedone|uomo che cammina
ğŸš¶â€â™€ï¸|camminare|donna che cammina|passeggiata|pedone
ğŸ§|in piedi|persona in piedi|stare in piedi
ğŸ§â€â™‚ï¸|in piedi|uomo in piedi
ğŸ§â€â™€ï¸|donna in piedi|in piedi
ğŸ§|in ginocchio|inginocchiarsi|persona inginocchiata
ğŸ§â€â™‚ï¸|in ginocchio|inginocchiarsi|uomo inginocchiato
ğŸ§â€â™€ï¸|donna inginocchiata|in ginocchio|inginocchiarsi
ğŸ§‘â€ğŸ¦¯|accessibilitÃ |cecitÃ |persona con bastone di orientamento
ğŸ‘¨â€ğŸ¦¯|accessibilitÃ |cecitÃ |ciechi|cieco|ipovedente|ipovedenti|non vedente|non vedenti|uomo con bastone bianco di orientamento
ğŸ‘©â€ğŸ¦¯|accessibilitÃ |cecitÃ |cieca|cieche|donna con bastone bianco di orientamento|donna non vedente|donne non vedenti|ipovedente|ipovedenti
ğŸ§‘â€ğŸ¦¼|accessibilitÃ |persona su sedia a rotelle motorizzata|sedia a rotelle
ğŸ‘¨â€ğŸ¦¼|accessibilitÃ |uomo in carrozzina|uomo in sedia a rotelle|uomo su sedia a rotelle motorizzata
ğŸ‘©â€ğŸ¦¼|accessibilitÃ |donna in carrozzina|donna in sedia a rotelle|donna su sedia a rotelle motorizzata
ğŸ§‘â€ğŸ¦½|accessibilitÃ |persona su sedia a rotelle manuale|sedia a rotelle
ğŸ‘¨â€ğŸ¦½|accessibilitÃ |uomo in carrozzina|uomo in sedia a rotelle|uomo su sedia a rotelle manuale
ğŸ‘©â€ğŸ¦½|accessibilitÃ |donna in carrozzina|donna in sedia a rotelle|donna su sedia a rotelle manuale
ğŸƒ|corsa|maratona|persona che corre|sport
ğŸƒâ€â™‚ï¸|correre|corsa|sport|uomo che corre
ğŸƒâ€â™€ï¸|correre|corsa|donna che corre|sport
ğŸ’ƒ|ballare|donna che balla
ğŸ•º|ballare|uomo che balla
ğŸ•´ï¸|uomo con completo che levita|uomo elegante che levita|vestito elegante
ğŸ‘¯|donna|orecchie da coniglio|persone con orecchie da coniglio|ragazza
ğŸ‘¯â€â™‚ï¸|ballerino|orecchie da coniglio|party|uomini con orecchie da coniglio|uomo
ğŸ‘¯â€â™€ï¸|ballerina|donna|donne con orecchie da coniglio|orecchie da coniglio|party
ğŸ§–|bagno turco|persona in sauna|sauna
ğŸ§–â€â™‚ï¸|bagno turco|sauna|uomo in sauna
ğŸ§–â€â™€ï¸|bagno turco|donna in sauna|sauna
ğŸ§—|persona che scala|scalatore
ğŸ§—â€â™‚ï¸|scalatore|uomo che scala
ğŸ§—â€â™€ï¸|donna che scala|scalatrice
ğŸ¤º|fioretto|persona|scherma|schermidore|spada
ğŸ‡|cavallo da corsa|corse|fantino|ippica
â›·ï¸|neve|sciatore|settimana bianca|sport
ğŸ‚|persona sullo snowboard|snowboard|sport|uomo sullo snowboard
ğŸŒ|buca|giocatore di golf|mazza|pallina|persona che gioca a golf|tiro
ğŸŒï¸â€â™‚ï¸|golfista uomo|mazza|sport|uomo
ğŸŒï¸â€â™€ï¸|donna|golfista donna|mazza|sport
ğŸ„|persona che fa surf|sport
ğŸ„â€â™‚ï¸|sport|surfista uomo|tavola da surf|uomo
ğŸ„â€â™€ï¸|donna|sport|surfista donna|tavola da surf
ğŸš£|barca|persona in barca a remi|remi
ğŸš£â€â™‚ï¸|barca|remi|uomo in barca a remi
ğŸš£â€â™€ï¸|barca|donna in barca a remi|remi
ğŸŠ|nuotare|nuoto|persona che nuota|sport
ğŸŠâ€â™‚ï¸|nuotatore|nuoto|piscina|sport|uomo
ğŸŠâ€â™€ï¸|donna|nuotatrice|nuoto|piscina|sport
â›¹|basket|campo|giocatore|palla|persona che fa rimbalzare una palla
â›¹ï¸â€â™‚ï¸|palla|sport|uomo che fa rimbalzare una palla
â›¹ï¸â€â™€ï¸|donna che fa rimbalzare una palla|palla|sport
ğŸ‹|bilanciere|persona che solleva pesi|pesi massimi|sollevamento pesi|sport
ğŸ‹ï¸â€â™‚ï¸|bilanciere|pesi|sport|uomo che solleva pesi
ğŸ‹ï¸â€â™€ï¸|bilanciere|donna che solleva pesi|pesi|sport
ğŸš´|bici|ciclista
ğŸš´â€â™‚ï¸|bicicletta|ciclista uomo|sport
ğŸš´â€â™€ï¸|bicicletta|ciclista donna|sport
ğŸšµ|ciclista di mountain bike|mountain bike
ğŸšµâ€â™‚ï¸|bicicletta|ciclista uomo di mountain bike|mountain bike|sport
ğŸšµâ€â™€ï¸|bicicletta|ciclista donna di mountain bike|mountain bike|sport
ğŸ¤¸|ginnasta|ginnastica|persona che fa la ruota|ruota
ğŸ¤¸â€â™‚ï¸|ginnastica|ruota|sport|uomo che fa la ruota
ğŸ¤¸â€â™€ï¸|donna che fa la ruota|ginnastica|ruota|sport
ğŸ¤¼|persone che fanno la lotta|sport|wrestler|wrestling
ğŸ¤¼â€â™‚ï¸|lottatori|sport|uomo|wrestling
ğŸ¤¼â€â™€ï¸|donna|lottatrici|sport|wrestling
ğŸ¤½|acqua|pallanuoto|persona che gioca a pallanuoto|piscina
ğŸ¤½â€â™‚ï¸|pallanuotista uomo|pallanuoto|piscina|sport|uomo
ğŸ¤½â€â™€ï¸|donna|pallanuotista donna|pallanuoto|piscina|sport
ğŸ¤¾|pallamano|persona che gioca a pallamano|sport
ğŸ¤¾â€â™‚ï¸|pallamanista uomo|pallamano|sport|uomo
ğŸ¤¾â€â™€ï¸|donna|pallamanista donna|pallamano|sport
ğŸ¤¹|abilitÃ |equilibrio|giocoliere|persona che fa giocoleria
ğŸ¤¹â€â™‚ï¸|abilitÃ |equilibrio|giocoliere|uomo
ğŸ¤¹â€â™€ï¸|abilitÃ |donna|equilibrio|giocoliere
ğŸ§˜|meditazione|persona in posizione del loto|yoga
ğŸ§˜â€â™‚ï¸|meditazione|uomo in posizione del loto|yoga
ğŸ§˜â€â™€ï¸|donna in posizione del loto|meditazione|yoga
ğŸ›€|fare il bagno|lavarsi|persona che fa il bagno
ğŸ›Œ|dormire|hotel|letto|notte|persona a letto
ğŸ§‘â€ğŸ¤â€ğŸ§‘|coppia che si tiene per mano|coppia per mano|persone che si tengono per mano|tenersi per mano
ğŸ‘­|coppia|due donne che si tengono per mano|due donne per mano|tenersi per mano
ğŸ‘«|coppia|tenersi per mano|uomo e donna che si tengono per mano|uomo e donna per mano
ğŸ‘¬|coppia|due uomini che si tengono per mano|due uomini per mano|persone|tenersi per mano
ğŸ’|baciarsi|bacio tra coppia|coppia|coppietta|persone
ğŸ’‘|coppia con cuore|cuore|persone|romanticismo
ğŸ‘ª|bambino|famiglia|mamma|papÃ |persone
ğŸ—£ï¸|parlare|persona che parla|profilo
ğŸ‘¤|persona|profilo di persona
ğŸ‘¥|persone|profilo di due persone
ğŸ«‚|abbraccio|addio|ciao|grazie|persone che si abbracciano
ğŸ‘£|corpo|impronta di piedi|piede
ğŸµ|animale|faccina|muso di scimmia|scimmia
ğŸ’|animale|scimmia
ğŸ¦|animale|gorilla
ğŸ¦§|orangotango|scimmia|scimmione
ğŸ¶|animale|cane|faccina|muso di cane
ğŸ•|animale|cane|cucciolo
ğŸ¦®|accessibilitÃ |cane da accompagnamento|cane guida|non vedenti
ğŸ•â€ğŸ¦º|accessibilitÃ |cane dâ€™assistenza|cane da assistenza|cane di servizio
ğŸ©|animale|barboncino|cane
ğŸº|animale|faccina|lupo|muso di lupo
ğŸ¦Š|animale|faccina volpe|muso di volpe|volpe
ğŸ¦|animale furbo|curiositÃ |furbizia|procione
ğŸ±|animale|faccina|gatto|muso di gatto
ğŸˆ|animale|gatto
ğŸˆâ€â¬›|gatto|nero|sfortuna
ğŸ¦|faccina|leone|muso di leone|segno zodiacale
ğŸ¯|animale|faccina|muso di tigre|tigre
ğŸ…|animale|tigre
ğŸ†|animale|leopardo
ğŸ´|animale|cavallo|faccina|muso di cavallo
ğŸ|animale|cavallo da corsa|corse
ğŸ¦„|faccina|unicorno
ğŸ¦“|strisce|zebra
ğŸ¦Œ|animale|cervo
ğŸ¦¬|bisonte|mandria
ğŸ®|animale|faccina|mucca|muso di mucca
ğŸ‚|animale|bue|segno zodiacale del toro|toro
ğŸƒ|animale|bufalo dâ€™acqua
ğŸ„|animale|mucca
ğŸ·|animale|faccina|maiale|muso di maiale
ğŸ–|maiale|scrofa
ğŸ—|animale|cinghiale
ğŸ½|animale|faccina|maiale|naso da maiale
ğŸ|animale|ariete|montone|segno zodiacale dellâ€™ariete
ğŸ‘|animale|pecora
ğŸ|animale|capra|capricorno|segno zodiacale del capricorno
ğŸª|animale|cammello|dromedario|gobba
ğŸ«|animale|cammello|gobba
ğŸ¦™|alpaca|lama|lana di alpaca
ğŸ¦’|giraffa|puntini
ğŸ˜|animale|elefante
ğŸ¦£|estinzione|grande|lanoso|mammut|zanna
ğŸ¦|animale|rinoceronte
ğŸ¦›|ippopotamo
ğŸ­|animale|faccina|muso di topo|topo
ğŸ|animale|topo
ğŸ€|animale|ratto
ğŸ¹|animale|criceto|faccina|muso di criceto
ğŸ°|animale|coniglio|faccina|muso di coniglio
ğŸ‡|animale|coniglietto|coniglio
ğŸ¿ï¸|animale|scoiattolo
ğŸ¦«|castoro|diga
ğŸ¦”|riccio|spinoso
ğŸ¦‡|animale|pipistrello|vampiro
ğŸ»|animale|faccina|muso di orso|orso
ğŸ»â€â„ï¸|bianco|orso|polare
ğŸ¨|animale|koala
ğŸ¼|animale|faccina|muso di panda|panda
ğŸ¦¥|bradipo|calma|lenta|lentezza|lento|pigra|pigrizia|pigro
ğŸ¦¦|lontra marina
ğŸ¦¨|puzza|puzzola
ğŸ¦˜|animale che salta|australia|canguro|marsupiale
ğŸ¦¡|infastidire|tasso del miele
ğŸ¾|animale|impronta di zampa|impronte di zampe
ğŸ¦ƒ|animale|tacchino
ğŸ”|animale|gallina
ğŸ“|animale|gallo
ğŸ£|gallina|pulcino che nasce|uovo che si schiude
ğŸ¤|animale|cucciolo|gallina|pulcino
ğŸ¥|animale|cucciolo|gallina|pulcino visto di fronte
ğŸ¦|animale|uccello
ğŸ§|animale|pinguino
ğŸ•Šï¸|colomba|pace|pasqua|uccello|ulivo
ğŸ¦…|animale|aquila|uccello
ğŸ¦†|anatra|animale|uccello
ğŸ¦¢|brutto anatroccolo|cigno|uccello|volatile
ğŸ¦‰|animale|fortuna|gufo|saggezza|uccello
ğŸ¦¤|dodo|estinzione|grande|mauritius
ğŸª¶|leggero|piumaggio|uccello|volo
ğŸ¦©|fenicottero rosa|tropicale
ğŸ¦š|pavoneggiarsi|uccello|volatile
ğŸ¦œ|pappagallo|pirati|uccello parlante
ğŸ¸|animale|faccina|muso di rana|rana
ğŸŠ|animale|coccodrillo
ğŸ¢|animale|tartaruga
ğŸ¦|animale|lucertola|rettile
ğŸ|animale|serpente
ğŸ²|animale|drago|faccina|testa di drago
ğŸ‰|animale|drago
ğŸ¦•|brachiosauro|brontosauro|diplodoco|sauropode
ğŸ¦–|t-rex|tirannosauro rex
ğŸ³|animale|balena che spruzza acqua|spruzzare
ğŸ‹|animale|balena
ğŸ¬|animale|delfino
ğŸ¦­|foca|leone marino|otaria
ğŸŸ|animale|pesce|segno zodiacale dei pesci
ğŸ |animale|pesce tropicale
ğŸ¡|animale|pesce palla
ğŸ¦ˆ|aggressivitÃ |animale|pesce|squalo
ğŸ™|animale|polpo
ğŸš|animale|conchiglia a spirale
ğŸŒ|animale|lumaca
ğŸ¦‹|animale|farfalla|insetto
ğŸ›|animale|bruco|insetto|millepiedi
ğŸœ|animale|formica
ğŸ|animale|ape
ğŸª²|cimice|coleottero|insetto
ğŸ|animale|coccinella
ğŸ¦—|cavalletta|grillo
ğŸª³|blatta|infestante|insetto|scarafaggio
ğŸ•·ï¸|animale|insetto|ragno
ğŸ•¸ï¸|ragnatela|ragno
ğŸ¦‚|animale|scorpione|segno zodiacale
ğŸ¦Ÿ|febbre|insetto|malaria|zanzara
ğŸª°|decomposizione|infestante|larva|malattia|mosca
ğŸª±|anellide|lombrico|parassita|verme
ğŸ¦ |ameba|batteri|microbo|virus
ğŸ’|fiore|mazzo di fiori|romanticismo
ğŸŒ¸|ciliegio|fiore di ciliegio
ğŸ’®|fiore bianco|simbolo ben fatto
ğŸµï¸|fiore|rosetta
ğŸŒ¹|fiore|rosa
ğŸ¥€|appassito|fiore
ğŸŒº|fiore|ibisco
ğŸŒ»|fiore|girasole
ğŸŒ¼|bocciolo|fiore
ğŸŒ·|fiore|tulipano
ğŸŒ±|germoglio|piantina
ğŸª´|casa|coltivare|curare|inutile|noioso|pianta in vaso
ğŸŒ²|albero|sempreverde
ğŸŒ³|albero|caduco|deciduo
ğŸŒ´|albero|palma
ğŸŒµ|cactus|pianta
ğŸŒ¾|pianta di riso|riso|spiga di riso
ğŸŒ¿|foglia|pianta
ğŸ€|foglia|fortuna|quadrifoglio|quattro
ğŸ|foglia caduta|foglia dâ€™acero
ğŸ‚|cadute foglia|foglia caduta|foglie cadute
ğŸƒ|foglia al vento|vento che soffia
ğŸ‡|frutta|grappolo dâ€™uva|uva
ğŸˆ|frutta|melone
ğŸ‰|anguria|frutta
ğŸŠ|arancia|frutta|mandarino
ğŸ‹|agrume|frutta|limone
ğŸŒ|banana|frutta
ğŸ|ananas|frutta
ğŸ¥­|frutta|mango|tropicale
ğŸ|frutta|mela|rossa
ğŸ|frutta|mela|verde
ğŸ|frutta|pera
ğŸ‘|frutta|pesca
ğŸ’|ciliegia|ciliegie|frutta
ğŸ“|fragola|frutta
ğŸ«|bacca|blu|mirtilli|mirtillo
ğŸ¥|cibo|frutta|kiwi
ğŸ…|pomodoro|verdura
ğŸ«’|cibo|oliva
ğŸ¥¥|cocco|noce di cocco|palma|piÃ±a colada
ğŸ¥‘|avocado|cibo|frutta
ğŸ†|melanzana|verdura
ğŸ¥”|cibo|ortaggio|patata|tubero
ğŸ¥•|carota|cibo|ortaggio|radice
ğŸŒ½|granoturco|mais|pannocchia
ğŸŒ¶ï¸|peperoncino|piccante
ğŸ«‘|ortaggio|peperone
ğŸ¥’|cetriolino sottaceto|cetriolo|cibo|ortaggio
ğŸ¥¬|bok choy|cavolo nero|kale|lattuga|verdure a foglia
ğŸ¥¦|broccoli|cavolo nero
ğŸ§„|aglio|insaporire|insaporitore|spicchio dâ€™aglio
ğŸ§…|cipolla|insaporire|insaporitore|soffritto
ğŸ„|autunno|bosco|fungo
ğŸ¥œ|arachide|arachidi|cibo|frutta secca|nocciolina|noccioline
ğŸŒ°|autunno|bosco|castagna
ğŸ|pancarrÃ©|pane in cassetta
ğŸ¥|cibo|colazione|cornetto|croissant|francese
ğŸ¥–|baguette|cibo|filone|francese
ğŸ«“|arepa|focaccia|lavash|naan|pita
ğŸ¥¨|pretzel
ğŸ¥¯|bagel|panetteria|spalmare formaggio sul bagel
ğŸ¥|americano|cibo|colazione|crÃªpe|pancake
ğŸ§‡|gaufre|waffle
ğŸ§€|fetta di formaggio|formaggio
ğŸ–|carne con osso|ristorante
ğŸ—|coscia di pollo|pollo|ristorante
ğŸ¥©|taglio di carne
ğŸ¥“|bacon|carne|cibo|pancetta
ğŸ”|burger|hamburger
ğŸŸ|patatine fritte|ristorante
ğŸ•|fetta|pizza|ristorante
ğŸŒ­|hot dog|street food
ğŸ¥ª|pane|sandwich
ğŸŒ®|cucina messicana|messico|taco
ğŸŒ¯|burrito|cucina messicana|messico
ğŸ«”|involtino|messicano|tamale
ğŸ¥™|falafel|gyro|kebab|pita farcita|ripieno
ğŸ§†|ceci|falafel|polpette di ceci
ğŸ¥š|cibo|uovo
ğŸ³|cucinare|ristorante
ğŸ¥˜|casseruola|cibo|padella con cibo|paella
ğŸ²|pentola di cibo|ristorante|stufato|zuppa
ğŸ«•|cioccolato|fonduta|formaggio|fuso|pentola|svizzero
ğŸ¥£|cereali|ciotola con cucchiaio|colazione
ğŸ¥—|cibo|insalata verde
ğŸ¿|cinema|mais|popcorn
ğŸ§ˆ|burro|latticini|latticino
ğŸ§‚|condimento|sale|saliera
ğŸ¥«|cibo in scatola|scatoletta
ğŸ±|bento box|lunch box|monoporzione|ristorante
ğŸ˜|galletta di riso|riso
ğŸ™|arancino di riso giapponese|onigiri|polpetta di riso giapponese|ristorante
ğŸš|riso bollito|ristorante
ğŸ›|curry|riso al curry|ristorante
ğŸœ|ciotola di noodle|ciotola fumante|noodle|piatto caldo|ramen|ristorante
ğŸ|pasta|ristorante|spaghetti
ğŸ |arrosto|dolce|patata arrosto|patata dolce arrosto
ğŸ¢|oden giapponese|pesce|ristorante|spiedino di pesce
ğŸ£|ristorante|sushi
ğŸ¤|gambero fritto|ristorante
ğŸ¥|crocchetta di pesce|pesce|ristorante|rotolo di pesce|tortino di pesce a spirale
ğŸ¥®|autunno|festival|moon cake|torta della luna|yuebing
ğŸ¡|dango|dolcetto|palline di mochi|ristorante|spiedino di mochi
ğŸ¥Ÿ|empanada|gyoza|jiaozi|pierogi|ravioli|raviolo
ğŸ¥ |biscotto della fortuna|profezia
ğŸ¥¡|confezione da asporto|scatola dâ€™asporto
ğŸ¦€|cancro|granchio|segno zodiacale
ğŸ¦|aragosta|chele|crostacei|zuppa
ğŸ¦|animale|cibo|crostaceo|gamberetto|gambero
ğŸ¦‘|animale|calamaro|cibo|mollusco|totano
ğŸ¦ª|ostrea|ostrica|perla
ğŸ¦|cono gelato|crema|gelato|ristorante
ğŸ§|estate|ghiaccio|granita siciliana|sicilia
ğŸ¨|coppa di gelato|crema|gelato|ristorante
ğŸ©|ciambella|donut|ristorante
ğŸª|biscotto|cookie|ristorante
ğŸ‚|compleanno|festa|torta di compleanno
ğŸ°|fetta di torta|ristorante|torta
ğŸ§|cupcake|dolce|pasticceria
ğŸ¥§|apple pie|torta di mele|tortino
ğŸ«|barretta di cioccolato|cioccolato|ristorante
ğŸ¬|caramella|dolciume
ğŸ­|caramella|lecca lecca|ristorante
ğŸ®|budino|pudding|ristorante
ğŸ¯|barattolo di miele|miele|ristorante|vaso di miele
ğŸ¼|bere|biberon|latte
ğŸ¥›|bevanda|bicchiere di latte|latte
ğŸ«–|bere|tÃ¨|teiera
ğŸµ|bere|tazza da tÃ¨ senza manico|tazza di tÃ¨|tÃ¨
ğŸ¶|bar|bere|bottiglia e bicchiere di sakÃ¨|sakÃ¨
ğŸ¾|bar|bere|bottiglia stappata|festeggiare
ğŸ·|bar|bere|bicchiere di vino|ristorante
ğŸ¸|bar|bicchiere da cocktail|cocktail|ristorante
ğŸ¹|bar|bere|cocktail tropicale|ristorante|tropicale
ğŸº|bar|boccale di birra|ristorante
ğŸ»|bar|birra|boccale|boccali di birra che brindano
ğŸ¥‚|auguri|bere|brindisi|cin cin|festeggiare
ğŸ¥ƒ|bicchiere|liquore|tumbler|whisky
ğŸ¥¤|bibita|bicchiere con cannuccia
ğŸ§‹|bolla|bubble tea|latte|perla|sfera|tÃ¨
ğŸ§ƒ|bevanda in brick|bevanda monodose|succo di frutta in cartone
ğŸ§‰|bevanda|erba mate|mate
ğŸ§Š|cubetto di ghiaccio|ghiaccio in cubetti|ghiaccio in cubi
ğŸ¥¢|bacchette
ğŸ½ï¸|apparecchiare|coltello|forchetta|piatto e posate|posate
ğŸ´|coltello|forchetta e coltello|ristorante
ğŸ¥„|cucchiaio|posate
ğŸ”ª|coltello da cucina|cucina
ğŸº|acquario|anfora|ornamento|reperto|segno zodiacale
ğŸŒ|africa|europa e africa|terra
ğŸŒ|america|americhe|terra
ğŸŒ|asia e australia|australia|terra
ğŸŒ|globo con meridiani|meridiani
ğŸ—ºï¸|cartina|mappa mondiale|mondo
ğŸ—¾|giappone|mappa del giappone
ğŸ§­|bussola magnetica|navigazione|orientamento
ğŸ”ï¸|cima|ghiacciaio|inverno|montagna innevata
â›°ï¸|cima|montagna
ğŸŒ‹|vulcano in eruzione
ğŸ—»|montagna|monte fuji
ğŸ•ï¸|campeggio|tenda|vacanza
ğŸ–ï¸|estate|mare|ombrellone in spiaggia|spiaggia con ombrellone
ğŸœï¸|arido|caldo|deserto|sole cocente
ğŸï¸|isola deserta|naufrago|solitudine
ğŸï¸|escursione|natura|parco nazionale
ğŸŸï¸|competizione|partita|sfida|stadio
ğŸ›ï¸|edificio classico|grecia|tempio
ğŸ—ï¸|costruire|edificio in costruzione|edilizia
ğŸ§±|malta|mattone|mattoni|muro di mattoni
ğŸª¨|masso|pesante|pietra|roccia|solido
ğŸªµ|ciocco|legname|tronco
ğŸ›–|capanna|capanno|iurta
ğŸ˜ï¸|case|edifici
ğŸšï¸|casa in rovina|disabitata|fatiscente|rudere
ğŸ |abitazione|casa|edificio
ğŸ¡|casa con giardino|edificio|giardino
ğŸ¢|edificio di uffici|ufficio
ğŸ£|edificio|giapponese|posta|ufficio postale giapponese
ğŸ¤|edificio|europeo|posta|ufficio postale
ğŸ¥|edificio|malattia|medici|ospedale
ğŸ¦|banca|denaro|edificio
ğŸ¨|edificio|hotel
ğŸ©|amore|edificio|hotel|love hotel|motel
ğŸª|edificio|minimarket|negozio
ğŸ«|alunni|classi|edificio|imparare|scuola
ğŸ¬|centro|commerciale|grande magazzino
ğŸ­|azienda|edificio|fabbrica|industria|produzione
ğŸ¯|casa|castello giapponese|edificio
ğŸ°|castello|edificio
ğŸ’’|cappella|chiesa per matrimonio|matrimonio|romanticismo
ğŸ—¼|tokyo tower|torre di tokyo
ğŸ—½|libertÃ |statua della libertÃ 
â›ª|chiesa|edificio
ğŸ•Œ|islamismo|moschea|religione
ğŸ›•|induismo|tempio indÃ¹|tempio induista
ğŸ•|ebraismo|religione|sinagoga|tempio ebraico
â›©ï¸|jinja|religione|santuario shintoista
ğŸ•‹|arabia saudita|islamismo|kaaba|la mecca|religione
â›²|acqua che scorre|fontana
â›º|campeggio|tenda
ğŸŒ|clima|meteo|nebbia|nebbioso
ğŸŒƒ|notte stellata|stelle
ğŸ™ï¸|cittÃ |edifici|grattacieli|paesaggio urbano
ğŸŒ„|alba sulle montagne|sole che sorge
ğŸŒ…|alba|sole che sorge
ğŸŒ†|cittÃ  al tramonto|edifici|paesaggio|tramonto
ğŸŒ‡|sole che tramonta sulla cittÃ |tramonto
ğŸŒ‰|notte|ponte di notte
ğŸ |cavallo da giostra|giostra|intrattenimento
ğŸ¡|intrattenimento|panoramica|parco divertimenti|ruota
ğŸ¢|intrattenimento|montagne|parco divertimenti|russe
ğŸ’ˆ|barbiere|insegna
ğŸª|circo|intrattenimento|tenda da circo
ğŸš‚|locomotiva a vapore|treno|veicolo
ğŸšƒ|elettrico|ferrovia|tram|treno|vagone
ğŸš„|treno alta velocitÃ |veicolo
ğŸš…|alta velocitÃ |punta arrotondata|treno alta velocitÃ  punta arrotondata|veicolo
ğŸš†|ferrovia|treno|veicolo
ğŸš‡|metropolitana|veicolo
ğŸšˆ|metrotranvia|veicolo
ğŸš‰|stazione|treno
ğŸšŠ|tram|veicolo
ğŸš|monorotaia|veicolo
ğŸš|ferrovia di montagna|veicolo
ğŸš‹|tram|vagone del tram|veicolo
ğŸšŒ|autobus|bus|veicolo
ğŸš|bus in arrivo|in arrivo|veicolo
ğŸš|bus|filobus|veicolo
ğŸš|bus|pulmino|veicolo
ğŸš‘|ambulanza|veicolo
ğŸš’|autopompa|camion dei pompieri|veicolo
ğŸš“|auto|macchina della polizia|polizia|veicolo
ğŸš”|auto|macchina della polizia in arrivo|polizia|veicolo
ğŸš•|taxi|veicolo
ğŸš–|taxi in arrivo|veicolo
ğŸš—|automobile|macchina|veicolo
ğŸš˜|auto in arrivo|automobile in arrivo|in arrivo|veicolo
ğŸš™|auto|suv|veicolo
ğŸ›»|camioncino|pick-up|pickup
ğŸšš|camion|veicolo
ğŸš›|autoarticolato|camion|rimorchio|veicolo
ğŸšœ|trattore|veicolo
ğŸï¸|auto da corsa|f1|gran premio
ğŸï¸|motocicletta
ğŸ›µ|motorino|scooter
ğŸ¦½|accessibilitÃ |carrozzina manuale|sedia a rotelle manuale
ğŸ¦¼|accessibilitÃ |carrozzina motorizzata|sedia a rotelle motorizzata
ğŸ›º|risciÃ² a motore|tuk tuk
ğŸš²|bicicletta|veicolo
ğŸ›´|monopattino
ğŸ›¹|skateboard|tavola da skateboard
ğŸ›¼|pattini a rotelle|rotelle
ğŸš|autobus|fermata dellâ€™autobus
ğŸ›£ï¸|autostrada|pedaggio|strada veloce
ğŸ›¤ï¸|binari|treno
ğŸ›¢ï¸|barile di petrolio|bidone|fusto|petrolio
â›½|benzina|carburante|pompa di benzina|stazione di servizio
ğŸš¨|lampeggiante|sirena della polizia
ğŸš¥|orizzontale|semaforo
ğŸš¦|semaforo|verticale
ğŸ›‘|ottagonale|segnale di stop|stop
ğŸš§|area cantiere|simbolo area cantiere
â›µ|barca a vela|localitÃ  balneare|vela|yacht
ğŸ›¶|canoa|imbarcazione
ğŸš¤|barca|motoscafo|veicolo
ğŸ›³ï¸|crociera|nave da crociera|vacanza
â›´ï¸|barca|traghetto|traversata
ğŸ›¥ï¸|barca a motore|motore
ğŸš¢|imbarcazione|nave|veicolo
ğŸ›©ï¸|aereo turistico|velivolo
ğŸ›«|aereo|check-in|decollo|partenza|partenze
ğŸ›¬|aereo|arrivi|arrivo|atterraggio|pista dâ€™atterraggio
ğŸª‚|paracadute ascensionale|paracadutismo|parasailing|skydiving
ğŸ’º|sedia|sedile
ğŸš|elicottero|veicolo|velivolo
ğŸšŸ|ferrovia sospesa|veicolo
ğŸš |cabina|funivia|montagna|veicolo
ğŸš¡|aerea|funivia|veicolo
ğŸ›°ï¸|satellite|spazio
ğŸš€|razzo|veicolo|viaggio
ğŸ›¸|disco volante|ufo
ğŸ›ï¸|campanello da hotel|hotel|reception
ğŸ§³|bagagli|partenza|valigia|viaggiare
âŒ›|clessidra|sabbia
â³|clessidra che scorre|sabbia
âŒš|orologio da polso|tempo
â°|suono|svegliarsi
â±ï¸|cronometrare|cronometro|gara|prendere il tempo
â²ï¸|orologio|timer
ğŸ•°ï¸|ora|orologio da mensola
ğŸ•›|12:00|mezzanotte|mezzogiorno|ore dodici|orologio
ğŸ•§|12:30|mezzanotte e mezza|mezzogiorno e mezza|ore dodici e mezza
ğŸ•|1:00|13:00|ore una|orologio
ğŸ•œ|1:30|13:30|ore una e mezza|orologio
ğŸ•‘|14:00|2:00|ore due|orologio
ğŸ•|14:30|2:30|ore due e mezza|orologio
ğŸ•’|15:00|3:00|ore tre|orologio
ğŸ•|15:00|3:30|ore tre e mezza|orologio
ğŸ•“|16:00|4:00|ore quattro|orologio
ğŸ•Ÿ|16:30|4:30|ore quattro e mezza|orologio
ğŸ•”|17:00|5:00|ore cinque|orologio
ğŸ• |17:30|5:30|ore cinque e mezza|orologio
ğŸ••|18:00|6:00|ore sei|orologio
ğŸ•¡|18:30|6:30|ore sei e mezza|orologio
ğŸ•–|19:00|7:00|ore sette|orologio
ğŸ•¢|19:30|7:30|ore sette e mezza|orologio
ğŸ•—|20:00|8:00|ore otto|orologio
ğŸ•£|20:30|8:30|ore otto e mezza|orologio
ğŸ•˜|21:00|9:00|ore nove|orologio
ğŸ•¤|21:30|9:30|ore nove e mezza|orologio
ğŸ•™|10:00|22:00|ore dieci|orologio
ğŸ•¥|10:30|22:30|ore dieci e mezza|orologio
ğŸ•š|11:00|23:00|ore undici|orologio
ğŸ•¦|11:30|23:30|ore undici e mezza|orologio
ğŸŒ‘|luna|novilunio|nuova
ğŸŒ’|crescente|luna
ğŸŒ“|luna|primo quarto di luna|quarto
ğŸŒ”|crescente|gibbosa|luna
ğŸŒ•|luna|piena|plenilunio
ğŸŒ–|calante|gibbosa|luna
ğŸŒ—|luna|quarto|ultimo quarto di luna
ğŸŒ˜|calante|luna
ğŸŒ™|crescente|luna|spicchio di luna
ğŸŒš|faccina luna nuova|luna nuova con faccina
ğŸŒ›|faccina primo quarto di luna|luna con faccina|primo quarto di luna
ğŸŒœ|faccina ultimo quarto di luna|luna con faccina|ultimo quarto di luna
ğŸŒ¡ï¸|clima|meteo|temperatura|termometro
ğŸŒ|faccina luna piena|luna con faccina|luna piena
ğŸŒ|faccina|sole
ğŸª|pianeta con satellite|saturno
â­|astro|stella
ğŸŒŸ|brillante|scintillante|stella che brilla
ğŸŒ |cadente|stella
ğŸŒŒ|lattea|via lattea
â›…|nuvola|sole con nuvole|sole coperto
â›ˆï¸|fulmini|meteo|nuvole|pioggia|temporale
ğŸŒ¤ï¸|meteo|nuvole|parzialmente nuvoloso|sole|variabile
ğŸŒ¥ï¸|coperto|meteo|molto nuvoloso|nuvoloso
ğŸŒ¦ï¸|meteo|pioggia|sole coperto e pioggia
ğŸŒ§ï¸|meteo|nuvole|pioggia
ğŸŒ¨ï¸|freddo|meteo|neve|nevica
ğŸŒ©ï¸|fulmini|meteo|nuvole
ğŸŒªï¸|tornado|tromba dâ€™aria
ğŸŒ«ï¸|foschia|meteo|nebbia|visibilitÃ  ridotta
ğŸŒ¬ï¸|aria|eolo|vento
ğŸŒ€|ciclone|tifone|tornado
ğŸŒˆ|arcobaleno|pioggia|sette colori
ğŸŒ‚|ombrello chiuso|pioggia
â›±ï¸|meteo|ombrellone|sole|spiaggia|vacanza
âš¡|alta|pericolo|simbolo|tensione
â›„|neve|pupazzo di neve senza neve
ğŸ”¥|fiamma|fuoco
ğŸ’§|acqua|fumetto|goccia|sudore freddo
ğŸŒŠ|onda dâ€™acqua|onda del mare
ğŸƒ|festa|halloween|zucca di halloween
ğŸ„|albero di natale|festa|natale
ğŸ†|festa|fuochi dâ€™artificio|fuoco dâ€™artificio
ğŸ‡|festa|fuoco dâ€™artificio|stellina scintillante|stelline scintillanti
ğŸ§¨|dinamite|esplosivo|fuochi artificiali|petardo
ğŸˆ|festa|palloncino
ğŸ‰|coriandoli|festa|party|spara coriandoli
ğŸŠ|coriandoli|festa|palla di coriandoli
ğŸ‹|albero di tanabata|decorazioni di carta|festa delle stelle
ğŸ|bambÃ¹ decorato|decorazione kadomatsu|giapponese
ğŸ|bambole|festa delle bambole|giapponesi
ğŸ|aquilone a forma di carpa|carpa|festa
ğŸ|campana al vento|festa|vento
ğŸ‘|contemplazione della luna|contemplazione festa|festa della contemplazione della luna|luna
ğŸ§§|buono auspicio|busta hongbao|busta rossa|hongbao|lai see|regalo|soldi
ğŸ€|festa|fiocco
ğŸ|dono|festa|pacchetto|regalo
ğŸ—ï¸|festa|festeggiamenti|fiocco|nastro|nodo
ğŸŸï¸|biglietto dâ€™ingresso|cinema|ingresso|spettacolo
ğŸ«|biglietto|ingresso
ğŸ–ï¸|medaglia al valore|medaglia militare|riconoscimento|vittoria
ğŸ†|coppa|premio|trofeo
ğŸ…|gara|medaglia sportiva|podio
ğŸ¥‡|medaglia dâ€™oro|oro|primo posto
ğŸ¥ˆ|argento|medaglia dâ€™argento|secondo posto
ğŸ¥‰|bronzo|medaglia di bronzo|terzo posto
âš½|calcio|pallone da calcio
âš¾|baseball|guantone|palla da baseball
ğŸ¥|guantone|palla da softball|softball
ğŸ€|canestro da basket|palla da pallacanestro|pallone|sport
ğŸ|palla da pallavolo|pallavolo|rete|sport
ğŸˆ|americano|football americano|palla|sport
ğŸ‰|pallone da rugby|sport
ğŸ¾|palla da tennis|racchetta e palla da tennis|sport|tennis
ğŸ¥|frisbee|ultimate frisbee
ğŸ³|bowling|gioco|palla da bowling
ğŸ|cricket|mazza|palla|sport
ğŸ‘|campo|hockey su prato|mazza|palla|partita
ğŸ’|ghiaccio|hockey su ghiaccio|hockey sul ghiaccio|mazza|puck
ğŸ¥|goal|lacrosse|palla|racchetta da lacrosse
ğŸ“|pallina|ping pong|racchetta|rete|tennis da tavolo
ğŸ¸|badminton|racchetta|sport|volano
ğŸ¥Š|guantone da pugilato|pugilato|sport
ğŸ¥‹|arti marziali|judo|karate|kimono per arti marziali
ğŸ¥…|gol|porta da calcio|rete|sport
â›³|bandiera golf|bandiera in buca|buca|golf
â›¸ï¸|ghiaccio|pattinaggio artistico|pattinaggio su ghiaccio|pattini|sport
ğŸ£|canna da pesca|intrattenimento|lenza|pesca|pesce
ğŸ¤¿|diving|fare immersioni|immersioni|maschera da sub|snorkeling
ğŸ½|corsa|maglia da corsa con fascia
ğŸ¿|scarpone da sci|sci|sport
ğŸ›·|slitta|slittino
ğŸ¥Œ|stone da curling
ğŸ¯|bersaglio|colpire|gioco|target
ğŸª€|giocattolo|rocchetto|yo-yo
ğŸª|aquilone|planare|volare
ğŸ±|biliardo|gioco|palla da biliardo|palla otto
ğŸ”®|chiaroveggenza|cristallo|futuro|sfera di cristallo
ğŸª„|bacchetta magica|maga|magia|mago|strega|stregone
ğŸ§¿|amuleto|malocchio|nazar|occhio di allah
ğŸ®|console videogioco|gamepad|gioco
ğŸ•¹ï¸|giocare|joystick|leva del joystick|videogioco
ğŸ°|gioco|slot machine
ğŸ²|dadi|dado|gioco dei dadi
ğŸ§©|pezzo di puzzle|puzzle|tessera del puzzle
ğŸ§¸|giocattolo|orsetto|peluche
ğŸª…|divertimento|festa|pentolaccia
ğŸª†|bambola|matrioska|russia
â™Ÿï¸|pedina degli scacchi|sacrificabile|scacchi|scacco matto
ğŸƒ|carta da gioco|jolly
ğŸ€„|drago rosso|mahjong|tessera
ğŸ´|carta da gioco hanafuda|carta dei fiori|gioco|hanafuda
ğŸ­|arte|arti performative|intrattenimento|maschere|performance
ğŸ–¼ï¸|cornice|museo|opera dâ€™arte|quadro incorniciato
ğŸ¨|arte|colori|pittura|tavolozza dei colori
ğŸ§µ|ago|filo|rocchetto
ğŸª¡|ago da cucito|cucito|punti|ricamo|sartoria|suture
ğŸ§¶|fare a maglia|gomitolo|palla|uncinetto
ğŸª¢|annodato|corda|legare|nodo|spago
ğŸ‘“|abbigliamento|occhiali da vista
ğŸ•¶ï¸|occhiali da sole|occhiali scuri
ğŸ¥½|maschera|nuoto|occhiali di protezione|occhialini|saldatura
ğŸ¥¼|camice|dottore|esperimento|scienziato
ğŸ¦º|antinfortunistica|emergenza|gilet antinfortunistica|gilet di sicurezza
ğŸ‘”|abbigliamento|cravatta
ğŸ‘•|abbigliamento|maglietta|t-shirt
ğŸ‘–|abbigliamento|jeans
ğŸ§£|collo|sciarpa
ğŸ§¤|guanti|mano
ğŸ§¥|cappotto|giacca
ğŸ§¦|calze|calzini
ğŸ‘—|abbigliamento|abito|vestito
ğŸ‘˜|abbigliamento|kimono|vestito
ğŸ¥»|abbigliamento|abito tradizionale indiano|sari|vestito tradizionale
ğŸ©±|costume da bagno intero
ğŸ©²|costume da bagno maschile|costume da uomo|intimo|mutande da uomo|slip
ğŸ©³|boxer|costume da bagno maschile|costume da uomo|intimo|mutande da uomo|pantaloncini
ğŸ‘™|abbigliamento|bikini|costume due pezzi
ğŸ‘š|abbigliamento|maglietta da donna|vestiti
ğŸ‘›|abbigliamento|borsellino|moneta|porta monete
ğŸ‘œ|abbigliamento|borsa|borsetta
ğŸ‘|abbigliamento|borsa|pochette
ğŸ›ï¸|borse della spesa|sacchetti regalo
ğŸ’|cartella di scuola|scuola|zaino per la scuola
ğŸ©´|ciabatte|infradito|sandali|spiaggia
ğŸ‘|abbigliamento|scarpa da uomo
ğŸ‘Ÿ|abbigliamento|scarpa sportiva|sneaker
ğŸ¥¾|campeggio|stivale da trekking|trekking|viaggio zaino in spalla|zaino in spalla
ğŸ¥¿|ballerina|scarpa senza lacci|scarpe da ballerina
ğŸ‘ |abbigliamento|scarpa con il tacco|tacco
ğŸ‘¡|abbigliamento|donna|sandalo da donna
ğŸ©°|balletto|danza classica|scarpette da ballerina|scarpette da ballo
ğŸ‘¢|abbigliamento|donna|stivale da donna
ğŸ‘‘|abbigliamento|corona|regina
ğŸ‘’|abbigliamento|cappello da donna
ğŸ©|cappello|cilindro|intrattenimento
ğŸ“|cappello da laureato|festa|laurea
ğŸ§¢|cappello con visiera|cappello da baseball
ğŸª–|elmetto|esercito|militare|soldato
â›‘ï¸|bianca|croce|elmetto con croce bianca
ğŸ“¿|preghiera|rosario
ğŸ’„|cosmetici|makeup|rossetto|trucco
ğŸ’|anello di diamanti|diamante
ğŸ’|diamante|gemma|pietra preziosa|romanticismo
ğŸ”‡|altoparlante barrato|altoparlante disattivato|silenzio|suono disattivato
ğŸ”ˆ|altoparlante a basso volume|altoparlante a volume basso|basso volume|volume basso
ğŸ”‰|altoparlante a volume intermedio|volume intermedio|volume medio
ğŸ”Š|altoparlante a volume alto|volume alto
ğŸ“¢|altoparlante|altoparlanti|megafoni|megafono
ğŸ“£|altoparlante|altoparlanti|megafoni|megafono
ğŸ“¯|cornetta da postiglione|cornetto postale|corno postale
ğŸ””|campana|campanella
ğŸ”•|campana sbarrata|silenzio
ğŸ¼|musica|partitura|pentagramma
ğŸµ|musica|nota musicale
ğŸ¶|musica|nota|note musicali
ğŸ™ï¸|microfoni da studio|microfono da studio|microfono radiofonico
ğŸšï¸|abbassare il volume|alzare il volume|cursore del volume|levetta del volume|regolazione volume
ğŸ›ï¸|manopole del volume|manopole di controllo|regolazione volume
ğŸ¤|karaoke|microfono
ğŸ§|cuffie|intrattenimento
ğŸ“»|ascoltare la radio|musica|radio|stazioni radio
ğŸ·|musica|sassofono|sax|strumento musicale
ğŸª—|concertina|fisarmonica|organetto
ğŸ¸|chitarra|musica|strumento musicale
ğŸ¹|musica|pianoforte|strumento musicale|tastiera
ğŸº|musica|strumento musicale|tromba
ğŸ»|musica|strumento musicale|violino
ğŸª•|banjo|musica|strumento a corde
ğŸ¥|bacchette|musica|tamburo
ğŸª˜|conga|percussioni|ritmo|tamburo lungo
ğŸ“±|cellulare|telefono
ğŸ“²|cellulare con freccia|telefonare|telefono cellulare con freccia
â˜ï¸|telefono di casa|telefono fisso
ğŸ“|comunicazione|cornetta del telefono|telefono
ğŸ“Ÿ|cercapersone|comunicazione
ğŸ“ |comunicazione|fax
ğŸ”‹|autonomia|batteria carica|batteria scarica|ricaricare
ğŸ”Œ|elettricitÃ |presa elettrica|spina elettrica
ğŸ’»|computer portatile|pc|portatile
ğŸ–¥ï¸|computer fisso|desktop pc|pc tutto in uno
ğŸ–¨ï¸|stampante|stampare|stampe
ğŸ–±ï¸|cursore|mouse senza fili
ğŸ–²ï¸|mouse a sfera|mouse con trackball|puntamento|trackball
ğŸ’½|disc|md|mini disc|minidisc
ğŸ’¾|disc|floppy
ğŸ’¿|blu-ray|cd|disco ottico|dvd
ğŸ“€|blu-ray|computer disk|dvd
ğŸ§®|abaco|fare i calcoli
ğŸ¥|cinema|cinepresa|film|intrattenimento|telecamera
ğŸï¸|cinema|film|fotogrammi di film|pellicola cinematografica
ğŸ“½ï¸|fotocamera|fotografare|macchina fotografica|proiettore cinematografico|ricordi|scattare foto
ğŸ¬|ciak|cinema|film|intrattenimento
ğŸ“º|televisione|televisore
ğŸ“·|fotocamera|fotografare|macchina fotografica|ricordi|scattare foto
ğŸ“¸|fotocamera con flash|fotografare|macchina fotografica con flash|ricordi|scattare foto
ğŸ“¹|telecamera|videocamera
ğŸ“¼|cassetta|vhs|videocassetta
ğŸ”|cerca|lente di ingrandimento rivolta a sinistra|lente ingrandimento verso sinistra
ğŸ”|cerca|lente di ingrandimento rivolta a destra|lente ingrandimento verso destra
ğŸ•¯ï¸|a lume di candela|candela accesa|cera|illuminare|luce
ğŸ’¡|elettrica|fumetto|idea|lampadina|luce
ğŸ”¦|pila|torcia
ğŸ®|izakaya|lanterna giapponese|lanterna rossa
ğŸª”|deepak|deepam|divaa|diya|lampada a olio tradizionale
ğŸ“”|copertina|quaderno con copertina decorata|taccuino con decorazione|taccuino copertina decorata|taccuino decorato
ğŸ“•|libro chiuso
ğŸ“–|libro aperto
ğŸ“—|libro verde
ğŸ“˜|libro blu
ğŸ“™|libro arancione
ğŸ“š|libri|pila di libri
ğŸ““|appunti|prendere nota|quaderno|taccuino
ğŸ“’|blocco|block notes|libro mastro|quaderno ad anelli|taccuino
ğŸ“ƒ|documento|pagina arricciata|pagina con piega
ğŸ“œ|decreto|laurea|pergamena|rotolo
ğŸ“„|documento|pagina
ğŸ“°|giornale|quotidiano
ğŸ—ï¸|giornale arrotolato|giornali arrotolati|quotidiani|quotidiano arrotolato
ğŸ“‘|etichette segnalibro|linguette|segnalibro
ğŸ”–|lettura|libro|segnalibro
ğŸ·ï¸|etichetta|identificativo|talloncino
ğŸ’°|denaro|sacco di soldi
ğŸª™|argento|denaro|metallo|moneta|oro|tesoro
ğŸ’´|banconota|denaro|yen
ğŸ’µ|banconota|denaro|dollaro
ğŸ’¶|banconota|denaro|euro
ğŸ’·|banconota|denaro|sterlina
ğŸ’¸|banconota con le ali|soldi che volano|soldi con le ali
ğŸ’³|carta di credito|credito
ğŸ§¾|contabilitÃ |ricevuta di pagamento|scontrino
ğŸ’¹|ascendente|grafico|mercato in salita
ğŸ“§|comunicazione|e-mail|email|lettera|posta elettronica
ğŸ“¨|busta|comunicazione|email|in arrivo|lettera|posta in arrivo
ğŸ“©|in uscita|lettera|posta in uscita|posta inviata
ğŸ“¤|comunicazione|in uscita|inviata|posta|vaschetta
ğŸ“¥|comunicazione|posta|ricevuta|vaschetta
ğŸ“¦|collo|pacco|scatola
ğŸ“«|bandierina|cassetta postale chiusa bandierina alzata|cassetta postale chiusa bandierina su|chiusa|posta
ğŸ“ª|bandierina|cassetta postale chiusa bandierina abbassata|cassetta postale chiusa bandierina giÃ¹|chiusa|posta
ğŸ“¬|aperta|bandierina|cassetta postale aperta bandierina alzata|cassetta postale aperta bandierina su|posta
ğŸ“­|aperta|bandierina|casetta postale aperta bandierina giÃ¹|cassetta postale aperta bandierina abbassata|cassetta postale con bandierina abbassata|posta
ğŸ“®|buca delle lettere|cassetta delle lettere|posta|ricevere posta|spedire posta
ğŸ—³ï¸|elezioni|scheda elettorale|urna elettorale con scheda|votare|voto
âœï¸|matita con gomma|scrivere a matita
ğŸ–‹ï¸|cartuccia|inchiostro|penna stilografica|pennino
ğŸ–Šï¸|penna a sfera|scrivere a penna
ğŸ–Œï¸|artista|dipingere|pennello|pittore|pittrice
ğŸ–ï¸|colorare con pastelli|colori|disegnare|pastello a cera
ğŸ“|block notes|matita|memo
ğŸ’¼|24 ore|documenti|ufficio|valigetta 24 ore
ğŸ“|cartella|file
ğŸ“‚|aperta|cartella|file
ğŸ—‚ï¸|archivio|divisori per schedario|documenti|ordinare|schedario
ğŸ“…|calendario|data|giorno|ricorrenza
ğŸ“†|calendario a strappo
ğŸ—’ï¸|appuntare|appunti|blocchetto degli appunti|blocco a spirale|blocco per appunti con spirale|scrivere
ğŸ—“ï¸|calendario a spirale|giorni
ğŸ“‡|rolodex|schedario girevole
ğŸ“ˆ|andamento ascendente|ascendente|grafico con andamento positivo
ğŸ“‰|andamento discendente|discendente|grafico con andamento negativo
ğŸ“Š|barre|grafico a barre
ğŸ“‹|appunti|portablocco
ğŸ“Œ|puntina da disegno
ğŸ“|puntina arrotondata|puntina da disegno
ğŸ“|fermaglio|graffetta
ğŸ–‡ï¸|allegare|cancelleria|fermagli|graffette attaccate
ğŸ“|geometria|misurare|righello|scuola|strumento
ğŸ“|angoli|geometria|misurare|scuola|squadra
ğŸ—ƒï¸|archiviare|archivio|contenitore|documenti|schedario da tavolo
ğŸ—„ï¸|archiviare|armadietto schedario|documenti|file|schedario da ufficio
ğŸ—‘ï¸|buttare|cartacce|cestino|rifiuti
ğŸ”’|chiuso|lucchetto
ğŸ”“|aperto|lucchetto
ğŸ”|lucchetto con penna stilo|privacy|stilografica
ğŸ”|chiave|lucchetto chiuso con chiave|sicuro
ğŸ”‘|chiave|password
ğŸ—ï¸|chiave antica|chiudere a chiave|serratura
ğŸ”¨|attrezzo|martello|utensile
ğŸª“|accetta|ascia|boscaiolo|taglialegna
â›ï¸|attrezzo|miniera|picconare|piccone|scavare
ğŸ› ï¸|attrezzi|martello e chiave inglese|simbolo impostazioni|utensili
ğŸ—¡ï¸|affilato|arma|pugnalare|pugnale
ğŸ”«|arma|pistola ad acqua|revolver
ğŸªƒ|australia|boomerang|rimbalzo|ripercussione
ğŸ¹|arciere|arco e freccia|tiratore dâ€™arco|tiro con lâ€™arco
ğŸ›¡ï¸|medioevo|protezione|scudo|simbolo|torneo
ğŸªš|falegname|legname|sega da falegname|utensile
ğŸ”§|attrezzo|chiave|inglese|utensile
ğŸª›|avvitare|cacciavite|utensile|vite
ğŸ”©|bullonare|bullone|fissare|vite e bullone
ğŸ—œï¸|fissare|morsa|morsetto|serrare|stringere|utensile
ğŸ¦¯|accessibilitÃ |bastone bianco|bastone per ipovedenti|bastone per non vedenti
ğŸ”—|collegamento|due anelli|link|simbolo link
â›“ï¸|catene|imprigionare|incatenare
ğŸª|curva|fermaglio|gancio|intrappolare|punto vendita|uncino
ğŸ§°|attrezzi|cassetta degli attrezzi|meccanico|strumenti
ğŸ§²|attrazione|calamita|ferro di cavallo|magnete|magnetica
ğŸªœ|arrampicarsi|piolo|scala|scalino
ğŸ§ª|chimica|chimico|esperimenti|laboratorio|provetta
ğŸ§«|batteri|biologia|biologo|cultura|piastra di petri
ğŸ§¬|biologo|dna|evoluzione|genetica|geni|vita
ğŸ”¬|analisi|esperimento|microscopio|scienza|strumento
ğŸ”­|astronomia|osservazione delle stelle|telescopio
ğŸ“¡|antenna parabolica|antenna satellitare|antenne paraboliche|antenne satellitari|satellite
ğŸ’‰|ago|dottore|iniezione|medicina|siringa
ğŸ©¸|ciclo mestruale|donare il sangue|donazione di sangue|goccia di sangue|medicinale|mestruazioni
ğŸ’Š|dottore|medicina|pillola
ğŸ©¹|cerotto adesivo
ğŸ©º|cardiologo|dottore|fonendoscopio|medico|stetoscopio
ğŸšª|porta
ğŸ›—|accessibilitÃ |ascensore|montacarichi
ğŸª|riflesso|specchio
ğŸªŸ|apertura|aria fresca|finestra|telaio|trasparente|vista
ğŸ›ï¸|dormire|hotel|letto
ğŸ›‹ï¸|divano e lampada|relax|salotto
ğŸª‘|mettersi seduti|sedersi|sedia
ğŸš½|toilette|water
ğŸª |aspirazione|idraulico|scarico|sturalavandini|ventosa
ğŸš¿|doccia|fare la doccia|lavarsi
ğŸ›|vasca da bagno
ğŸª¤|esca|trappola per topi
ğŸª’|farsi la barba|lama da barba|lama da barbiere|radersi|rasoio da barbiere
ğŸ§´|crema idratante|crema solare|flacone|lozione|shampoo
ğŸ§·|pannolone|punk rock|spilla da balia
ğŸ§¹|pulire|scopare|spazzare|strega
ğŸ§º|bucato|cesto|orto|picnic
ğŸ§»|carta igienica|rotolo di carta igienica
ğŸª£|secchia|secchio
ğŸ§¼|bagno|saponetta|schiuma
ğŸª¥|bagno|dentale|denti|igiene|pulito|spazzolino da denti
ğŸ§½|assorbenza|pulizia|spugna porosa
ğŸ§¯|estintore|fiamme|fuoco|spegnere un incendio
ğŸ›’|carrello della spesa|centro commerciale|fare la spesa|supermercato
ğŸš¬|area fumatori|fumo|sigaretta
âš°ï¸|bara|funerale|morte|sepoltura
ğŸª¦|cimitero|lapide|pietra tombale|tomba
âš±ï¸|ceneri|funerale|morte|sepoltura|urna cineraria|urna funeraria
ğŸ—¿|moai|moyai|statua dellâ€™isola di pasqua
ğŸª§|cartello|corteo|manifestazione|picchetto|protesta|striscione
ğŸ§|atm|bancomat|simbolo dello sportello bancomat
ğŸš®|raccolta rifiuti|simbolo per la raccolta dei rifiuti|simbolo raccolta rifiuti
ğŸš°|acqua|potabile|simbolo
â™¿|accesso sedia a rotelle|sedia a rotelle|simbolo della disabilitÃ |simbolo sedia a rotelle
ğŸš¹|bagno uomini|simbolo bagno uomini|simbolo del bagno degli uomini|uomini
ğŸšº|bagno donne|donne|simbolo bagno donne|simbolo del bagno delle donne
ğŸš»|bagni|simbolo dei servizi igienici|wc
ğŸš¼|cartello neonato|fasciatoio|simbolo con immagine di bambino|simbolo neonato
ğŸš¾|bagno|gabinetto|simbolo del wc|wc
ğŸ›‚|controllo|dogana|passaporti|simbolo del controllo passaporti
ğŸ›ƒ|confine di stato|controllo doganale|dogana|frontiera|simbolo della dogana
ğŸ›„|bagagli|ritiro|simbolo del ritiro bagagli
ğŸ›…|bagagli|deposito bagagli|servizio bagagli|simbolo del deposito bagagli
âš ï¸|attenzione|pericolo|simbolo di avviso
ğŸš¸|attraversamento bambini|attraversamento pedonale|pedoni
â›”|accesso|divieto di accesso|segnale di divieto di accesso|simbolo
ğŸš«|divieto|segnale di divieto|simbolo di divieto
ğŸš³|bicicletta|divieto transito biciclette|segnale di divieto di transito delle biciclette
ğŸš­|segnale di vietato fumare|simbolo vietato fumare|vietato fumare
ğŸš¯|simbolo del divieto di gettare rifiuti|simbolo vietato gettare rifiuti|vietato gettare rifiuti
ğŸš±|acqua non potabile|non potabile|simbolo acqua non potabile|simbolo di acqua non potabile
ğŸš·|divieto transito pedoni|pedone|simbolo del divieto di transito pedoni
ğŸ“µ|cellulare vietato|cellulari vietati|niente cellulare|niente cellulari|simbolo che vieta lâ€™uso dei cellulari|simbolo che vieta lâ€™utilizzo dei telefoni cellulari
ğŸ”|divieto ai minori|simbolo di divieto ai minorenni|vietato ai minori di anni 18
â¬†ï¸|direzione|freccia in alto|freccia rivolta verso lâ€™alto|nord|punto cardinale
â¡ï¸|direzione|est|freccia a destra|freccia rivolta verso destra|punto cardinale
â¬‡ï¸|direzione|freccia in basso|freccia rivolta verso il basso|punto cardinale|sud
â¬…ï¸|direzione|freccia a sinistra|freccia rivolta a sinistra|ovest|punto cardinale
â†©ï¸|curva|freccia curva a sinistra|verso sinistra
â†ªï¸|curva|freccia curva a destra|verso destra
ğŸ”ƒ|frecce a cerchio verticali|frecce verticali che ruotano in senso orario|frecce verticali senso orario|ricarica|simbolo ricarica
ğŸ”„|antiorario|frecce a cerchio aperto|frecce che ruotano in senso antiorario|frecce senso antiorario|pulsante con frecce che ruotano in senso antiorario
ğŸ”™|freccia back|freccia verso sinistra|indietro con freccia verso sinistra
ğŸ”š|end con freccia verso sinistra|fine|freccia end|freccia verso sinistra
ğŸ”›|freccia on|on con freccia e punto esclamativo|punto esclamativo
ğŸ”œ|freccia soon|presto|simbolo soon|soon con freccia verso destra
ğŸ”|alto|freccia top|freccia verso lâ€™alto|simbolo top|top con freccia verso lâ€™alto
ğŸ›|luogo di culto|luogo di preghiera|luogo sacro|pregare|preghiera
âš›ï¸|ateismo|atomo|simbolo dellâ€™atomo
ğŸ•‰ï¸|induismo|mantra|om|religione induista
â˜¯ï¸|confucianesimo|simbolo|taoismo|yin e yang
âœï¸|cristianesimo|croce latina|religione
â˜ªï¸|islamismo|mezzaluna e stella|religione|stella
â˜®ï¸|pace e amore|peace and love|simbolo della pace
ğŸ•|candelabro|ebraismo|menorah|sette bracci
ğŸ”¯|chiromanzia|futuro|sei punte|stella a sei punte
â™Š|gemelli|segno zodiacale dei gemelli|zodiaco
â™‹|cancro|segno zodiacale del cancro|zodiaco
â™Œ|leone|segno zodiacale del leone|zodiaco
â™|segno zodiacale della vergine|vergine|zodiaco
â™|bilancia|segno zodiacale della bilancia|zodiaco
â™|scorpione|segno zodiacale dello scorpione|zodiaco
â›|ofiuco|segno zodiacale dellâ€™ofiuco|zodiaco
ğŸ”€|frecce incrociate verso destra|pulsante di riproduzione casuale
ğŸ”|frecce a cerchio|frecce senso orario|pulsante di ripetizione della riproduzione|senso orario
ğŸ”‚|frecce a cerchio numero 1|frecce senso orario numero 1|pulsante di ripetizione della riproduzione di una traccia|senso orario
â–¶ï¸|freccia|play|pulsante di riproduzione|pulsante play|riproduzione|triangolo
â©|avanzamento rapido|destra|doppia freccia a destra|freccia|pulsante di avanzamento rapido
â­ï¸|freccia|prossima traccia|pulsante|traccia successiva
â¯ï¸|destra|freccia|play e pausa|play o pausa|pulsante riproduci/pausa|triangolo
â—€ï¸|pulsante di riavvolgimento|pulsante riavvolgimento|sinistra|triangolo
âª|doppia freccia a sinistra|freccia|pulsante di riavvolgimento rapido|riavvolgimento rapido|sinistra
â®ï¸|freccia|pulsante traccia precedente|traccia precedente
ğŸ”¼|alto|pulsante a triangolo rivolto verso lâ€™alto|triangolo
â«|alto|doppia freccia in alto|freccia|pulsante doppia freccia in alto
ğŸ”½|basso|pulsante a triangolo rivolto verso il basso|triangolo
â¬|basso|doppia freccia in basso|freccia
â¸ï¸|mettere in pausa|pausa|pulsante
â¹ï¸|pulsante|quadrato|stop
âºï¸|cerchio|pulsante di registrazione|registrazione
âï¸|espulsione|pulsante di espulsione
ğŸ¦|cinema|film|intrattenimento|simbolo del cinema|simbolo film
ğŸ”…|bassa|luminositÃ |simbolo luminositÃ |tenue
ğŸ”†|alta luminositÃ |luminositÃ  elevata|luminoso|simbolo alta luminositÃ 
ğŸ“¶|antenna con tacche intensitÃ  segnale|cellulare|segnale|telefono
ğŸ“³|cellulare|modalitÃ  telefono|modalitÃ  vibrazione
ğŸ“´|cellulare|spento|telefono
âš§|simbolo transgender|transgender
â™¾ï¸|eternitÃ |illimitato|per sempre|simbolo dellâ€™infinito|universale
â€¼ï¸|doppio punto esclamativo|esclamazione|punteggiatura|punto esclamativo
ğŸ’±|cambio di valuta|denaro|valuta
ğŸ’²|denaro|dollaro|simbolo del dollaro
â™»ï¸|raccolta differenziata|riciclaggio|riciclare|riciclo|simbolo del riciclaggio
âšœï¸|fiore|giglio araldico|simbolo|stemma
ğŸ”±|ancora|simbolo tridente|tridente
ğŸ“›|nome|tesserino per nome
ğŸ”°|etichetta gialla e verde principiante|ideogramma giapponese di principiante|principiante|simbolo principiante giappone
â­•|cerchio rosso vuoto|gioco|pallino|tris
âŒ|croce|x
â|croce con quadrato|x con quadrato
â°|cerchio|occhiello
â¿|doppio|occhiello
ã€½ï¸|canzone|divisione spartito|parti musicali|segno|simbolo di alternanza delle parti|suddivisione parti
ğŸ” |caratteri latini|inserire|lettere|maiuscole|pulsante con lettere latine maiuscole
ğŸ”¡|caratteri latini|inserire|lettere|minuscole|pulsante con lettere latine minuscole
ğŸ”¢|inserire|numeri|pulsante con numeri|tastierino numerico
ğŸ”£|inserire|pulsante con simboli|simboli|tastierino simboli
ğŸ”¤|abc|alfabeto|caratteri alfabetici|inglese|inserire|pulsante con lettere latine
ğŸ…°ï¸|gruppo a|gruppo sanguigno a
ğŸ†|gruppo ab|gruppo sanguigno ab
ğŸ…±ï¸|gruppo b|gruppo sanguigno b
ğŸ†‘|pulsante cl|simbolo cl
ğŸ†’|pulsante cool|simbolo cool
ğŸ†“|gratis|pulsante free|simbolo free|simbolo gratis
ğŸ†”|identitÃ |pulsante id|simbolo id
â“‚ï¸|m azzurra|metro|pulsante m cerchiata|simbolo m
ğŸ†•|pulsante new|simbolo new
ğŸ†–|pulsante ng|simbolo ng
ğŸ…¾ï¸|gruppo 0|gruppo sanguigno 0
ğŸ†—|pulsante ok|simbolo ok
ğŸ…¿ï¸|area di parcheggio|pulsante p
ğŸ†˜|pulsante sos|segnale di sos|simbolo di sos|soccorsi|soccorso|sos
ğŸ†™|pulsante up!|simbolo up!
ğŸ†š|pulsante vs|simbolo contro|versus|vs
ğŸˆ|ideogramma giapponese per qui|ideogramma katakana qui|katakana|parola|qui|tabelloni
ğŸˆ‚ï¸|ideogramma giapponese di costo del servizio|ideogramma katakana sa|katakana|parola|sa
ğŸˆ·ï¸|giapponese|ideogramma giapponese di importo mensile|luna
ğŸˆ¶|esistere|giapponese|ideogramma giapponese di a pagamento
ğŸˆ¯|giapponese|ideogramma giapponese di riservato|riservato
ğŸ‰|giapponese|ideogramma giapponese di occasione|vantaggio
ğŸˆ¹|giapponese|ideogramma giapponese di sconto|prezzo scontato|sconto
ğŸˆš|giapponese|gratis|ideogramma giapponese di gratis
ğŸˆ²|giapponese|ideogramma giapponese di proibito|proibito
ğŸ‰‘|accettabile|giapponese|ideogramma giapponese di accettabile
ğŸˆ¸|candidarsi|giapponese|ideogramma giapponese di candidatura
ğŸˆ´|giapponese|ideogramma giapponese di voto di sufficienza|sufficienza
ğŸˆ³|disponibilitÃ |giapponese|ideogramma giapponese di posto libero|libero|posto libero
ğŸˆº|aperto al pubblico|aperto per affari|giapponese|ideogramma giapponese di aperto al pubblico
ğŸˆµ|giapponese|ideogramma giapponese di nessun posto libero|nessun posto libero|pieno
ğŸ”´|cerchio|geometria|rosso
ğŸŸ |cerchio arancione
ğŸŸ¡|cerchio di colore giallo|cerchio giallo
ğŸŸ¢|cerchio di colore verde|cerchio verde
ğŸ”µ|blu|cerchio|geometria
ğŸŸ£|cerchio di colore viola|cerchio viola
ğŸŸ¤|cerchio di colore marrone|cerchio marrone|marrone
âš«|cerchio|geometria|nero
âšª|bianco|cerchio|geometria
ğŸŸ¥|quadrato di colore rosso|rosso
ğŸŸ§|arancione|quadrato di colore arancione
ğŸŸ¨|giallo|quadrato di colore giallo
ğŸŸ©|quadrato di colore verde|verde
ğŸŸ¦|blu|quadrato di colore blu
ğŸŸª|quadrato di colore viola|viola
ğŸŸ«|quadrato di colore marrone|quadrato marrone
â¬›|geometria|quadrato nero grande
â¬œ|geometria|quadrato bianco grande
â—¼ï¸|geometria|quadrato nero medio
â—»ï¸|geometria|quadrato bianco medio
â—¾|geometria|quadrato nero medio-piccolo
â—½|geometria|quadrato bianco medio-piccolo
â–ªï¸|geometria|quadrato nero piccolo
â–«ï¸|geometria|quadrato bianco piccolo
ğŸ”¶|arancione|grande|rombo
ğŸ”·|blu|grande|rombo
ğŸ”¸|arancione|piccolo|rombo
ğŸ”¹|blu|piccolo|rombo
ğŸ”º|alto|rosso|triangolo rosso con punta verso lâ€™alto|triangolo rosso punta in alto
ğŸ”»|basso|rosso|triangolo rosso con punta verso il basso|triangolo rosso punta in basso
ğŸ’ |carino|diamante|emozione|fiore|forma di diamante|petalo di fiore
ğŸ”˜|opzione|pulsante rotondo
ğŸ”³|contorno|pulsante quadrato con contorno|tasto quadrato nero con bordo bianco
ğŸ”²|pulsante quadrato pieno|quadrato|tasto quadrato bianco con bordo nero
ğŸ|bandiera a scacchi|podio
ğŸš©|bandierina rossa triangolare
ğŸŒ|bandiere del giappone incrociate|bandiere incrociate|festeggiamenti|giapponesi
ğŸ´|bandiera che sventola|bandiera nera
ğŸ³ï¸|arrendersi|bandiera bianca|bandiera che sventola|sventolare bandiera bianca
ğŸ³ï¸â€ğŸŒˆ|bandiera arcobaleno|pride
ğŸ³ï¸â€âš§ï¸|azzurro|bandiera|bianco|rosa|transgender
ğŸ´â€â˜ ï¸|bandiera dei pirati|corsari|corsaro|pirata|pirati
ğŸ‡¦ğŸ‡©|andorra
ğŸ‡¦ğŸ‡ª|emirati arabi uniti
ğŸ‡¦ğŸ‡«|afghanistan
ğŸ‡¦ğŸ‡¬|antigua e barbuda
ğŸ‡¦ğŸ‡®|anguilla
ğŸ‡¦ğŸ‡±|albania
ğŸ‡¦ğŸ‡²|armenia
ğŸ‡¦ğŸ‡´|angola
ğŸ‡¦ğŸ‡¶|antartide
ğŸ‡¦ğŸ‡·|argentina
ğŸ‡¦ğŸ‡¸|samoa americane
ğŸ‡¦ğŸ‡¹|austria
ğŸ‡¦ğŸ‡º|australia
ğŸ‡¦ğŸ‡¼|aruba
ğŸ‡¦ğŸ‡½|isole Ã¥land
ğŸ‡¦ğŸ‡¿|azerbaigian
ğŸ‡§ğŸ‡¦|bosnia ed erzegovina
ğŸ‡§ğŸ‡§|barbados
ğŸ‡§ğŸ‡©|bangladesh
ğŸ‡§ğŸ‡ª|belgio
ğŸ‡§ğŸ‡«|burkina faso
ğŸ‡§ğŸ‡¬|bulgaria
ğŸ‡§ğŸ‡­|bahrein
ğŸ‡§ğŸ‡®|burundi
ğŸ‡§ğŸ‡¯|benin
ğŸ‡§ğŸ‡±|saint-barthÃ©lemy
ğŸ‡§ğŸ‡²|bermuda
ğŸ‡§ğŸ‡³|brunei
ğŸ‡§ğŸ‡´|bolivia
ğŸ‡§ğŸ‡¶|caraibi olandesi
ğŸ‡§ğŸ‡·|brasile
ğŸ‡§ğŸ‡¸|bahamas
ğŸ‡§ğŸ‡¹|bhutan
ğŸ‡§ğŸ‡¼|botswana
ğŸ‡§ğŸ‡¾|bielorussia
ğŸ‡§ğŸ‡¿|belize
ğŸ‡¨ğŸ‡¦|canada
ğŸ‡¨ğŸ‡¨|isole cocos (keeling)
ğŸ‡¨ğŸ‡©|congo - kinshasa
ğŸ‡¨ğŸ‡«|repubblica centrafricana
ğŸ‡¨ğŸ‡¬|congo-brazzaville
ğŸ‡¨ğŸ‡­|svizzera
ğŸ‡¨ğŸ‡®|costa dâ€™avorio
ğŸ‡¨ğŸ‡°|isole cook
ğŸ‡¨ğŸ‡±|cile
ğŸ‡¨ğŸ‡²|camerun
ğŸ‡¨ğŸ‡³|cina
ğŸ‡¨ğŸ‡´|colombia
ğŸ‡¨ğŸ‡·|costa rica
ğŸ‡¨ğŸ‡º|cuba
ğŸ‡¨ğŸ‡»|capo verde
ğŸ‡¨ğŸ‡¼|curaÃ§ao
ğŸ‡¨ğŸ‡½|isola christmas
ğŸ‡¨ğŸ‡¾|cipro
ğŸ‡¨ğŸ‡¿|cechia
ğŸ‡©ğŸ‡ª|germania
ğŸ‡©ğŸ‡¯|gibuti
ğŸ‡©ğŸ‡°|danimarca
ğŸ‡©ğŸ‡²|dominica
ğŸ‡©ğŸ‡´|repubblica dominicana
ğŸ‡©ğŸ‡¿|algeria
ğŸ‡ªğŸ‡¨|ecuador
ğŸ‡ªğŸ‡ª|estonia
ğŸ‡ªğŸ‡¬|egitto
ğŸ‡ªğŸ‡­|sahara occidentale
ğŸ‡ªğŸ‡·|eritrea
ğŸ‡ªğŸ‡¸|spagna
ğŸ‡ªğŸ‡¹|etiopia
ğŸ‡ªğŸ‡º|unione europea
ğŸ‡«ğŸ‡®|finlandia
ğŸ‡«ğŸ‡¯|figi
ğŸ‡«ğŸ‡°|isole falkland
ğŸ‡«ğŸ‡²|micronesia
ğŸ‡«ğŸ‡´|isole fÃ¦r Ã¸er
ğŸ‡«ğŸ‡·|francia
ğŸ‡¬ğŸ‡¦|gabon
ğŸ‡¬ğŸ‡§|regno unito
ğŸ‡¬ğŸ‡©|grenada
ğŸ‡¬ğŸ‡ª|georgia
ğŸ‡¬ğŸ‡«|guyana francese
ğŸ‡¬ğŸ‡¬|guernsey
ğŸ‡¬ğŸ‡­|ghana
ğŸ‡¬ğŸ‡®|gibilterra
ğŸ‡¬ğŸ‡±|groenlandia
ğŸ‡¬ğŸ‡²|gambia
ğŸ‡¬ğŸ‡³|guinea
ğŸ‡¬ğŸ‡µ|guadalupa
ğŸ‡¬ğŸ‡¶|guinea equatoriale
ğŸ‡¬ğŸ‡·|grecia
ğŸ‡¬ğŸ‡¸|georgia del sud e sandwich australi
ğŸ‡¬ğŸ‡¹|guatemala
ğŸ‡¬ğŸ‡º|guam
ğŸ‡¬ğŸ‡¼|guinea-bissau
ğŸ‡¬ğŸ‡¾|guyana
ğŸ‡­ğŸ‡°|ras di hong kong
ğŸ‡­ğŸ‡³|honduras
ğŸ‡­ğŸ‡·|croazia
ğŸ‡­ğŸ‡¹|haiti
ğŸ‡­ğŸ‡º|ungheria
ğŸ‡®ğŸ‡¨|isole canarie
ğŸ‡®ğŸ‡©|indonesia
ğŸ‡®ğŸ‡ª|irlanda
ğŸ‡®ğŸ‡±|israele
ğŸ‡®ğŸ‡²|isola di man
ğŸ‡®ğŸ‡³|india
ğŸ‡®ğŸ‡´|territorio britannico dellâ€™oceano indiano
ğŸ‡®ğŸ‡¶|iraq
ğŸ‡®ğŸ‡·|iran
ğŸ‡®ğŸ‡¸|islanda
ğŸ‡®ğŸ‡¹|italia
ğŸ‡¯ğŸ‡ª|jersey
ğŸ‡¯ğŸ‡²|giamaica
ğŸ‡¯ğŸ‡´|giordania
ğŸ‡¯ğŸ‡µ|giappone
ğŸ‡°ğŸ‡ª|kenya
ğŸ‡°ğŸ‡¬|kirghizistan
ğŸ‡°ğŸ‡­|cambogia
ğŸ‡°ğŸ‡®|kiribati
ğŸ‡°ğŸ‡²|comore
ğŸ‡°ğŸ‡³|saint kitts e nevis
ğŸ‡°ğŸ‡µ|corea del nord
ğŸ‡°ğŸ‡·|corea del sud
ğŸ‡°ğŸ‡¼|kuwait
ğŸ‡°ğŸ‡¾|isole cayman
ğŸ‡°ğŸ‡¿|kazakistan
ğŸ‡±ğŸ‡¦|laos
ğŸ‡±ğŸ‡§|libano
ğŸ‡±ğŸ‡¨|saint lucia
ğŸ‡±ğŸ‡®|liechtenstein
ğŸ‡±ğŸ‡°|sri lanka
ğŸ‡±ğŸ‡·|liberia
ğŸ‡±ğŸ‡¸|lesotho
ğŸ‡±ğŸ‡¹|lituania
ğŸ‡±ğŸ‡º|lussemburgo
ğŸ‡±ğŸ‡»|lettonia
ğŸ‡±ğŸ‡¾|libia
ğŸ‡²ğŸ‡¦|marocco
ğŸ‡²ğŸ‡¨|monaco
ğŸ‡²ğŸ‡©|moldavia
ğŸ‡²ğŸ‡ª|montenegro
ğŸ‡²ğŸ‡¬|madagascar
ğŸ‡²ğŸ‡­|isole marshall
ğŸ‡²ğŸ‡°|macedonia del nord
ğŸ‡²ğŸ‡±|mali
ğŸ‡²ğŸ‡²|myanmar (birmania)
ğŸ‡²ğŸ‡³|mongolia
ğŸ‡²ğŸ‡´|ras di macao
ğŸ‡²ğŸ‡µ|isole marianne settentrionali
ğŸ‡²ğŸ‡¶|martinica
ğŸ‡²ğŸ‡·|mauritania
ğŸ‡²ğŸ‡¸|montserrat
ğŸ‡²ğŸ‡¹|malta
ğŸ‡²ğŸ‡º|mauritius
ğŸ‡²ğŸ‡»|maldive
ğŸ‡²ğŸ‡¼|malawi
ğŸ‡²ğŸ‡½|messico
ğŸ‡²ğŸ‡¾|malaysia
ğŸ‡²ğŸ‡¿|mozambico
ğŸ‡³ğŸ‡¦|namibia
ğŸ‡³ğŸ‡¨|nuova caledonia
ğŸ‡³ğŸ‡ª|niger
ğŸ‡³ğŸ‡«|isola norfolk
ğŸ‡³ğŸ‡¬|nigeria
ğŸ‡³ğŸ‡®|nicaragua
ğŸ‡³ğŸ‡±|paesi bassi
ğŸ‡³ğŸ‡´|norvegia
ğŸ‡³ğŸ‡µ|nepal
ğŸ‡³ğŸ‡·|nauru
ğŸ‡³ğŸ‡º|niue
ğŸ‡³ğŸ‡¿|nuova zelanda
ğŸ‡´ğŸ‡²|oman
ğŸ‡µğŸ‡¦|panamÃ¡
ğŸ‡µğŸ‡ª|perÃ¹
ğŸ‡µğŸ‡«|polinesia francese
ğŸ‡µğŸ‡¬|papua nuova guinea
ğŸ‡µğŸ‡­|filippine
ğŸ‡µğŸ‡°|pakistan
ğŸ‡µğŸ‡±|polonia
ğŸ‡µğŸ‡²|saint-pierre e miquelon
ğŸ‡µğŸ‡³|isole pitcairn
ğŸ‡µğŸ‡·|portorico
ğŸ‡µğŸ‡¸|territori palestinesi
ğŸ‡µğŸ‡¹|portogallo
ğŸ‡µğŸ‡¼|palau
ğŸ‡µğŸ‡¾|paraguay
ğŸ‡¶ğŸ‡¦|qatar
ğŸ‡·ğŸ‡ª|riunione
ğŸ‡·ğŸ‡´|romania
ğŸ‡·ğŸ‡¸|serbia
ğŸ‡·ğŸ‡º|russia
ğŸ‡·ğŸ‡¼|ruanda
ğŸ‡¸ğŸ‡¦|arabia saudita
ğŸ‡¸ğŸ‡§|isole salomone
ğŸ‡¸ğŸ‡¨|seychelles
ğŸ‡¸ğŸ‡©|sudan
ğŸ‡¸ğŸ‡ª|svezia
ğŸ‡¸ğŸ‡¬|singapore
ğŸ‡¸ğŸ‡­|santâ€™elena
ğŸ‡¸ğŸ‡®|slovenia
ğŸ‡¸ğŸ‡°|slovacchia
ğŸ‡¸ğŸ‡±|sierra leone
ğŸ‡¸ğŸ‡²|san marino
ğŸ‡¸ğŸ‡³|senegal
ğŸ‡¸ğŸ‡´|somalia
ğŸ‡¸ğŸ‡·|suriname
ğŸ‡¸ğŸ‡¸|sud sudan
ğŸ‡¸ğŸ‡¹|sÃ£o tomÃ© e prÃ­ncipe
ğŸ‡¸ğŸ‡»|el salvador
ğŸ‡¸ğŸ‡½|sint maarten
ğŸ‡¸ğŸ‡¾|siria
ğŸ‡¸ğŸ‡¿|swaziland
ğŸ‡¹ğŸ‡¨|isole turks e caicos
ğŸ‡¹ğŸ‡©|ciad
ğŸ‡¹ğŸ‡«|terre australi francesi
ğŸ‡¹ğŸ‡¬|togo
ğŸ‡¹ğŸ‡­|thailandia
ğŸ‡¹ğŸ‡¯|tagikistan
ğŸ‡¹ğŸ‡°|tokelau
ğŸ‡¹ğŸ‡±|timor est
ğŸ‡¹ğŸ‡²|turkmenistan
ğŸ‡¹ğŸ‡³|tunisia
ğŸ‡¹ğŸ‡´|tonga
ğŸ‡¹ğŸ‡·|turchia
ğŸ‡¹ğŸ‡¹|trinidad e tobago
ğŸ‡¹ğŸ‡»|tuvalu
ğŸ‡¹ğŸ‡¼|taiwan
ğŸ‡¹ğŸ‡¿|tanzania
ğŸ‡ºğŸ‡¦|ucraina
ğŸ‡ºğŸ‡¬|uganda
ğŸ‡ºğŸ‡¸|stati uniti
ğŸ‡ºğŸ‡¾|uruguay
ğŸ‡ºğŸ‡¿|uzbekistan
ğŸ‡»ğŸ‡¦|cittÃ  del vaticano
ğŸ‡»ğŸ‡¨|saint vincent e grenadine
ğŸ‡»ğŸ‡ª|venezuela
ğŸ‡»ğŸ‡¬|isole vergini britanniche
ğŸ‡»ğŸ‡®|isole vergini americane
ğŸ‡»ğŸ‡³|vietnam
ğŸ‡»ğŸ‡º|vanuatu
ğŸ‡¼ğŸ‡«|wallis e futuna
ğŸ‡¼ğŸ‡¸|samoa
ğŸ‡½ğŸ‡°|kosovo
ğŸ‡¾ğŸ‡ª|yemen
ğŸ‡¾ğŸ‡¹|mayotte
ğŸ‡¿ğŸ‡¦|sudafrica
ğŸ‡¿ğŸ‡²|zambia
ğŸ‡¿ğŸ‡¼|zimbabwe
ğŸ´ó §ó ¢ó ¥ó ®ó §ó ¿|inghilterra
ğŸ´ó §ó ¢ó ³ó £ó ´ó ¿|scozia
ğŸ´ó §ó ¢ó ·ó ¬ó ³ó ¿|galles