â‰ï¸|!?|?|inÂ­terÂ­puncÂ­tie|teken|uitroepteken en vraagteken|vraagteken-uitroepteken
â„¹ï¸|informatie
â†”ï¸|pijl naar links en rechts
â†•ï¸|pijl omhoog en omlaag
â†–ï¸|noordwest|pijl linksomhoog|richting|windrichting
â†—ï¸|noordoost|pijl rechtsomhoog|richting|windrichting
â†˜ï¸|pijl rechtsomlaag|richting|windrichting|zuidoost
â†™ï¸|linksbeneden|linksomlaag|pijl|zuidwest
âŒ¨ï¸|computer|toetsenbord
â˜€ï¸|helder|stralen|zonnig
â˜ï¸|weer|wolk
â˜‚ï¸|kleding|paraplu|regen
â˜ƒï¸|koud|sneeuwpop
â˜„ï¸|komeet|ruimte
â˜‘ï¸|âœ“|vak|vinkje in vak
â˜”|druppels|kleding|paraplu met regendruppels|regen
â˜•|drankje|drinken|koffie|stomend|thee|warme drank
â˜˜ï¸|klavertjedrie|plant
â˜ ï¸|doodshoofd met gekruiste beenderen|gekruiste beenderen|gezicht|monster
â˜¢ï¸|radioactief|symbool
â˜£ï¸|biologisch gevaar|symbool
â˜¦ï¸|christendom|kruis|religie|russisch kruis
â˜¸ï¸|boeddhist|dharma|religie|wiel van dharma
â˜¹ï¸|fronsend|gezicht
â™ˆ|aries|dierenriem|ram (sterrenbeeld)
â™‰|dierenriem|os|stier (sterrenbeeld)|taurus
â™|boogschutter (sterrenbeeld)|dierenriem|sagittarius
â™‘|capricorn|dierenriem|steenbok (sterrenbeeld)
â™’|aquarius|dierenriem|drager|waterman (sterrenbeeld)
â™“|dierenriem|pisces|vissen (sterrenbeeld)
â™ ï¸|kaart|schoppen|spel
â™£ï¸|kaart|klaveren|spel
â™¥ï¸|harten|kaart|spel
â™¦ï¸|kaart|ruiten|spel
â™¨ï¸|bronnen|stomend|warmwaterbronnen
âš’ï¸|gereedschap|hamers|twee hamers
âš“|anker|hulpmiddel|schip
âš”ï¸|gekruiste zwaarden|wapen|zwaarden
âš–ï¸|balans|dierenriem|gerechtigheid|libra|weegschaal
âš—ï¸|distilleerkolf|gereedschap|scheikunde
âš™ï¸|gereedschap|radertje|tandrad|tandwiel
âœ‚ï¸|gereedschap|knippen|schaar
âœ…|âœ“|knop voor vinkje|teken|vinkje
âœˆï¸|vliegmachine|vliegtuig
âœ‰ï¸|brief|e-mail|envelop
âœ’ï¸|kroontjespen met zwarte punt|pen|punt
âœ”ï¸|âœ“|teken|vinkje
âœ–ï¸|Ã—|annuleren|teken|vermenigvuldigen|vermenigvuldiging|x
âœ¡ï¸|davidster|jodendom|joods|religie|ster
âœ¨|*|glinsteren|sterretjes
âœ³ï¸|*|achtpuntige asterisk|asterisk
âœ´ï¸|*|achtpuntige ster|ster
â„ï¸|koud|sneeuwvlok
â‡ï¸|*|sprankelen|sprankeling
â“|?|interpunctie|rood vraagteken|teken|vraag
â”|?|contour|interpunctie|teken|vraag|wit vraagteken
â•|!|contour|interpunctie|teken|uitroep|wit uitroepteken
â—|!|interpunctie|rood uitroepteken|teken|uitroep
â£ï¸|hart als uitroepteken|interpunctie|teken|uitroep
â¤ï¸|hart|rood hart
â•|+|plus|teken|wiskunde
â–|-|âˆ’|min|teken|wiskunde
â—|Ã·|delen|teken|wiskunde
â¤´ï¸|pijl naar rechts die omhoog draait
â¤µï¸|omlaag|pijl naar rechts die omlaag draait
ã€°ï¸|golvend|lang geluid|streepje
ãŠ—ï¸|â€˜gefeliciteerdâ€™|ideogram|japans teken voor â€˜gefeliciteerdâ€™|ç¥
ãŠ™ï¸|â€˜geheimâ€™|ideogram|japans teken voor â€˜geheimâ€™|ç§˜
ğŸ¥¹|boos|gezicht dat tranen tegenhoudt|huilen|trots|verdrietig|verzetten
ğŸ§Œ|fantasie|monster|sprookje|trol
ğŸ©»|botten|dokter|medisch|rÃ¶ntgenfoto|skelet
ğŸ©¼|gewond|handicap|kruk|mobiliteitshulp|stok|wandelstok
ğŸª©|dans|disco|feest|glitter|spiegelbal
ğŸªª|beveiliging|id|legitimatiebewijs|vergunning
ğŸª«|batterij bijna leeg|electronisch|weinig batterijlading
ğŸª¬|amulet|bescherming|fatima|hamsa|hand|maria|mirjam
ğŸª·|bloem|boeddhisme|hindoeÃ¯sme|india|lotus|puurheid|vietnam
ğŸª¸|koraal|oceaan|rif
ğŸª¹|leeg nest|nestelen
ğŸªº|nest met eieren|nestelen
ğŸ«ƒ|buik|opgeblazen|vol|zwangere man
ğŸ«„|buik|opgeblazen|vol|zwanger persoon
ğŸ«…|edele|heerser|iemand van koninklijken bloede|persoon met kroon|regaal
ğŸ«—|drinken|glas|leeg|morsen|vloeistof uitgieten
ğŸ«˜|bonen|kidneyboon|peulvrucht|voedsel
ğŸ«™|bewaren|leeg|pot|saus|specerij|verpakking
ğŸ« |oplossen|smeltend gezicht|verdwijnen|vloeibaar
ğŸ«¡|ja|okÃ©|saluerend gezicht|saluut|troepen|zonnig
ğŸ«¢|bang|gezicht met open ogen en hand over de mond|ongeloof|ontzag|schaamte|verbazing|verrassing
ğŸ«£|geboeid|gezicht met glurend oog|gluren|staren
ğŸ«¤|gezicht met schuine mond|meh|onzeker|sceptisch|teleurgesteld
ğŸ«¥|depressief|gezicht in stippellijn|introvert|onzichtbaar|verbergen|verdwijnen
ğŸ«¦|angst|bezorgd|flirten|mond die op lip bijt|nerveus|ongemakkelijk|ongerust
ğŸ«§|bubbel|onderwater|schoon|zeepbellen
ğŸ«°|duur|geld|hand met wijsvinger en duim gekruist|hart|liefde|vingerknip
ğŸ«±|hand naar rechts|naar rechts|rechts
ğŸ«²|hand naar links|links|naar links
ğŸ«³|handpalm omlaag|laten vallen|wegjagen|wegsturen
ğŸ«´|aanbieden|handpalm omhoog|kom|vangen|wenken
ğŸ«µ|jij|wijsvinger die naar de kijker wijst|wijzen
ğŸ«¶|handen in de vorm van een hart|liefde
ğŸ›|glijbaan|speeltuin|spelen
ğŸ›|cirkel|draaien|wiel
ğŸ›Ÿ|drijven|redden|reddingsboei|reddingsgordel|reddingsvest|veiligheid
ğŸŸ°|gelijkheid|vetgedrukt gelijkteken|wiskunde
ğŸ˜€|gezicht|grijns|grijnzend gezicht
ğŸ˜ƒ|gezicht|grijnzend gezicht met grote ogen|lach|mond|open
ğŸ˜„|gezicht|grijnzend gezicht met lachende ogen|lach|mond|oog|open
ğŸ˜|gezicht|grijns|lach|oog|stralend gezicht met lachende ogen
ğŸ˜†|gezicht|glimlach|grijnzend gezicht met stijf dichtgeknepen ogen|lach|mond|open|tevreden
ğŸ˜…|gezicht|grijnzend gezicht met zweetdruppels|koud|lach|open|zweet
ğŸ¤£|gezicht dat op de grond rolt van het lachen|grond|lachen|rollen
ğŸ˜‚|gezicht met tranen van vreugde|lach|traan|vreugde
ğŸ™‚|enigszins lachend gezicht|gezicht|glimlach
ğŸ™ƒ|gezicht|omgekeerd gezicht|ondersteboven|op de kop
ğŸ˜‰|gezicht|knipogend gezicht|knipoog
ğŸ˜Š|blozen|gezicht|glimlach|lachend gezicht met lachende ogen|oog
ğŸ˜‡|engel|fantasie|gezicht|halo|lachend gezicht met halo|onschuldig
ğŸ¥°|dol|hartjes|lachend gezicht met hartjes|smoor|verliefd
ğŸ˜|gezicht|glimlach|lachend gezicht met hartvormige ogen|liefde|oog
ğŸ¤©|gezicht|grijnzend|ogen|sterren in de ogen
ğŸ˜˜|gezicht dat kus toeblaast|kus
ğŸ˜—|gezicht|kussend gezicht
â˜ºï¸|gezicht|glimlach|lachend gezicht|omtrek|ontspannen
ğŸ˜š|gesloten|gezicht|kussend gezicht met gesloten ogen|oog
ğŸ˜™|gezicht|glimlach|kussend gezicht met lachende ogen|oog
ğŸ¥²|aangedaan|dankbaar|enigszins lachend|lachend gezicht met traan|opgelucht|traan|trots
ğŸ˜‹|genieten|gezicht|glimlach|jammie|lachend gezicht dat lippen likt|lekker|mmm
ğŸ˜›|gezicht met uitgestoken tong|tong
ğŸ˜œ|gezicht|grap|knipoog met uitgestoken tong|oog|tong
ğŸ¤ª|gek gezicht|groot|klein|oog
ğŸ˜|gezicht met uitgestoken tong en dichtgeknepen ogen|oog|smaak|tong|vreselijk
ğŸ¤‘|geldmond|gezicht met geld in de mond|mond
ğŸ¤—|blij gezicht met handen uitgestoken voor een knuffel|gezicht|knuffelen
ğŸ¤­|gezicht met hand over de mond|oeps
ğŸ¤«|gezicht dat tot stilte maant|sst|stil
ğŸ¤”|denken|gezicht|nadenkend gezicht
ğŸ¤|gezicht met een rits als mond|mond|rits
ğŸ¤¨|gezicht met opgeheven wenkbrauw|sceptisch|wantrouwen
ğŸ˜|gezicht|neutraal|uitgestreken
ğŸ˜‘|geen commentaar|geen uitdrukking|gezicht|uitdrukkingsloos
ğŸ˜¶|gezicht zonder mond|mond|rustig|stil
ğŸ˜¶â€ğŸŒ«ï¸|afwezig|gezicht in de mist|gezicht in de wolken|hoofd in de wolken
ğŸ˜|gezicht|gniffelend gezicht
ğŸ˜’|chagrijnig gezicht|gezicht|niet blij|niet leuk|ongelukkig
ğŸ™„|gezicht met rollende ogen|ogen|rollen
ğŸ˜¬|gezicht met grimas|grimas
ğŸ˜®â€ğŸ’¨|fluisteren|fluiten|gezicht dat uitademt|kreunen|naar adem snakken|opgelucht|uitademen
ğŸ¤¥|gezicht|liegend gezicht|pinokkio
ğŸ˜Œ|gezicht|opgelucht
ğŸ˜”|gezicht|moedeloos|peinzend
ğŸ˜ª|gezicht|slaap|slaperig gezicht
ğŸ¤¤|gezicht|kwijlend gezicht
ğŸ˜´|gezicht|slaap|slapend gezicht|zzz
ğŸ˜·|dokter|gezicht met doktersmasker|koud|masker|medicijn|ziek
ğŸ¤’|gezicht met thermometer|niet lekker|thermometer|ziek
ğŸ¤•|gewond|gezicht met een verband om het hoofd|pijn|verband|verwonding|wond
ğŸ¤¢|gezicht|misselijk|overgeven
ğŸ¤®|braaksel|brakend gezicht|ziek
ğŸ¤§|gezicht|gezondheid|niezend gezicht
ğŸ¥µ|heet gezicht|koortsig|rood gezicht|zonnesteek|zweten
ğŸ¥¶|bevriezing|blauw gezicht|ijspegels|koud gezicht|vriezen
ğŸ¥´|aangeschoten|dronken|duizelig|golvende mond|oneven ogen|wazig gezicht
ğŸ˜µ|duizelig|gezicht
ğŸ˜µâ€ğŸ’«|duizelig|gehypnotiseerd|gezicht met spiraalvormige ogen|probleem|spiraalvormig|wow
ğŸ¤¯|geschokt|ontploffend hoofd
ğŸ¤ |cowboy|cowgirl|gezicht met cowboyhoed|hoed
ğŸ¥³|feestend gezicht|hoedje|roltong|viering
ğŸ¥¸|bril|gezicht|incognito|neus|vermomd gezicht|vermomming
ğŸ˜|cool|gezicht|lachend gezicht met zonnebril|zonnebril|zonnig
ğŸ¤“|geek|gezicht|nerderig|nerdgezicht
ğŸ§|gezicht met monocle|saai
ğŸ˜•|gezicht|verward
ğŸ˜Ÿ|bezorgd|gezicht
ğŸ™|fronsend|gezicht|licht fronsend gezicht
ğŸ˜®|gezicht met open mond|mond|open|sympathie
ğŸ˜¯|gezicht|verbaasd|verrast|verstomd
ğŸ˜²|gechoqueerd|geschokt|gezicht|totaal gechoqueerd|verbaasd gezicht
ğŸ˜³|blozend|gezicht|verbijsterd
ğŸ¥º|genade|smekend gezicht|zielig gezicht
ğŸ˜¦|fronsend gezicht met open mond|gezicht|mond|open
ğŸ˜§|gekweld gezicht|gezicht|lijdend
ğŸ˜¨|angstig|bang|gezicht
ğŸ˜°|angstig gezicht met zweetdruppel|blauw|gehaast|gezicht|koud|zweet
ğŸ˜¥|gezicht|oef|opgelucht|teleurgesteld maar opgelucht gezicht
ğŸ˜¢|bedroefd|gezicht|huilend gezicht|traan
ğŸ˜­|bedroefd|gezicht|hard huilend gezicht|huilen|snikken|traan
ğŸ˜±|angstig schreeuwend gezicht|bang|gezicht|munch|schreeuw
ğŸ˜–|gezicht|onthutst
ğŸ˜£|gezicht|volhardend
ğŸ˜|gezicht|teleurgesteld gezicht|teleurstelling
ğŸ˜“|gezicht|koud|neerslachtig gezicht met zweetdruppel|zweet
ğŸ˜©|gezicht|moe|vermoeid
ğŸ˜«|gezicht|moe|vermoeid
ğŸ¥±|gaap|gapend gezicht|vermoeid|verveeld
ğŸ˜¤|gewonnen|gezicht blazend van woede|triomf
ğŸ˜¡|boos|gezicht|kwaad|pruilend|rood|woede
ğŸ˜ |boos|gezicht|kwaad
ğŸ¤¬|gezicht met symbolen op mond|vloeken
ğŸ˜ˆ|fantasie|gezicht|glimlach|hoorns|lachend gezicht met hoorns|sprookje
ğŸ‘¿|boos gezicht met hoorns|demon|duivel|fantasie|gezicht|kleine duivel|sprookje
ğŸ’€|dood|gezicht|monster|schedel|sprookje
ğŸ’©|drol|grappig|monster
ğŸ¤¡|clownsgezicht|gezicht
ğŸ‘¹|boeman|fantasie|gezicht|monster|sprookje|wezen
ğŸ‘º|fantasie|gezicht|kobold|monster|sprookje|wezen
ğŸ‘»|fantasie|gezicht|monster|spook|sprookje|wezen
ğŸ‘½|buitenaards|fantasie|gezicht|monster|sprookje|ufo|wezen
ğŸ‘¾|alien|buitenaards|gezicht|monster|ufo|wezen
ğŸ¤–|gezicht|monster|robot
ğŸ˜º|gezicht|grijnzende kat|kat|lach|mond|open
ğŸ˜¸|gezicht|grijns|grijnzende kat met lachende ogen|kat|lach|oog
ğŸ˜¹|gezicht|kat met tranen van vreugde|traan|vreugde
ğŸ˜»|gezicht|hart|kat|lachende kat met hartvormige ogen|liefde|oog
ğŸ˜¼|gezicht|gniffelende kat|ironisch|kat|lach|spottend
ğŸ˜½|gezicht|kat|kussende kat|oog
ğŸ™€|gezicht|kat|oh nee|vermoeide kat|verrast
ğŸ˜¿|gezicht|huilende kat|kat|traan|verdrietig
ğŸ˜¾|gezicht|kat|pruilende kat
ğŸ™ˆ|aap|geen kwaad zien|gezicht|kwaad|verboden|zie
ğŸ™‰|aap|geen kwaad horen|gezicht|horen|kwaad|verboden
ğŸ™Š|aap|geen kwaad spreken|gezicht|kwaad|spreken|verboden
ğŸ’‹|kus|lipafdruk|lippen
ğŸ’Œ|brief|hart|liefdesbrief|post
ğŸ’˜|cupido|hart met pijl|pijl
ğŸ’|hart met strik|strik|valentijn
ğŸ’–|fonkelend hart|spannend
ğŸ’—|groeiend hart|hartslag|nerveus|spannend
ğŸ’“|hartslag|kloppend hart|slaan
ğŸ’|draaien|hart|ronddraaiende harten
ğŸ’•|liefde|twee harten
ğŸ’Ÿ|decoratief hart|hart
ğŸ’”|breken|gebroken hart
â¤ï¸â€ğŸ”¥|branden|hart in vuur en vlam|heilig hart|liefde|lust
â¤ï¸â€ğŸ©¹|gezonder|helend hart|herstellend|verbeterend
ğŸ§¡|oranje hart
ğŸ’›|geel hart
ğŸ’š|groen hart
ğŸ’™|blauw hart
ğŸ’œ|paars hart
ğŸ¤|bruin|hart
ğŸ–¤|slecht|verdorven|zwart hart
ğŸ¤|hart|wit
ğŸ’¯|100 punten|maximumscore|score
ğŸ’¢|boos|kwaad|strip|woedesymbool
ğŸ’¥|boem|botsing|strip
ğŸ’«|duizelig|ster|strip
ğŸ’¦|druppels|strip|zweetdruppels
ğŸ’¨|rennen|strip|wegrennen
ğŸ•³ï¸|gat
ğŸ’£|bom|strip
ğŸ’¬|ballon|dialoog|spraakballon|strip|tekstballon
ğŸ‘ï¸â€ğŸ—¨ï¸|getuige|oog|spraakballon met oog
ğŸ—¨ï¸|dialoog|spraakballon naar links
ğŸ—¯ï¸|ballon|boze spraakballon naar rechts|kwaad|woedeballon
ğŸ’­|ballon|denkwolkje|gedachteballon|gedachten|strip
ğŸ’¤|slaapsymbool|slapen|strip
ğŸ‘‹|hand|zwaaiende hand
ğŸ¤š|achterkant van opgeheven hand|handrug|opgestoken
ğŸ–ï¸|gespreid|hand|opgeheven hand met uitgestoken vingers|vinger
âœ‹|hand|opgeheven hand
ğŸ––|hand|spock|vinger|vulcaanse groet|vulcan
ğŸ‘Œ|hand|ok-handgebaar
ğŸ¤Œ|handgebaar|ondervraging|samengeknepen|sarcastisch|vingers
ğŸ¤|gebaar voor kleine hoeveelheid|hand met samengeknepen vingers
âœŒï¸|hand|vredesteken|winnende hand
ğŸ¤|gekruiste vingers|geluk|hand|vinger
ğŸ¤Ÿ|hand|ik-hou-van-je-gebaar|ily
ğŸ¤˜|duivelshorens|hand|hoorns|rock on|vinger
ğŸ¤™|bel me-gebaar|bellen|hand
ğŸ‘ˆ|achterkant van de hand met naar links wijzende wijsvinger|achterkant van hand met naar links wijzende wijsvinger|hand|vinger|wijsvinger|wijzen
ğŸ‘‰|achterkant van de hand met naar rechts wijzende wijsvinger|achterkant van hand met naar rechts wijzende wijsvinger|hand|vinger|wijsvinger|wijzen
ğŸ‘†|achterkant van hand met omhoog wijzende wijsvinger|hand met rug naar voren|omhoog|vinger|wijsvinger|wijzen
ğŸ–•|hand|middelvinger|vinger
ğŸ‘‡|achterkant van hand met omlaag wijzende wijsvinger|hand met rug naar voren|omlaag|vinger|wijsvinger|wijzen
â˜ï¸|hand|omhoog wijzende wijsvinger|vinger|wijsvinger|wijzen
ğŸ‘|+1|duim|hand|omhoog
ğŸ‘|-1|duim|hand|lichaam|omlaag
âœŠ|gebald|hand|opgeheven vuist|stoot|vuist
ğŸ‘Š|gebald|hand|stoot|stotende vuist|vuist
ğŸ¤›|linksom|naar links gerichte vuist|vuist
ğŸ¤œ|naar rechts gerichte vuist|rechtsom|vuist
ğŸ‘|hand|klappende handen
ğŸ™Œ|gebaar|hand|hoera|juichend omhooggestoken handen|omhoog|viering
ğŸ‘|hand|open handen
ğŸ¤²|beide handpalmen omhoog|gebed
ğŸ¤|deal|handdruk|ontmoeting|overeenkomst
ğŸ™|alsjeblieft|bedankt|bidden|gevouwen handen|hand|vragen
âœï¸|hand|schrijvende hand
ğŸ’…|cosmetica|lak|manicure|nagellak|verzorging
ğŸ¤³|camera|selfie|telefoon
ğŸ’ª|biceps|spannen|spierballen|strip
ğŸ¦¾|armprothese|prothese|toegankelijkheid
ğŸ¦¿|beenprothese|prothese|toegankelijkheid
ğŸ¦µ|been|ledemaat|schoppen
ğŸ¦¶|schoppen|stampen|voet
ğŸ‘‚|lichaam|oor
ğŸ¦»|oor met gehoorapparaat|slechthorend|toegankelijkheid
ğŸ‘ƒ|lichaam|neus
ğŸ§ |brein|intelligent
ğŸ«€|anatomisch|cardiologie|hart|orgaan|polsslag
ğŸ«|ademhaling|inademen|longen|orgaan|uitademen
ğŸ¦·|tandarts
ğŸ¦´|bot|skelet
ğŸ‘€|gezicht|ogen|oog
ğŸ‘ï¸|lichaam|oog
ğŸ‘…|lichaam|tong
ğŸ‘„|lippen|mond
ğŸ‘¶|baby|jong
ğŸ§’|genderneutraal|jong|kind
ğŸ‘¦|jongen
ğŸ‘§|jong|maagd|meisje|sterrenbeeld
ğŸ§‘|genderneutraal|volwassene
ğŸ‘±|blond|haar|persoon met blond haar
ğŸ‘¨|man
ğŸ§”|baard|persoon: baard
ğŸ§”â€â™‚ï¸|baard|man: baard
ğŸ‘±â€â™‚ï¸|blond|haar|man met blond haar
ğŸ‘©|vrouw
ğŸ§”â€â™€ï¸|baard|vrouw: baard
ğŸ‘±â€â™€ï¸|blond|haar|vrouw met blond haar
ğŸ§“|genderneutraal|niet nader omschreven geslacht|ouder persoon|oudere persoon|volwassene
ğŸ‘´|man|oude man|ouder
ğŸ‘µ|oude vrouw|ouder|vrouw
ğŸ™|fronsend persoon|uitdrukking
ğŸ™â€â™‚ï¸|fronsende man|man|uitdrukking
ğŸ™â€â™€ï¸|fronsende vrouw|uitdrukking|vrouw
ğŸ™|pruilend persoon|uitdrukking
ğŸ™â€â™‚ï¸|man|pruilende man|uitdrukking
ğŸ™â€â™€ï¸|pruilende vrouw|uitdrukking|vrouw
ğŸ™…|gebaar|hand|illegaal|persoon die nee-gebaar maakt|verboden
ğŸ™…â€â™‚ï¸|gebaar|hand|man die nee-gebaar maakt|nee|verboden
ğŸ™…â€â™€ï¸|gebaar|hand|illegaal|verboden|vrouw die nee-gebaar maakt
ğŸ™†|gebaar|hand|ok|persoon die ok-gebaar maakt
ğŸ™†â€â™‚ï¸|gebaar|hand|man die ok-gebaar maakt|ok
ğŸ™†â€â™€ï¸|gebaar|hand|ok|vrouw die ok-gebaar maakt
ğŸ’|brutaal|hand|hulp|informatie|knikken|persoon achter informatiebalie
ğŸ’â€â™‚ï¸|brutaal|man achter informatiebalie|pols knikken
ğŸ’â€â™€ï¸|brutaal|pols knikken|vrouw achter informatiebalie
ğŸ™‹|blij|gebaar|hand|omhoog|persoon met opgeheven hand
ğŸ™‹â€â™‚ï¸|gebaar|hand opsteken|man met opgeheven hand
ğŸ™‹â€â™€ï¸|gebaar|hand opsteken|vrouw met opgeheven hand
ğŸ§|doof persoon|horen|oor|toegankelijkheid
ğŸ§â€â™‚ï¸|doof|dove man|man
ğŸ§â€â™€ï¸|doof|dove vrouw|vrouw
ğŸ™‡|buigende persoon|buiging|excuses|gebaar|sorry
ğŸ™‡â€â™‚ï¸|buigende man|excuses|gebaar|gunst|man|sorry
ğŸ™‡â€â™€ï¸|buigende vrouw|excuses|gebaar|gunst|sorry|vrouw
ğŸ¤¦|ergernis|gezicht|ongeloof|palm|persoon die het gezicht met de hand bedekt
ğŸ¤¦â€â™‚ï¸|ergernis|facepalm|man die het gezicht met de hand bedekt|ongeloof
ğŸ¤¦â€â™€ï¸|ergernis|facepalm|ongeloof|vrouw die het gezicht met de hand bedekt
ğŸ¤·|onverschilligheid|onwetendheid|persoon die schouders ophaalt|schouderophalen|twijfel
ğŸ¤·â€â™‚ï¸|man die schouders ophaalt|onverschilligheid|onwetendheid|schouderophalen|twijfel
ğŸ¤·â€â™€ï¸|onverschilligheid|onwetendheid|schouderophalen|twijfel|vrouw die schouders ophaalt
ğŸ§‘â€âš•ï¸|dokter|gezondheidsmedewerker|gezondheidszorg|therapeut|verpleegster
ğŸ‘¨â€âš•ï¸|dokter|gezondheidszorg|mannelijke gezondheidsmedewerker|therapeut|verpleger
ğŸ‘©â€âš•ï¸|dokter|gezondheidsmedewerkster|gezondheidszorg|therapeute|verpleegster|vrouw
ğŸ§‘â€ğŸ“|scholier|student
ğŸ‘¨â€ğŸ“|mannelijke student|scholier|student
ğŸ‘©â€ğŸ“|scholiere|studente|vrouw
ğŸ§‘â€ğŸ«|docent|leraar|professor
ğŸ‘¨â€ğŸ«|docent|leraar|mannelijke docent|meester|professor
ğŸ‘©â€ğŸ«|docente|juf|lerares|professor
ğŸ§‘â€âš–ï¸|rechter|weegschaal
ğŸ‘¨â€âš–ï¸|mannelijke rechter|rechter
ğŸ‘©â€âš–ï¸|rechter|vrouwelijke rechter
ğŸ§‘â€ğŸŒ¾|boer|tuinder|veehouder
ğŸ‘¨â€ğŸŒ¾|boer|mannelijke boer|tuinder|veehouder
ğŸ‘©â€ğŸŒ¾|boerin|tuinder|veehouder|vrouw
ğŸ§‘â€ğŸ³|chef-kok|kok
ğŸ‘¨â€ğŸ³|chef-kok|kok|mannelijke kok
ğŸ‘©â€ğŸ³|chef-kok|kokkin|vrouw
ğŸ§‘â€ğŸ”§|elektricien|handelsman|loodgieter|monteur
ğŸ‘¨â€ğŸ”§|elektricien|handelsman|loodgieter|mannelijke monteur|monteur
ğŸ‘©â€ğŸ”§|elektricien|handelsvrouw|loodgieter|monteuse|vrouw
ğŸ§‘â€ğŸ­|arbeider|fabrieksarbeider|industrieel|lopende band
ğŸ‘¨â€ğŸ­|arbeider|fabriek|industrieel|lopende band|mannelijke fabrieksarbeider
ğŸ‘©â€ğŸ­|arbeidster|fabrieksarbeidster|industrieel|lopende band|vrouw
ğŸ§‘â€ğŸ’¼|architect|bedrijf|kantoormedewerker|manager
ğŸ‘¨â€ğŸ’¼|architect|bedrijf|kantoormedewerker|manager|mannelijke kantoormedewerker
ğŸ‘©â€ğŸ’¼|architecte|bedrijf|kantoormedewerkster|manager|vrouw
ğŸ§‘â€ğŸ”¬|bioloog|ingenieur|natuurkundige|scheikundige|wetenschapper
ğŸ‘¨â€ğŸ”¬|bioloog|ingenieur|mannelijke wetenschapper|natuurkundige|scheikundige|wetenschapper
ğŸ‘©â€ğŸ”¬|biologe|ingenieur|natuurkundige|scheikundige|vrouw|wetenschapster
ğŸ§‘â€ğŸ’»|ontwikkelaar|programmeur|techneut|technoloog|uitvinder
ğŸ‘¨â€ğŸ’»|mannelijke technoloog|ontwikkelaar|programmeur|techneut|technoloog
ğŸ‘©â€ğŸ’»|ontwikkelaar|programmeur|techneut|technologe|vrouw
ğŸ§‘â€ğŸ¤|acteur|entertainer|rock|ster|zanger
ğŸ‘¨â€ğŸ¤|acteur|entertainer|mannelijke zanger|rock|ster|zanger
ğŸ‘©â€ğŸ¤|actrice|entertainer|rock|ster|vrouw|zangeres
ğŸ§‘â€ğŸ¨|kunstenaar|palet
ğŸ‘¨â€ğŸ¨|kunstenaar|mannelijke kunstenaar|palet
ğŸ‘©â€ğŸ¨|kunstenares|palet|vrouw
ğŸ§‘â€âœˆï¸|piloot|vliegtuig
ğŸ‘¨â€âœˆï¸|mannelijke piloot|piloot|vliegtuig
ğŸ‘©â€âœˆï¸|pilote|vliegtuig|vrouw
ğŸ§‘â€ğŸš€|astronaut|raket
ğŸ‘¨â€ğŸš€|astronaut|mannelijke astronaut|raket
ğŸ‘©â€ğŸš€|astronaute|raket|vrouw
ğŸ§‘â€ğŸš’|brandweerman|brandweerwagen
ğŸ‘¨â€ğŸš’|brandweerman|brandweerwagen|mannelijke brandweerman
ğŸ‘©â€ğŸš’|brandweervrouw|brandweerwagen|vrouw
ğŸ‘®|agent|politieagent
ğŸ‘®â€â™‚ï¸|agent|man|politieman
ğŸ‘®â€â™€ï¸|agent|politievrouw|vrouw
ğŸ•µï¸|detective|speurder|spion
ğŸ•µï¸â€â™‚ï¸|detective|mannelijke detective|speurder|spion
ğŸ•µï¸â€â™€ï¸|detective|speurder|spionne|vrouwelijke detective
ğŸ’‚|wachter
ğŸ’‚â€â™‚ï¸|mannelijke wachter|wachter
ğŸ’‚â€â™€ï¸|vrouwelijke wachter|wachter
ğŸ¥·|geheim|krijger|ninja|verborgen
ğŸ‘·|bouwvakker|helm|klusser
ğŸ‘·â€â™‚ï¸|bouwvakker|mannelijke bouwvakker
ğŸ‘·â€â™€ï¸|bouwvakker|vrouwelijke bouwvakker
ğŸ¤´|prins
ğŸ‘¸|fantasie|prinses|sprookje
ğŸ‘³|persoon met tulband|tulband
ğŸ‘³â€â™‚ï¸|man met tulband|tulband
ğŸ‘³â€â™€ï¸|tulband|vrouw met tulband
ğŸ‘²|gua pi mao|hoed|man met chinees petje
ğŸ§•|hidjab|hoofddoek|mantilla|vrouw met hoofddoek
ğŸ¤µ|bruidegom|persoon in smoking|smoking
ğŸ¤µâ€â™‚ï¸|man in smoking|smoking
ğŸ¤µâ€â™€ï¸|smoking|vrouw in smoking
ğŸ‘°|bruid|huwelijk|persoon met sluier|sluier
ğŸ‘°â€â™‚ï¸|man met sluier|sluier
ğŸ‘°â€â™€ï¸|sluier|vrouw met sluier
ğŸ¤°|vrouw|zwangere vrouw
ğŸ¤±|baby|borstvoeding|de borst geven
ğŸ‘©â€ğŸ¼|baby|borstvoeding|voeding|vrouw die een baby voedt
ğŸ‘¨â€ğŸ¼|baby|borstvoeding|man die een baby voedt|voeding
ğŸ§‘â€ğŸ¼|baby|borstvoeding|persoon die een baby voedt|voeding
ğŸ‘¼|baby-engel|engel|fantasie|gezicht|sprookje
ğŸ…|kerstman|kerstmis|viering
ğŸ¤¶|kerstmis|kerstvrouw|moedertje kerst
ğŸ§‘â€ğŸ„|kerstman, kerst|kersttransgender
ğŸ¦¸|goed|heldin|superheld|superkrachten
ğŸ¦¸â€â™‚ï¸|goed|held|mannelijke superheld|superkrachten
ğŸ¦¸â€â™€ï¸|goed|heldin|superkrachten|vrouwelijke superheld
ğŸ¦¹|boef|crimineel|slecht|superkrachten|superschurk
ğŸ¦¹â€â™‚ï¸|boef|crimineel|mannelijke superschurk|slecht|superkrachten
ğŸ¦¹â€â™€ï¸|boef|crimineel|slecht|superkrachten|vrouwelijke superschurk
ğŸ§™|heks|magiÃ«r|tovenaar|tovenares
ğŸ§™â€â™‚ï¸|heksenmeester|mannelijke magiÃ«r|tovenaar
ğŸ§™â€â™€ï¸|heks|tovenares|vrouwelijke magiÃ«r
ğŸ§š|elfje|oberon|puck|titania
ğŸ§šâ€â™‚ï¸|mannelijk elfje|oberon|puck
ğŸ§šâ€â™€ï¸|titania|vrouwelijk elfje
ğŸ§›|dracula|ondode|vampier
ğŸ§›â€â™‚ï¸|dracula|mannelijke vampier|ondode
ğŸ§›â€â™€ï¸|ondode|vrouwelijke vampier
ğŸ§œ|meerman|meermin|sirene|zeemeermin
ğŸ§œâ€â™‚ï¸|triton|zeemeerman
ğŸ§œâ€â™€ï¸|meermin|sirene
ğŸ§|elf|magisch
ğŸ§â€â™‚ï¸|magisch|mannelijke elf
ğŸ§â€â™€ï¸|magisch|vrouwelijke elf
ğŸ§|djinn|geest in de fles
ğŸ§â€â™‚ï¸|djinn|mannelijke geest in de fles
ğŸ§â€â™€ï¸|djinn|vrouwelijke geest in de fles
ğŸ§Ÿ|lopende dode|ondode|zombie
ğŸ§Ÿâ€â™‚ï¸|lopende dode|mannelijke zombie|ondode
ğŸ§Ÿâ€â™€ï¸|lopende dode|ondode|vrouwelijke zombie
ğŸ’†|gezicht|massage|persoon die hoofdmassage krijgt|salon
ğŸ’†â€â™‚ï¸|gezicht|man die hoofdmassage krijgt|massage
ğŸ’†â€â™€ï¸|gezicht|massage|vrouw die hoofdmassage krijgt
ğŸ’‡|kapper|kapsel|persoon die wordt geknipt|salon|schoonheid
ğŸ’‡â€â™‚ï¸|kapsel|man die wordt geknipt
ğŸ’‡â€â™€ï¸|kapsel|vrouw die wordt geknipt
ğŸš¶|lopen|voetganger|wandelaar|wandelen
ğŸš¶â€â™‚ï¸|lopen|man|wandelende man
ğŸš¶â€â™€ï¸|lopen|vrouw|wandelende vrouw
ğŸ§|staande persoon
ğŸ§â€â™‚ï¸|man|staande man
ğŸ§â€â™€ï¸|staande vrouw|vrouw
ğŸ§|knielende persoon
ğŸ§â€â™‚ï¸|knielende man|man
ğŸ§â€â™€ï¸|knielende vrouw|vrouw
ğŸ§‘â€ğŸ¦¯|blind|persoon met taststok|toegankelijkheid
ğŸ‘¨â€ğŸ¦¯|blind|man met taststok|toegankelijkheid
ğŸ‘©â€ğŸ¦¯|blind|toegankelijkheid|vrouw met taststok
ğŸ§‘â€ğŸ¦¼|persoon in elektrische rolstoel|rolstoel|toegankelijkheid
ğŸ‘¨â€ğŸ¦¼|man in elektrische rolstoel|rolstoel|toegankelijkheid
ğŸ‘©â€ğŸ¦¼|rolstoel|toegankelijkheid|vrouw in elektrische rolstoel
ğŸ§‘â€ğŸ¦½|persoon in rolstoel|rolstoel|toegankelijkheid
ğŸ‘¨â€ğŸ¦½|man in rolstoel|rolstoel|toegankelijkheid
ğŸ‘©â€ğŸ¦½|rolstoel|toegankelijkheid|vrouw in rolstoel
ğŸƒ|hardlopen|hardloper|marathon
ğŸƒâ€â™‚ï¸|hardlopen|man|marathon|rennende man
ğŸƒâ€â™€ï¸|hardlopen|marathon|rennende vrouw|vrouw
ğŸ’ƒ|dansende vrouw|vrouw
ğŸ•º|dansende man|man
ğŸ•´ï¸|man|pak|zaken|zwevende man in pak
ğŸ‘¯|danser|feesten|konijnenoor|mensen met konijnenoren
ğŸ‘¯â€â™‚ï¸|dansen|feesten|konijnenoor|mannen met konijnenoren
ğŸ‘¯â€â™€ï¸|danser|feesten|konijnenoor|vrouwen met konijnenoren
ğŸ§–|persoon in ruimte vol stoom|sauna|stoomruimte
ğŸ§–â€â™‚ï¸|man in ruimte vol stoom|sauna|stoomruimte
ğŸ§–â€â™€ï¸|sauna|stoomruimte|vrouw in ruimte vol stoom
ğŸ§—|klimmende persoon|klimmer
ğŸ§—â€â™‚ï¸|klimmende man|klimmer
ğŸ§—â€â™€ï¸|klimmende vrouw|klimmer
ğŸ¤º|degen|floret|persoon|sabel|schermen|schermer|schermsport|sport
ğŸ‡|jockey op renpaard|paard|racen|renpaard
â›·ï¸|skiÃ«r|sneeuw
ğŸ‚|ski|sneeuw|snowboarder
ğŸŒï¸|bal|golfer
ğŸŒï¸â€â™‚ï¸|golfende man|man
ğŸŒï¸â€â™€ï¸|golfende vrouw|vrouw
ğŸ„|surfen|surfer
ğŸ„â€â™‚ï¸|mannelijke surfer|surfen
ğŸ„â€â™€ï¸|surfen|vrouwelijke surfer
ğŸš£|boot|persoon in roeiboot|roeiboot
ğŸš£â€â™‚ï¸|boot|man in roeiboot|roeiboot
ğŸš£â€â™€ï¸|boot|roeiboot|vrouw in roeiboot
ğŸŠ|zwemmende persoon
ğŸŠâ€â™‚ï¸|man|zwemmende man
ğŸŠâ€â™€ï¸|vrouw|zwemmende vrouw
â›¹ï¸|bal|basketbalspeler
â›¹ï¸â€â™‚ï¸|bal|basketballer|man
â›¹ï¸â€â™€ï¸|bal|basketbalster|vrouw
ğŸ‹ï¸|gewichtheffer|heffer
ğŸ‹ï¸â€â™‚ï¸|gewichtheffen|mannelijke gewichtheffer
ğŸ‹ï¸â€â™€ï¸|gewichtheffen|vrouwelijke gewichtheffer
ğŸš´|fietsende persoon|wielrennen|wielrenner
ğŸš´â€â™‚ï¸|fietsende man|man|wielrenner
ğŸš´â€â™€ï¸|fietsende vrouw|vrouw|wielrenner
ğŸšµ|berg|fietsen|fietser|persoon op mountainbike|wielrenner
ğŸšµâ€â™‚ï¸|berg|fietsen|fietser|man op mountainbike
ğŸšµâ€â™€ï¸|berg|biken|fietsen|fietser|vrouw op mountainbike
ğŸ¤¸|gymnastiek|persoon die een radslag doet|radslag
ğŸ¤¸â€â™‚ï¸|gymnastiek|man die een radslag doet|radslag
ğŸ¤¸â€â™€ï¸|gymnastiek|radslag|vrouw die een radslag doet
ğŸ¤¼|personen die worstelen|worstelaar|worstelen
ğŸ¤¼â€â™‚ï¸|mannen|worstelende mannen
ğŸ¤¼â€â™€ï¸|vrouwen|worstelende vrouwen
ğŸ¤½|persoon die waterpolo speelt|polo|water
ğŸ¤½â€â™‚ï¸|man die waterpolo speelt|waterpolo
ğŸ¤½â€â™€ï¸|vrouw die waterpolo speelt|waterpolo
ğŸ¤¾|bal|handbal|persoon die handbal speelt
ğŸ¤¾â€â™‚ï¸|handballen|man die handbal speelt
ğŸ¤¾â€â™€ï¸|handballen|vrouw die handbal speelt
ğŸ¤¹|balans|jongleur|multitasken|persoon die jongleert|vaardigheid
ğŸ¤¹â€â™‚ï¸|jongleren|man die jongleert|multitasken
ğŸ¤¹â€â™€ï¸|jongleren|multitasken|vrouw die jongleert
ğŸ§˜|meditatie|persoon in lotushouding|yoga
ğŸ§˜â€â™‚ï¸|man in lotushouding|meditatie|yoga
ğŸ§˜â€â™€ï¸|meditatie|vrouw in lotushouding|yoga
ğŸ›€|badkuip|persoon in badkuip
ğŸ›Œ|hotel|persoon in bed|slapen
ğŸ§‘â€ğŸ¤â€ğŸ§‘|hand in hand|personen hand in hand|persoon|stel|vasthouden
ğŸ‘­|hand in hand|stel|vrouwen hand in hand
ğŸ‘«|hand in hand|man en vrouw hand in hand|stel|vasthouden|vrouw
ğŸ‘¬|hand in hand|mannen hand in hand|stel|sterrenbeeld|tweelingen
ğŸ’|kus|stelletje
ğŸ’‘|liefde|stel met hart|stelletje
ğŸ‘ª|gezin|kind|mensen|moeder|vader
ğŸ—£ï¸|gezicht|hoofd|pratend|silhouet van sprekend hoofd|sprekend
ğŸ‘¤|buste|silhouet van persoon
ğŸ‘¥|buste|silhouet van twee personen
ğŸ«‚|bedankt|dag|hallo|omhelzing|personen in een omhelzing
ğŸ‘£|afdruk|kleding|voetafdrukken
ğŸµ|aap|apengezicht|gezicht
ğŸ’|aap
ğŸ¦|gorilla
ğŸ¦§|aap|orang-oetang
ğŸ¶|gezicht|hondengezicht|huisdier
ğŸ•|hond|huisdier
ğŸ¦®|blind|blinÂ­denÂ­geÂ­leideÂ­hond|geleide|toegankelijkheid
ğŸ•â€ğŸ¦º|assistentie|asÂ­sisÂ­tenÂ­tieÂ­hond|hond|hulp|toegankelijkheid
ğŸ©|hond|poedel
ğŸº|gezicht|wolf
ğŸ¦Š|gezicht|vos
ğŸ¦|nieuwsgierig|sluw|wasbeer
ğŸ±|gezicht|huisdier|kattengezicht
ğŸˆ|huisdier|kat
ğŸˆâ€â¬›|kat|ongeluk|zwarte kat
ğŸ¦|gezicht|leeuw|leo|sterrenbeeld
ğŸ¯|gezicht|tijgergezicht
ğŸ…|tijger
ğŸ†|luipaard
ğŸ´|gezicht|paardengezicht
ğŸ|paard|racen|renpaard|ruitersport
ğŸ¦„|eenhoorn|gezicht
ğŸ¦“|streep|zebra
ğŸ¦Œ|hert
ğŸ¦¬|bizon|buffel|kudde|wisent
ğŸ®|gezicht|koeiengezicht
ğŸ‚|os|sterrenbeeld|stier|taurus
ğŸƒ|buffel|waterbuffel
ğŸ„|koe
ğŸ·|gezicht|varkensgezicht
ğŸ–|varken|zeug
ğŸ—|varken|zwijn
ğŸ½|gezicht|neus|varkensneus
ğŸ|aries|mannelijk|ram|schaap|sterrenbeeld
ğŸ‘|ooi|schaap|vrouwelijk
ğŸ|geit|steenbok|sterrenbeeld
ğŸª|bult|dromedaris|kameel met Ã©Ã©n bult
ğŸ«|bult|kameel met twee bulten
ğŸ¦™|alpaca|guanaco|lama|vicuÃ±a|wol
ğŸ¦’|giraffe|vlekken
ğŸ˜|olifant
ğŸ¦£|groot|mammoet|slagtand|uitsterven|wollig
ğŸ¦|neushoorn
ğŸ¦›|hippopotamus|nijlpaard
ğŸ­|gezicht|muis|muizengezicht
ğŸ|muis
ğŸ€|rat
ğŸ¹|gezicht|hamster|huisdier
ğŸ°|gezicht|huisdier|konijnengezicht|konijntje
ğŸ‡|huisdier|konijntje
ğŸ¿ï¸|eekhoorn
ğŸ¦«|bever|dam
ğŸ¦”|egel|stekelig
ğŸ¦‡|vampier|vleermuis
ğŸ»|beer|gezicht
ğŸ»â€â„ï¸|beer|ijsbeer|noordpool|wit
ğŸ¨|beer|koala
ğŸ¼|gezicht|panda
ğŸ¦¥|luiaard|traag
ğŸ¦¦|otter|speels|vissen
ğŸ¦¨|stinkÂ­dier|stinken
ğŸ¦˜|australiÃ«|buideldier|kangoeroe|springen|wallaby
ğŸ¦¡|das|honingdas|kwellen
ğŸ¾|afdruk|pootafdrukken|poten
ğŸ¦ƒ|gevogelte|kalkoen
ğŸ”|gevogelte|kip
ğŸ“|gevogelte|haan
ğŸ£|baby|gevogelte|kuiken uit ei|uit ei komen
ğŸ¤|baby|gevogelte|kuikentje
ğŸ¥|baby|gevogelte|kuiken|naar voren kijkend kuikentje
ğŸ¦|vogel
ğŸ§|pinguÃ¯n|vogel
ğŸ•Šï¸|duif|vliegen|vogel|vrede
ğŸ¦…|adelaar|arend|vogel
ğŸ¦†|eend|vogel
ğŸ¦¢|lelijk eendje|vogel|zwaan|zwanenjong
ğŸ¦‰|uil|vogel|wijsheid
ğŸ¦¤|dodo|groot|mauritius|uitsterven
ğŸª¶|licht|pluimage|veer|vliegen
ğŸ¦©|flamboyant|flamingo|tropisch
ğŸ¦š|opzichtig|pauwhen|trots|vogel
ğŸ¦œ|papegaai|piraat|praten|vogel
ğŸ¸|gezicht|kikker
ğŸŠ|krokodil
ğŸ¢|schildpad|waterschildpad
ğŸ¦|gekko|hagedis|reptiel
ğŸ|ophiuchus|serpent|slangendrager|sterrenbeeld
ğŸ²|draak|drakengezicht|gezicht|sprookje
ğŸ‰|draak|sprookje
ğŸ¦•|brachiosaurus|brontosaurus|diplodocus|sauropode
ğŸ¦–|t-rex|tyrannosaurus rex
ğŸ³|gezicht|spuitende walvis|walvis
ğŸ‹|walvis
ğŸ¬|dolfijn|flipper
ğŸ¦­|zeehond|zeeleeuw
ğŸŸ|sterrenbeeld|vissen
ğŸ |tropische vis|vis
ğŸ¡|kogelvis|vis
ğŸ¦ˆ|haai|vis
ğŸ™|octopus
ğŸš|schelp|spiraal
ğŸŒ|slak
ğŸ¦‹|insect|mooi|vlinder
ğŸ›|beestje|insect
ğŸœ|insect|mier
ğŸ|bij|honingbij|insect
ğŸª²|beestje|insect|kever
ğŸ|insect|kever|lieveheersbeestje
ğŸ¦—|krekel|sprinkhaan
ğŸª³|bakkerstor|insect|kakkerlak|ongedierte
ğŸ•·ï¸|insect|spin
ğŸ•¸ï¸|spinnenweb|web
ğŸ¦‚|schorpioen|scorpio|sterrenbeeld
ğŸ¦Ÿ|insect|koorts|malaria|mug|virus|ziekte
ğŸª°|daas|huisvlieg|made|rottend|tseetseevlieg|vlieg|ziekte
ğŸª±|parasiet|regenworm|ringworm|worm
ğŸ¦ |amoeba|bacterie|microbe|virus
ğŸ’|bloem|boeket
ğŸŒ¸|bloem|bloesem|kersenbloesem
ğŸ’®|bloem|witte bloem
ğŸµï¸|plant|rozet
ğŸŒ¹|bloem|roos
ğŸ¥€|bloem|verwelkte bloem
ğŸŒº|bloem|hibiscus
ğŸŒ»|bloem|zonnebloem
ğŸŒ¼|bloem|bloesem
ğŸŒ·|bloem|tulp
ğŸŒ±|jong|zaailing
ğŸª´|groeien|huis|nutteloos|plant|potplant|saai|verzorgen
ğŸŒ²|boom|naaldboom
ğŸŒ³|bladeren verliezen|boom|loof verliezen|loofboom
ğŸŒ´|boom|palmboom
ğŸŒµ|cactus|plant
ğŸŒ¾|aar|graan|rijstplant
ğŸŒ¿|blad|kruid
ğŸ€|4|blad|klavertjevier|vier
ğŸ|blad|esdoornblad|vallend
ğŸ‚|blad|vallende bladeren
ğŸƒ|blad in de wind|waaiend|waait|wind
ğŸ‡|druif|druiven|fruit
ğŸˆ|fruit|meloen
ğŸ‰|fruit|watermeloen
ğŸŠ|fruit|mandarijn|sinaasappel
ğŸ‹|citroen|citrus|fruit
ğŸŒ|banaan|fruit
ğŸ|ananas|fruit
ğŸ¥­|fruit|mango|tropisch
ğŸ|appel|fruit|rode appel|rood
ğŸ|appel|fruit|groene appel
ğŸ|fruit|peer
ğŸ‘|fruit|perzik
ğŸ’|fruit|kersen
ğŸ“|aardbei|bes|fruit
ğŸ«|bes|blauwbes|bosbessen
ğŸ¥|fruit|kiwi|voedsel
ğŸ…|fruit|groente|tomaat
ğŸ«’|olijf|voedsel
ğŸ¥¥|kokosnoot|palm|pina colada
ğŸ¥‘|avocado|fruit|voedsel
ğŸ†|aubergine|groente
ğŸ¥”|aardappel|groente|voedsel
ğŸ¥•|groente|voedsel|wortel
ğŸŒ½|kolf|maÃ¯skolf|plant
ğŸŒ¶ï¸|heet|hete peper|peper
ğŸ«‘|capsicum|groente|paprika|peper
ğŸ¥’|augurk|groente|komkommer|voedsel
ğŸ¥¬|bladgroente|boerenkool|kool|paksoi|sla
ğŸ¥¦|broccoli|wilde kool
ğŸ§„|knoflook|smaakmaker
ğŸ§…|smaakmaker|ui
ğŸ„|paddenstoel|zwam
ğŸ¥œ|groente|noot|pindaâ€™s|voedsel
ğŸŒ°|kastanje|plant
ğŸ|brood
ğŸ¥|brood|croissant|frans|voedsel
ğŸ¥–|brood|frans|stokbrood|voedsel
ğŸ«“|arepa|lavash|naan|pita|platbrood
ğŸ¥¨|gedraaid|pretzel
ğŸ¥¯|bagel|bakkerij|spread
ğŸ¥|crÃªpe|flensjes|pannenkoeken|voedsel
ğŸ§‡|ijzer|wafel|weifelend
ğŸ§€|kaas|stuk kaas
ğŸ–|bot|vlees met bot
ğŸ—|bot|gevogelte|kippenpoot|poot
ğŸ¥©|biefstuk|kotelet|lamskotelet|varkenslap|vlees
ğŸ¥“|bacon|vlees|voedsel
ğŸ”|burger|hamburger
ğŸŸ|frans|frietjes|patat
ğŸ•|kaas|pizzapunt|punt
ğŸŒ­|frankfurter|hotdog|worst
ğŸ¥ª|boterham|brood
ğŸŒ®|mexicaans|taco
ğŸŒ¯|burrito|mexicaans|wrap
ğŸ«”|gevuld|mexicaans|tamale
ğŸ¥™|falafel|gevuld pitabroodje|gyro|kebab|pitabrood|voedsel
ğŸ§†|falafel|gehaktbal|kikkererwt
ğŸ¥š|ei|voedsel
ğŸ³|bakken|ei|koekenpan|koken|ontbijt
ğŸ¥˜|casserole|paellapan|pan|voedsel|wok
ğŸ²|eenpansgerecht|stoofschotel
ğŸ«•|chocola|fondue|gesmolten|kaas|pan|zwitsers
ğŸ¥£|cornflakes|kom met lepel|muesli|ontbijt
ğŸ¥—|groene salade|salade|voedsel
ğŸ¿|popcorn
ğŸ§ˆ|boter|zuivel
ğŸ§‚|tafelzout|zoutvaatje
ğŸ¥«|blikvoedsel
ğŸ±|bentobox|box
ğŸ˜|cracker|rijstwafel
ğŸ™|balletje|japans|rijstballetje
ğŸš|gekookte rijst|rijst
ğŸ›|curry en rijst|rijst
ğŸœ|dampende kom|kom|noedels|ramen
ğŸ|pasta|spaghetti
ğŸ |aardappel|gepofte zoete aardappel|zoet
ğŸ¢|kebab|oden|spies|stokje|zeevruchten
ğŸ£|sushi
ğŸ¤|garnaal|gefrituurde garnaal|tempura
ğŸ¥|koekje|krul|viskoekje met krul
ğŸ¥®|festival|herfst|maancake|yuÃ¨bÇng
ğŸ¡|dango|dessert|japans|spies|stokje|zoet
ğŸ¥Ÿ|empanada|gyoza|jiaozi|knoedel|pirog
ğŸ¥ |gelukskoekje|profetie
ğŸ¥¡|afhaalmaaltijd|oesteremmer
ğŸ¦€|krab|kreeft|sterrenbeeld
ğŸ¦|bisque|kreeft|scharen|zeevruchten
ğŸ¦|garnaal|klein|schaaldier|voedsel
ğŸ¦‘|calamaris|inktvis|voedsel|weekdier
ğŸ¦ª|duiken|oester|parel
ğŸ¦|dessert|ijs|roomijs|softijs|zacht|zoet
ğŸ§|dessert|geschaafd|ijs|zoet
ğŸ¨|dessert|ijs|room|zoet
ğŸ©|dessert|donut|zoet
ğŸª|dessert|koekje|zoet
ğŸ‚|dessert|feest|gebak|taart|verjaardagstaart|zoet
ğŸ°|cake|dessert|gebak|plak|taart|zoet
ğŸ§|bakkerij|cupcake|zoet
ğŸ¥§|gebakje|taart|vulling
ğŸ«|chocoladereep|dessert|reep|zoet
ğŸ¬|dessert|snoep|zoet
ğŸ­|dessert|lolly|snoep|zoet
ğŸ®|dessert|pudding|vla|zoet
ğŸ¯|honingpot|pot|zoet
ğŸ¼|babyflesje|drinken|flesje|melk
ğŸ¥›|drank|glas|melk
ğŸ«–|drinken|pot|theepot
ğŸµ|drankje|drinken|kop|theekopje zonder oor
ğŸ¶|bar|drankje|drinken|fles|kopje|sake
ğŸ¾|bar|drinken|fles met knallende kurk|knallend|kurk
ğŸ·|bar|drankje|drinken|glas|wijnglas
ğŸ¸|bar|cocktailglas|drinken|glas
ğŸ¹|bar|drinken|tropisch drankje
ğŸº|bar|bierglas|drinken|glas
ğŸ»|bar|bier|drinken|glas|klinkende bierglazen|proosten
ğŸ¥‚|drinken|glas|klinkende glazen|vieren
ğŸ¥ƒ|borrel|drank|glas|tumblerglas|whiskey|whisky
ğŸ¥¤|beker met rietje|frisdrank|sap
ğŸ§‹|bubbelthee|melk|parel|thee
ğŸ§ƒ|drankje|pakje drinken|rietje|sap|zoet
ğŸ§‰|drank|matÃ©
ğŸ§Š|ijsberg|ijsklontje|koud
ğŸ¥¢|chopsticks|eetstokjes
ğŸ½ï¸|bord|koken|mes en vork met bord|vork
ğŸ´|koken|mes en vork|vork
ğŸ¥„|bestek|lepel|tafelgerei
ğŸ”ª|keukenmes|koken|mes|wapen
ğŸº|amfora|drinken|koken|kruik|sterrenbeeld|waterman
ğŸŒ|aarde|afrika|europa|wereldbol met europa-afrika
ğŸŒ|aarde|noord- en zuid-amerika|wereldbol met noord- en zuid-amerika
ğŸŒ|aarde|australiÃ«|aziÃ«|wereldbol met aziÃ«-australiÃ«
ğŸŒ|aarde|meridianen|wereldbol met meridianen
ğŸ—ºï¸|kaart|wereldkaart
ğŸ—¾|japan|kaart van japan
ğŸ§­|kompas|magnetisch|navigatie|oriÃ«ntatielopen
ğŸ”ï¸|berg met besneeuwde toppen|koud|sneeuw
â›°ï¸|berg
ğŸŒ‹|berg|vulkaanuitbarsting
ğŸ—»|berg|fuji
ğŸ•ï¸|kamperen
ğŸ–ï¸|parasol|strand met parasol
ğŸœï¸|woestijn
ğŸï¸|eiland|onbewoond
ğŸï¸|nationaal park|park
ğŸŸï¸|stadion
ğŸ›ï¸|klassiek gebouw
ğŸ—ï¸|bouw|woningbouw
ğŸ§±|baksteen|bakstenen|cement|klei|muur
ğŸª¨|rotsblok|steen
ğŸªµ|balk|boomstam|hout|timmerhout
ğŸ›–|huis|hut|joert|ronde hut
ğŸ˜ï¸|huizen
ğŸšï¸|huis|vervallen
ğŸ |huis|thuis
ğŸ¡|huis met tuin|thuis|tuin
ğŸ¢|gebouw|kantoorgebouw
ğŸ£|japans postkantoor|post
ğŸ¤|europees|postkantoor
ğŸ¥|dokter|medicijnen|ziekenhuis
ğŸ¦|bank|gebouw
ğŸ¨|gebouw|hotel
ğŸ©|hotel|liefde|love-hotel
ğŸª|boodschappen|supermarkt|winkel
ğŸ«|gebouw|school
ğŸ¬|warenhuis|winkelen
ğŸ­|fabriek|gebouw
ğŸ¯|japans|kasteel
ğŸ°|europees|kasteel
ğŸ’’|bruiloft|kapel|romantiek
ğŸ—¼|tokio-toren|toren
ğŸ—½|beeld|vrijheidsbeeld
â›ª|christelijk|geloof|kerk|kruis
ğŸ•Œ|geloof|islam|moskee|moslim
ğŸ›•|hindoetempel|tempel
ğŸ•|geloof|joods|synagoge|tempel
â›©ï¸|geloof|shinto-tempel|tempel
ğŸ•‹|geloof|islam|kaÃ¤ba|moslim
â›²|fontein
â›º|kamperen|tent
ğŸŒ|mistig
ğŸŒƒ|nacht|sterrenhemel
ğŸ™ï¸|stadsgezicht
ğŸŒ„|berg|ochtend|zonsopgang in de bergen
ğŸŒ…|ochtend|zonsopgang
ğŸŒ†|avond|landschap|schemer|stad bij schemering|zonsondergang
ğŸŒ‡|schemer|zonsondergang
ğŸŒ‰|brug bij nacht|nacht
ğŸ |draaimolenpaard|paard
ğŸ¡|pretpark|rad|reuzenrad
ğŸ¢|achtbaan|baan|pretpark
ğŸ’ˆ|kapperspaal|kapsel|paal
ğŸª|circustent|tent
ğŸš‚|locomotief|spoor|stoom|trein|voertuig
ğŸšƒ|elektrisch|spoor|tram|treinwagon|trolleybus|wagon
ğŸš„|hogesnelheidstrein|shinkansen|snelheid|spoor|trein
ğŸš…|hogesnelheidstrein met kogelneus|kogeltrein|shinkansen|snelheid|spoorweg|trein
ğŸš†|spoor|trein
ğŸš‡|metro|ondergrondse
ğŸšˆ|lightrail|spoor
ğŸš‰|spoor|treinstation
ğŸšŠ|tram|trolleybus
ğŸš|monorail|voertuig
ğŸš|bergspoor|spoor|wagon
ğŸš‹|tramwagon|trolleybus|wagon
ğŸšŒ|bus|voertuig
ğŸš|bus|naderende bus
ğŸš|bus|tram|trolleybus
ğŸš|bus|minibus
ğŸš‘|ambulance|voertuig
ğŸš’|auto|brandweerauto|voertuig
ğŸš“|auto|politieauto|politiewagen
ğŸš”|auto|naderende politieauto|politie
ğŸš•|taxi|voertuig
ğŸš–|naderende taxi|taxi
ğŸš—|automobiel
ğŸš˜|automobiel|naderende auto
ğŸš™|auto|kampeerauto|suv|voertuig
ğŸ›»|bestelbak|laadbakwagen|pick-up
ğŸšš|bestelbus|bezorging|bus
ğŸš›|truck|vrachtauto|vrachtwagen met oplegger
ğŸšœ|tractor|voertuig
ğŸï¸|auto|raceauto|racen
ğŸï¸|motor|racen
ğŸ›µ|brommer|motor|scooter
ğŸ¦½|rolstoel|toegankelijkheid
ğŸ¦¼|elektrische rolstoel|toegankelijkheid
ğŸ›º|rikÂ­sja|tuktuk
ğŸš²|fiets|rijwiel
ğŸ›´|autoped|steppen
ğŸ›¹|deck|skateboard
ğŸ›¼|rollerskate|rolschaats
ğŸš|bushalte|halte
ğŸ›£ï¸|autosnelweg|snelweg|weg
ğŸ›¤ï¸|spoor|treinspoor
ğŸ›¢ï¸|olievat|vat
â›½|benzinepomp|benzinestation|brandstof|pomp|station
ğŸš¨|auto|draaiend|licht|politie|sein|zwaailicht van politieauto
ğŸš¥|horizontaal verkeerslicht|licht|verkeerslichten
ğŸš¦|licht|verkeerslichten|verticaal verkeerslicht
ğŸ›‘|achthoekig|bord|stopteken|verkeersteken
ğŸš§|barricade|bouwwerkzaamheden
â›µ|boot|jachthaven|zee|zeilboot
ğŸ›¶|boot|kano
ğŸš¤|boot|speedboot
ğŸ›³ï¸|passagiersschip|schip
â›´ï¸|boot|passagier|veerboot
ğŸ›¥ï¸|boot|motorboot
ğŸš¢|boot|passagier|schip
ğŸ›©ï¸|vliegmachine|vliegtuigje
ğŸ›«|inchecken|vertrek van vliegtuig|vertrekken|vliegmachine|vliegtuig
ğŸ›¬|aankomen|aankomst van vliegtuig|landen|vliegmachine|vliegtuig
ğŸª‚|hanggliden|parachute|parasailen|skydiven
ğŸ’º|stoel
ğŸš|helikopter|voertuig
ğŸšŸ|spoor|zweeftrein|zwevend
ğŸš |bergkabelbaan|gondel|kabel
ğŸš¡|baan|gondel|kabelbaan|transportbaan
ğŸ›°ï¸|ruimte|satelliet
ğŸš€|raket|ruimte
ğŸ›¸|ufo|vliegende schotel
ğŸ›ï¸|balie|bel|hotel|piccolobel
ğŸ§³|bagage|inpakken|reizen
âŒ›|timer|zandloper
â³|timer|zandloper met stromend zand
âŒš|horloge|klok
â°|alarm|klok|wekker
â±ï¸|klok|stopwatch
â²ï¸|keukenwekker|klok|timer
ğŸ•°ï¸|klok
ğŸ•›|00|12:00|klok|twaalf|uur
ğŸ•§|12:30|30|dertig|half Ã©Ã©n|twaalf
ğŸ•|00|1:00|Ã©Ã©n|klok|uur
ğŸ•œ|1:30|dertig|Ã©Ã©n|half twee|klok
ğŸ•‘|00|2:00|klok|twee|uur
ğŸ•|2:30|dertig|half drie|klok|twee
ğŸ•’|00|3:00|drie|klok|uur
ğŸ•|3:30|dertig|drie|half vier|klok
ğŸ•“|00|4:00|klok|uur|vier
ğŸ•Ÿ|4:30|dertig|half vijf|klok|vier
ğŸ•”|00|5:00|klok|uur|vijf
ğŸ• |5:30|dertig|half zes|klok|vijf
ğŸ••|00|6:00|klok|uur|zes
ğŸ•¡|6:30|dertig|half zeven|klok|zes
ğŸ•–|00|7:00|klok|uur|zeven
ğŸ•¢|7:30|dertig|half acht|klok|zeven
ğŸ•—|00|8:00|acht|klok|uur
ğŸ•£|8:30|acht|dertig|half negen|klok
ğŸ•˜|00|9:00|klok|negen|uur
ğŸ•¤|9:30|dertig|half tien|klok|negen
ğŸ•™|00|10:00|klok|tien|uur
ğŸ•¥|10:30|dertig|half elf|klok|tien
ğŸ•š|00|11:00|elf|klok|uur
ğŸ•¦|11:30|dertig|elf|half twaalf|klok
ğŸŒ‘|donker|maan|nieuwe maan
ğŸŒ’|jonge maansikkel|maan|sikkel|wassend
ğŸŒ“|kwartier|maan in eerste kwartier
ğŸŒ”|bolvormig|maan|wassende maan
ğŸŒ•|maan|volle maan
ğŸŒ–|afnemende maan|bolvormig|maan
ğŸŒ—|kwartier|maan in laatste kwartier
ğŸŒ˜|afnemend|asgrauwe maan|maan|sikkel
ğŸŒ™|maansikkel|sikkel
ğŸŒš|gezicht|maan|nieuwe maan met gezicht
ğŸŒ›|gezicht|kwartier|maan met gezicht in eerste kwartier
ğŸŒœ|gezicht|kwartier|maan met gezicht in laatste kwartier
ğŸŒ¡ï¸|thermometer|weer
ğŸŒ|gezicht|helder|maan|volle maan met gezicht
ğŸŒ|gezicht|helder|zon met gezicht
ğŸª|planeet met ringen|saturnus|zwaarmoedig
â­|ster|witte middelgrote ster
ğŸŒŸ|fonkelend|schitterend|schittering|ster|stralende ster
ğŸŒ |ster|vallende ster
ğŸŒŒ|melkweg|ruimte
â›…|wolk|zon achter wolk
â›ˆï¸|onweer|regen|wolk met bliksem en regen
ğŸŒ¤ï¸|wolk|zon achter kleine wolk
ğŸŒ¥ï¸|wolk|zon achter grote wolk
ğŸŒ¦ï¸|regen|wolk|zon achter regenwolk
ğŸŒ§ï¸|regen|wolk met regen
ğŸŒ¨ï¸|koud|sneeuw|wolk met sneeuw
ğŸŒ©ï¸|bliksem|wolk met bliksem
ğŸŒªï¸|tornado|wervelwind|wolk
ğŸŒ«ï¸|mist|wolk
ğŸŒ¬ï¸|blazen|gezicht dat wind blaast|wind|wolk
ğŸŒ€|cycloon|duizelig|twister|tyfoon
ğŸŒˆ|regenboog
ğŸŒ‚|ingevouwen paraplu|kleding|paraplu|regen
â›±ï¸|parasol|regen|strandparasol|zon
âš¡|bliksem|elektrisch|gevaar|hoog voltage|schok|voltage
â›„|koud|sneeuwpop zonder sneeuwvlokken
ğŸ”¥|hulpmiddel|vlam|vuur
ğŸ’§|druppel|koud|strip|zweet
ğŸŒŠ|golf|oceaan|water
ğŸƒ|feest|halloweenlantaarn|lantaarn|pompoen
ğŸ„|boom|kerstboom|kerstmis|viering
ğŸ†|feest|vuurwerk
ğŸ‡|feest|sterretje|vuurwerksterretje
ğŸ§¨|dynamiet|explosief|rotje|vuurwerk
ğŸˆ|ballon|feest
ğŸ‰|feestknaller|hoera|knaller|viering
ğŸŠ|bal|confettibal|viering
ğŸ‹|boom|feest|japans|papierlinten|tanabataboom
ğŸ|bamboe|dennenboomversiering|feest|japans
ğŸ|feest|festival|japanse poppen|pop
ğŸ|feest|karperslinger|slinger
ğŸ|bel|feest|klokkenspel|windorgel
ğŸ‘|ceremonie|feest|maanobservatieceremonie
ğŸ§§|cadeau|geld|hÃ³ngbÄo|lai see|rode envelop|voorspoed
ğŸ€|feest|strik
ğŸ|cadeautje|feest|ingepakt|verpakking
ğŸ—ï¸|bewustzijnslintje|herinnering|lintje|viering
ğŸŸï¸|entreekaartjes|kaartje
ğŸ«|entree|ticket
ğŸ–ï¸|medaille|militaire medaille|viering
ğŸ†|prijs|trofee
ğŸ…|medaille|sportmedaille
ğŸ¥‡|eerste|gouden|medaille 1e plaats
ğŸ¥ˆ|medaille 2e plaats|tweede|zilver
ğŸ¥‰|brons|bronzen|derde|medaille 3e plaats
âš½|bal|voetbal
âš¾|bal|honkbal
ğŸ¥|bal|handschoen|onderarm|softbal
ğŸ€|bal|basketbal
ğŸ|bal|volleybal|wedstrijd
ğŸˆ|american football|amerikaans|bal|football
ğŸ‰|bal|rugby|voetbal
ğŸ¾|bal|tennisracket
ğŸ¥|frisbee|ultiem
ğŸ³|bal|bowlen|spel
ğŸ|bal|bat|cricket|wedstrijd
ğŸ‘|bal|hockey|stick|veld|wedstrijd
ğŸ’|ijshockeystick en puck|puck|stick|wedstrijd
ğŸ¥|bal|doel|lacrosse|stick
ğŸ“|bal|batje|pingpong|tafeltennis|wedstrijd
ğŸ¸|badminton|pluimbal|racket|shuttle|wedstrijd
ğŸ¥Š|boksen|bokshandschoen|handschoen
ğŸ¥‹|judo|karate|pak voor vechtsporten|taekwondo|uniform|vechtsport
ğŸ¥…|doelnet|net
â›³|golf|hole|vlag in hole
â›¸ï¸|ijs|schaats
ğŸ£|hengel|vishengel
ğŸ¤¿|duikbril|duiken|scubaduiken|snorkelen
ğŸ½|atletiek|hardloopshirt|hardlopen|shirt|sjerp
ğŸ¿|skiâ€™s|sneeuw
ğŸ›·|slede|sleetje
ğŸ¥Œ|curlingsteen|kei|spel
ğŸ¯|bullâ€™s eye|darts|directe treffer|doelwit|spel|treffer
ğŸª€|fluctueren|jojo|speelgoed
ğŸª|vliegen|vlieger|zweven
ğŸ±|8 ball|acht|bal|biljart|spel
ğŸ”®|bol|kristallen bol|waarzeggen|waarzeggerij
ğŸª„|heks|magie|tovenaar|toverstok
ğŸ§¿|amulet|boze oog|kraal|nazar-amulet|talisman
ğŸ®|controller|game|videogame
ğŸ•¹ï¸|game|joystick|videogame
ğŸ°|fruitautomaat|spel
ğŸ²|dobbelsteen|dobbelstenen|spel
ğŸ§©|aanwijzing|gekoppeld|legpuzzel|puzzelstukje
ğŸ§¸|knuffel|pluche|speelgoed|speeltje|teddybeer
ğŸª…|feest|piÃ±ata|viering
ğŸª†|matroesjka|poppetjes|rusland
â™Ÿï¸|pion|schaken|slachtoffer|waardeloos
ğŸƒ|jokerkaart|kaart|spel
ğŸ€„|mahjong rode draak|rood|spel
ğŸ´|bloemspeelkaarten|japans|kaart|speelkaarten|spelen
ğŸ­|kunst|masker|optreden|theater|toneelkunsten
ğŸ–¼ï¸|afbeelding|kunst|lijst met afbeelding|museum|schilderij
ğŸ¨|kunst|museum|palet|schilderij|schilderspalet
ğŸ§µ|draad|garen|klos|naaien|naald
ğŸª¡|borduren|hechten|hechtingen|kleermaken|naaien|naald
ğŸ§¶|bal|breien|haken|wol
ğŸª¢|geknoopt|knoop|knopen|kronkel|streng|touw
ğŸ‘“|brillen|kleding|oog
ğŸ•¶ï¸|brillen|donker|oog|zonnebril
ğŸ¥½|lassen|oogbescherming|oogscherm|zwemmen
ğŸ¥¼|dokter|experiment|labjas|wetenschapper
ğŸ¦º|noodgeval|veiligheid|veiligÂ­heidsÂ­vest|vest
ğŸ‘”|kleding|stropdas
ğŸ‘•|kleding|shirt|t-shirt
ğŸ‘–|jeans|kleding|spijkerbroek
ğŸ§£|nek|sjaal
ğŸ§¤|handschoenen
ğŸ§¥|blazer|jas
ğŸ§¦|kousen|sokken
ğŸ‘—|jurk|kleding
ğŸ‘˜|kimono|kleding
ğŸ¥»|jurk|kleding|sari
ğŸ©±|badpak|zwempak
ğŸ©²|onderbroek|ondergoed|slip|zwembroek|zwemkleding
ğŸ©³|korte broek|onderbroek|shorts|zwembroek
ğŸ‘™|bikini|kleding|zwemmen
ğŸ‘š|dameskleding|kleding
ğŸ‘›|kleding|munt|portemonnee
ğŸ‘œ|handtas|kleding|tas
ğŸ‘|enveloptas|kleding|tasje
ğŸ›ï¸|boodschappentassen|hotel|tas|winkelen
ğŸ’|rugzak|schooltas|tas
ğŸ©´|slipper|strandslipper|teenslipper|teenslof|zori
ğŸ‘|herenschoen|kleding|man|schoen
ğŸ‘Ÿ|atletiek|kleding|schoen|sneaker|sportschoen
ğŸ¥¾|kamperen|schoen|wandelen|wandelschoen
ğŸ¥¿|ballerina|instapper|platte schoen|slip-on
ğŸ‘ |hak|kleding|schoen met hoge hak|vrouw
ğŸ‘¡|damessandaal|kleding|sandaal|schoen|vrouw
ğŸ©°|balletschoenen|dans
ğŸ‘¢|dameslaars|kleding|laars|schoen|vrouw
ğŸ‘‘|kleding|koningin|kroon
ğŸ‘’|dameshoed|hoed|kleding|vrouw
ğŸ©|hoed|hoge hoed|hoog|kleding
ğŸ“|academische baret|eindexamen|hoed|kleding|viering
ğŸ§¢|baseballcap|pet
ğŸª–|helm|legerhelm|militair|soldaat|vechter
â›‘ï¸|gezicht|helm van reddingswerker|hoed|hulp|kruis
ğŸ“¿|gebedssnoer|geloof|ketting|kleding|kralen
ğŸ’„|cosmetica|lippenstift|make-up
ğŸ’|diamant|ring
ğŸ’|diamant|edelsteen|juweel|romantiek
ğŸ”‡|dempen|luidspreker|speaker uit|stil|volume
ğŸ”ˆ|speaker|volume
ğŸ”‰|speaker aan
ğŸ”Š|luid|speaker luid
ğŸ“¢|luidspreker|toespraak
ğŸ“£|juichen|megafoon
ğŸ“¯|hoorn|posthoorn
ğŸ””|bel|klok
ğŸ”•|bel|doorgestreepte bel|geen|geluid uit|niet toegestaan|stil
ğŸ¼|muziek|notenschift|partituur
ğŸµ|muzieknoot|noot
ğŸ¶|muzieknoten|noot|noten
ğŸ™ï¸|microfoon|muziek|studiomicrofoon
ğŸšï¸|muziek|niveau|schuifregelaar
ğŸ›ï¸|bediening|controleknoppen|knoppen|muziek
ğŸ¤|karaoke|microfoon
ğŸ§|hoofdtelefoon|oordopje
ğŸ“»|muziek|radio
ğŸ·|instrument|muziek|saxofoon
ğŸª—|accordeon|bandoneon|concertina|trekzak
ğŸ¸|gitaar|instrument|muziek
ğŸ¹|instrument|keyboard|muziekinstrument|piano
ğŸº|instrument|muziek|trompet
ğŸ»|instrument|muziek|viool
ğŸª•|banjo|besnaard|muziek
ğŸ¥|drummen|muziek|trommelstokken
ğŸª˜|beat|conga|drummen|hoge trom|ritme
ğŸ“±|mobiele telefoon|telefoon
ğŸ“²|mobiel met pijl|mobiele telefoon|ontvangen|pijl|telefoon
â˜ï¸|telefoon
ğŸ“|hoorn|telefoonhoorn
ğŸ“Ÿ|pager
ğŸ“ |faxapparaat
ğŸ”‹|batterij
ğŸ”Œ|elektriciteit|elektrisch|stekker
ğŸ’»|computer|laptop|pc|personal computer
ğŸ–¥ï¸|computer|desktop
ğŸ–¨ï¸|computer|printer
ğŸ–±ï¸|computermuis
ğŸ–²ï¸|computer|trackball
ğŸ’½|computer|disk|harddisk|optisch
ğŸ’¾|diskette|floppydisk
ğŸ’¿|cd|computer|optische schijf|schijf
ğŸ“€|blu-ray|computer|dvd|optisch|schijf
ğŸ§®|abacus|berekenen|telraam
ğŸ¥|bioscoop|camera|filmcamera
ğŸï¸|bioscoop|filmframes|films|frames
ğŸ“½ï¸|bioscoop|filmprojector|projector|video
ğŸ¬|film|klapbord|klapper
ğŸ“º|beeld|televisie|tv
ğŸ“·|camera|video
ğŸ“¸|camera met flitser|flitser|video
ğŸ“¹|camera|videocamera
ğŸ“¼|band|vhs|videoband
ğŸ”|gereedschap|glas|vergrootglas naar links gericht|vergroten|zoeken
ğŸ”|gereedschap|glas|vergrootglas naar rechts gericht|vergroten|zoeken
ğŸ•¯ï¸|kaars|licht
ğŸ’¡|elektrisch|gloeilamp|idee|licht|strip
ğŸ”¦|elektrisch|lamp|licht|zaklamp|zaklantaarn
ğŸ®|bar|lantaarn|licht|rode papieren lantaarn|rood
ğŸª”|diya-lamp|lamp|olie
ğŸ“”|boek|notitieboekje|omslag|schrift|versierd
ğŸ“•|boek|gesloten
ğŸ“–|boek|geopend|open
ğŸ“—|boek|groen
ğŸ“˜|blauw|boek
ğŸ“™|boek|oranje
ğŸ“š|boeken
ğŸ““|notitieboek|schrift
ğŸ“’|grootboek|notitieboek|schrift
ğŸ“ƒ|document|krul|omkrullende pagina|pagina met krul
ğŸ“œ|papierrol|rol
ğŸ“„|document|pagina met bovenzijde omhoog
ğŸ“°|krant|nieuwsblad
ğŸ—ï¸|krant|nieuwsblad|opgerolde krant
ğŸ“‘|bladwijzertabs|markering|tabs
ğŸ”–|bladwijzer|markering
ğŸ·ï¸|label
ğŸ’°|dollar|geldzak|zak met geld
ğŸª™|geld|goud|metaal|munt|schat|zilver
ğŸ’´|bankbiljet|biljet|briefje|geld|valuta|yenbiljet
ğŸ’µ|bankbiljet|biljet|briefje|dollarbiljet|geld|valuta
ğŸ’¶|bankbiljet|biljet|briefje|eurobiljet|geld|valuta
ğŸ’·|bankbiljet|biljet|briefje|geld|pondbiljet|valuta
ğŸ’¸|bankbiljet|biljet|geld met vleugels|vleugels|vliegend geld
ğŸ’³|creditcard|geld|kaart|krediet
ğŸ§¾|administratie|bewijs|boekhouding|kassabon|kwitantie
ğŸ’¹|diagram|geld|grafiek|groei|stijgende grafiek met yenteken|yen
ğŸ“§|brief|e-mail|mail|post
ğŸ“¨|brief|e-mail|elektronische post|envelop|inkomende post|ontvangen
ğŸ“©|e-mail|elektronische post|envelop met pijl|pijl|uitgaand
ğŸ“¤|brief|mail|postvak uit|verzonden
ğŸ“¥|brief|mail|ontvangen|postvak in
ğŸ“¦|doos|pakketje
ğŸ“«|brievenbus|gesloten brievenbus met vlaggetje omhoog|postbus
ğŸ“ª|brievenbus|gesloten brievenbus met vlaggetje omlaag|omlaag|postbus
ğŸ“¬|brievenbus|open brievenbus met vlaggetje omhoog|postbus
ğŸ“­|brievenbus|omlaag|open brievenbus met vlaggetje omlaag|postbus
ğŸ“®|brievenbus|postbus
ğŸ—³ï¸|doos|stembus met stembiljet
âœï¸|potlood
ğŸ–‹ï¸|pen|vulpen
ğŸ–Šï¸|ballpoint|balpen|pen
ğŸ–Œï¸|kwast|schilderen
ğŸ–ï¸|krijtje
ğŸ“|memo|potlood
ğŸ’¼|aktentas
ğŸ“|bestandsmap|map
ğŸ“‚|bestand|geopende map|map|open
ğŸ—‚ï¸|index|kaart|tabbladen
ğŸ“…|datum|kalender
ğŸ“†|kalender|scheurkalender
ğŸ—’ï¸|notitie|schrijfblok met spiraal|spiraal
ğŸ—“ï¸|blok|kalender met spiraal|spiraal
ğŸ“‡|index|kaartindex|rolodex
ğŸ“ˆ|diagram|grafiek met stijgende trend|stijgende trend
ğŸ“‰|dalende trend|diagram|grafiek met dalende trend
ğŸ“Š|diagram|grafiek|staafdiagram
ğŸ“‹|klembord
ğŸ“Œ|punaise|speld
ğŸ“|kopspeld|ronde speld|speld
ğŸ“|clip|paperclip
ğŸ–‡ï¸|aan elkaar|paperclip|twee paperclips aan elkaar
ğŸ“|liniaal|rechte lijn
ğŸ“|driehoek|geodriehoek|liniaal
ğŸ—ƒï¸|archief|bak|kaartenbak
ğŸ—„ï¸|archiefkast|kast
ğŸ—‘ï¸|prullenmand
ğŸ”’|gesloten slot|slot
ğŸ”“|geopend hangslot|openen
ğŸ”|inkt|pen|privacy|slot met pen|vulpen
ğŸ”|beveiligd|gesloten slot met sleutel|sleutel|slok
ğŸ”‘|beveiligd|sleutel|wachtwoord
ğŸ—ï¸|aanwijzing|oude sleutel|sleutel|slot
ğŸ”¨|gereedschap|hamer
ğŸª“|bijl|hakken|hout|splijten
â›ï¸|gereedschap|mijnbouw|pikhouweel
ğŸ› ï¸|gereedschap|hamer en moersleutel|moersleutel
ğŸ—¡ï¸|dolk|mes|wapen
ğŸ”«|blaffer|gereedschap|pistool|revolver|vuurwapen|wapen|waterpistool
ğŸªƒ|australiÃ«|boemerang|reactie|terugslag
ğŸ¹|boogschutter|pijl en boog|wapen
ğŸ›¡ï¸|schild|wapen
ğŸªš|gereedschap|houtzaag|timmerman|zaag
ğŸ”§|gereedschap|moersleutel|schroefsleutel
ğŸª›|gereedschap|schroef|schroevendraaier
ğŸ”©|bout en moer|gereedschap|moer
ğŸ—œï¸|bankschroef|gereedschap|lijmklem|samendrukken
ğŸ¦¯|blind|taststok|toegankelijkheid
ğŸ”—|schakels|twee ringen
â›“ï¸|kettingen
ğŸª|aanbeveling|bocht|haak|kronkel|vangen|verstrikken
ğŸ§°|gereedschapskist|kist|monteur
ğŸ§²|aantrekkingskracht|hoefijzer|magneet|magnetisch
ğŸªœ|klimmen|ladder|sport|trede
ğŸ§ª|experiment|laboratorium|reageerbuis|scheikunde|scheikundige|wetenschap
ğŸ§«|bacterie|biologie|bioloog|cultuur|laboratorium|petrischaal
ğŸ§¬|bioloog|dna|evolutie|genetica|leven
ğŸ”¬|gereedschap|microscoop|wetenschap
ğŸ”­|gereedschap|telescoop|wetenschap
ğŸ“¡|antenne|satellietschotel|schotel
ğŸ’‰|geneeskunde|injectiespuit|naald|ziek
ğŸ©¸|bloeddonor|bloeddruppel|bloeden|geneeskunde|menstruatie|verwonding
ğŸ’Š|dokter|geneeskunde|pil|ziek
ğŸ©¹|pleister|verband
ğŸ©º|dokter|geneeskunde|hart|steÂ­thoÂ­scoop
ğŸšª|deur
ğŸ›—|hijstoestel|lift|personenlift|toegankelijkheid
ğŸª|reflector|speculum|spiegel|weerspiegeling
ğŸªŸ|doorzichtig|frisse lucht|kozijn|opening|raam|uitzicht
ğŸ›ï¸|bed|hotel|slapen
ğŸ›‹ï¸|bank en lamp|hotel|lamp
ğŸª‘|hoge stoel|stoel|zitten
ğŸš½|toilet|wc
ğŸª |loodgieter|ontstopper|toilet|zuiger|zuigkracht
ğŸš¿|douche|water
ğŸ›|badkuip
ğŸª¤|aas|muizenval|strik|valstrik
ğŸª’|scheermes|scheren|scherp
ğŸ§´|hydraterende lotion|lotionfles|shampoo|zonnebrandolie
ğŸ§·|luier|punk|veiligheidsspeld
ğŸ§¹|bezem|heks|schoonmaken|vegen
ğŸ§º|mand|oogsten|picknick|wasgoed
ğŸ§»|keukenrol|rol papier|wc-rol
ğŸª£|aker|emmer|putemmer|vat
ğŸ§¼|baden|schoonmaken|schuim|stuk zeep|zeephouder
ğŸª¥|badkamer|hygiÃ«ne|poetsen|reinigen|tandenborstel
ğŸ§½|absorberend|poreus|schoonmaken|spons
ğŸ§¯|blussen|brandblusapparaat|doven|vuur
ğŸ›’|shoppen|wagentje|winkelen|winkelwagen
ğŸš¬|roken|sigaret
âš°ï¸|doodskist
ğŸª¦|begraafplaats|grafsteen|grafzerk|kerkhof
âš±ï¸|as|begrafenis|dood|urn
ğŸ—¿|gezicht|moai-beeld|standbeeld
ğŸª§|bord|demonstratie|plakkaat|poster|protest
ğŸ§|automaat|pinautomaat|pinnen
ğŸš®|afval|prullenbaksymbool
ğŸš°|drinkwatersymbool
â™¿|rolstoelsymbool|toegang
ğŸš¹|herentoilet|man|toilet|wc
ğŸšº|damestoilet|toilet|vrouw|wc
ğŸš»|toiletten|wc
ğŸš¼|baby aan boord|babyruimte|babysymbool
ğŸš¾|toilet|wasgelegenheid|water|wc
ğŸ›‚|controle|paspoortcontrole
ğŸ›ƒ|douane
ğŸ›„|bagage afhalen
ğŸ›…|bagagekluis|bagageservice|koffers
âš ï¸|waarschuwing
ğŸš¸|kind|oversteekplaats|overstekende kinderen|verkeer|voetganger
â›”|geen toegang|nee|symbool|verboden toegang
ğŸš«|nee|niet toegestaan|toegang|verboden
ğŸš³|fietsen|geen fietsen|nee|niet toegestaan|verboden
ğŸš­|nee|niet toegestaan|roken|verboden
ğŸš¯|afval|geen afval weggooien|nee|niet toegestaan|verboden
ğŸš±|geen drinkwater|niet drinken|water
ğŸš·|geen voetgangers|nee|niet toegestaan|verboden|voetganger
ğŸ“µ|geen mobiele telefoon|mobiele telefoon|nee|telefoon|verboden
ğŸ”|18|achttien|leeftijdsbeperking|minderjarig|niemand onder de 18|niemand onder de achttien|verboden
â¬†ï¸|noord|pijl omhoog|richting|windrichting
â¡ï¸|oost|pijl naar rechts|richting|windrichting
â¬‡ï¸|omlaag|pijl|richting|windrichting|zuid
â¬…ï¸|pijl naar links|richting|west|windrichting
â†©ï¸|pijl naar rechts die naar links draait
â†ªï¸|pijl naar links die naar rechts draait
ğŸ”ƒ|met de klok mee|opnieuw laden|pijl|verticale pijlen met de klok mee
ğŸ”„|achteruit|in tegengestelde richting|pijlen tegen de klok in|tegen de klok in
ğŸ”™|back-pijl|pijl|terug
ğŸ”š|einde|end-pijl|pijl
ğŸ”›|aan|on!-pijl|pijl|teken
ğŸ”œ|binnenkort|pijl|soon-pijl
ğŸ”|bovenkant|omhoog|pijl|top-pijl
ğŸ›|bidden|gebedsruimte|religie
âš›ï¸|atheÃ¯st|atoomsymbool
ğŸ•‰ï¸|hindoeÃ¯sme|om-symbool|religie
â˜¯ï¸|religie|taoÃ¯st|yang|yin en yang
âœï¸|christelijk kruis|christendom|kruis|religie
â˜ªï¸|islam|moslim|religie|wassende maan en ster
â˜®ï¸|vredessymbool
ğŸ•|kandelaar|kandelaber|menora|religie
ğŸ”¯|ster|waarzeggen|zespuntige ster
â™Š|dierenriem|gemini|tweelingen (sterrenbeeld)
â™‹|cancer|dierenriem|kreeft (sterrenbeeld)
â™Œ|dierenriem|leeuw (sterrenbeeld)|leo
â™|dierenriem|maagd (sterrenbeeld)|virgo
â™|balans|dierenriem|gerechtigheid|libra|weegschaal (sterrenbeeld)
â™|dierenriem|schorpioen (sterrenbeeld)|scorpio|scorpius
â›|dierenriem|drager|ophiuchus|serpent|slangendrager (sterrenbeeld)
ğŸ”€|gekruist|knop voor shuffle|pijl
ğŸ”|herhalen|knop voor herhalen|met de klok mee|pijl
ğŸ”‚|eenmaal|knop voor Ã©Ã©n herhalen|met de klok mee|pijl
â–¶ï¸|afspelen|driehoek|knop voor afspelen|pijl|rechts
â©|dubbel|knop voor snel vooruitspoelen|pijl|snel|vooruit
â­ï¸|driehoek|knop voor volgende nummer|pijl|volgend nummer|volgende scÃ¨ne
â¯ï¸|afspelen|driehoek|knop voor afspelen of pauzeren|pauzeren|pijl|rechts
â—€ï¸|driehoek|knop voor terugspoelen|links|pijl|terugspoelen
âª|dubbele pijl links|knop voor versneld terugspoelen|links|pijl|terugspoelen
â®ï¸|driehoek|knop voor vorige nummer|pijl|vorige nummer|vorige scÃ¨ne
ğŸ”¼|knop voor omhoog|pijl|rood
â«|dubbel|knop voor versneld omhoog|pijl
ğŸ”½|knop voor omlaag|omlaag|pijl|rood
â¬|dubbel|knop voor versneld omlaag|omlaag|pijl
â¸ï¸|dubbel|pauzeknop|pauzeren|streep|verticaal
â¹ï¸|knop voor stoppen|stoppen|vierkant
âºï¸|knop voor opnemen|opnemen|rondje
âï¸|knop voor uitwerpen|uitwerpen
ğŸ¦|bioscoop|camera|filmen|knop voor filmen
ğŸ”…|dimmen|helderheid|knop voor lagere helderheid|laag
ğŸ”†|helderheid|knop voor hogere helderheid
ğŸ“¶|antenne|mobiel signaal|mobiele telefoon|streep|telefoon
ğŸ“³|mobiele telefoon|modus|telefoon|trilstand
ğŸ“´|mobiele telefoon uit|telefoon|uit
âš§ï¸|transgendersymbool
â™¾ï¸|eeuwig|grenzeloos|oneindig|universeel
â€¼ï¸|!!|dubbel uitroepteken|interpunctie|teken|uitroep
ğŸ’±|geld|valuta|wisselen
ğŸ’²|dollarteken|geld|vetgedrukt dollarteken
â™»ï¸|recycling-symbool
âšœï¸|fleur de lis|franse lelie
ğŸ”±|anker|drietand-symbool|gereedschap|schip|symbool
ğŸ“›|kaartje|naamkaartje
ğŸ”°|beginner|blad|chevron|japans symbool voor beginner
â­•|cirkel|groot|lege rode cirkel|o|rood
âŒ|Ã—|annuleren|kruisteken|teken|vermenigvuldigen|vermenigvuldiging|x
â|Ã—|knop voor kruis|teken|vierkant|x
â°|gedraaid|gekrulde lus|lus
â¿|dubbele gekrulde lus|krul|lus
ã€½ï¸|markering|rolwisselingsmarkering|teken
ğŸ” |abcd|hoofdletters|invoeren|latijns|letters
ğŸ”¡|abcd|invoeren|kleine letters|latijns|letters
ğŸ”¢|1234|cijfers|invoeren
ğŸ”£|ã€’â™ª&%|invoeren|symbolen
ğŸ”¤|abc|alfabet|invoeren|latijns|letters
ğŸ…°ï¸|a|bloedgroep a
ğŸ†|ab|bloedgroep ab
ğŸ…±ï¸|bloedgroep b
ğŸ†‘|cl-knop
ğŸ†’|cool-knop
ğŸ†“|free-knop|gratis
ğŸ†”|id-knop|identiteit
â“‚ï¸|cirkel|m in cirkel
ğŸ†•|new-knop|nieuw
ğŸ†–|ng-knop
ğŸ…¾ï¸|bloedgroep o|o
ğŸ†—|ok-knop
ğŸ…¿ï¸|p-knop|parkeerplaats
ğŸ†˜|help|sos-knop
ğŸ†™|omhoog|teken|up!-knop
ğŸ†š|versus|vs-knop
ğŸˆ|â€˜hierâ€™|japans teken voor â€˜hierâ€™|japans woordteken voor â€˜hierâ€™|katakana|ã‚³ã‚³
ğŸˆ‚ï¸|â€˜dienstenheffingâ€™|japans teken voor â€˜dienstâ€™|japans teken voor â€˜dienstenheffingâ€™|katakana|ã‚µ
ğŸˆ·ï¸|â€˜maandelijks bedragâ€™|ideogram|japans teken voor â€˜maandelijks bedragâ€™|æœˆ
ğŸˆ¶|â€˜niet gratisâ€™|ideogram|japans teken voor â€˜niet gratisâ€™|æœ‰
ğŸˆ¯|â€˜gereserveerdâ€™|ideogram|japans teken voor â€˜gereserveerdâ€™|æŒ‡
ğŸ‰|â€˜koopjeâ€™|ideogram|japans teken voor â€˜koopjeâ€™|å¾—
ğŸˆ¹|â€˜kortingâ€™|ideogram|japans teken voor â€˜kortingâ€™|å‰²
ğŸˆš|â€˜gratisâ€™|ideogram|japans teken voor â€˜gratisâ€™|ç„¡
ğŸˆ²|â€˜verbodenâ€™|ideogram|japans teken voor â€˜verbodenâ€™|ç¦
ğŸ‰‘|â€˜acceptabelâ€™|ideogram|japans teken voor â€˜acceptabelâ€™|å¯
ğŸˆ¸|â€˜toepassingâ€™|ideogram|japans teken voor â€˜toepassingâ€™|ç”³
ğŸˆ´|â€˜voldoende (cijfer)â€˜|ideogram|japans teken voor â€˜voldoende (cijfer)â€˜|åˆ
ğŸˆ³|â€˜plaats vrijâ€™|ideogram|japans teken voor â€˜plaats vrijâ€™|ç©º
ğŸˆº|â€˜geopendâ€™|ideogram|japans teken voor â€˜geopendâ€™|å–¶
ğŸˆµ|â€˜vol, geen plaatsâ€™|ideogram|japans teken voor â€˜vol, geen plaatsâ€™|æº€
ğŸ”´|cirkel|geometrisch|rode cirkel|rood
ğŸŸ |cirkel|oranje
ğŸŸ¡|cirkel|geel|gele cirkel
ğŸŸ¢|cirkel|groene cirkel
ğŸ”µ|blauwe cirkel|cirkel|geometrisch
ğŸŸ£|cirkel|paarse cirkel
ğŸŸ¤|bruine cirkel|cirkel
âš«|cirkel|geometrisch|zwarte cirkel
âšª|cirkel|geometrisch|witte cirkel
ğŸŸ¥|rood|vierkant
ğŸŸ§|oranje|vierkant
ğŸŸ¨|geel|vierkant
ğŸŸ©|groen|vierkant
ğŸŸ¦|blauw|vierkant
ğŸŸª|paars|vierkant
ğŸŸ«|bruin|vierkant
â¬›|geometrisch|groot zwart vierkant|vierkant
â¬œ|geometrisch|groot wit vierkant|vierkant
â—¼ï¸|geometrisch|middelgroot zwart vierkant|vierkant
â—»ï¸|middelgroot|vierkant|wit
â—¾|geometrisch|klein tot middelgroot zwart vierkant|vierkant
â—½|klein tot middelgroot wit vierkant|redelijk klein|vierkant|wit
â–ªï¸|geometrisch|klein zwart vierkant|vierkant
â–«ï¸|geometrisch|klein wit vierkant|vierkant
ğŸ”¶|geometrisch|grote oranje ruit|oranje|ruit
ğŸ”·|blauw|geometrisch|grote blauwe ruit|ruit
ğŸ”¸|geometrisch|kleine oranje ruit|oranje|ruit
ğŸ”¹|blauw|geometrisch|kleine blauwe ruit|ruit
ğŸ”º|geometrisch|rode omhoogwijzende driehoek|rood
ğŸ”»|geometrisch|omlaag|rode omlaagwijzende driehoek|rood
ğŸ’ |binnen|geometrisch|ruitvorm met stip erin|strip
ğŸ”˜|geometrisch|keuzerondje|rondje
ğŸ”³|geometrisch|knop|omlijnd|vierkant|witte vierkante knop
ğŸ”²|geometrisch|knop|vierkant|zwarte vierkante knop
ğŸ|geblokte vlag|racen
ğŸš©|driehoekige vlag|locatie
ğŸŒ|feest|gekruiste vlaggen|japans|kruis
ğŸ´|vlag|zwarte vlag
ğŸ³ï¸|vlag|witte vlag
ğŸ³ï¸â€ğŸŒˆ|regenboogvlag|vlag
ğŸ³ï¸â€âš§ï¸|lichtblauw|roze|transgendervlag|vlag|wit
ğŸ´â€â˜ ï¸|jolly roger|piraat|piratenvlag|plunderen|schat
ğŸ‡¦ğŸ‡©|andorra
ğŸ‡¦ğŸ‡ª|verenigde arabische emiraten
ğŸ‡¦ğŸ‡«|afghanistan
ğŸ‡¦ğŸ‡¬|antigua en barbuda
ğŸ‡¦ğŸ‡®|anguilla
ğŸ‡¦ğŸ‡±|albaniÃ«
ğŸ‡¦ğŸ‡²|armeniÃ«
ğŸ‡¦ğŸ‡´|angola
ğŸ‡¦ğŸ‡¶|antarctica
ğŸ‡¦ğŸ‡·|argentiniÃ«
ğŸ‡¦ğŸ‡¸|amerikaans-samoa
ğŸ‡¦ğŸ‡¹|oostenrijk
ğŸ‡¦ğŸ‡º|australiÃ«
ğŸ‡¦ğŸ‡¼|aruba
ğŸ‡¦ğŸ‡½|Ã¥land
ğŸ‡¦ğŸ‡¿|azerbeidzjan
ğŸ‡§ğŸ‡¦|bosniÃ« en herzegovina
ğŸ‡§ğŸ‡§|barbados
ğŸ‡§ğŸ‡©|bangladesh
ğŸ‡§ğŸ‡ª|belgiÃ«
ğŸ‡§ğŸ‡«|burkina faso
ğŸ‡§ğŸ‡¬|bulgarije
ğŸ‡§ğŸ‡­|bahrein
ğŸ‡§ğŸ‡®|burundi
ğŸ‡§ğŸ‡¯|benin
ğŸ‡§ğŸ‡±|saint-barthÃ©lemy
ğŸ‡§ğŸ‡²|bermuda
ğŸ‡§ğŸ‡³|brunei
ğŸ‡§ğŸ‡´|bolivia
ğŸ‡§ğŸ‡¶|caribisch nederland
ğŸ‡§ğŸ‡·|braziliÃ«
ğŸ‡§ğŸ‡¸|bahamaâ€™s
ğŸ‡§ğŸ‡¹|bhutan
ğŸ‡§ğŸ‡¼|botswana
ğŸ‡§ğŸ‡¾|belarus
ğŸ‡§ğŸ‡¿|belize
ğŸ‡¨ğŸ‡¦|canada
ğŸ‡¨ğŸ‡¨|cocoseilanden
ğŸ‡¨ğŸ‡©|congo-kinshasa
ğŸ‡¨ğŸ‡«|centraal-afrikaanse republiek
ğŸ‡¨ğŸ‡¬|congo-brazzaville
ğŸ‡¨ğŸ‡­|zwitserland
ğŸ‡¨ğŸ‡®|ivoorkust
ğŸ‡¨ğŸ‡°|cookeilanden
ğŸ‡¨ğŸ‡±|chili
ğŸ‡¨ğŸ‡²|kameroen
ğŸ‡¨ğŸ‡³|china
ğŸ‡¨ğŸ‡´|colombia
ğŸ‡¨ğŸ‡·|costa rica
ğŸ‡¨ğŸ‡º|cuba
ğŸ‡¨ğŸ‡»|kaapverdiÃ«
ğŸ‡¨ğŸ‡¼|curaÃ§ao
ğŸ‡¨ğŸ‡½|christmaseiland
ğŸ‡¨ğŸ‡¾|cyprus
ğŸ‡¨ğŸ‡¿|tsjechiÃ«
ğŸ‡©ğŸ‡ª|duitsland
ğŸ‡©ğŸ‡¯|djibouti
ğŸ‡©ğŸ‡°|denemarken
ğŸ‡©ğŸ‡²|dominica
ğŸ‡©ğŸ‡´|dominicaanse republiek
ğŸ‡©ğŸ‡¿|algerije
ğŸ‡ªğŸ‡¨|ecuador
ğŸ‡ªğŸ‡ª|estland
ğŸ‡ªğŸ‡¬|egypte
ğŸ‡ªğŸ‡­|westelijke sahara
ğŸ‡ªğŸ‡·|eritrea
ğŸ‡ªğŸ‡¸|spanje
ğŸ‡ªğŸ‡¹|ethiopiÃ«
ğŸ‡ªğŸ‡º|europese unie
ğŸ‡«ğŸ‡®|finland
ğŸ‡«ğŸ‡¯|fiji
ğŸ‡«ğŸ‡°|falklandeilanden
ğŸ‡«ğŸ‡²|micronesia
ğŸ‡«ğŸ‡´|faerÃ¶er
ğŸ‡«ğŸ‡·|frankrijk
ğŸ‡¬ğŸ‡¦|gabon
ğŸ‡¬ğŸ‡§|verenigd koninkrijk
ğŸ‡¬ğŸ‡©|grenada
ğŸ‡¬ğŸ‡ª|georgiÃ«
ğŸ‡¬ğŸ‡«|frans-guyana
ğŸ‡¬ğŸ‡¬|guernsey
ğŸ‡¬ğŸ‡­|ghana
ğŸ‡¬ğŸ‡®|gibraltar
ğŸ‡¬ğŸ‡±|groenland
ğŸ‡¬ğŸ‡²|gambia
ğŸ‡¬ğŸ‡³|guinee
ğŸ‡¬ğŸ‡µ|guadeloupe
ğŸ‡¬ğŸ‡¶|equatoriaal-guinea
ğŸ‡¬ğŸ‡·|griekenland
ğŸ‡¬ğŸ‡¸|zuid-georgia en zuidelijke sandwicheilanden
ğŸ‡¬ğŸ‡¹|guatemala
ğŸ‡¬ğŸ‡º|guam
ğŸ‡¬ğŸ‡¼|guinee-bissau
ğŸ‡¬ğŸ‡¾|guyana
ğŸ‡­ğŸ‡°|hongkong sar van china
ğŸ‡­ğŸ‡³|honduras
ğŸ‡­ğŸ‡·|kroatiÃ«
ğŸ‡­ğŸ‡¹|haÃ¯ti
ğŸ‡­ğŸ‡º|hongarije
ğŸ‡®ğŸ‡¨|canarische eilanden
ğŸ‡®ğŸ‡©|indonesiÃ«
ğŸ‡®ğŸ‡ª|ierland
ğŸ‡®ğŸ‡±|israÃ«l
ğŸ‡®ğŸ‡²|isle of man
ğŸ‡®ğŸ‡³|india
ğŸ‡®ğŸ‡´|brits indische oceaanterritorium
ğŸ‡®ğŸ‡¶|irak
ğŸ‡®ğŸ‡·|iran
ğŸ‡®ğŸ‡¸|ijsland
ğŸ‡®ğŸ‡¹|italiÃ«
ğŸ‡¯ğŸ‡ª|jersey
ğŸ‡¯ğŸ‡²|jamaica
ğŸ‡¯ğŸ‡´|jordaniÃ«
ğŸ‡¯ğŸ‡µ|japan
ğŸ‡°ğŸ‡ª|kenia
ğŸ‡°ğŸ‡¬|kirgiziÃ«
ğŸ‡°ğŸ‡­|cambodja
ğŸ‡°ğŸ‡®|kiribati
ğŸ‡°ğŸ‡²|comoren
ğŸ‡°ğŸ‡³|saint kitts en nevis
ğŸ‡°ğŸ‡µ|noord-korea
ğŸ‡°ğŸ‡·|zuid-korea
ğŸ‡°ğŸ‡¼|koeweit
ğŸ‡°ğŸ‡¾|kaaimaneilanden
ğŸ‡°ğŸ‡¿|kazachstan
ğŸ‡±ğŸ‡¦|laos
ğŸ‡±ğŸ‡§|libanon
ğŸ‡±ğŸ‡¨|saint lucia
ğŸ‡±ğŸ‡®|liechtenstein
ğŸ‡±ğŸ‡°|sri lanka
ğŸ‡±ğŸ‡·|liberia
ğŸ‡±ğŸ‡¸|lesotho
ğŸ‡±ğŸ‡¹|litouwen
ğŸ‡±ğŸ‡º|luxemburg
ğŸ‡±ğŸ‡»|letland
ğŸ‡±ğŸ‡¾|libiÃ«
ğŸ‡²ğŸ‡¦|marokko
ğŸ‡²ğŸ‡¨|monaco
ğŸ‡²ğŸ‡©|moldaviÃ«
ğŸ‡²ğŸ‡ª|montenegro
ğŸ‡²ğŸ‡¬|madagaskar
ğŸ‡²ğŸ‡­|marshalleilanden
ğŸ‡²ğŸ‡°|noord-macedoniÃ«
ğŸ‡²ğŸ‡±|mali
ğŸ‡²ğŸ‡²|myanmar (birma)
ğŸ‡²ğŸ‡³|mongoliÃ«
ğŸ‡²ğŸ‡´|macau sar van china
ğŸ‡²ğŸ‡µ|noordelijke marianen
ğŸ‡²ğŸ‡¶|martinique
ğŸ‡²ğŸ‡·|mauritaniÃ«
ğŸ‡²ğŸ‡¸|montserrat
ğŸ‡²ğŸ‡¹|malta
ğŸ‡²ğŸ‡º|mauritius
ğŸ‡²ğŸ‡»|maldiven
ğŸ‡²ğŸ‡¼|malawi
ğŸ‡²ğŸ‡½|mexico
ğŸ‡²ğŸ‡¾|maleisiÃ«
ğŸ‡²ğŸ‡¿|mozambique
ğŸ‡³ğŸ‡¦|namibiÃ«
ğŸ‡³ğŸ‡¨|nieuw-caledoniÃ«
ğŸ‡³ğŸ‡ª|niger
ğŸ‡³ğŸ‡«|norfolk
ğŸ‡³ğŸ‡¬|nigeria
ğŸ‡³ğŸ‡®|nicaragua
ğŸ‡³ğŸ‡±|nederland
ğŸ‡³ğŸ‡´|noorwegen
ğŸ‡³ğŸ‡µ|nepal
ğŸ‡³ğŸ‡·|nauru
ğŸ‡³ğŸ‡º|niue
ğŸ‡³ğŸ‡¿|nieuw-zeeland
ğŸ‡´ğŸ‡²|oman
ğŸ‡µğŸ‡¦|panama
ğŸ‡µğŸ‡ª|peru
ğŸ‡µğŸ‡«|frans-polynesiÃ«
ğŸ‡µğŸ‡¬|papoea-nieuw-guinea
ğŸ‡µğŸ‡­|filipijnen
ğŸ‡µğŸ‡°|pakistan
ğŸ‡µğŸ‡±|polen
ğŸ‡µğŸ‡²|saint-pierre en miquelon
ğŸ‡µğŸ‡³|pitcairneilanden
ğŸ‡µğŸ‡·|puerto rico
ğŸ‡µğŸ‡¸|palestijnse gebieden
ğŸ‡µğŸ‡¹|portugal
ğŸ‡µğŸ‡¼|palau
ğŸ‡µğŸ‡¾|paraguay
ğŸ‡¶ğŸ‡¦|qatar
ğŸ‡·ğŸ‡ª|rÃ©union
ğŸ‡·ğŸ‡´|roemeniÃ«
ğŸ‡·ğŸ‡¸|serviÃ«
ğŸ‡·ğŸ‡º|rusland
ğŸ‡·ğŸ‡¼|rwanda
ğŸ‡¸ğŸ‡¦|saoedi-arabiÃ«
ğŸ‡¸ğŸ‡§|salomonseilanden
ğŸ‡¸ğŸ‡¨|seychellen
ğŸ‡¸ğŸ‡©|soedan
ğŸ‡¸ğŸ‡ª|zweden
ğŸ‡¸ğŸ‡¬|singapore
ğŸ‡¸ğŸ‡­|sint-helena
ğŸ‡¸ğŸ‡®|sloveniÃ«
ğŸ‡¸ğŸ‡°|slowakije
ğŸ‡¸ğŸ‡±|sierra leone
ğŸ‡¸ğŸ‡²|san marino
ğŸ‡¸ğŸ‡³|senegal
ğŸ‡¸ğŸ‡´|somaliÃ«
ğŸ‡¸ğŸ‡·|suriname
ğŸ‡¸ğŸ‡¸|zuid-soedan
ğŸ‡¸ğŸ‡¹|sao tomÃ© en principe
ğŸ‡¸ğŸ‡»|el salvador
ğŸ‡¸ğŸ‡½|sint-maarten
ğŸ‡¸ğŸ‡¾|syriÃ«
ğŸ‡¸ğŸ‡¿|eswatini
ğŸ‡¹ğŸ‡¨|turks- en caicoseilanden
ğŸ‡¹ğŸ‡©|tsjaad
ğŸ‡¹ğŸ‡«|franse gebieden in de zuidelijke indische oceaan
ğŸ‡¹ğŸ‡¬|togo
ğŸ‡¹ğŸ‡­|thailand
ğŸ‡¹ğŸ‡¯|tadzjikistan
ğŸ‡¹ğŸ‡°|tokelau
ğŸ‡¹ğŸ‡±|oost-timor
ğŸ‡¹ğŸ‡²|turkmenistan
ğŸ‡¹ğŸ‡³|tunesiÃ«
ğŸ‡¹ğŸ‡´|tonga
ğŸ‡¹ğŸ‡·|turkije
ğŸ‡¹ğŸ‡¹|trinidad en tobago
ğŸ‡¹ğŸ‡»|tuvalu
ğŸ‡¹ğŸ‡¼|taiwan
ğŸ‡¹ğŸ‡¿|tanzania
ğŸ‡ºğŸ‡¦|oekraÃ¯ne
ğŸ‡ºğŸ‡¬|oeganda
ğŸ‡ºğŸ‡¸|verenigde staten
ğŸ‡ºğŸ‡¾|uruguay
ğŸ‡ºğŸ‡¿|oezbekistan
ğŸ‡»ğŸ‡¦|vaticaanstad
ğŸ‡»ğŸ‡¨|saint vincent en de grenadines
ğŸ‡»ğŸ‡ª|venezuela
ğŸ‡»ğŸ‡¬|britse maagdeneilanden
ğŸ‡»ğŸ‡®|amerikaanse maagdeneilanden
ğŸ‡»ğŸ‡³|vietnam
ğŸ‡»ğŸ‡º|vanuatu
ğŸ‡¼ğŸ‡«|wallis en futuna
ğŸ‡¼ğŸ‡¸|samoa
ğŸ‡½ğŸ‡°|kosovo
ğŸ‡¾ğŸ‡ª|jemen
ğŸ‡¾ğŸ‡¹|mayotte
ğŸ‡¿ğŸ‡¦|zuid-afrika
ğŸ‡¿ğŸ‡²|zambia
ğŸ‡¿ğŸ‡¼|zimbabwe
ğŸ´ó §ó ¢ó ¥ó ®ó §ó ¿|engeland
ğŸ´ó §ó ¢ó ³ó £ó ´ó ¿|schotland
ğŸ´ó §ó ¢ó ·ó ¬ó ³ó ¿|wales