â‰ï¸|!?|?|interrobang|spÃ¸rsmÃ¥lstegn|tegnsetting|utropstegn og spÃ¸rsmÃ¥lstegn
â„¹ï¸|informasjon
â†”ï¸|pil venstre-hÃ¸yre
â†•ï¸|pil opp og ned
â†–ï¸|nordvest|pil opp-venstre|retning
â†—ï¸|nordÃ¸st|pil opp-hÃ¸yre|retning
â†˜ï¸|pil ned-hÃ¸yre|retning|sÃ¸rÃ¸st
â†™ï¸|pil ned-venstre|retning|sÃ¸rvest
âŒ¨ï¸|datamaskin|tastatur
â˜€ï¸|lyst|solfylt|strÃ¥ler|vÃ¦r|verdensrommet
â˜ï¸|sky|vÃ¦r
â˜‚ï¸|klÃ¦r|paraply|regn|vÃ¦r
â˜ƒï¸|kaldt|snÃ¸mann|vÃ¦r
â˜„ï¸|komet|verdensrommet
â˜‘ï¸|âœ“|avkrysset boks|boks med hakemerke|hakemerke
â˜”|drÃ¥pe|klÃ¦r|paraply med regndrÃ¥per|regn|vÃ¦r
â˜•|drikke|kaffe|rykende|te|varm
â˜˜ï¸|klÃ¸ver|plante|treklÃ¸ver
â˜ ï¸|bein|dÃ¸dningehode|fjes|hodeskalle|monster
â˜¢ï¸|radioaktivitet|radioaktivt
â˜£ï¸|advarsel|biologisk fare|farlig biologisk materiale|skilt
â˜¦ï¸|kors|kristen|ortodokst kors|religion
â˜¸ï¸|buddhist|dharmachakra|dharmas hjul|hjul|religion
â˜¹ï¸|fjes|surt fjes|trist
â™ˆ|stjernetegn|vÃ¦ren
â™‰|okse|stjernetegn|tyren
â™|bueskytter|skytten|stjernetegn
â™‘|geit|steinbukken|stjernetegn
â™’|stjernetegn|vannmannen
â™“|fiskene|stjernetegn
â™ ï¸|farge|kort|spar|spill
â™£ï¸|farge|klÃ¸ver|kort|spill
â™¥ï¸|farge|hjerter|kort|spill
â™¦ï¸|diamant|farge|kort|ruter|spill
â™¨ï¸|kilder|rykende|vame kilder|varme kilder
âš’ï¸|hakke|hammer og hakke|verktÃ¸y
âš“|anker|bÃ¥t|skip|verktÃ¸y
âš”ï¸|kryss|sverd i kryss|vÃ¥pen
âš–ï¸|balanse|likearmet skÃ¥lvekt|rettferdighet|stjernetegn|vekten|verktÃ¸y
âš—ï¸|destillasjonskolbe|destillerkolbe|kjemi|verktÃ¸y
âš™ï¸|del|tannhjul|verktÃ¸y
âœ‚ï¸|klippe|saks|verktÃ¸y
âœ…|âœ“|avkryssing|avmerking|hakemerke i firkant
âœˆï¸|fly|fremkomstmiddel
âœ‰ï¸|brev|e-post|konvolutt
âœ’ï¸|pennespiss|svart pennesplitt
âœ”ï¸|âœ“|hakemerke|merke
âœ–ï¸|Ã—|avbryt|gangetegn|matte|multiplikasjon|multiplisere|x
âœ¡ï¸|davidstjerne|jÃ¸de|jÃ¸disk|religion|stjerne
âœ¨|*|glitrende|skinnende|stjerner
âœ³ï¸|*|asterisk med Ã¥tte spisser|stjerne
âœ´ï¸|*|Ã¥ttetagget stjerne|stjerne
â„ï¸|kaldt|snÃ¸fnugg|vÃ¦r
â‡ï¸|*|gnist
â“|?|rÃ¸dt spÃ¸rsmÃ¥lstegn|spÃ¸rsmÃ¥lstegn
â”|?|hvitt spÃ¸rsmÃ¥lstegn|spÃ¸rsmÃ¥l
â•|!|hvitt utropstegn|utrop
â—|!|rÃ¸dt utropstegn|tegnsetting|utropstegn
â£ï¸|tegnsetting|utropstegn med hjerte
â¤ï¸|hjerte|rÃ¸dt hjerte
â•|+|addisjon|fortegn|matte|plusstegn|positivt
â–|-|âˆ’|fortegn|matte|minustegn|negativt|subtraksjon
â—|Ã·|deletegn|deling|divisjonstegn|matte
â¤´ï¸|pil som bÃ¸yer opp
â¤µï¸|ned|pil som bÃ¸yer ned
ã€°ï¸|bÃ¸lgestrek|bÃ¸lget bindestrek|tegn for lang lyd
ãŠ—ï¸|Â«gratulererÂ» pÃ¥ japansk|gratulerer|ideograf|japansk|ç¥
ãŠ™ï¸|Â«hemmeligÂ» pÃ¥ japansk|hemmelig|ideograf|japansk|ç§˜
ğŸ¥¹|fjes som holder tilbake tÃ¥rene|grÃ¥te|motstÃ¥|rÃ¸rt|sint|stolt|trist
ğŸ§Œ|eventyr|fantasi|fantasy|monster|troll
ğŸ©»|bein|doktor|lege|ribbein|ribben|rÃ¸ntgen|skjelett|undersÃ¸kelse
ğŸ©¼|hjelpemiddel|krykke|pinne|skadet|stokk|ufÃ¸r
ğŸª©|dans|disco|diskokule|diskotek|fest|glitter|speilkule
ğŸªª|adgangskort|fÃ¸rerkort|id-kort|identifikasjon|legitimasjon|sikkerhet
ğŸª«|elektronikk|lavt batteri|lite batteri|lite energi
ğŸª¬|amulett|beskyttelse|fatima|hamsa|hÃ¥nd|lykkebringer|maria|miriam
ğŸª·|blomst|buddhisme|hinduisme|india|lotusblomst|renhet|vietnam
ğŸª¸|dyr|hav|korallrev
ğŸª¹|bygge rede|slÃ¥ seg ned|tomt rede
ğŸªº|bygge rede|rede med egg|slÃ¥ seg ned
ğŸ«ƒ|full mage|gravid|mann|mett|oppblÃ¥st
ğŸ«„|full mage|gravid person|kjÃ¸nnsnÃ¸ytral|mett|oppblÃ¥st
ğŸ«…|adel|kongelig|majestetisk|monark|person med krone
ğŸ«—|drikke|glass|helle ut|helle vÃ¦ske|sÃ¸le|tomt
ğŸ«˜|belgfrukt|bÃ¸nner|kidneybÃ¸nner|mat
ğŸ«™|beholder|krukke|mos|oppbevare|pÃ¥legg|syltetÃ¸y|tom
ğŸ« |fjes som smelter|forsvinner|gÃ¥r i opplÃ¸sning|vÃ¦ske
ğŸ«¡|fjes som viser honnÃ¸r|ja|militÃ¦rhilsen|salutt
ğŸ«¢|fjes med Ã¥pne Ã¸yne og hÃ¥nd over munnen|flau|forskrekkelse|overraskelse|redd
ğŸ«£|fjes som titter frem bak hendene|klarer ikke dy seg|mÃ¥ se|stirre|titte
ğŸ«¤|fjes med diagonal munn|fjes med skrÃ¥strek|meh|skeptisk|skuffet|usikker
ğŸ«¥|fjes med stiplet omriss|forsvinner|gjemme seg|introvert|usynlig
ğŸ«¦|bekymret|bite seg i leppa|bite seg i leppen|flÃ¸rte|nervÃ¸s|redd|ukomfortabel
ğŸ«§|bobler|rap|rengjÃ¸re|rense|sÃ¥pe|under vann|vaske
ğŸ«°|dyrt|hÃ¥nd med pekefinger og tommel krysset|hjerte|kjÃ¦rlighet|knipse|penger
ğŸ«±|hÃ¥nd mot hÃ¸yre|hÃ¸yre
ğŸ«²|hÃ¥nd mot venstre|venstre
ğŸ«³|avfeie|hÃ¥ndflaten ned|husj|slippe
ğŸ«´|gripe|hÃ¥ndflaten opp|invitere|kalle pÃ¥|lokke|tilby
ğŸ«µ|deg|pekefinger peker pÃ¥ leseren|peker pÃ¥ deg|uncle sam
ğŸ«¶|hender som lager hjerte|hjertehender|kjÃ¦rlighet
ğŸ›|fornÃ¸yelsespark|lekeplass|sklie
ğŸ›|bildekk|dreie|felg|hjul|rulle|sirkel
ğŸ›Ÿ|badering|flyte|livbÃ¸ye|livbÃ¸yle|livredning|redningsaksjon|redningsbÃ¸ye|redningsbÃ¸yle
ğŸŸ°|fett likhetstegn|likhetstegn i fet skrift|matematikk
ğŸ˜€|fjes|glisefjes
ğŸ˜ƒ|Ã¥pen|fjes|glisende fjes med vidÃ¥pne Ã¸yne|latter|munn|smilefjes med Ã¥pen munn
ğŸ˜„|latter|med tenner|morsomt|smilefjes med Ã¥pen munn og smilende Ã¸yne
ğŸ˜|fjes|glisefjes med smilende Ã¸yne|latter|lol|smilefjes
ğŸ˜†|Ã¥pen munn|fjes|latter|smil med sammenknepne Ã¸yne
ğŸ˜…|Ã¥pen|glisende fjes som svetter|kaldsvette|munn|smil med svette|svett smil med Ã¥pen munn
ğŸ¤£|fjes|gulv|latter|ruller rundt pÃ¥ gulvet i latter
ğŸ˜‚|fjes med gledestÃ¥rer|gledestÃ¥rer|tÃ¥rer
ğŸ™‚|fjes|smiler litt
ğŸ™ƒ|fjes som er opp-ned|opp-ned
ğŸ˜‰|blunkende ansikt|fjes
ğŸ˜Š|fjes|rÃ¸dme|smil med smilende Ã¸yne|smilende Ã¸yne
ğŸ˜‡|engel|fjes|glorie|smil med glorie|uskyldig
ğŸ¥°|elsker|forelsket|kjÃ¦rlighet|smilefjes med hjerter
ğŸ˜|fjes|hjerteÃ¸yne|kjÃ¦rlighet|Ã¸yne|smilefjes med hjerteÃ¸yne
ğŸ¤©|fjes|gliser|smil|stjerner i Ã¸ynene
ğŸ˜˜|elsker deg|fjes|glad i deg|hjerte|kyss|slengkyss
ğŸ˜—|elsker deg|fjes|glad i deg|kyssefjes|slengkyss
â˜ºï¸|fjes|omriss|smilefjes
ğŸ˜š|elsker deg|fjes|glad i deg|kyss med lukkede Ã¸yne|lukkede Ã¸yne|trutmunn
ğŸ˜™|fjes|kyss med smilende Ã¸yne|slengkyss|smilende Ã¸yne
ğŸ¥²|lettet|rÃ¸rt|smilefjes med tÃ¥re|smiler|stolt|takknemlig|tÃ¥re
ğŸ˜‹|deilig mat|fjes|mmm|nam-nam|sulten
ğŸ˜›|fjes som rekker tunge|rekker tunge|tungen ut
ğŸ˜œ|blunker og rekker tunge|erte|fjes|rekke tunge med blunk|spÃ¸k
ğŸ¤ª|fjes|gal|lite Ã¸ye|sinnssyk|stort Ã¸ye
ğŸ˜|Ã¦sj|fÃ¦lt|fjes|lukkende Ã¸yne|rekke tunge|tungen ut med Ã¸ynene lukket
ğŸ¤‘|fjes|munn|pengegal|penger
ğŸ¤—|fjes som gir klem|klem
ğŸ¤­|flire|hÃ¥nden over munnen|ops
ğŸ¤«|hysj|stillhet|vÃ¦r stille
ğŸ¤”|fjes|tankefull|tenkefjes|tenker
ğŸ¤|fjes med glidelÃ¥smunn|glidelÃ¥s|munn
ğŸ¤¨|hevet Ã¸yenbryn|skeptisk|tvil
ğŸ˜|fjes|ingen kommentar|nÃ¸ytral|stum
ğŸ˜‘|fjes|ingen kommentar|nÃ¸ytral|stum|uttrykkslÃ¸s
ğŸ˜¶|fjes|ingen munn|uten munn
ğŸ˜¶â€ğŸŒ«ï¸|distrÃ©|fjes i skyer|fravÃ¦rende|uoppmerksom
ğŸ˜|fjes|lurt smil|selvtilfreds
ğŸ˜’|fjes|misfornÃ¸yd|sur
ğŸ™„|fjes|himler med Ã¸ynene|Ã¸yne|ruller
ğŸ˜¬|fjes|grimase
ğŸ˜®â€ğŸ’¨|fjes|gispe|hviske|lettet|plystre|puste ut|puster ut|sukke
ğŸ¤¥|fjes|lÃ¸gn|lyver|pinocchio
ğŸ˜Œ|fjes|lettet
ğŸ˜”|alvorlig|fjes|lei seg|tankefull
ğŸ˜ª|fjes|sÃ¸vnig
ğŸ¤¤|fjes|sikler
ğŸ˜´|fjes|sovende fjes|sover|zzz
ğŸ˜·|bakteriemaske|fjes med munnbind|sykdom
ğŸ¤’|fjes med termometer|syk|termometer
ğŸ¤•|bandasjert hode|fjes|skadet
ğŸ¤¢|fjes|kvalm|oppkast|spy
ğŸ¤®|fjes|kaster opp|kvalm|oppkast|spy
ğŸ¤§|fjes|nyser
ğŸ¥µ|feber|heteslag|rÃ¸d|svetter|varmt fjes
ğŸ¥¶|blÃ¥|frost|fryser|istapper|kaldt fjes
ğŸ¥´|bÃ¸lgete munn|brisen|full|svimmelt fjes|ujevne Ã¸yne
ğŸ˜µ|fjes|Ã¸r|svimmel
ğŸ˜µâ€ğŸ’«|fjes med spiralÃ¸yne|hypnotisert|problem|spiral|svimmel|uÃ¦Ã¦
ğŸ¤¯|eksploderende hode|forblÃ¸ffet|overrasket|sjokkert
ğŸ¤ |cowboy|cowgirl|fjes med cowboyhatt|hatt
ğŸ¥³|feiring|fest|flÃ¸yte|hatt|partyfjes
ğŸ¥¸|briller|fjes med forkledning|forkledning|inkognito|nese
ğŸ˜|fjes|kul|lyst|smilefjes med solbriller|solbriller
ğŸ¤“|fjes|nerdefjes
ğŸ§|fjes med monokkel|formell|monokkel|stiv
ğŸ˜•|fjes|forvirret
ğŸ˜Ÿ|bekymret|fjes
ğŸ™|fjes|litt surt fjes|trist
ğŸ˜®|Ã¥pen munn|fjes|forbauset
ğŸ˜¯|fjes|overrasket|stum
ğŸ˜²|fjes|overrasket|sjokkert|stum
ğŸ˜³|fjes|rÃ¸dmer
ğŸ¥º|bedende fjes|nÃ¥de|trygler|valpeÃ¸yne
ğŸ˜¦|fjes|oppgitt|overrasket|sjokkert med Ã¥pen munn
ğŸ˜§|fjes|lider|pine|smerte
ğŸ˜¨|fjes|frykt|redd|skremt
ğŸ˜°|Ã¥pen munn|engstelig og svetter|fjes|kaldsvette|syk
ğŸ˜¥|fjes|lettet|puh!|skuffet
ğŸ˜¢|fjes|grÃ¥ter|tÃ¥rer|trist
ğŸ˜­|fjes|grÃ¥t|strigrÃ¥ter|tÃ¥rer
ğŸ˜±|fjes|frykt|livredd|munch|redd|skremt|skrik
ğŸ˜–|fjes|fortvilet|sint|skuffet
ğŸ˜£|bommert|fjes|skuffet|utholdende
ğŸ˜|fjes|skuffelse|skuffet
ğŸ˜“|ansikt|kaldsvetter
ğŸ˜©|fjes|sliten|trÃ¸tt
ğŸ˜«|fjes|overtrÃ¸tt|sliten|sÃ¸vnig|trÃ¸tt fjes
ğŸ¥±|gjespende fjes|kjedelig|sliten
ğŸ˜¤|fjes|jeg vant|triumferende
ğŸ˜¡|fjes|rasende|raseri|rÃ¸dt|sinna|sint|sur
ğŸ˜ |fjes|raseri|sinna|sint|sur
ğŸ¤¬|banner|fjes med symboler over munnen|rasende|sensur
ğŸ˜ˆ|fjes|horn|smilende djevel
ğŸ‘¿|djevel|fjes|sint djevel
ğŸ’€|dÃ¸dninghode|fjes|hodeskalle
ğŸ’©|bÃ¦sjeklatt|hundebÃ¦sj|kuruke
ğŸ¤¡|fjes|klovnefjes
ğŸ‘¹|eventyr|japansk ogre|japansk troll|ogre
ğŸ‘º|ansikt|eventyr|japansk troll|tengu
ğŸ‘»|eventyr|fjes|skapning|spÃ¸kelse
ğŸ‘½|fjes|romvesen|sci-fi|ufo|utenomjordisk
ğŸ‘¾|fjes|rommonster|sci-fi|ufo|utenomjordisk
ğŸ¤–|fjes|monster|robot
ğŸ˜º|Ã¥pen munn|fjes|katt|smilende katt med Ã¥pen munn
ğŸ˜¸|fjes|flirende katt med smilende Ã¸yne|katt|smil
ğŸ˜¹|fjes|gledestÃ¥rer|katt med gledestÃ¥rer|kattefjes med gledestÃ¥rer|tÃ¥rer
ğŸ˜»|fjes|forelsket|hjerter|katt|kjÃ¦rlighet|Ã¸yne|smilende katt med hjerteÃ¸yne
ğŸ˜¼|fjes|ironisk|katt med ironisk smil|smil
ğŸ˜½|fjes|katt|kyssende|lukkede Ã¸yne
ğŸ™€|fjes|jÃ¸sses|katt|overrasket|sliten katt|slitent kattefjes
ğŸ˜¿|fjes|grÃ¥tende katt|tÃ¥re|trist katt
ğŸ˜¾|fjes|katt|sint|surmulende katt
ğŸ™ˆ|ape|fjes|forbudt|ikke|ser ikke|ser ingenting ondt
ğŸ™‰|ape|fjes|forbudt|hÃ¸rer ikke|hÃ¸rer ingenting ondt|ikke
ğŸ™Š|ape|fjes|forbudt|holder munn|ikke|sier ikke|sier ingenting ondt
ğŸ’‹|kyssemerke|lepper|romantikk
ğŸ’Œ|brev med hjerte|hjerte|kjÃ¦rlighesbrev|romantikk
ğŸ’˜|fÃ¸lelser|hjerte med pil|kjÃ¦rlighet|pil
ğŸ’|bÃ¥nd|fÃ¸lelser|hjerte med bÃ¥nd|valentine
ğŸ’–|fÃ¸lelser|kjÃ¦rlighet|skinnende hjerte
ğŸ’—|fÃ¸lelser|kjÃ¦rlighet|nervÃ¸s|spent|voksende hjerte
ğŸ’“|bankende|fÃ¸lelser|hjerte|kjÃ¦rlighet
ğŸ’|fÃ¸lelser|hjerter|kjÃ¦rlighet|snurrende|sÃ¸tt
ğŸ’•|elskere|fÃ¸lelser|kjÃ¦rlighet|to hjerter
ğŸ’Ÿ|hjertedekorasjon
ğŸ’”|brudd|fÃ¸lelser|hjerte|knust hjerte
â¤ï¸â€ğŸ”¥|brann|hellig hjerte|hjerte i brann|ild|kjÃ¦rlighet|lidenskap
â¤ï¸â€ğŸ©¹|bedre|bra|forbedring|komme seg|lindret hjerte|lindring|sterkere
ğŸ§¡|fÃ¸lelser|hjerte|oransje
ğŸ’›|fÃ¸lelser|gult hjerte|hjerte
ğŸ’š|fÃ¸lelser|grÃ¸nn|grÃ¸nt hjerte|hjerte
ğŸ’™|blÃ¥tt hjerte|fÃ¸lelser|hjerte
ğŸ’œ|fÃ¸lelser|hjerte|lilla
ğŸ¤|brunt hjerte|hjerte
ğŸ–¤|hjerte|ond|svart
ğŸ¤|hjerte|hvitt hjerte
ğŸ’¯|100|full pott|hundre poeng|poeng
ğŸ’¢|fÃ¸lelse|sinnesymbol|sint|tegneserie
ğŸ’¥|fÃ¸lelse|kollisjon|krasj|smell|tegneserie
ğŸ’«|se stjerner|stjerner|svimmel|tegneserie
ğŸ’¦|drÃ¥per|sprutende|svettedrÃ¥per|tegneserie
ğŸ’¨|forsvinne|lÃ¸pe|stikker av|tegneserie
ğŸ•³ï¸|hull i bakken
ğŸ’£|bombe|fÃ¸lelse|tegneserie
ğŸ’¬|ballong|boble|dialogboble|snakkeboble|tegneserie
ğŸ‘ï¸â€ğŸ—¨ï¸|Ã¸ye i snakkeboble|snakkeboble
ğŸ—¨ï¸|dialog|snakkeboble mot venstre|tale
ğŸ—¯ï¸|ballong|boble|sint snakkeboble mot hÃ¸yre|sur
ğŸ’­|boble|tankeboble|tegneserie
ğŸ’¤|fÃ¸lelse|snorker|sover|soving|tegneserie|zzz
ğŸ‘‹|hÃ¥nd|vinkende hÃ¥nd|vinking
ğŸ¤š|hÃ¥ndbak|lÃ¸ftet
ğŸ–ï¸|finger|flat hÃ¥nd med spredte fingre|hÃ¥nd|spredt
âœ‹|flat hÃ¥nd|hÃ¥ndflate|hevet hÃ¥nd
ğŸ––|finger|hÃ¥nd|spock|vulcan-hilsen
ğŸ‘Œ|hÃ¥nd|ok-hÃ¥nd|tegn
ğŸ¤Œ|fingrene sammen|hÃ¥nd med fingertuppene sammen|sarkastisk|spÃ¸rsmÃ¥l
ğŸ¤|hÃ¥nd som klyper|liten
âœŒï¸|hÃ¥nd|peace-tegn|seierstegn
ğŸ¤|finger|hÃ¥nd|hell|kryssede fingre
ğŸ¤Ÿ|glad i deg-tegn|hÃ¥nd|ily|tegnsprÃ¥k
ğŸ¤˜|finger|hÃ¥nd|horn|rockâ€™nâ€™roll
ğŸ¤™|hÃ¥nd|ring meg-hÃ¥nd|ringe
ğŸ‘ˆ|finger|hÃ¥nd|pekende finger|peker mot venstre â€“ bakhÃ¥nd|peker venstre
ğŸ‘‰|finger|hÃ¥nd|pekende finger|peker mot hÃ¸yre â€“ bakhÃ¥nd|peker opp
ğŸ‘†|finger|hÃ¥nd|pekende finger|peker opp â€“ bakhÃ¥nd
ğŸ–•|finger|hÃ¥nd|kropp|langfinger|vise fingeren
ğŸ‘‡|finger|hÃ¥nd|pekende finger|peker ned â€“ bakhÃ¥nd
â˜ï¸|finger|hÃ¥nd|kropp|opp|pekefinger|peker opp
ğŸ‘|hÃ¥nd|tegn|tommel opp
ğŸ‘|hÃ¥nd|tegn|tommel ned
âœŠ|hÃ¥nd|hevet knyttneve|knyttet neve|neve
ğŸ‘Š|hÃ¥nd|knyttneve|neve
ğŸ¤›|hÃ¥nd|knyttneve mot venstre|neve|venstrevendt
ğŸ¤œ|hÃ¥nd|hÃ¸yrevendt|knyttneve mot hÃ¸yre|neve
ğŸ‘|hÃ¥nd|hender|klappende hender|klapping
ğŸ™Œ|begge hender|feirer|feiring|hÃ¥nd|hevede hender|rekker begge armene i vÃ¦ret
ğŸ‘|Ã¥pne|hÃ¥nd|hender
ğŸ¤²|ber|bÃ¸nn|hÃ¥ndflatene sammen
ğŸ¤|avtale|hÃ¥ndhilse|hÃ¥ndtrykk|mÃ¸te
ğŸ™|ber|bevegelse|bÃ¸nn|foldede hender|hÃ¥nd
âœï¸|hÃ¥nd|kropp|skrivende hÃ¥nd
ğŸ’…|kosmetikk|manikyr|neglelakk
ğŸ¤³|kamera|selfie|telefon
ğŸ’ª|biceps|fleks|muskelfleksing|sterk|tegneserie
ğŸ¦¾|mekanisk arm|protese|tilgjengelighet
ğŸ¦¿|mekanisk bein|protese|tilgjengelighet
ğŸ¦µ|bein|lem|sparke
ğŸ¦¶|fot|sparke|trÃ¥kke
ğŸ‘‚|kropp|Ã¸re
ğŸ¦»|Ã¸re med hÃ¸reapparat|svak hÃ¸rsel|tilgjengelighet
ğŸ‘ƒ|fjes|kropp|nese
ğŸ§ |hjerne|intelligent
ğŸ«€|hjerte-kar|hjertemuskel|hjerteslag|kardiologi|muskel|organ|puls|senter
ğŸ«|innpust|lunger|organ|puste|respirasjon|utpust
ğŸ¦·|tannlege
ğŸ¦´|knokkel|skjelett
ğŸ‘€|fjes|Ã¸ye|Ã¸yne
ğŸ‘ï¸|kropp|Ã¸ye
ğŸ‘…|fjes|kropp|tunge
ğŸ‘„|fjes|kropp|lepper|munn
ğŸ‘¶|baby|menneske|ung
ğŸ§’|barn|kjÃ¸nnsnÃ¸ytral|menneske|ung
ğŸ‘¦|gutt|menneske|ung
ğŸ‘§|jente|jomfruen|menneske|stjernebilde|stjernetegn|ung
ğŸ§‘|kjÃ¸nnsnÃ¸ytral|menneske|person|voksen
ğŸ‘±|blond person|hÃ¥r|menneske|person: blond
ğŸ‘¨|mann|menneske|voksen
ğŸ§”|mann med skjegg|mann: skjegg|person: skjegg|skjegg
ğŸ§”â€â™‚ï¸|mann: skjegg|skjegg
ğŸ‘±â€â™‚ï¸|blond|hÃ¥r|mann: blond
ğŸ‘©|kvinne|menneske|voksen
ğŸ§”â€â™€ï¸|kvinne: skjegg|skjegg
ğŸ‘±â€â™€ï¸|blondine|hÃ¥r|kvinne: blond
ğŸ§“|eldre voksen|gammel|kjÃ¸nnsnÃ¸ytral|menneske|voksen
ğŸ‘´|eldre|mann|menneske
ğŸ‘µ|eldre|kvinne|menneske
ğŸ™|mimikk|rynker brynene|rynker pannen
ğŸ™â€â™‚ï¸|mann som rynker brynene|mimikk|rynker pannen|skeptisk
ğŸ™â€â™€ï¸|kvinne som rynker brynene|mimikk|rynker pannen|skeptisk
ğŸ™|furter|furting|mimikk|surmuling
ğŸ™â€â™‚ï¸|furting|mann som furter|mimikk|surmuling
ğŸ™â€â™€ï¸|furting|kvinne som furter|mimikk|surmuling
ğŸ™…|forbudt|gestikulerer nei|ikke|mimikk|nei
ğŸ™…â€â™‚ï¸|avbryt|forbudt|mann som gestikulerer nei|nei|stopp
ğŸ™…â€â™€ï¸|avbryt|forbudt|kvinne som gestikulerer nei|nei|stopp
ğŸ™†|gestikulerer ok|greit|ok
ğŸ™†â€â™‚ï¸|greit|mann som gestikulerer ok|ok
ğŸ™†â€â™€ï¸|greit|kvinne som gestikulerer ok|ok
ğŸ’|hjelpende person|informasjon|menneske
ğŸ’â€â™‚ï¸|hjelpende mann|informasjon|mann
ğŸ’â€â™€ï¸|hjelpende kvinne|informasjon|kvinne
ğŸ™‹|hÃ¥nd|person|rekker opp hÃ¥nden
ğŸ™‹â€â™‚ï¸|mann som rekker opp hÃ¥nden|rekke opp hÃ¥nden
ğŸ™‹â€â™€ï¸|kvinne som rekker opp hÃ¥nden|rekke opp hÃ¥nden
ğŸ§|dÃ¸v person|hÃ¸re|Ã¸re|tilgjengelighet
ğŸ§â€â™‚ï¸|dÃ¸v|mann
ğŸ§â€â™€ï¸|dÃ¸v|kvinne
ğŸ™‡|beklagelse|beklager|bukker|unnskyld
ğŸ™‡â€â™‚ï¸|beklagelse|bukkende mann|mann|unnskyld
ğŸ™‡â€â™€ï¸|beklagelse|bukkende kvinne|kvinne|unnskyld
ğŸ¤¦|ansikt|facepalm|fjes|irritasjon|oppgitt|slÃ¥r hÃ¥nden mot pannen|vantro
ğŸ¤¦â€â™‚ï¸|ansikt|facepalm|fjes|irritasjon|mann som slÃ¥r hÃ¥nden mot pannen|oppgitt|vantro
ğŸ¤¦â€â™€ï¸|ansikt|facepalm|fjes|irritasjon|kvinne som slÃ¥r hÃ¥nden mot pannen|oppgitt|vantro
ğŸ¤·|likegyldighet|skuldertrekning|trekker pÃ¥ skuldrene|tvil
ğŸ¤·â€â™‚ï¸|likegyldighet|mann som trekker pÃ¥ skuldrene|skuldertrekning|tvil
ğŸ¤·â€â™€ï¸|kvinne som trekker pÃ¥ skuldrene|likegyldighet|skuldertrekning|tvil
ğŸ§‘â€âš•ï¸|doktor|helsearbeider|helsevesen|lege|sykepleier|terapeut
ğŸ‘¨â€âš•ï¸|doktor|helsevesen|lege|mannlig helsearbeider|sykepleier|terapeut
ğŸ‘©â€âš•ï¸|doktor|helsevesen|kvinnelig helsearbeider|lege|sykepleier|terapeut
ğŸ§‘â€ğŸ“|skole|student|universitet
ğŸ‘¨â€ğŸ“|mannlig student|skole|student|universitet
ğŸ‘©â€ğŸ“|kvinnelig student|skole|student|universitet
ğŸ§‘â€ğŸ«|lÃ¦rer|skole|undervisning
ğŸ‘¨â€ğŸ«|lÃ¦rer|mannlig lÃ¦rer|skole|undervisning
ğŸ‘©â€ğŸ«|kvinnelig lÃ¦rer|lÃ¦rer|skole|undervisning
ğŸ§‘â€âš–ï¸|dommer|juss
ğŸ‘¨â€âš–ï¸|dommer|juss|mannlig dommer|rettssak
ğŸ‘©â€âš–ï¸|dommer|juss|kvinnelig dommer|rettssak
ğŸ§‘â€ğŸŒ¾|bonde|gÃ¥rdbruker|jordbruk
ğŸ‘¨â€ğŸŒ¾|bonde|dyrke|gÃ¥rdbruker|jordbruk|mannlig gÃ¥rdbruker
ğŸ‘©â€ğŸŒ¾|bonde|dyrke|gÃ¥rdbruker|jordbruk|kvinnelig gÃ¥rdbruker
ğŸ§‘â€ğŸ³|kokk|matlaging|restaurant
ğŸ‘¨â€ğŸ³|mannlig kokk|matlaging|restaurant
ğŸ‘©â€ğŸ³|kvinnelig kokk|matlaging|restaurant
ğŸ§‘â€ğŸ”§|bil|elektriker|hÃ¥ndverker|mekaniker|motor|rÃ¸rlegger
ğŸ‘¨â€ğŸ”§|bil|elektriker|hÃ¥ndverker|mannlig mekaniker|mekaniker|motor|rÃ¸rlegger
ğŸ‘©â€ğŸ”§|bil|elektriker|hÃ¥ndverker|kvinnelig mekaniker|mekaniker|motor|rÃ¸rlegger
ğŸ§‘â€ğŸ­|arbeider|fabrikk|industriarbeider|produksjon
ğŸ‘¨â€ğŸ­|arbeider|fabrikk|industriarbeider|mannlig industriarbeider|produksjon
ğŸ‘©â€ğŸ­|fabrikk|industri|kvinnelig industriarbeider|produksjon
ğŸ§‘â€ğŸ’¼|kontorarbeider|leder|nÃ¦ringsliv
ğŸ‘¨â€ğŸ’¼|kontor|leder|mannlig kontorarbeider|nÃ¦ringsliv
ğŸ‘©â€ğŸ’¼|kontor|kvinnelig kontorarbeider|leder|nÃ¦ringsliv
ğŸ§‘â€ğŸ”¬|biologi|forsker|forskning|kjemi|laboratorium|medisin|vitenskap
ğŸ‘¨â€ğŸ”¬|kjemi|laboratorium|mannlig forsker|vitenskap
ğŸ‘©â€ğŸ”¬|kjemi|kvinnelig forsker|laboratorium|vitenskap
ğŸ§‘â€ğŸ’»|data|it-ekspert|koding|programvare|teknologi
ğŸ‘¨â€ğŸ’»|data|it|koding|mannlig it-ekspert|programvare|teknologi
ğŸ‘©â€ğŸ’»|data|it|koding|kvinnelig it-ekspert|programvare|teknologi
ğŸ§‘â€ğŸ¤|artist|konsert|rock|sanger
ğŸ‘¨â€ğŸ¤|artist|konsert|mannlig artist|sanger
ğŸ‘©â€ğŸ¤|artist|konsert|kvinnelig artist|rock|sanger
ğŸ§‘â€ğŸ¨|kunstner|maler
ğŸ‘¨â€ğŸ¨|kunstner|maler|mannlig kunstner
ğŸ‘©â€ğŸ¨|kunstner|kvinnelig kunstner|maler
ğŸ§‘â€âœˆï¸|fly|pilot
ğŸ‘¨â€âœˆï¸|fly|mannlig pilot|pilot
ğŸ‘©â€âœˆï¸|fly|kvinnelig pilot|pilot
ğŸ§‘â€ğŸš€|astronaut|romfart|verdensrommet
ğŸ‘¨â€ğŸš€|astronaut|mannlig astronaut|romfart|verdensrommet
ğŸ‘©â€ğŸš€|astronaut|kvinnelig astronaut|romfart|verdensrommet
ğŸ§‘â€ğŸš’|brannbil|brannkonstabel|brannmann|brannvesenet
ğŸ‘¨â€ğŸš’|brannbil|brannkonstabel|brannmann|brannvesenet|mannlig brannkonstabel
ğŸ‘©â€ğŸš’|brannbil|brannkonstabel|brannmann|brannvesenet|kvinnelig brannkonstabel
ğŸ‘®|betjent|menneske|politibetjent
ğŸ‘®â€â™‚ï¸|betjent|mannlig politibetjent|politibetjent
ğŸ‘®â€â™€ï¸|betjent|kvinnelig politibetjent|politibetjent
ğŸ•µï¸|detektiv|spion
ğŸ•µï¸â€â™‚ï¸|etterforske|forbrytelse|mannlig detektiv|privatdetektiv
ğŸ•µï¸â€â™€ï¸|etterforske|forbrytelse|kvinnelig detektiv|privatdetektiv
ğŸ’‚|gardist|menneske|vakt
ğŸ’‚â€â™‚ï¸|gardist|mannlig gardist|vakt
ğŸ’‚â€â™€ï¸|gardist|kvinnelig gardist|vakt
ğŸ¥·|kampkunst|kriger|ninja|skjult
ğŸ‘·|anleggsarbeider|arbeider|hjelm|ingeniÃ¸r|menneske
ğŸ‘·â€â™‚ï¸|anlegg|arbeider|bygg|hjelm|ingeniÃ¸r|mannlig anleggsarbeider
ğŸ‘·â€â™€ï¸|anlegg|arbeider|bygg|hjelm|ingeniÃ¸r|kvinnelig anleggsarbeider
ğŸ¤´|prins
ğŸ‘¸|eventyr|fantasy|menneske|prinsesse
ğŸ‘³|menneske|turbankledd person
ğŸ‘³â€â™‚ï¸|mann|turbankledd mann
ğŸ‘³â€â™€ï¸|kvinne|turbankledd kvinne
ğŸ‘²|gua pi mao|hatt|lue|mann med kinesisk lue|menneske
ğŸ§•|hijab|hodeskjerf|hodeslÃ¸r|kvinne med hodeslÃ¸r|muslim
ğŸ¤µ|brudgom|person i smoking|smoking
ğŸ¤µâ€â™‚ï¸|mann i smoking|smoking
ğŸ¤µâ€â™€ï¸|kvinne i smoking|smoking
ğŸ‘°|brud med slÃ¸r|bryllup|mennesker|person med slÃ¸r|slÃ¸r
ğŸ‘°â€â™‚ï¸|mann med slÃ¸r|slÃ¸r
ğŸ‘°â€â™€ï¸|kvinne med slÃ¸r|slÃ¸r
ğŸ¤°|gravid|kvinne
ğŸ¤±|ammer|amming|baby|bryst|morsmelk
ğŸ‘©â€ğŸ¼|baby|kvinne som mater baby|mat|tÃ¥teflaske
ğŸ‘¨â€ğŸ¼|baby|mann som mater baby|mat|tÃ¥teflaske
ğŸ§‘â€ğŸ¼|baby|mat|person som mater baby|tÃ¥teflaske
ğŸ‘¼|ansikt|babyengel|engel|eventyr
ğŸ…|feiring|julenissen|nissefar|nissen
ğŸ¤¶|julenissemor|mor|nisse
ğŸ§‘â€ğŸ„|feiring|julenisse|nisse|person
ğŸ¦¸|god|heltinne|superhelt|superkrefter
ğŸ¦¸â€â™‚ï¸|god|helt|mannlig superhelt|superkrefter
ğŸ¦¸â€â™€ï¸|god|heltinne|kvinnelig superhelt|superkrefter
ğŸ¦¹|kriminell|ond|skurk|superkrefter|superskurk
ğŸ¦¹â€â™‚ï¸|kriminell|mannlig superskurk|ond|skurk|superkrefter
ğŸ¦¹â€â™€ï¸|kriminell|kvinnelig superskurk|ond|skurk|superkrefter
ğŸ§™|heks|trollkvinne|trollmann|trollperson
ğŸ§™â€â™‚ï¸|heksemester|trollmann
ğŸ§™â€â™€ï¸|heks|trollkvinne
ğŸ§š|fe|oberon|puck|titania
ğŸ§šâ€â™‚ï¸|fe|mannlig fe|oberon|puck
ğŸ§šâ€â™€ï¸|fe|kvinnelig fe|titania
ğŸ§›|dracula|vampyr|vandÃ¸d
ğŸ§›â€â™‚ï¸|dracula|mannlig vampyr|vandÃ¸d
ğŸ§›â€â™€ï¸|kvinnelig vampyr|vandÃ¸d
ğŸ§œ|havfrue|havkvinne|havmann|havperson
ğŸ§œâ€â™‚ï¸|havmann|triton
ğŸ§œâ€â™€ï¸|havfrue|havkvinne
ğŸ§|alv|magi
ğŸ§â€â™‚ï¸|magi|mannlig alv
ğŸ§â€â™€ï¸|kvinnelig alv|magi
ğŸ§|Ã¥nd|djinn
ğŸ§â€â™‚ï¸|djinn|mannlig Ã¥nd
ğŸ§â€â™€ï¸|djinn|kvinnelig Ã¥nd
ğŸ§Ÿ|udÃ¸d|vandÃ¸d|zombie
ğŸ§Ÿâ€â™‚ï¸|mannlig zombie|udÃ¸d|vandÃ¸d
ğŸ§Ÿâ€â™€ï¸|kvinnelig zombie|udÃ¸d|vandÃ¸d
ğŸ’†|ansiktsmassasje|massasje|skjÃ¸nnhetssalong
ğŸ’†â€â™‚ï¸|ansikt|avslapning|hodemassasje|mann som fÃ¥r ansiktsmassasje|massasje|velvÃ¦re
ğŸ’†â€â™€ï¸|ansikt|avslapning|hodemassasje|kvinne som fÃ¥r ansiktsmassasje|massasje|velvÃ¦re
ğŸ’‡|frisÃ¸r|hÃ¥rklipp|salong|skjÃ¸nnhetssalong
ğŸ’‡â€â™‚ï¸|frisÃ¸r|hÃ¥rklipp|mann som fÃ¥r hÃ¥rklipp|sveis
ğŸ’‡â€â™€ï¸|frisÃ¸r|frisyre|hÃ¥rklipp|kvinne som fÃ¥r hÃ¥rklipp
ğŸš¶|fotgjenger|gÃ¥ende
ğŸš¶â€â™‚ï¸|fotgjenger|gÃ¥|mannlig fotgjenger|tur
ğŸš¶â€â™€ï¸|fotgjenger|gÃ¥|kvinnelig fotgjenger|tur
ğŸ§|person som stÃ¥r|stÃ¥
ğŸ§â€â™‚ï¸|mann som stÃ¥r|stÃ¥r
ğŸ§â€â™€ï¸|kvinne som stÃ¥r|stÃ¥r
ğŸ§|kneler|person som kneler
ğŸ§â€â™‚ï¸|kneler|mann som kneler
ğŸ§â€â™€ï¸|kneler|kvinne som kneler
ğŸ§‘â€ğŸ¦¯|blind|person med blindestokk|tilgjengelighet
ğŸ‘¨â€ğŸ¦¯|blind|mann med blindestokk|tilgjengelighet
ğŸ‘©â€ğŸ¦¯|blind|kvinne med blindestokk|tilgjengelighet
ğŸ§‘â€ğŸ¦¼|person i motorisert rullestol|rullestol|tilgjengelighet
ğŸ‘¨â€ğŸ¦¼|mann i motorisert rullestol|rullestol|tilgjengelighet
ğŸ‘©â€ğŸ¦¼|kvinne i motorisert rullestol|rullestol|tilgjengelighet
ğŸ§‘â€ğŸ¦½|person i manuell rullestol|rullestol|tilgjengelighet
ğŸ‘¨â€ğŸ¦½|mann i manuell rullestol|rullestol|tilgjengelighet
ğŸ‘©â€ğŸ¦½|kvinne i manuell rullestol|rullestol|tilgjengelighet
ğŸƒ|jogger|jogging|lÃ¸per|lÃ¸ping|maraton|sport
ğŸƒâ€â™‚ï¸|jogge|lÃ¸pe|mannlig lÃ¸per|maraton
ğŸƒâ€â™€ï¸|jogge|kvinnelig lÃ¸per|lÃ¸pe|maraton
ğŸ’ƒ|dansende kvinne|kvinne
ğŸ•º|dansende mann|mann
ğŸ•´ï¸|business|dress|forretningsmann|mann|svevende mann i dress
ğŸ‘¯|danser|fest|hareÃ¸rer|menneske|personer med kaninÃ¸rer
ğŸ‘¯â€â™‚ï¸|danser|hareÃ¸rer|mann|menn med kaninÃ¸rer
ğŸ‘¯â€â™€ï¸|danser|hareÃ¸rer|kvinner med kaninÃ¸rer
ğŸ§–|dampbad|person i badstu|sauna
ğŸ§–â€â™‚ï¸|dampbad|mann i badstu|sauna
ğŸ§–â€â™€ï¸|dampbad|kvinne i badstu|sauna
ğŸ§—|klatrer|klatring
ğŸ§—â€â™‚ï¸|klatring|mannlig klatrer
ğŸ§—â€â™€ï¸|klatring|kvinnelig klatrer
ğŸ¤º|fekter|fekting|person|sport|sverd
ğŸ‡|galopp|hesteveddelÃ¸p|jockey|lÃ¸p|sport|veddelÃ¸pshest
â›·ï¸|skilÃ¸per|snÃ¸
ğŸ‚|snÃ¸brettkjÃ¸ring|snowboarder|snowboarding|vintersport
ğŸŒï¸|ball|golfspiller
ğŸŒï¸â€â™‚ï¸|golfspiller|mannlig golfspiller
ğŸŒï¸â€â™€ï¸|golfspiller|kvinnelig golfspiller
ğŸ„|sport|surfer|surfing
ğŸ„â€â™‚ï¸|mannlig surfer|surfing
ğŸ„â€â™€ï¸|kvinnelig surfer|surfing
ğŸš£|bÃ¥t|fartÃ¸y|person i robÃ¥t
ğŸš£â€â™‚ï¸|bÃ¥t|mann i robÃ¥t|robÃ¥t
ğŸš£â€â™€ï¸|bÃ¥t|kvinne i robÃ¥t|robÃ¥t
ğŸŠ|sport|svÃ¸mmer|svÃ¸mming
ğŸŠâ€â™‚ï¸|mannlig svÃ¸mmer|svÃ¸mme|svÃ¸mming
ğŸŠâ€â™€ï¸|kvinnelig svÃ¸mmer|svÃ¸mme|svÃ¸mming
â›¹ï¸|ballsport|person med ball
â›¹ï¸â€â™‚ï¸|ballsport|mann med ball
â›¹ï¸â€â™€ï¸|ballsport|kvinne med ball
ğŸ‹ï¸|lÃ¸fter|vektlÃ¸fter
ğŸ‹ï¸â€â™‚ï¸|bodybuilding|mannlig vektlÃ¸fter|vektlÃ¸fter
ğŸ‹ï¸â€â™€ï¸|bodybuilding|kvinnelig vektlÃ¸fter|vektlÃ¸fting
ğŸš´|sykkel|sykle|syklist
ğŸš´â€â™‚ï¸|mannlig syklist|sykkel|sykle
ğŸš´â€â™€ï¸|kvinnelig syklist|sykkel|sykle
ğŸšµ|mountainbike|sykkel|terrengsykkel|terrengsyklist
ğŸšµâ€â™‚ï¸|mann pÃ¥ terrengsykkel|mountainbike|sykkel|terrengsykkel
ğŸšµâ€â™€ï¸|kvinne pÃ¥ terrengsykkel|mountainbike|sykkel|terrengsykkel
ğŸ¤¸|gymnastikk|person|slÃ¥ hjul|sport
ğŸ¤¸â€â™‚ï¸|mann som slÃ¥r hjul|slÃ¥ hjul
ğŸ¤¸â€â™€ï¸|kvinne som slÃ¥r hjul|slÃ¥ hjul
ğŸ¤¼|brytere|bryting|person|sport
ğŸ¤¼â€â™‚ï¸|bryter|mannlige brytere|menn
ğŸ¤¼â€â™€ï¸|bryter|kvinnelige brytere|kvinner
ğŸ¤½|person|polo|sport|vannpolo
ğŸ¤½â€â™‚ï¸|mannlig vannpolospiller|vannpolo
ğŸ¤½â€â™€ï¸|kvinnelig vannpolospiller|vannpolo
ğŸ¤¾|ball|hÃ¥ndball|person|sport
ğŸ¤¾â€â™‚ï¸|hÃ¥ndball|mannlig hÃ¥ndballspiller
ğŸ¤¾â€â™€ï¸|hÃ¥ndball|kvinnelig hÃ¥ndballspiller
ğŸ¤¹|balanse|ferdighet|multitasking|sjonglering
ğŸ¤¹â€â™‚ï¸|mannlig sjonglÃ¸r|multitasking|sirkus|sjonglere
ğŸ¤¹â€â™€ï¸|kvinnelig sjonglÃ¸r|multitasking|sirkus|sjonglere
ğŸ§˜|lotusstilling|meditasjon|yoga
ğŸ§˜â€â™‚ï¸|mann i lotusstilling|meditasjon|yoga
ğŸ§˜â€â™€ï¸|kvinne i lotusstilling|meditasjon|yoga
ğŸ›€|badekar|person i badekar
ğŸ›Œ|hotell|person i seng|sove
ğŸ§‘â€ğŸ¤â€ğŸ§‘|hÃ¥nd|holde hender|par|personer som leier
ğŸ‘­|hÃ¥nd|holder hender|kvinner som leier|par
ğŸ‘«|hÃ¥nd|holder hender|kvinne|mann og kvinne som leier|par
ğŸ‘¬|hÃ¥nd|holde hender|mann|menn som leier|par|stjernetegn|tvillingene
ğŸ’|kyssing|mennesker|romantikk
ğŸ’‘|hjerte|kjÃ¦rlighet|mennesker|par med hjerte|romantikk
ğŸ‘ª|barn|familie|far|mennesker|mor
ğŸ—£ï¸|fjes|hode|silhuett|snakkende hode i profil|snakker
ğŸ‘¤|byste|menneske|silhuett av byste
ğŸ‘¥|byste|menneske|silhuett av byster
ğŸ«‚|farvel|ha det|hadet|hei|klem|takk
ğŸ‘£|avtrykk|fotavtrykk|fotspor|kropp|spor
ğŸµ|apefjes|dyr|fjes
ğŸ’|ape|dyr
ğŸ¦|ape|dyr|gorilla
ğŸ¦§|ape|orangutang
ğŸ¶|dyr|fjes|hundefjes
ğŸ•|dyr|hund|valp
ğŸ¦®|blind|fÃ¸rerhund|hund|tilgjengelighet
ğŸ•â€ğŸ¦º|hjelp|hund|servicehund|tilgjengelighet
ğŸ©|dyr|hund|puddel
ğŸº|dyr|fjes|ulv
ğŸ¦Š|dyr|fjes|rev
ğŸ¦|nysgjerrig|sky|vaskebjÃ¸rn
ğŸ±|dyr|fjes|kattefjes
ğŸˆ|dyr|katt
ğŸˆâ€â¬›|dyr|katt|svart katt|uhell|ulykke
ğŸ¦|fjes|lÃ¸ven|stjernebilde|stjernetegn
ğŸ¯|dyr|fjes|tigerfjes
ğŸ…|dyr|tiger
ğŸ†|dyr|leopard
ğŸ´|dyr|fjes|hestefjes
ğŸ|dyr|galopp|hest|trav
ğŸ¦„|enhjÃ¸rning|fjes
ğŸ¦“|dyr|sebra|striper
ğŸ¦Œ|dyr|hjort
ğŸ¦¬|bison|bÃ¸ffel|dyr|visent
ğŸ®|dyr|fjes|kufjes
ğŸ‚|dyr|okse|stjernebilde|stjernetegn|tyren
ğŸƒ|bÃ¸ffel|dyr|vannbÃ¸ffel
ğŸ„|dyr|ku
ğŸ·|dyr|fjes|grisefjes
ğŸ–|dyr|gris
ğŸ—|dyr|villsvin
ğŸ½|dyr|grisetryne|snute
ğŸ|bukk|dyr|stjernebilde|stjernetegn|vÃ¦ren
ğŸ‘|dyr|sau|sÃ¸ye
ğŸ|dyr|geit|steinbukken|stjernebilde|stjernetegn
ğŸª|dromedar|dyr|kamel|pukkel
ğŸ«|dyr|kamel|pukkel
ğŸ¦™|alpakka|dyr|guanaco|lama|ull
ğŸ¦’|dyr|flekker|sjiraff
ğŸ˜|dyr|elefant
ğŸ¦£|dyr|mammut|stor|stÃ¸ttenner|ull|utdÃ¸dd
ğŸ¦|dyr|horn|nese|neshorn
ğŸ¦›|dyr|flodhest
ğŸ­|dyr|fjes|musefjes
ğŸ|dyr|mus
ğŸ€|dyr|rotte
ğŸ¹|dyr|fjes|hamster
ğŸ°|dyr|fjes|kaninfjes
ğŸ‡|dyr|hare|kanin
ğŸ¿ï¸|dyr|ekorn|jordekorn
ğŸ¦«|bever|dam|dyr
ğŸ¦”|dyr|pigger|piggsvin|pinnsvin
ğŸ¦‡|dyr|flaggermus|vampyr
ğŸ»|bjÃ¸rn|dyr|fjes
ğŸ»â€â„ï¸|arktis|bjÃ¸rn|dyr|hvit|isbjÃ¸rn
ğŸ¨|dyr|koalabjÃ¸rn
ğŸ¼|dyr|fjes|panda
ğŸ¦¥|dovendyr|dyr|lat|treg
ğŸ¦¦|dyr|fisker|lekende|oter
ğŸ¦¨|dyr|stank|stinkdyr|stinke
ğŸ¦˜|australia|dyr|hoppe|kenguru|pungdyr
ğŸ¦¡|grevling|skadedyr
ğŸ¾|avtrykk|dyr|poteavtrykk|poter|spor
ğŸ¦ƒ|fugl|kalkun
ğŸ”|dyr|fugl|hÃ¸ne
ğŸ“|dyr|fugl|hane
ğŸ£|dyr|fugl|klekking|kylling|nyklekket kylling
ğŸ¤|baby|dyr|fugl|kylling
ğŸ¥|baby|dyr|fugl|kylling forfra
ğŸ¦|dyr|fugl
ğŸ§|dyr|fugl|pingvin
ğŸ•Šï¸|due|dyr|fly|fredsdue|fugl
ğŸ¦…|dyr|fugl|Ã¸rn
ğŸ¦†|and|dyr|fugl
ğŸ¦¢|den stygge andungen|fugl|svane
ğŸ¦‰|dyr|fugl|ugle|vis
ğŸ¦¤|dodo|dronte|mauritius|stor|utdÃ¸dd
ğŸª¶|fjÃ¦rdrakt|fugl|lett
ğŸ¦©|dyr|flamingo|fugl|prangende|tropisk
ğŸ¦š|dyr|fugl|pÃ¥fugl|prangende|stolt
ğŸ¦œ|dyr|fugl|papegÃ¸ye|pirat|snakkende|snakker
ğŸ¸|dyr|fjes|frosk
ğŸŠ|dyr|krokodille
ğŸ¢|dyr|skilpadde
ğŸ¦|dyr|firfisle|Ã¸gle|reptil
ğŸ|dyr|orm|slangebÃ¦reren|stjernebilde|stjernetegn
ğŸ²|dragefjes|dyr|eventyr|fjes
ğŸ‰|drage|dyr|eventyr
ğŸ¦•|brachiosaurus|brontosaurus|dinosaur|diplodocus|sauropod
ğŸ¦–|dinosaur|t-rex|tyrannosaurus rex
ğŸ³|dyr|hval|sprutende hval|spruter
ğŸ‹|dyr|hval
ğŸ¬|delfin|dyr
ğŸ¦­|dyr|sel|sjÃ¸lÃ¸ve
ğŸŸ|dyr|fiskene|stjernebilde|stjernetegn
ğŸ |dyr|fisk|tropisk
ğŸ¡|dyr|fisk|kulefisk
ğŸ¦ˆ|dyr|fisk|hai
ğŸ™|blekksprut|blÃ¸tdyr|dyr
ğŸš|dyr|skjell|spiralskjell
ğŸŒ|dyr|snegle
ğŸ¦‹|dyr|insekt|pen|sommerfugl
ğŸ›|Ã¥me|dyr|insekt|kryp|larve
ğŸœ|dyr|insekt|maur
ğŸ|bie|dyr|honningbie|insekt
ğŸª²|bille|dyr|insekt
ğŸ|bille|dyr|insekt|marihÃ¸ne
ğŸ¦—|dyr|gresshoppe|insekt
ğŸª³|dyr|insekt|kakerlakk|utÃ¸y
ğŸ•·ï¸|dyr|edderkopp|insekt
ğŸ•¸ï¸|dyr|edderkopp|nett|spindelvev
ğŸ¦‚|dyr|skorpionen|stjernebilde|stjernetegn
ğŸ¦Ÿ|dyr|feber|insekt|malaria|mygg|sykdom|virus
ğŸª°|dyr|flue|forrÃ¥tnelse|insekt|larver|rÃ¥tne|sykdom
ğŸª±|dyr|leddorm|makk|mark|meitemakk|meitemark|parasitt
ğŸ¦ |amÃ¸be|bakterie|mikrobe|virus
ğŸ’|blomster|bukett|romantikk
ğŸŒ¸|blomst|kirsebÃ¦rblomst
ğŸ’®|blomsterstempel|hvit blomst|stempel
ğŸµï¸|plante|rosett
ğŸŒ¹|blomst|rose
ğŸ¥€|blomst|tÃ¸rket|vissen
ğŸŒº|blomst|hibiskus
ğŸŒ»|blomst|solsikke
ğŸŒ¼|blomst|plante
ğŸŒ·|blomst|tulipan
ğŸŒ±|plante|spire|ung
ğŸª´|dyrke|hus|kjedelig|plante|potteplante|ubrukelig|vanne
ğŸŒ²|barnÃ¥ler|bartre|eviggrÃ¸nt tre|gran|juletre|tre
ğŸŒ³|blader|lÃ¸vtre|tre
ğŸŒ´|palmetre|tre
ğŸŒµ|kaktus|plante
ğŸŒ¾|aks|plante|risplante|siv|strÃ¥
ğŸŒ¿|blader|plante|urteblader
ğŸ€|4|firklÃ¸ver|flaks|hell|klÃ¸ver|plante
ğŸ|blad|hÃ¸stblad|lÃ¸nneblad
ğŸ‚|blad|fallende|hÃ¸stblad|lÃ¸v
ğŸƒ|blader i vind|blÃ¥ser|blÃ¥st|lÃ¸v i vind|vind
ğŸ‡|drueklase|druer|frukt
ğŸˆ|frukt|honningmelon|melon
ğŸ‰|frukt|melon|vannmelon
ğŸŠ|appelsin|frukt|klementin|mandarin
ğŸ‹|frukt|sitron|sitrus
ğŸŒ|banan|frukt
ğŸ|ananas|frukt
ğŸ¥­|frukt|mango|tropisk
ğŸ|eple|frukt|rÃ¸dt
ğŸ|eple|frukt|grÃ¸nn|grÃ¸nt
ğŸ|frukt|pÃ¦re
ğŸ‘|fersken|frukt
ğŸ’|bÃ¦r|kirsebÃ¦r|moreller
ğŸ“|bÃ¦r|jordbÃ¦r
ğŸ«|bÃ¦r|blÃ¥bÃ¦r
ğŸ¥|frukt|kiwi|mat
ğŸ…|frukt|grÃ¸nnsak|tomat
ğŸ«’|mat|oliven
ğŸ¥¥|kokosnÃ¸tt|palme|piÃ±a colada
ğŸ¥‘|avokado|frukt|mat
ğŸ†|aubergine|grÃ¸nnsak
ğŸ¥”|grÃ¸nnsak|mat|potet
ğŸ¥•|grÃ¸nnsak|gulrot|mat|rot
ğŸŒ½|maiskolbe
ğŸŒ¶ï¸|chili|plante|rÃ¸d|sterk
ğŸ«‘|capsicum|chili|grÃ¸nnsak|paprika
ğŸ¥’|agurk|grÃ¸nnsak|mat|sylteagurk
ğŸ¥¬|bladgrÃ¸nnsaker|bladsalat|grÃ¸nnkÃ¥l|kÃ¥l|kinakÃ¥l|pak choy
ğŸ¥¦|brokkoli|grÃ¸nnsak
ğŸ§„|hvitlÃ¸k|smakstilsetning
ğŸ§…|lÃ¸k|smakstilsetning
ğŸ„|fluesopp|sopp
ğŸ¥œ|grÃ¸nnsak|mat|nÃ¸tt|peanÃ¸tter
ğŸŒ°|kastanjenÃ¸tt|nÃ¸tt
ğŸ|brÃ¸d|loff
ğŸ¥|brÃ¸d|croissant|fransk|mat
ğŸ¥–|bagett|baguette|brÃ¸d|fransk|mat
ğŸ«“|arepa|brÃ¸d|lavash|nan|pitabrÃ¸d
ğŸ¥¨|saltkringle|saltstenger|snacks
ğŸ¥¯|bagel|bakst|pÃ¥smurt
ğŸ¥|crÃªpe|mat|pannekaker
ğŸ§‡|belgisk vaffel|jern|vaffel
ğŸ§€|ostestykke
ğŸ–|kjÃ¸tt med bein|kjÃ¸ttbein|restaurant
ğŸ—|fjÃ¦rfe|fjÃ¦rkre|kyllingklubbe|kyllinglÃ¥r|restaurant
ğŸ¥©|biff|kjÃ¸ttstykke|lammekotelett|lammeskank|svinekotelett
ğŸ¥“|bacon|kjÃ¸tt|mat
ğŸ”|burger|hamburger|restaurant
ğŸŸ|chips|pommes frites|restaurant|stekte poteter
ğŸ•|pizzabit|pizzastykke|restaurant
ğŸŒ­|hot dog|hotdog|pÃ¸lse med brÃ¸d
ğŸ¥ª|brÃ¸dskive|sandwich|smÃ¸rbrÃ¸d
ğŸŒ®|meksikansk|taco
ğŸŒ¯|burrito|meksikansk|wrap
ğŸ«”|latinamerikansk|meksikansk|tamal|wrap
ğŸ¥™|falafel|fylt pitabrÃ¸d|gyro|kebab|mat|pita
ğŸ§†|falafel|kikerter|kjÃ¸ttboller
ğŸ¥š|egg|mat
ğŸ³|egg|matlaging|stekepanne
ğŸ¥˜|lav gryte med mat|mat|paella|stekepanne
ğŸ²|gryterett|middagsmat|panne
ğŸ«•|fondue|fondy|gryte|ost|sjokolade|smeltet|sveitsisk
ğŸ¥£|bolle med skje|congee|frokostblanding|grÃ¸t
ğŸ¥—|grÃ¸nn|mat|salat
ğŸ¿|kino|popcorn|popkorn
ğŸ§ˆ|meieriprodukt|smÃ¸r
ğŸ§‚|bÃ¸sse|krydder|salt
ğŸ¥«|boks|hermetikk|hermetisk mat
ğŸ±|bento-boks|boks|matboks
ğŸ˜|kjeks|riskjeks
ğŸ™|japansk|onigiri|restaurant|risball
ğŸš|kokt|restaurant|ris
ğŸ›|curry|karriris|restaurant|ris
ğŸœ|matbolle som damper|nudelbolle|ramen|restaurant
ğŸ|pasta|restaurant|spagetti
ğŸ |bakt|potet|restaurant|sÃ¸tpotet
ğŸ¢|oden|restaurant|sjÃ¸mat pÃ¥ pinne|sjÃ¸matspyd
ğŸ£|restaurant|sushi
ğŸ¤|fritert reke|grillet scampi|kongereke|restaurant|scampi|tempura
ğŸ¥|fiskekake med mÃ¸nster|restaurant
ğŸ¥®|festival|hÃ¸st|mÃ¥nekake|yuebing
ğŸ¡|dango|japansk|restaurant|riskonfekt
ğŸ¥Ÿ|dumpling|empanada|gyoza|jiaozi|pirog
ğŸ¥ |fortune cookie|lykkekake|spÃ¥dom
ğŸ¥¡|takeaway-boks|takeaway-eske
ğŸ¦€|dyr|krabbe|krepsen|stjernebilde|stjernetegn
ğŸ¦|bisque|hummer|klÃ¸r|sjÃ¸mat|skalldyr
ğŸ¦|dyr|liten|mat|reke
ğŸ¦‘|akkar|blekksprut|blÃ¸tdyr|dyr|sprut
ğŸ¦ª|dykking|Ã¸sters|perle
ğŸ¦|dessert|iskrem|restaurant|soft-is|softis
ğŸ§|dessert|is|restaurant|shave-ice|slush-is
ğŸ¨|dessert|iskrem|restaurant
ğŸ©|dessert|donut|restaurant|smultring
ğŸª|cookie|dessert|kjeks|restaurant
ğŸ‚|bursdagskake|dessert|feiring|fÃ¸dselsdag|kake
ğŸ°|dessert|formkake|kakestykke
ğŸ§|bakst|cupcake|sÃ¸t
ğŸ¥§|butterdeig|fyll|pai
ğŸ«|sjokoladeplate
ğŸ¬|godteri|karamell|smÃ¥godt|sÃ¸tsaker|sukkertÃ¸y
ğŸ­|kjÃ¦rlighet pÃ¥ pinne|sukkertÃ¸y
ğŸ®|dessert|karamellpudding|pudding
ğŸ¯|honningkrukke|krukke
ğŸ¼|babyflaske|drikke|melk|tÃ¥teflaske
ğŸ¥›|drikke|glass|melkeglass
ğŸ«–|drikke|kanne|tekanne
ğŸµ|drikke|suppe|tekopp
ğŸ¶|drikke|flaske|karaffel|mugge og kopp|sake
ğŸ¾|bar|drikke|flaske med sprettkork|kork|sprette
ğŸ·|drikke|glass|rÃ¸dvin|vinglass
ğŸ¸|bar|cocktaildrink|cocktailglass|drink
ğŸ¹|bar|drink|juice|tropisk drink
ğŸº|bar|halvliter|Ã¸lglass|Ã¸lkrus|pilsner
ğŸ»|bar|halvliter|Ã¸lglass|Ã¸lkrus som skÃ¥ler|pils
ğŸ¥‚|drink|feiring|glass som skÃ¥ler|skÃ¥l
ğŸ¥ƒ|brennevin|glass|shot|sprit|whiskyglass
ğŸ¥¤|brus|juice|jus|kopp med sugerÃ¸r
ğŸ§‹|boble-te|bobler|kuler|melk|perler|te
ğŸ§ƒ|drikkekartong|juicekartong|juskartong
ğŸ§‰|drikke|mate
ğŸ§Š|isbit|isterning|kald
ğŸ¥¢|hashi|spisepinner
ğŸ½ï¸|gaffel|kniv|matlaging|tallerken med kniv og gaffel
ğŸ´|gaffel|kniv og gaffel|matlaging
ğŸ¥„|bestikk|skje
ğŸ”ª|kniv|kokkekniv|matlaging|vÃ¥pen|verktÃ¸y
ğŸº|amfora|drikke|krukke|matlaging|stjernebilde|stjernetegn|vannmannen
ğŸŒ|afrika|europa|jorden|jordklode med europa og afrika|verden
ğŸŒ|amerika|jorden|jordklode med amerika|usa|verden
ğŸŒ|asia|australia|jorden|jordklode med asia og australia|verden
ğŸŒ|jorden|jordklode med meridianer|lengde- og breddegrader|verden
ğŸ—ºï¸|kart|verdenskart
ğŸ—¾|japan|kart over japan
ğŸ§­|kompass|magnetisk|navigasjon|orientering
ğŸ”ï¸|fjell|kaldt|snÃ¸dekt fjell
â›°ï¸|berg|fjell
ğŸŒ‹|utbrudd|vulkanutbrudd
ğŸ—»|fjell|fuji-fjellet
ğŸ•ï¸|camping|telttur
ğŸ–ï¸|parasoll|strand med parasoll
ğŸœï¸|Ã¸rken
ğŸï¸|Ã¸de|Ã¸y
ğŸï¸|nasjonalpark|park
ğŸŸï¸|arena|stadion
ğŸ›ï¸|bygning|klassisk
ğŸ—ï¸|byggearbeid|bygging|bygning under konstruksjon
ğŸ§±|mÃ¸rtel|murstein|sement|vegg
ğŸª¨|blokk|steinblokk|tung
ğŸªµ|stokk|tÃ¸mmer|trelast
ğŸ›–|bungalow|hus|hytte|jurte|rundhus
ğŸ˜ï¸|boliger|bygning|hus
ğŸšï¸|bygning|falleferdig|forlatt|hus
ğŸ |bygning|hjem|hus
ğŸ¡|bygning|hjem|hus med hage
ğŸ¢|bygning|kontorbygg
ğŸ£|bygning|japansk postkontor|post
ğŸ¤|bygning|europeisk|postkontor
ğŸ¥|lege|medisin|sykehus
ğŸ¦|bank|bygning
ğŸ¨|bygning|hotell
ğŸ©|bygning|hotell|kjÃ¦rlighetshotell
ğŸª|butikk|bygning|dagligvarebutikk|storkiosk
ğŸ«|bygning|skolebygning
ğŸ¬|butikk|kjÃ¸pesenter|varehus
ğŸ­|bygning|fabrikk
ğŸ¯|bygning|japansk|slott
ğŸ°|borg|bygning|europeisk slott|festning|slott
ğŸ’’|bryllup|kapell|romantikk
ğŸ—¼|tÃ¥rn|tokyo-tÃ¥rnet
ğŸ—½|frihetsgudinnen|statue
â›ª|bygning|kirke|kors|kristen|religion
ğŸ•Œ|bygning|islam|moskÃ©|muslim|religion
ğŸ›•|hindutempel|religion|tempel
ğŸ•|bygning|jÃ¸de|jÃ¸disk|religion|synagoge|tempel
â›©ï¸|alter|religion|shinto-alter
ğŸ•‹|islam|kaba|muslim|religion
â›²|fontene
â›º|camping|telttur
ğŸŒ|tÃ¥kete|vÃ¦r
ğŸŒƒ|natt|stjernenatt|stjerner
ğŸ™ï¸|bylandskap
ğŸŒ„|fjellsol|morgensol|soloppgang over fjell
ğŸŒ…|morgensol|soloppgang
ğŸŒ†|bygning|byhorisont|bylandskap i skumring|skumring|solnedgang
ğŸŒ‡|bygning|skumring|solnedgang over byhorisont
ğŸŒ‰|bro om natten|natt
ğŸ |fornÃ¸yelsespark|hest|karusellhest|tivoli
ğŸ¡|fornÃ¸yelsespark|pariserhjul|tivoli
ğŸ¢|berg-og-dal-bane|fornÃ¸yelsespark|tivoli
ğŸ’ˆ|barberersÃ¸yle|barberskilt|frisÃ¸rsalong
ğŸª|sirkustelt|telt|underholdning
ğŸš‚|fremkomstmiddel|lokmotiv|lokomotiv|tog
ğŸšƒ|elektrisk|fremkomstmiddel|togvogn|trikk
ğŸš„|fremkomstmiddel|hÃ¸yhastighetstog|lyntog|tog
ğŸš…|fremkomstmiddel|hÃ¸yhastighetstog med kulenese|lyntog|shinkansen|tog
ğŸš†|fremkomstmiddel|jernbane|tog
ğŸš‡|fremkomstmiddel|metro|t-bane|tunnelbane|undergrunnsbane
ğŸšˆ|fremkomstmiddel|jernbane|lokaltog
ğŸš‰|jernbane|stasjon|togstasjon
ğŸšŠ|fremkomstmiddel|trikk
ğŸš|fremkomstmiddel|monorail
ğŸš|bane|fjellbane|fremkomstmiddel
ğŸš‹|fremkomstmiddel|trikkevogn|vogn
ğŸšŒ|buss|fremkomstmiddel
ğŸš|buss|fremkomstmiddel|motgÃ¥ende
ğŸš|buss|fremkomstmiddel|trolleybuss
ğŸš|buss|kjÃ¸retÃ¸y|minibuss|van
ğŸš‘|ambulanse|bil|kjÃ¸retÃ¸y
ğŸš’|bil|brannbil|kjÃ¸retÃ¸y
ğŸš“|bil|kjÃ¸retÃ¸y|politibil
ğŸš”|bil|kjÃ¸retÃ¸y|motgÃ¥ende politibil
ğŸš•|bil|kjÃ¸retÃ¸y|taxi
ğŸš–|bil|kjÃ¸retÃ¸y|motgÃ¥ende|taxi
ğŸš—|bil|kjÃ¸retÃ¸y
ğŸš˜|bil|kjÃ¸retÃ¸y|motgÃ¥ende
ğŸš™|bil|kjÃ¸retÃ¸y|suv
ğŸ›»|lastebil|liten|pickup
ğŸšš|bil|kjÃ¸retÃ¸y|varebil
ğŸš›|bil|kjÃ¸retÃ¸y|lastebil|trailer|trekkvogn
ğŸšœ|kjÃ¸retÃ¸y|traktor
ğŸï¸|billÃ¸p|motorsport|racerbil
ğŸï¸|motorsport|motorsykkel|motorsyklist
ğŸ›µ|motorsykkel|scooter
ğŸ¦½|manuell rullestol|tilgjengelighet
ğŸ¦¼|motorisert rullestol|tilgjengelighet
ğŸ›º|autorickshaw|mototaxi|trehjuling|tuk-tuk
ğŸš²|kjÃ¸retÃ¸y|sykkel
ğŸ›´|sparkesykkel|sykkel
ğŸ›¹|brett|rullebrett|skateboard
ğŸ›¼|rulleskÃ¸yter|skÃ¸yter
ğŸš|busstopp|holdeplass
ğŸ›£ï¸|motorvei|vei
ğŸ›¤ï¸|jernbanespor|tog
ğŸ›¢ï¸|fat|oljefat|tÃ¸nne
â›½|bensinpumpe|bensinstasjon|diesel|stasjon
ğŸš¨|bil|kjÃ¸retÃ¸y|lys|politilys|roterende|signal
ğŸš¥|horisontale lys|horisontale trafikklys|trafikk
ğŸš¦|trafikk|vertikale lys|vertikale trafiklys
ğŸ›‘|Ã¥ttekantet|skilt|stoppskilt
ğŸš§|anleggsarbeid|byggeplass|byggeskilt|skilt
â›µ|bÃ¥t|seilbÃ¥t
ğŸ›¶|bÃ¥t|kano
ğŸš¤|bÃ¥t|fartÃ¸y|speedbÃ¥t
ğŸ›³ï¸|bÃ¥t|fremkomstmiddel|passasjerskip|skip
â›´ï¸|bÃ¥t|ferge|passasjer
ğŸ›¥ï¸|bÃ¥t|fremkomstmiddel|motorbÃ¥t
ğŸš¢|bÃ¥t|fartÃ¸y|fremkomstmiddel|skip
ğŸ›©ï¸|fly|fremkomstmiddel|lite fly
ğŸ›«|avganger|fly som tar av|flyavgang|fremkomstmiddel|innsjekk
ğŸ›¬|ankomme|ankomster|fly som lander|fremkomstmiddel|lande|landing
ğŸª‚|fallskjermhopp|hangglider|hengeglider|paragliding
ğŸ’º|sete|stol
ğŸš|fremkomstmiddel|helikopter
ğŸšŸ|fremkomstmiddel|svevebane
ğŸš |fremkomstmiddel|kabelbane
ğŸš¡|fremkomstmiddel|gondolbane|taubane
ğŸ›°ï¸|satellitt|verdensrommet
ğŸš€|fremkomstmiddel|rakett|verdensrommet
ğŸ›¸|flygende tallerken|ufo
ğŸ›ï¸|hotell|klokke|pikkolo|resepsjonsklokke
ğŸ§³|bagasje|pakking|reise
âŒ›|ferdig timeglass|sand|tidtaker
â³|sand|startet timeglass|tidtaker
âŒš|armbÃ¥ndsur|ur
â°|alarm|klokke|vekkerklokke
â±ï¸|klokke|stoppeklokke
â²ï¸|klokke|nedtelling|tidtaker
ğŸ•°ï¸|klokke|peisur
ğŸ•›|0:00|12:00|24:00|klokka|klokken tolv|tolv
ğŸ•§|0:30|12:30|halv ett|klokka|klokken halv ett
ğŸ•|1:00|13:00|ett|klokka|klokken
ğŸ•œ|1:30|13:30|halv to|klokka|klokken halv to
ğŸ•‘|14:00|2:00|klokka|klokken|to
ğŸ•|14:30|2:30|halv tre|klokka|klokken halv tre
ğŸ•’|15:00|3:00|klokka|klokken|tre
ğŸ•|15:30|3:30|halv fire|klokka|klokken halv fire
ğŸ•“|16:00|4:00|fire|klokka|klokken
ğŸ•Ÿ|16:30|4:30|halv fem|klokka|klokken halv fem
ğŸ•”|17:00|5:00|fem|klokka|klokken
ğŸ• |17:30|5:30|halv seks|klokka|klokken halv seks
ğŸ••|18:00|6:00|klokka|klokken|seks
ğŸ•¡|18:30|6:30|halv sju|halv syv|klokka|klokken halv sju
ğŸ•–|19:00|7:00|klokka|klokken|sju|syv
ğŸ•¢|19:30|7:30|halv Ã¥tte|klokka|klokken halv Ã¥tte
ğŸ•—|20:00|8:00|Ã¥tte|klokka|klokken
ğŸ•£|20:30|8:30|halv ni|klokka|klokken halv ni
ğŸ•˜|21:00|9:00|klokka|klokken|ni
ğŸ•¤|09:30|21:30|halv ti|klokka|klokken halv ti
ğŸ•™|10:00|22:00|klokka|klokken|ti
ğŸ•¥|10:30|22:30|halv elleve|klokka|klokken halv elleve
ğŸ•š|11:00|23:00|elleve|klokka|klokken
ğŸ•¦|11:30|23:30|halv tolv|klokka|klokken halv tolv
ğŸŒ‘|mÃ¥ne|mÃ¸rk|nymÃ¥ne
ğŸŒ’|mÃ¥nefase|ny|voksende nymÃ¥ne
ğŸŒ“|fÃ¸rste kvarter|halvmÃ¥ne|mÃ¥nefase|ny|voksende halvmÃ¥ne
ğŸŒ”|mÃ¥nefase|ny|voksende fullmÃ¥ne
ğŸŒ•|fullmÃ¥ne|hel mÃ¥ne|mÃ¥ne
ğŸŒ–|avtakende fullmÃ¥ne|mÃ¥nefase|ne
ğŸŒ—|avtakende halvmÃ¥ne|halvmÃ¥ne|mÃ¥nefase|ne|siste kvarter
ğŸŒ˜|avtakende nemÃ¥ne|mÃ¥nefase|ne
ğŸŒ™|mÃ¥nesigd
ğŸŒš|ansikt|mÃ¥ne|nymÃ¥ne med ansikt|nymÃ¥neansikt
ğŸŒ›|kvartmÃ¥ne med ansikt|mÃ¥neansikt|nymÃ¥ne med ansikt
ğŸŒœ|kvartmÃ¥ne med ansikt|mÃ¥neansikt|nemÃ¥ne med ansikt
ğŸŒ¡ï¸|temperatur|termometer|vÃ¦r
ğŸŒ|ansikt|fullmÃ¥ne med ansikt|fullmÃ¥neansikt|mÃ¥ne med ansikt
ğŸŒ|ansikt|lys|solansikt
ğŸª|planet med ringer|saturn|verdensrommet
â­|stjerne|verdensrommet
ğŸŒŸ|glitrende|lysende stjerne|skinnende|stjerne|verdensrommet
ğŸŒ |fallende stjerne|faller|stjerneskudd|verdensrommet
ğŸŒŒ|galakse|melkeveien|verdensrommet
â›…|sky|sol bak sky|sol og sky
â›ˆï¸|regn|sky med lyn og regn|torden|vÃ¦r
ğŸŒ¤ï¸|sky|sol bak liten sky|vÃ¦r
ğŸŒ¥ï¸|sky|sol bak stor sky|vÃ¦r
ğŸŒ¦ï¸|regn|sky|sol bak sky med regn|vÃ¦r
ğŸŒ§ï¸|regn|sky med regn|vÃ¦r
ğŸŒ¨ï¸|kaldt|sky med snÃ¸|snÃ¸|vÃ¦r
ğŸŒ©ï¸|lyn|sky med lyn|vÃ¦r
ğŸŒªï¸|sky|tornado|vÃ¦r
ğŸŒ«ï¸|sky|tÃ¥ke|vÃ¦r
ğŸŒ¬ï¸|blÃ¥se|fjes|sky|vÃ¦r|vindansikt
ğŸŒ€|orkan|svimmel|syklon|tornado
ğŸŒˆ|regnbue|vÃ¦r
ğŸŒ‚|lukket paraply|regnvÃ¦r
â›±ï¸|paraply|parasoll pÃ¥ bakken|regn|sol|vÃ¦r
âš¡|fare|hÃ¸yspenning|hÃ¸yspent|lyn|spenning
â›„|snÃ¸mann uten snÃ¸
ğŸ”¥|flamme|ild
ğŸ’§|drÃ¥pe|drypp|tegneserie|vann
ğŸŒŠ|bÃ¸lge|hav|vann
ğŸƒ|gresskarlykt|halloweenlykt
ğŸ„|hÃ¸ytid|julefeiring|juletre|tre
ğŸ†|feiring|fyrverkeri|nyttÃ¥r
ğŸ‡|feiring|fyrverkeri|nyttÃ¥r|stjerneskudd pÃ¥ pinne
ğŸ§¨|dynamitt|eksplosiver|fyrverkeri|kinaputt
ğŸˆ|ballong|feiring
ğŸ‰|feiring|fest|serpentin|smell-bon-bon
ğŸŠ|feiring|fest|konfettiball|konfettikule
ğŸ‹|feiring|papirremser|stjernefestival|tanabatatre|tre
ğŸ|feiring|furudekorasjon|japansk hÃ¸ytid|nyttÃ¥r
ğŸ|festival|japansk hÃ¸ytid|japanske dukker
ğŸ|feiring|japansk hÃ¸ytid|karpe|koinobori|papirfisk
ğŸ|bjelle|drÃ¸mmefanger|feiring|vindspill
ğŸ‘|feiring|hÃ¸ytid|mÃ¥nebeskuelsesseremoni|mÃ¥nefeiring|mÃ¥neseremoni
ğŸ§§|flaks|gave|hell og lykke|hong bao|lai see|penger|rÃ¸d konvolutt
ğŸ€|bÃ¥nd|gavebÃ¥nd|slÃ¸yfe
ğŸ|bursdag|feiring|gave|innpakket|julegave|presang
ğŸ—ï¸|bÃ¥nd|feiring|minneslÃ¸yfe|pÃ¥minnelse
ğŸŸï¸|adgang|billett|inngangsbilletter
ğŸ«|adgang|billett|inngang|underholdning
ğŸ–ï¸|feiring|medalje|militÃ¦ret|militÃ¦rmedalje
ğŸ†|premie|trofÃ©
ğŸ…|idrettsmedalje|medalje
ğŸ¥‡|fÃ¸rsteplass|gullmedalje|medalje
ğŸ¥ˆ|andreplass|medalje|sÃ¸lvmedalje
ğŸ¥‰|bronsemedalje|medalje|tredjeplass
âš½|ball|fotball
âš¾|ball|baseball|sydd
ğŸ¥|ball|hanske|softball|underarm
ğŸ€|ball|basketball|kurv|sport
ğŸ|ball|kamp|spill|volleyball
ğŸˆ|amerikansk fotball|ball|sport
ğŸ‰|rugbyball|sport
ğŸ¾|ball|racket|sport|tenninsball|tennis
ğŸ¥|frisbee|ultimate
ğŸ³|bowlingkule|kule|spill
ğŸ|balltre|cricket|kamp
ğŸ‘|ball|hockey|kamp|kÃ¸lle|landhockey
ğŸ’|hockey|ishockey|kamp|kÃ¸lle|puck
ğŸ¥|ball|kÃ¸lle|lacrosse|mÃ¥l
ğŸ“|balltre|bordtennis|kamp|racket|tennis
ğŸ¸|badminton|birdie|fjÃ¦rball|kamp|racket
ğŸ¥Š|boksehanske|boksing|hanske|sport
ğŸ¥‹|drakt|judo|kampkunst|kampsportdrakt|karate|selvforsvar|taekwondo
ğŸ¥…|mÃ¥lnett|nett|sport
â›³|golfflagg|golfhull|hull
â›¸ï¸|is|skÃ¸yter
ğŸ£|fiskestang|fisking|fritid|natur
ğŸ¤¿|dykkermaske|dykking|froskemann|snorkling
ğŸ½|singlet|sport|t-skjorte|treningstopp|treningstrÃ¸ye
ğŸ¿|ski og staver|snÃ¸|staver|vintersport
ğŸ›·|kjelke|slede
ğŸ¥Œ|curlingstein|sport|stein
ğŸ¯|blink|dart|mÃ¥l|midt i blinken|pilspill|treff
ğŸª€|jojo|leke|opp og ned|yo-yo|yoyo
ğŸª|fly|papirdrage|sveve
ğŸ±|8|Ã¥tterkule|biljard|spill
ğŸ”®|krystallkule|spÃ¥dommer
ğŸª„|heks|magi|trollmann|tryllestav
ğŸ§¿|amulett|charm|nazar|ondt Ã¸ye|talisman
ğŸ®|konsoll|kontroller|spillkonsoll|spillkontroller|tv-spill|videospill
ğŸ•¹ï¸|joystick|spill|styrespake|videospill
ğŸ°|spilleautomat
ğŸ²|spill|terningkast|terningspill
ğŸ§©|bit|brikke|del|pekepinn|puslespillbrikke
ğŸ§¸|bamse|leke|teddybjÃ¸rn
ğŸª…|feiring|fest|piÃ±ata
ğŸª†|dukke|hul|matrjosjka|matruska|russisk|russland
â™Ÿï¸|bonde|brikke|sjakk
ğŸƒ|jokerkort|kort|spillkort
ğŸ€„|mahjongbrikke med rÃ¸d drage|rÃ¸d|spill
ğŸ´|kortspill|spillkort
ğŸ­|kunst|scenekunst|teatermasker|underholdning
ğŸ–¼ï¸|bilde|innrammet bilde|kunst|maleri|museum|ramme
ğŸ¨|kunst|malerpalett|maling
ğŸ§µ|nÃ¥l|snelle|sy|trÃ¥dsnelle
ğŸª¡|broderi|nÃ¥l|skredder|sting|sutur|synÃ¥l
ğŸ§¶|ball|garn|nÃ¸ste
ğŸª¢|knop|knute|knyte|rep|sammenflettet|tau|tvinne
ğŸ‘“|briller|klÃ¦r|lesebriller
ğŸ•¶ï¸|briller|mÃ¸rkt|Ã¸ye|solbriller
ğŸ¥½|beskyttelsesbriller|Ã¸yevern|sveising|svÃ¸mming
ğŸ¥¼|doktor|eksperiment|forsker|labfrakk|lege
ğŸ¦º|nÃ¸dssituasjon|refleksvest|sikkerhet|vest
ğŸ‘”|klÃ¦r|slips
ğŸ‘•|klÃ¦r|skjorte|t-skjorte
ğŸ‘–|bukser|jeans|klÃ¦r
ğŸ§£|hals|klÃ¦r|skjerf
ğŸ§¤|hÃ¥nd|hansker|klÃ¦r
ğŸ§¥|frakk|jakke|kÃ¥pe|klÃ¦r
ğŸ§¦|klÃ¦r|labber|sokker|strÃ¸mper
ğŸ‘—|kjole|klÃ¦r
ğŸ‘˜|kimono|kjole|klÃ¦r
ğŸ¥»|kjole|klÃ¦r|sari
ğŸ©±|badedrakt|badetÃ¸y
ğŸ©²|badebukse|badetÃ¸y|bikinitruse|truse|undertÃ¸y
ğŸ©³|badeshorts|badetÃ¸y|bukse|shorts|underbukse|undertÃ¸y
ğŸ‘™|badedrakt|badetÃ¸y|bikini|klÃ¦r
ğŸ‘š|dameklÃ¦r|klÃ¦r
ğŸ‘›|klÃ¦r|portemonÃ©|pung
ğŸ‘œ|hÃ¥ndveske|klÃ¦r|veske
ğŸ‘|clutch-veske|klÃ¦r|liten veske
ğŸ›ï¸|handleposer|hotell|pose|shopping
ğŸ’|ransel|ryggsekk|skolesekk
ğŸ©´|flipflops|flippflopper|havaianas|sandaler|strandsandaler|zoori
ğŸ‘|herresko|klÃ¦r|sko
ğŸ‘Ÿ|fritidssko|joggesko|klÃ¦r|sko|tennissko
ğŸ¥¾|fjelltur|gÃ¥tur|stÃ¸vel|telttur|turstÃ¸vel
ğŸ¥¿|flate sko|pumps|uten hÃ¦l
ğŸ‘ |hÃ¸yhÃ¦lt sko|klÃ¦r|sko
ğŸ‘¡|damesandal|klÃ¦r|sandal|sko
ğŸ©°|ballettsko|dans
ğŸ‘¢|damestÃ¸vlett|klÃ¦r|sko|stÃ¸vlett
ğŸ‘‘|dronning|klÃ¦r|konge|krone
ğŸ‘’|damehatt|hatt|klÃ¦r
ğŸ©|flosshatt|hatt|klÃ¦r
ğŸ“|feiring|hatt|klÃ¦r|studentlue|uteksaminering
ğŸ§¢|caps|kaps|skyggelue
ğŸª–|hÃ¦r|hjelm|kriger|militÃ¦rhjelm|soldat
â›‘ï¸|fjes|hatt|hjelm med hvitt kors|hjelp|kors
ğŸ“¿|bÃ¸nnekrans|halssmykke|klÃ¦r|perler|religion
ğŸ’„|kosmetikk|leppestift|sminke
ğŸ’|diamant|ring|romantikk
ğŸ’|diamant|edelsten|romantikk|smykkestein
ğŸ”‡|dempet hÃ¸yttaler|hÃ¸yttaler med strek over|ingen prating|stille
ğŸ”ˆ|hÃ¸yttaler med lavt volum|lav|lyd|ropert
ğŸ”‰|hÃ¸yttaler med middels volum|lyd|middels|ropert
ğŸ”Š|hÃ¸yttaler med hÃ¸yt volum|lyd|ropert
ğŸ“¢|hÃ¸yttaler|kommunikasjon|megafon|ropert
ğŸ“£|heiing|kommunikasjon|megafon|ropert
ğŸ“¯|horn|posthorn
ğŸ””|bjelle|klokke|ringing
ğŸ”•|bjelle med strek over|ingen lyd|klokke|lydlÃ¸s|overstreket bjelle|stille
ğŸ¼|g-nÃ¸kkel|musikk|notetegn
ğŸµ|musikknote|note
ğŸ¶|musikknoter|noter
ğŸ™ï¸|mikrofon|musikk|studiomikrofon
ğŸšï¸|glidebryter|musikk|nivÃ¥|skyveknapp
ğŸ›ï¸|brytere|knotter|kontrollbrytere|musikk
ğŸ¤|karaoke|mikrofon|musikk|underholdning
ğŸ§|headset|hodetelefoner|Ã¸retelefoner|underholdning
ğŸ“»|radiosignaler|teknologi
ğŸ·|instrument|musikkinstrument|saksofon|sax
ğŸª—|accordeon|concertina|trekkspill
ğŸ¸|gitar|instrument|musikkinstrument
ğŸ¹|instrument|keyboard|musikkinstrument|piano|tangenter
ğŸº|instrument|musikkinstrument|trompet
ğŸ»|fele|fiolin|instrument|musikkinstrument
ğŸª•|banjo|musikk|strenginstrument
ğŸ¥|musikk|trommestikker
ğŸª˜|beat|conga|langtromme|rytme|tromme
ğŸ“±|mobiltelefon|telefon
ğŸ“²|anrop|mobiltelefon med pil|pil|ring|telefon
â˜ï¸|fasttelefon|ringe|telefon
ğŸ“|kommunikasjon|telefonrÃ¸r
ğŸ“Ÿ|kommunikasjon|personsÃ¸ker|telefon
ğŸ“ |faksmaskin|kommunikasjon|telefon
ğŸ”‹|batteri|energilagring|strÃ¸m
ğŸ”Œ|elektrisitet|elektrisk|plugg|stÃ¸psel
ğŸ’»|bÃ¦rbar datamaskin|datamaskin|maskin|pc
ğŸ–¥ï¸|datamaskin|pc|stasjonÃ¦r
ğŸ–¨ï¸|datamaskin|printer|skriver
ğŸ–±ï¸|datamaskin|datamus|knapp|mus
ğŸ–²ï¸|datamaskin|styrekule
ğŸ’½|datadisk|disk|lagring|md|minidisk|optisk
ğŸ’¾|datamaskin|diskett|lagring
ğŸ’¿|blu-ray|cd|disk|dvd|lagring|optisk plate
ğŸ“€|disk|dvd-plate|lagring|optisk|plate
ğŸ§®|abakus|kuleramme|regning
ğŸ¥|filmkamera|kamera|kino|underholdning
ğŸï¸|bilder|filmruter|kino|ruter
ğŸ“½ï¸|filmframviser|filmfremviser|kino|projektor|video
ğŸ¬|action|filming|filmklapper|klapper|underholdning
ğŸ“º|fjernsyn|tv|video
ğŸ“·|foto|kamerateknikk|video
ğŸ“¸|blits|foto|kamera med blits|video
ğŸ“¹|kamera|videokamera
ğŸ“¼|kassett|opptak|vhs|videokassett
ğŸ”|forstÃ¸rrelsesglass mot venstre|glass|lupe|sÃ¸k
ğŸ”|forstÃ¸rrelsesglass mot hÃ¸yre|glass|lupe|sÃ¸k
ğŸ•¯ï¸|lys|stearinlys
ğŸ’¡|elektrisitet|idÃ©|lyspÃ¦re|pÃ¦re|tegneserie
ğŸ”¦|elektrisk|lommelykt|lykt|lys
ğŸ®|bar|izakaya|lampe|lanterne|lykt|rÃ¸d papirlykt
ğŸª”|Ã¥pen oljelampe|diya|lampe|olje
ğŸ“”|dekorert notatbok|notatbok|omslag
ğŸ“•|bok|lukket
ğŸ“–|Ã¥pen|bok
ğŸ“—|bok|grÃ¸nn
ğŸ“˜|blÃ¥|bok
ğŸ“™|bok|oransje
ğŸ“š|bok|bÃ¸ker
ğŸ““|kladdebok|kontorrekvisita|notatbok
ğŸ“’|kontorrekvisita|notatbok|spiralblokk
ğŸ“ƒ|ark|opprullet|side med bÃ¸y
ğŸ“œ|papirrull|papyrus|pergamentrull|rull
ğŸ“„|ark|papir|side som vender opp
ğŸ“°|avis|nyheter|publikasjon
ğŸ—ï¸|avis|nyheter|opprullet|papir|sammenrullet avis
ğŸ“‘|bokmerkefane|faner|markÃ¸r|merker
ğŸ”–|bokmerke|merke
ğŸ·ï¸|etikett|merke
ğŸ’°|dollar|penger|pengesekk|sekk
ğŸª™|gull|metall|mynt|penger|skatt|sÃ¸lv
ğŸ’´|penger|seddel|yenseddel
ğŸ’µ|dollarseddel|penger|seddel
ğŸ’¶|euroseddel|penger|seddel
ğŸ’·|penger|pundseddel|seddel
ğŸ’¸|bank|flygende seddel|penger med vinger|seddel
ğŸ’³|bankkort|betalingskort|kort|kredittkort|visa
ğŸ§¾|arkiv|bilag|dokumentasjon|kvittering|regnskap
ğŸ’¹|graf|marked|oppover|penger|stigende diagram med yen|trend|yen
ğŸ“§|brev|e-post|kommunikasjon|post
ğŸ“¨|brev|e-post|epost|innkommende|konvolutt|motta
ğŸ“©|brev|e-post|epost|konvolutt med pil|sende|sendt|utgÃ¥ende
ğŸ“¤|brev|e-post|kommunikasjon|sendt|skuff|utboks
ğŸ“¥|brev|e-post|innboks|kommunikasjon|mottatt|skuff
ğŸ“¦|eske|levering|pakke
ğŸ“«|flagg|lukket postkasse med flagget oppe|post
ğŸ“ª|flagg|lukket postkasse med flagget nede|post
ğŸ“¬|Ã¥pen postkasse med flagget oppe|flagg|post
ğŸ“­|Ã¥pen postkasse med flagget nede|flagg|post
ğŸ“®|postkasse
ğŸ—³ï¸|boks|stemmeseddel|urne med stemmeseddel
âœï¸|blyant
ğŸ–‹ï¸|blekk|fyllepenn|penn
ğŸ–Šï¸|kulepenn|penn
ğŸ–Œï¸|maling|pensel
ğŸ–ï¸|fargestift|tegning
ğŸ“|blyant|bok|kommunikasjon|notat
ğŸ’¼|dokumentmappe|stresskoffert
ğŸ“|arkivmappe|fil|mappe
ğŸ“‚|Ã¥pen|arkivmappe|filmappe|mappe
ğŸ—‚ï¸|faner|indeks|kort|skillekort|skillere
ğŸ“…|dato|kalender
ğŸ“†|kalender|riv-av-kalender|veggkalender
ğŸ—’ï¸|blokk|notat|spiralhefte
ğŸ—“ï¸|blokk|kalender|spiralkalender
ğŸ“‡|indeks|kartotek|register
ğŸ“ˆ|chart|diagram som peker oppover|graf|opp|positiv|stigende
ğŸ“‰|chart|diagram som peker nedover|fallende|graf|ned|negativ|synkende
ğŸ“Š|diagram|histogram|sÃ¸ylediagram|stolpediagram
ğŸ“‹|ordrebrett|skriveplate|tavle|utklippstavle
ğŸ“Œ|kontorrekvisita|stift
ğŸ“|kontorrekvisita|markÃ¸rnÃ¥l|rund stift
ğŸ“|binders|kontorrekvisita
ğŸ–‡ï¸|binders|kjede|sammenlenkede binders
ğŸ“|linjal|rett
ğŸ“|linjal|trekantlinjal|vinkel
ğŸ—ƒï¸|arkiv|boks|fil|kartotekboks|kort
ğŸ—„ï¸|arkivskap|fil|kabinett|mapper
ğŸ—‘ï¸|papirkurv|sÃ¸ppelkasse|sÃ¸ppelkurv
ğŸ”’|lÃ¥st
ğŸ”“|Ã¥pen|hengelÃ¥s|lÃ¥s|ulÃ¥st
ğŸ”|lÃ¥st med penn|penn|personvern
ğŸ”|lÃ¥s med nÃ¸kkel|lÃ¥st med nÃ¸kkel|sikker
ğŸ”‘|lÃ¥s|nÃ¸kkel|passord
ğŸ—ï¸|gammeldags nÃ¸kkel|lÃ¥s|ledetrÃ¥d|nÃ¸kkel
ğŸ”¨|hammer|verktÃ¸y
ğŸª“|dele|hogge|hugge|klÃ¸yve|Ã¸ks|ved
â›ï¸|gruvedrift|hakke|verktÃ¸y
ğŸ› ï¸|hammer og fastnÃ¸kkel|skiftenÃ¸kkel|verktÃ¸y
ğŸ—¡ï¸|dolk|kniv|vÃ¥pen
ğŸ”«|leketÃ¸ysvÃ¥pen|pistol|vannpistol
ğŸªƒ|australia|boomerang|bumerang|retur|tilbake
ğŸ¹|bueskytter|pil og bue|skytten|stjernebilde|stjernetegn|vÃ¥pen
ğŸ›¡ï¸|skjold|vÃ¥pen
ğŸªš|hÃ¥ndsag|sag|snekker|tÃ¸mrer|tre|verktÃ¸y
ğŸ”§|fastnÃ¸kkel|skrunÃ¸kkel|verktÃ¸y
ğŸª›|skrue|skrujern|skrutrekker|verktÃ¸y
ğŸ”©|mutter og skrue|skrue|verktÃ¸y
ğŸ—œï¸|klemme|skruetvinge|skrustikke|skrutvinge|verktÃ¸y
ğŸ¦¯|blindestokk|tilgjengelighet
ğŸ”—|lenke|link|to ringer
â›“ï¸|kjede|kjetting
ğŸª|buet|fange|krok|lÃ¸ftekrok|salgspunkt
ğŸ§°|kasse|skrin|verktÃ¸ykasse
ğŸ§²|hestesko|magnetisk|tiltrekning
ğŸªœ|klatre|leider|stige|trapp|trinn
ğŸ§ª|eksperiment|forskning|kjemiker|lab|prÃ¸verÃ¸r|reagensrÃ¸r
ğŸ§«|bakterie|biologi|kultur|lab|petriskÃ¥l
ğŸ§¬|biolog|dna|evolusjon|gener|genetikk|liv
ğŸ”¬|forskning|mikroskop|verktÃ¸y|vitenskap
ğŸ”­|astronomi|forskning|teleskop|verktÃ¸y|vitenskap
ğŸ“¡|antenne|kommunikasjon|parabolantenne|satellittantenne
ğŸ’‰|medisin|nÃ¥l|sprÃ¸yte|syk|vaksine
ğŸ©¸|bloddrÃ¥pe|blodgiver|medisin|menstruasjon
ğŸ’Š|lege|medisin|pille|tablett
ğŸ©¹|behandling|plaster|sÃ¥r
ğŸ©º|hjerte|lege|medisin|stetoskop
ğŸšª|dÃ¸r
ğŸ›—|heis|tilgjengelighet
ğŸª|refleksjon|speilbilde
ğŸªŸ|Ã¥pning|frisk luft|gjennomsiktig|ramme|utsikt|vindu
ğŸ›ï¸|hotell|seng|sove
ğŸ›‹ï¸|hotell|lampe|sofa og lampe
ğŸª‘|sete|sitteplass|stol
ğŸš½|dass|do|toalett|vannklosett|wc
ğŸª |avlÃ¸psÃ¥pner|mekanisk|toalett|vask
ğŸš¿|dusj|vann
ğŸ›|badekar|badestamp
ğŸª¤|Ã¥te|felle|musefelle|snare
ğŸª’|barbere|barbering|barberkniv|skarp
ğŸ§´|fuktighetskrem|lotionflaske|shampoo|sjampo|solkrem
ğŸ§·|bleie|punk|sikkerhetsnÃ¥l
ğŸ§¹|feiekost|heks|rengjÃ¸re
ğŸ§º|jordbruk|klesvask|kurv|piknik
ğŸ§»|rull med papir|toalettpapir|tÃ¸rkepapir|tÃ¸rkerull
ğŸª£|beholder|bÃ¸tte|kar|spann
ğŸ§¼|bad|sÃ¥peskÃ¥l|sÃ¥pestykke|skum|vaske
ğŸª¥|baderom|bÃ¸rste|dental|hygiene|ren|tannbÃ¸rste|tenner
ğŸ§½|absorberende|porÃ¸s|rengjÃ¸re|svamp|vaske
ğŸ§¯|brannslokkingsapparat|brannslukningsapparat|slokke|slukke
ğŸ›’|handlevogn|innkjÃ¸p|tralle|vogn
ğŸš¬|rÃ¸yking tillatt|sigarett|skilt
âš°ï¸|begravelse|dÃ¸d|kiste
ğŸª¦|gravplass|gravstein|kirkegÃ¥rd
âš±ï¸|begravelse|dÃ¸d|kremasjon|urne
ğŸ—¿|ansiktsstatue|moai-statue|pÃ¥skeÃ¸ya|statue
ğŸª§|demonstrasjon|plakat|protest|skilt
ğŸ§|automatisk|bank|minibankskilt|penger
ğŸš®|avfallsskilt|skilt|sÃ¸ppel
ğŸš°|drikkevann|vann
â™¿|handikaptilgang|rullestolbruker|rullestolsymbol
ğŸš¹|do|herrer|herretoalett|mannesymbol|toalett|wc
ğŸšº|damer|dametoalett|do|kvinnesymbol|toalett|wc
ğŸš»|do|toalettskilt|wc
ğŸš¼|babyskilt|babysymbol|stellerom|stellestasjon
ğŸš¾|do|toalett|wc
ğŸ›‚|kontroll|passkontroll
ğŸ›ƒ|grense|toll
ğŸ›„|bagasjebÃ¥nd|rullebÃ¥nd
ğŸ›…|bagasjeoppbevaring|oppbevaringsboks
âš ï¸|advarsel|obs
ğŸš¸|barn krysser veien|krysser|skilt
â›”|adgang forbudt|enveiskjÃ¸ring|ingen adgang|skilt|stopp
ğŸš«|adgang forbudt|forbudt|ikke|nei|skilt
ğŸš³|ikke|ingen sykler|nei|sykkel ikke tillatt|sykler forbudt
ğŸš­|forbudt|ikke tillatt|nei|rÃ¸yking|skilt
ğŸš¯|forsÃ¸pling ikke tillatt|ikke avfall|ingen kasting|skilt
ğŸš±|ikke drikkbart|ikke drikkevann|vann
ğŸš·|fotgjengere forbudt|gÃ¥ende|ikke tillatt|nei
ğŸ“µ|forbudt|ikke tillatt|ingen telefonsamtaler|mobiltelefon ikke tillatt|nei|telefon
ğŸ”|18|aldersgrense 18 Ã¥r|attenÃ¥rsgrense|ingen under 18|under 18
â¬†ï¸|nord|oppoverpil|pil opp|retning
â¡ï¸|hÃ¸yrepil|Ã¸st|pil hÃ¸yre|retning
â¬‡ï¸|nedoverpil|pil ned|retning|sÃ¸r
â¬…ï¸|pil venstre|retning|venstrepil|vest
â†©ï¸|pil som bÃ¸yer mot venstre
â†ªï¸|pil som bÃ¸yer mot hÃ¸yre
ğŸ”ƒ|last inn pÃ¥ nytt|piler|vertikale piler med klokken
ğŸ”„|mot klokken|piler mot klokken
ğŸ”™|back-pil|pil til venstre|tilbakepil
ğŸ”š|end-pil|pil til venstre|slutt med pil|sluttpil
ğŸ”›|on!-pil|pÃ¥|pil|utropstegn
ğŸ”œ|pil|snart med pil|soon-pil
ğŸ”|opp|pil opp|top-pil|topp med pil
ğŸ›|religion|religiÃ¸st samlingssted|tilbedelse
âš›ï¸|ateist|atomsymbol
ğŸ•‰ï¸|hindu|om|religion
â˜¯ï¸|religion|taoist|yang|yin
âœï¸|kors|kristen|latinsk kors|religion
â˜ªï¸|islam|muslim|religion|stjerne og halvmÃ¥ne
â˜®ï¸|fredssymbol
ğŸ•|lysestake|menora|religion
ğŸ”¯|magi|sekskantet|sekstagget stjerne med prikk|stjerne
â™Š|stjernetegn|tvillingene|tvillinger
â™‹|krabbe|krepsen|stjernetegn
â™Œ|lÃ¸ven|stjernetegn
â™|jomfruen|stjernetegn
â™|rettferdighet|stjernetegn|vekten
â™|skorpionen|stjernetegn
â›|bÃ¦rer|slangebÃ¦reren|stjernetegn
ğŸ”€|bland spor-symbol|kryssede piler mot hÃ¸yre|piler
ğŸ”|gjenta-knapp|med klokken|piler
ğŸ”‚|1 gang|Ã©n gang|gjenta ett spor-knapp|med klokken|piler
â–¶ï¸|avspillingsknapp|hÃ¸yre|pil|trekant
â©|dobbel pil|hÃ¸yre|spol framover-knapp|spoling
â­ï¸|neste scene|neste spor-knapp|pil|trekant
â¯ï¸|hÃ¸yre|pause|pil|spill av/pause-knapp|trekant
â—€ï¸|bakover-knapp|pil|tilbake|trekant|venstre
âª|dobbel pil|spol tilbake-knapp|spoling|venstre
â®ï¸|forrige scene|forrige spor-knapp|pil|trekant
ğŸ”¼|oppover-knapp|pil
â«|dobbel|opp|pil|raskt opp-knapp
ğŸ”½|nedover-knapp
â¬|dobbel pil ned|ned|pil|raskt ned-knapp
â¸ï¸|dobbel|pause-knapp|strek|vertikal
â¹ï¸|firkant|stopp-knapp
âºï¸|innspilling|sirkel|spill inn-knapp|ta opp
âï¸|eject|knapp|lÃ¸se ut|mat ut-knapp|mate ut
ğŸ¦|filmkamera|kamera|kino|underholdning
ğŸ”…|lav|lite lys-knapp|lysstyrke
ğŸ”†|hÃ¸y|lysstyrke|mye lys-knapp
ğŸ“¶|antenne|mobilsignaler|signalstyrke|telefon
ğŸ“³|mobiltelefon|modus|vibrasjon|vibreringsmodus
ğŸ“´|av|mobiltelefon
âš§ï¸|transperson-symbol
â™¾ï¸|for alltid|grenselÃ¸s|uendelig|universal|universell
â€¼ï¸|!!|bangbang|dobbelt utropstegn|tegnsetting|utropstegn
ğŸ’±|bank|penger|valutaveksling|veksling
ğŸ’²|dollartegn|penger|stort dollartegn
â™»ï¸|resirkuleringssymbol|symbol|universelt
âšœï¸|fleur-de-lis|fransk lilje
ğŸ”±|anker|emblem|treenighet|treforkemblem|tridentsymbol
ğŸ“›|navneskilt|skilt
ğŸ”°|grÃ¸nn og gul|grÃ¸nt og gult blad|japansk tegn for nybegynner|nybegynner
â­•|o|rÃ¸d|sirkel|stor|tykk rÃ¸d sirkel
âŒ|Ã—|kryss|rÃ¸dt kryss|x
â|Ã—|kryss i firkant|kvadrat|x
â°|lÃ¸kketegn
â¿|dobbel lÃ¸kke-tegn
ã€½ï¸|merke for nytt parti|nytt|parti
ğŸ” |abcd|bokstaver|inndata|store bokstaver
ğŸ”¡|abcd|bokstaver|inndata|smÃ¥ bokstaver
ğŸ”¢|1234|inndata|numeriske data|tall
ğŸ”£|ã€’â™ª&%|inndata|symboler
ğŸ”¤|abc|bokstaver|inndata|latinsk alfabet
ğŸ…°ï¸|a-knapp (blodtype)|blodtype|type a
ğŸ†|ab-knapp (blodtype)|blodtype|type ab
ğŸ…±ï¸|b-knapp (blodtype)|blodtype|type b
ğŸ†‘|cl-knapp|clear|slett|tÃ¸m
ğŸ†’|cool-knapp
ğŸ†“|free-knapp|free-symbol|gratis
ğŸ†”|id-knapp|id-symbol|identitet
â“‚ï¸|m med ring rundt|sirkel
ğŸ†•|new-knapp|new-symbol|nyhet
ğŸ†–|ikke bra|ng-knapp|ng-symbol|no good
ğŸ…¾ï¸|blodtype|o-knapp (blodtype)|type o
ğŸ†—|ok-knapp|ok-symbol
ğŸ…¿ï¸|p-knapp|parkeringsplass
ğŸ†˜|hjelp-symbol|sos-knapp|sos-symbol
ğŸ†™|opp-symbol|up!-knapp|up!-symbol
ğŸ†š|versus|vs-knapp|vs-symbol
ğŸˆ|Â«herÂ» pÃ¥ japansk|Â«kokoÂ»|her|japansk|katakana|ã‚³ã‚³
ğŸˆ‚ï¸|Â«gebyrÂ» pÃ¥ japansk|Â«saÂ»|gebyr|japansk|katakana|ã‚µ
ğŸˆ·ï¸|Â«mÃ¥nedlig belÃ¸pÂ» pÃ¥ japansk|ideograf|japansk|mÃ¥nedlig belÃ¸p|æœˆ
ğŸˆ¶|Â«ikke gratisÂ» pÃ¥ japansk|ideograf|ikke gratis|japansk|æœ‰
ğŸˆ¯|Â«reservertÂ» pÃ¥ japansk|ideograf|japansk|reservert|æŒ‡
ğŸ‰|Â«spesialtilbudÂ» pÃ¥ japansk|ideograf|japansk|spesialtilbud|å¾—
ğŸˆ¹|Â«rabattÂ» pÃ¥ japansk|ideograf|japansk|rabatt|å‰²
ğŸˆš|Â«gratisÂ» pÃ¥ japansk|gratis|ideograf|japansk|ç„¡
ğŸˆ²|Â«forbudtÂ» pÃ¥ japansk|forbudt|ideograf|japansk|ç¦
ğŸ‰‘|Â«akseptabeltÂ» pÃ¥ japansk|akseptabelt|ideograf|japansk|å¯
ğŸˆ¸|Â«sÃ¸knadÂ» pÃ¥ japansk|ideograf|japansk|sÃ¸knad|ç”³
ğŸˆ´|Â«bestÃ¥ttÂ» pÃ¥ japansk|bestÃ¥tt|ideograf|japansk|åˆ
ğŸˆ³|Â«ledigÂ» pÃ¥ japansk|ideograf|japansk|ledig|ç©º
ğŸˆº|Â«Ã¥pen for handelÂ» pÃ¥ japansk|Ã¥pen for handel|ideograf|japansk|å–¶
ğŸˆµ|Â«fulltÂ» pÃ¥ japansk|fullt|ideograf|japansk|æº€
ğŸ”´|geometrisk|rÃ¸d|sirkel
ğŸŸ |oransje|sirkel
ğŸŸ¡|gul|sirkel
ğŸŸ¢|grÃ¸nn|sirkel
ğŸ”µ|blÃ¥|geometrisk|sirkel
ğŸŸ£|lilla|sirkel
ğŸŸ¤|brun|sirkel
âš«|geometrisk|sirkel|svart sirkel
âšª|geometrisk|hvit sirkel|sirkel
ğŸŸ¥|kvadrat|rÃ¸dt
ğŸŸ§|kvadrat|oransje
ğŸŸ¨|gult|kvadrat
ğŸŸ©|grÃ¸nn|grÃ¸nt|kvadrat
ğŸŸ¦|blÃ¥tt|kvadrat
ğŸŸª|kvadrat|lilla
ğŸŸ«|brunt|kvadrat
â¬›|firkant|geometrisk|kvadrat|stor svart firkant
â¬œ|firkant|geometrisk|kvadrat|stor hvit firkant
â—¼ï¸|firkant|geometrisk|kvadrat|mellomstor svart firkant
â—»ï¸|firkant|geometrisk|kvadrat|mellomstor hvit firkant
â—¾|firkant|geometrisk|kvadrat|liten/mellomstor svart firkant
â—½|firkant|geometrisk|kvadrat|liten/mellomstor hvit firkant
â–ªï¸|firkant|geometrisk|kvadrat|liten svart firkant
â–«ï¸|firkant|geometrisk|kvadrat|liten hvit firkant
ğŸ”¶|geometrisk|oransje|ruter|stort oransje rutersymbol
ğŸ”·|blÃ¥|geometrisk|ruter|stort blÃ¥tt rutersymbol
ğŸ”¸|geometrisk|lite oransje rutersymbol|oransje|ruter
ğŸ”¹|blÃ¥|geometrisk|lite blÃ¥tt rutersymbol|ruter
ğŸ”º|geometrisk|oppover|rÃ¸d trekant som peker opp|trekant
ğŸ”»|geometrisk|nedover|rÃ¸d trekant som peker ned|trekant
ğŸ’ |blomst|diamant med prikk|sÃ¸tt
ğŸ”˜|knapp|radioknapp
ğŸ”³|firkant|hvit firkantet knapp|knapp
ğŸ”²|firkant|knapp|svart firkantet knapp
ğŸ|formel 1|mÃ¥l|motorsport|racingflagg|rutete flagg
ğŸš©|golf|posisjon|trekantet|vimpel
ğŸŒ|feiring|flagg|kryssede flagg|kryssede japanske flagg|krysset
ğŸ´|flagg|flagring|svart
ğŸ³ï¸|flagg|flagring|hvitt
ğŸ³ï¸â€ğŸŒˆ|flagg|regnbueflagg
ğŸ³ï¸â€âš§ï¸|flagg|hvit|lyseblÃ¥|rosa|transpersonflagg
ğŸ´â€â˜ ï¸|kaptein sabeltann|pirat|plyndre|sjÃ¸rÃ¸verflagg|skatt
ğŸ‡¦ğŸ‡©|andorra
ğŸ‡¦ğŸ‡ª|de forente arabiske emirater
ğŸ‡¦ğŸ‡«|afghanistan
ğŸ‡¦ğŸ‡¬|antigua og barbuda
ğŸ‡¦ğŸ‡®|anguilla
ğŸ‡¦ğŸ‡±|albania
ğŸ‡¦ğŸ‡²|armenia
ğŸ‡¦ğŸ‡´|angola
ğŸ‡¦ğŸ‡¶|antarktis
ğŸ‡¦ğŸ‡·|argentina
ğŸ‡¦ğŸ‡¸|amerikansk samoa
ğŸ‡¦ğŸ‡¹|Ã¸sterrike
ğŸ‡¦ğŸ‡º|australia
ğŸ‡¦ğŸ‡¼|aruba
ğŸ‡¦ğŸ‡½|Ã¥land
ğŸ‡¦ğŸ‡¿|aserbajdsjan
ğŸ‡§ğŸ‡¦|bosnia-hercegovina
ğŸ‡§ğŸ‡§|barbados
ğŸ‡§ğŸ‡©|bangladesh
ğŸ‡§ğŸ‡ª|belgia
ğŸ‡§ğŸ‡«|burkina faso
ğŸ‡§ğŸ‡¬|bulgaria
ğŸ‡§ğŸ‡­|bahrain
ğŸ‡§ğŸ‡®|burundi
ğŸ‡§ğŸ‡¯|benin
ğŸ‡§ğŸ‡±|saint-barthÃ©lemy
ğŸ‡§ğŸ‡²|bermuda
ğŸ‡§ğŸ‡³|brunei
ğŸ‡§ğŸ‡´|bolivia
ğŸ‡§ğŸ‡¶|karibisk nederland
ğŸ‡§ğŸ‡·|brasil
ğŸ‡§ğŸ‡¸|bahamas
ğŸ‡§ğŸ‡¹|bhutan
ğŸ‡§ğŸ‡¼|botswana
ğŸ‡§ğŸ‡¾|hviterussland
ğŸ‡§ğŸ‡¿|belize
ğŸ‡¨ğŸ‡¦|canada
ğŸ‡¨ğŸ‡¨|kokosÃ¸yene
ğŸ‡¨ğŸ‡©|kongo
ğŸ‡¨ğŸ‡«|den sentralafrikanske republikk
ğŸ‡¨ğŸ‡¬|kongo-brazzaville
ğŸ‡¨ğŸ‡­|sveits
ğŸ‡¨ğŸ‡®|elfenbenskysten
ğŸ‡¨ğŸ‡°|cookÃ¸yene
ğŸ‡¨ğŸ‡±|chile
ğŸ‡¨ğŸ‡²|kamerun
ğŸ‡¨ğŸ‡³|kina
ğŸ‡¨ğŸ‡´|colombia
ğŸ‡¨ğŸ‡·|costa rica
ğŸ‡¨ğŸ‡º|cuba
ğŸ‡¨ğŸ‡»|kapp verde
ğŸ‡¨ğŸ‡¼|curaÃ§ao
ğŸ‡¨ğŸ‡½|christmasÃ¸ya
ğŸ‡¨ğŸ‡¾|kypros
ğŸ‡¨ğŸ‡¿|tsjekkia
ğŸ‡©ğŸ‡ª|tyskland
ğŸ‡©ğŸ‡¯|djibouti
ğŸ‡©ğŸ‡°|danmark
ğŸ‡©ğŸ‡²|dominica
ğŸ‡©ğŸ‡´|den dominikanske republikk
ğŸ‡©ğŸ‡¿|algerie
ğŸ‡ªğŸ‡¨|ecuador
ğŸ‡ªğŸ‡ª|estland
ğŸ‡ªğŸ‡¬|egypt
ğŸ‡ªğŸ‡­|vest-sahara
ğŸ‡ªğŸ‡·|eritrea
ğŸ‡ªğŸ‡¸|spania
ğŸ‡ªğŸ‡¹|etiopia
ğŸ‡ªğŸ‡º|den europeiske union
ğŸ‡«ğŸ‡®|finland
ğŸ‡«ğŸ‡¯|fiji
ğŸ‡«ğŸ‡°|falklandsÃ¸yene
ğŸ‡«ğŸ‡²|mikronesiafÃ¸derasjonen
ğŸ‡«ğŸ‡´|fÃ¦rÃ¸yene
ğŸ‡«ğŸ‡·|frankrike
ğŸ‡¬ğŸ‡¦|gabon
ğŸ‡¬ğŸ‡§|storbritannia
ğŸ‡¬ğŸ‡©|grenada
ğŸ‡¬ğŸ‡ª|georgia
ğŸ‡¬ğŸ‡«|fransk guyana
ğŸ‡¬ğŸ‡¬|guernsey
ğŸ‡¬ğŸ‡­|ghana
ğŸ‡¬ğŸ‡®|gibraltar
ğŸ‡¬ğŸ‡±|grÃ¸nland
ğŸ‡¬ğŸ‡²|gambia
ğŸ‡¬ğŸ‡³|guinea
ğŸ‡¬ğŸ‡µ|guadeloupe
ğŸ‡¬ğŸ‡¶|ekvatorial-guinea
ğŸ‡¬ğŸ‡·|hellas
ğŸ‡¬ğŸ‡¸|sÃ¸r-georgia og sÃ¸r-sandwichÃ¸yene
ğŸ‡¬ğŸ‡¹|guatemala
ğŸ‡¬ğŸ‡º|guam
ğŸ‡¬ğŸ‡¼|guinea-bissau
ğŸ‡¬ğŸ‡¾|guyana
ğŸ‡­ğŸ‡°|hongkong sar kina
ğŸ‡­ğŸ‡³|honduras
ğŸ‡­ğŸ‡·|kroatia
ğŸ‡­ğŸ‡¹|haiti
ğŸ‡­ğŸ‡º|ungarn
ğŸ‡®ğŸ‡¨|kanariÃ¸yene
ğŸ‡®ğŸ‡©|indonesia
ğŸ‡®ğŸ‡ª|irland
ğŸ‡®ğŸ‡±|israel
ğŸ‡®ğŸ‡²|man
ğŸ‡®ğŸ‡³|india
ğŸ‡®ğŸ‡´|det britiske territoriet i indiahavet
ğŸ‡®ğŸ‡¶|irak
ğŸ‡®ğŸ‡·|iran
ğŸ‡®ğŸ‡¸|island
ğŸ‡®ğŸ‡¹|italia
ğŸ‡¯ğŸ‡ª|jersey
ğŸ‡¯ğŸ‡²|jamaica
ğŸ‡¯ğŸ‡´|jordan
ğŸ‡¯ğŸ‡µ|japan
ğŸ‡°ğŸ‡ª|kenya
ğŸ‡°ğŸ‡¬|kirgisistan
ğŸ‡°ğŸ‡­|kambodsja
ğŸ‡°ğŸ‡®|kiribati
ğŸ‡°ğŸ‡²|komorene
ğŸ‡°ğŸ‡³|saint kitts og nevis
ğŸ‡°ğŸ‡µ|nord-korea
ğŸ‡°ğŸ‡·|sÃ¸r-korea
ğŸ‡°ğŸ‡¼|kuwait
ğŸ‡°ğŸ‡¾|caymanÃ¸yene
ğŸ‡°ğŸ‡¿|kasakhstan
ğŸ‡±ğŸ‡¦|laos
ğŸ‡±ğŸ‡§|libanon
ğŸ‡±ğŸ‡¨|st. lucia
ğŸ‡±ğŸ‡®|liechtenstein
ğŸ‡±ğŸ‡°|sri lanka
ğŸ‡±ğŸ‡·|liberia
ğŸ‡±ğŸ‡¸|lesotho
ğŸ‡±ğŸ‡¹|litauen
ğŸ‡±ğŸ‡º|luxemburg
ğŸ‡±ğŸ‡»|latvia
ğŸ‡±ğŸ‡¾|libya
ğŸ‡²ğŸ‡¦|marokko
ğŸ‡²ğŸ‡¨|monaco
ğŸ‡²ğŸ‡©|moldova
ğŸ‡²ğŸ‡ª|montenegro
ğŸ‡²ğŸ‡¬|madagaskar
ğŸ‡²ğŸ‡­|marshallÃ¸yene
ğŸ‡²ğŸ‡°|nord-makedonia
ğŸ‡²ğŸ‡±|mali
ğŸ‡²ğŸ‡²|myanmar (burma)
ğŸ‡²ğŸ‡³|mongolia
ğŸ‡²ğŸ‡´|macao sar kina
ğŸ‡²ğŸ‡µ|nord-marianene
ğŸ‡²ğŸ‡¶|martinique
ğŸ‡²ğŸ‡·|mauritania
ğŸ‡²ğŸ‡¸|montserrat
ğŸ‡²ğŸ‡¹|malta
ğŸ‡²ğŸ‡º|mauritius
ğŸ‡²ğŸ‡»|maldivene
ğŸ‡²ğŸ‡¼|malawi
ğŸ‡²ğŸ‡½|mexico
ğŸ‡²ğŸ‡¾|malaysia
ğŸ‡²ğŸ‡¿|mosambik
ğŸ‡³ğŸ‡¦|namibia
ğŸ‡³ğŸ‡¨|ny-caledonia
ğŸ‡³ğŸ‡ª|niger
ğŸ‡³ğŸ‡«|norfolkÃ¸ya
ğŸ‡³ğŸ‡¬|nigeria
ğŸ‡³ğŸ‡®|nicaragua
ğŸ‡³ğŸ‡±|nederland
ğŸ‡³ğŸ‡´|norge
ğŸ‡³ğŸ‡µ|nepal
ğŸ‡³ğŸ‡·|nauru
ğŸ‡³ğŸ‡º|niue
ğŸ‡³ğŸ‡¿|new zealand
ğŸ‡´ğŸ‡²|oman
ğŸ‡µğŸ‡¦|panama
ğŸ‡µğŸ‡ª|peru
ğŸ‡µğŸ‡«|fransk polynesia
ğŸ‡µğŸ‡¬|papua ny-guinea
ğŸ‡µğŸ‡­|filippinene
ğŸ‡µğŸ‡°|pakistan
ğŸ‡µğŸ‡±|polen
ğŸ‡µğŸ‡²|saint-pierre-et-miquelon
ğŸ‡µğŸ‡³|pitcairnÃ¸yene
ğŸ‡µğŸ‡·|puerto rico
ğŸ‡µğŸ‡¸|det palestinske omrÃ¥det
ğŸ‡µğŸ‡¹|portugal
ğŸ‡µğŸ‡¼|palau
ğŸ‡µğŸ‡¾|paraguay
ğŸ‡¶ğŸ‡¦|qatar
ğŸ‡·ğŸ‡ª|rÃ©union
ğŸ‡·ğŸ‡´|romania
ğŸ‡·ğŸ‡¸|serbia
ğŸ‡·ğŸ‡º|russland
ğŸ‡·ğŸ‡¼|rwanda
ğŸ‡¸ğŸ‡¦|saudi-arabia
ğŸ‡¸ğŸ‡§|salomonÃ¸yene
ğŸ‡¸ğŸ‡¨|seychellene
ğŸ‡¸ğŸ‡©|sudan
ğŸ‡¸ğŸ‡ª|sverige
ğŸ‡¸ğŸ‡¬|singapore
ğŸ‡¸ğŸ‡­|st. helena
ğŸ‡¸ğŸ‡®|slovenia
ğŸ‡¸ğŸ‡°|slovakia
ğŸ‡¸ğŸ‡±|sierra leone
ğŸ‡¸ğŸ‡²|san marino
ğŸ‡¸ğŸ‡³|senegal
ğŸ‡¸ğŸ‡´|somalia
ğŸ‡¸ğŸ‡·|surinam
ğŸ‡¸ğŸ‡¸|sÃ¸r-sudan
ğŸ‡¸ğŸ‡¹|sÃ£o tomÃ© og prÃ­ncipe
ğŸ‡¸ğŸ‡»|el salvador
ğŸ‡¸ğŸ‡½|sint maarten
ğŸ‡¸ğŸ‡¾|syria
ğŸ‡¸ğŸ‡¿|eswatini
ğŸ‡¹ğŸ‡¨|turks- og caicosÃ¸yene
ğŸ‡¹ğŸ‡©|tsjad
ğŸ‡¹ğŸ‡«|de franske sÃ¸rterritorier
ğŸ‡¹ğŸ‡¬|togo
ğŸ‡¹ğŸ‡­|thailand
ğŸ‡¹ğŸ‡¯|tadsjikistan
ğŸ‡¹ğŸ‡°|tokelau
ğŸ‡¹ğŸ‡±|Ã¸st-timor
ğŸ‡¹ğŸ‡²|turkmenistan
ğŸ‡¹ğŸ‡³|tunisia
ğŸ‡¹ğŸ‡´|tonga
ğŸ‡¹ğŸ‡·|tyrkia
ğŸ‡¹ğŸ‡¹|trinidad og tobago
ğŸ‡¹ğŸ‡»|tuvalu
ğŸ‡¹ğŸ‡¼|taiwan
ğŸ‡¹ğŸ‡¿|tanzania
ğŸ‡ºğŸ‡¦|ukraina
ğŸ‡ºğŸ‡¬|uganda
ğŸ‡ºğŸ‡¸|usa
ğŸ‡ºğŸ‡¾|uruguay
ğŸ‡ºğŸ‡¿|usbekistan
ğŸ‡»ğŸ‡¦|vatikanstaten
ğŸ‡»ğŸ‡¨|st. vincent og grenadinene
ğŸ‡»ğŸ‡ª|venezuela
ğŸ‡»ğŸ‡¬|de britiske jomfruÃ¸yene
ğŸ‡»ğŸ‡®|de amerikanske jomfruÃ¸yene
ğŸ‡»ğŸ‡³|vietnam
ğŸ‡»ğŸ‡º|vanuatu
ğŸ‡¼ğŸ‡«|wallis og futuna
ğŸ‡¼ğŸ‡¸|samoa
ğŸ‡½ğŸ‡°|kosovo
ğŸ‡¾ğŸ‡ª|jemen
ğŸ‡¾ğŸ‡¹|mayotte
ğŸ‡¿ğŸ‡¦|sÃ¸r-afrika
ğŸ‡¿ğŸ‡²|zambia
ğŸ‡¿ğŸ‡¼|zimbabwe
ğŸ´ó §ó ¢ó ¥ó ®ó §ó ¿|england
ğŸ´ó §ó ¢ó ³ó £ó ´ó ¿|skottland
ğŸ´ó §ó ¢ó ·ó ¬ó ³ó ¿|wales