⁉️|4612
ℹ️|4694
↔️|4510
↕️|4508
↖️|4506
↗️|4494
↘️|4498
↙️|4502
⌨️|4247
☀️|4002
☁️|4011
☂️|4037
☃️|4045
☄️|4048
☑️|4633
☔|4038
☕|3759
☘️|3643
☠️|116
☢️|4488
☣️|4490
☦️|4540
☸️|4534
☹️|86
♈|4548
♉|4549
♐|4556
♑|4557
♒|4558
♓|4559
♠️|4128
♣️|4134
♥️|4130
♦️|4132
♨️|3860
⚒️|4376
⚓|3922
⚔️|4382
⚖️|4397
⚗️|4410
⚙️|4393
✂️|4357
✅|4631
✈️|3935
✉️|4306
✒️|4323
✔️|4635
✖️|4602
✡️|4532
✨|4057
✳️|4643
✴️|4645
❄️|4043
❇️|4647
❓|4613
❔|4614
❕|4615
❗|4616
❣️|147
❤️|154
➕|4603
➖|4604
➗|4605
⤴️|4516
⤵️|4518
〰️|4618
㊗️|4724
㊙️|4726
😀|1
😃|2
😄|3
😁|4
😆|5
😅|6
🤣|7
😂|8
🙂|9
🙃|10
🫠|11
😉|12
😊|13
😇|14
🥰|15
😍|16
🤩|17
😘|18
😗|19
☺️|21
😚|22
😙|23
🥲|24
😋|25
😛|26
😜|27
🤪|28
😝|29
🤑|30
🤗|31
🤭|32
🫢|33
🫣|34
🤫|35
🤔|36
🫡|37
🤐|38
🤨|39
😐|40
😑|41
😶|42
🫥|43
😶‍🌫️|44
😏|46
😒|47
🙄|48
😬|49
😮‍💨|50
🤥|51
🫨|52
🙂‍↔️|53
🙂‍↕️|55
😌|57
😔|58
😪|59
🤤|60
😴|61
🫩|62
😷|63
🤒|64
🤕|65
🤢|66
🤮|67
🤧|68
🥵|69
🥶|70
🥴|71
😵|72
😵‍💫|73
🤯|74
🤠|75
🥳|76
🥸|77
😎|78
🤓|79
🧐|80
😕|81
🫤|82
😟|83
🙁|84
😮|87
😯|88
😲|89
😳|90
🥺|91
🥹|92
😦|93
😧|94
😨|95
😰|96
😥|97
😢|98
😭|99
😱|100
😖|101
😣|102
😞|103
😓|104
😩|105
😫|106
🥱|107
😤|108
😡|109
😠|110
🤬|111
😈|112
👿|113
💀|114
💩|117
🤡|118
👹|119
👺|120
👻|121
👽|122
👾|123
🤖|124
😺|125
😸|126
😹|127
😻|128
😼|129
😽|130
🙀|131
😿|132
😾|133
🙈|134
🙉|135
🙊|136
💌|137
💘|138
💝|139
💖|140
💗|141
💓|142
💞|143
💕|144
💟|145
💔|148
❤️‍🔥|149
❤️‍🩹|151
🩷|155
🧡|156
💛|157
💚|158
💙|159
🩵|160
💜|161
🤎|162
🖤|163
🩶|164
🤍|165
💋|166
💯|167
💢|168
💥|169
💫|170
💦|171
💨|172
🕳️|174
💬|175
👁️‍🗨️|176
🗨️|181
🗯️|183
💭|184
💤|185
👋|186
👋🏻|187
👋🏼|188
👋🏽|189
👋🏾|190
👋🏿|191
🤚|192
🤚🏻|193
🤚🏼|194
🤚🏽|195
🤚🏾|196
🤚🏿|197
🖐️|199
🖐🏻|200
🖐🏼|201
🖐🏽|202
🖐🏾|203
🖐🏿|204
✋|205
✋🏻|206
✋🏼|207
✋🏽|208
✋🏾|209
✋🏿|210
🖖|211
🖖🏻|212
🖖🏼|213
🖖🏽|214
🖖🏾|215
🖖🏿|216
🫱|217
🫱🏻|218
🫱🏼|219
🫱🏽|220
🫱🏾|221
🫱🏿|222
🫲|223
🫲🏻|224
🫲🏼|225
🫲🏽|226
🫲🏾|227
🫲🏿|228
🫳|229
🫳🏻|230
🫳🏼|231
🫳🏽|232
🫳🏾|233
🫳🏿|234
🫴|235
🫴🏻|236
🫴🏼|237
🫴🏽|238
🫴🏾|239
🫴🏿|240
🫷|241
🫷🏻|242
🫷🏼|243
🫷🏽|244
🫷🏾|245
🫷🏿|246
🫸|247
🫸🏻|248
🫸🏼|249
🫸🏽|250
🫸🏾|251
🫸🏿|252
👌|253
👌🏻|254
👌🏼|255
👌🏽|256
👌🏾|257
👌🏿|258
🤌|259
🤌🏻|260
🤌🏼|261
🤌🏽|262
🤌🏾|263
🤌🏿|264
🤏|265
🤏🏻|266
🤏🏼|267
🤏🏽|268
🤏🏾|269
🤏🏿|270
✌️|272
✌🏻|273
✌🏼|274
✌🏽|275
✌🏾|276
✌🏿|277
🤞|278
🤞🏻|279
🤞🏼|280
🤞🏽|281
🤞🏾|282
🤞🏿|283
🫰|284
🫰🏻|285
🫰🏼|286
🫰🏽|287
🫰🏾|288
🫰🏿|289
🤟|290
🤟🏻|291
🤟🏼|292
🤟🏽|293
🤟🏾|294
🤟🏿|295
🤘|296
🤘🏻|297
🤘🏼|298
🤘🏽|299
🤘🏾|300
🤘🏿|301
🤙|302
🤙🏻|303
🤙🏼|304
🤙🏽|305
🤙🏾|306
🤙🏿|307
👈|308
👈🏻|309
👈🏼|310
👈🏽|311
👈🏾|312
👈🏿|313
👉|314
👉🏻|315
👉🏼|316
👉🏽|317
👉🏾|318
👉🏿|319
👆|320
👆🏻|321
👆🏼|322
👆🏽|323
👆🏾|324
👆🏿|325
🖕|326
🖕🏻|327
🖕🏼|328
🖕🏽|329
🖕🏾|330
🖕🏿|331
👇|332
👇🏻|333
👇🏼|334
👇🏽|335
👇🏾|336
👇🏿|337
☝️|339
☝🏻|340
☝🏼|341
☝🏽|342
☝🏾|343
☝🏿|344
🫵|345
🫵🏻|346
🫵🏼|347
🫵🏽|348
🫵🏾|349
🫵🏿|350
👍|351
👍🏻|352
👍🏼|353
👍🏽|354
👍🏾|355
👍🏿|356
👎|357
👎🏻|358
👎🏼|359
👎🏽|360
👎🏾|361
👎🏿|362
✊|363
✊🏻|364
✊🏼|365
✊🏽|366
✊🏾|367
✊🏿|368
👊|369
👊🏻|370
👊🏼|371
👊🏽|372
👊🏾|373
👊🏿|374
🤛|375
🤛🏻|376
🤛🏼|377
🤛🏽|378
🤛🏾|379
🤛🏿|380
🤜|381
🤜🏻|382
🤜🏼|383
🤜🏽|384
🤜🏾|385
🤜🏿|386
👏|387
👏🏻|388
👏🏼|389
👏🏽|390
👏🏾|391
👏🏿|392
🙌|393
🙌🏻|394
🙌🏼|395
🙌🏽|396
🙌🏾|397
🙌🏿|398
🫶|399
🫶🏻|400
🫶🏼|401
🫶🏽|402
🫶🏾|403
🫶🏿|404
👐|405
👐🏻|406
👐🏼|407
👐🏽|408
👐🏾|409
👐🏿|410
🤲|411
🤲🏻|412
🤲🏼|413
🤲🏽|414
🤲🏾|415
🤲🏿|416
🤝|417
🤝🏻|418
🤝🏼|419
🤝🏽|420
🤝🏾|421
🤝🏿|422
🙏|443
🙏🏻|444
🙏🏼|445
🙏🏽|446
🙏🏾|447
🙏🏿|448
✍️|450
✍🏻|451
✍🏼|452
✍🏽|453
✍🏾|454
✍🏿|455
💅|456
💅🏻|457
💅🏼|458
💅🏽|459
💅🏾|460
💅🏿|461
🤳|462
🤳🏻|463
🤳🏼|464
🤳🏽|465
🤳🏾|466
🤳🏿|467
💪|468
💪🏻|469
💪🏼|470
💪🏽|471
💪🏾|472
💪🏿|473
🦾|474
🦿|475
🦵|476
🦵🏻|477
🦵🏼|478
🦵🏽|479
🦵🏾|480
🦵🏿|481
🦶|482
🦶🏻|483
🦶🏼|484
🦶🏽|485
🦶🏾|486
🦶🏿|487
👂|488
👂🏻|489
👂🏼|490
👂🏽|491
👂🏾|492
👂🏿|493
🦻|494
🦻🏻|495
🦻🏼|496
🦻🏽|497
🦻🏾|498
🦻🏿|499
👃|500
👃🏻|501
👃🏼|502
👃🏽|503
👃🏾|504
👃🏿|505
🧠|506
🫀|507
🫁|508
🦷|509
🦴|510
👀|511
👁️|513
👅|514
👄|515
🫦|516
👶|517
👶🏻|518
👶🏼|519
👶🏽|520
👶🏾|521
👶🏿|522
🧒|523
🧒🏻|524
🧒🏼|525
🧒🏽|526
🧒🏾|527
🧒🏿|528
👦|529
👦🏻|530
👦🏼|531
👦🏽|532
👦🏾|533
👦🏿|534
👧|535
👧🏻|536
👧🏼|537
👧🏽|538
👧🏾|539
👧🏿|540
🧑|541
🧑🏻|542
🧑🏼|543
🧑🏽|544
🧑🏾|545
🧑🏿|546
👱|547
👱🏻|548
👱🏼|549
👱🏽|550
👱🏾|551
👱🏿|552
👨|553
👨🏻|554
👨🏼|555
👨🏽|556
👨🏾|557
👨🏿|558
🧔|559
🧔🏻|560
🧔🏼|561
🧔🏽|562
🧔🏾|563
🧔🏿|564
🧔‍♂️|565
🧔🏻‍♂️|567
🧔🏼‍♂️|569
🧔🏽‍♂️|571
🧔🏾‍♂️|573
🧔🏿‍♂️|575
🧔‍♀️|577
🧔🏻‍♀️|579
🧔🏼‍♀️|581
🧔🏽‍♀️|583
🧔🏾‍♀️|585
🧔🏿‍♀️|587
👨‍🦰|589
👨🏻‍🦰|590
👨🏼‍🦰|591
👨🏽‍🦰|592
👨🏾‍🦰|593
👨🏿‍🦰|594
👨‍🦱|595
👨🏻‍🦱|596
👨🏼‍🦱|597
👨🏽‍🦱|598
👨🏾‍🦱|599
👨🏿‍🦱|600
👨‍🦳|601
👨🏻‍🦳|602
👨🏼‍🦳|603
👨🏽‍🦳|604
👨🏾‍🦳|605
👨🏿‍🦳|606
👨‍🦲|607
👨🏻‍🦲|608
👨🏼‍🦲|609
👨🏽‍🦲|610
👨🏾‍🦲|611
👨🏿‍🦲|612
👩|613
👩🏻|614
👩🏼|615
👩🏽|616
👩🏾|617
👩🏿|618
👩‍🦰|619
👩🏻‍🦰|620
👩🏼‍🦰|621
👩🏽‍🦰|622
👩🏾‍🦰|623
👩🏿‍🦰|624
🧑‍🦰|625
🧑🏻‍🦰|626
🧑🏼‍🦰|627
🧑🏽‍🦰|628
🧑🏾‍🦰|629
🧑🏿‍🦰|630
👩‍🦱|631
👩🏻‍🦱|632
👩🏼‍🦱|633
👩🏽‍🦱|634
👩🏾‍🦱|635
👩🏿‍🦱|636
🧑‍🦱|637
🧑🏻‍🦱|638
🧑🏼‍🦱|639
🧑🏽‍🦱|640
🧑🏾‍🦱|641
🧑🏿‍🦱|642
👩‍🦳|643
👩🏻‍🦳|644
👩🏼‍🦳|645
👩🏽‍🦳|646
👩🏾‍🦳|647
👩🏿‍🦳|648
🧑‍🦳|649
🧑🏻‍🦳|650
🧑🏼‍🦳|651
🧑🏽‍🦳|652
🧑🏾‍🦳|653
🧑🏿‍🦳|654
👩‍🦲|655
👩🏻‍🦲|656
👩🏼‍🦲|657
👩🏽‍🦲|658
👩🏾‍🦲|659
👩🏿‍🦲|660
🧑‍🦲|661
🧑🏻‍🦲|662
🧑🏼‍🦲|663
🧑🏽‍🦲|664
🧑🏾‍🦲|665
🧑🏿‍🦲|666
👱‍♀️|667
👱🏻‍♀️|669
👱🏼‍♀️|671
👱🏽‍♀️|673
👱🏾‍♀️|675
👱🏿‍♀️|677
👱‍♂️|679
👱🏻‍♂️|681
👱🏼‍♂️|683
👱🏽‍♂️|685
👱🏾‍♂️|687
👱🏿‍♂️|689
🧓|691
🧓🏻|692
🧓🏼|693
🧓🏽|694
🧓🏾|695
🧓🏿|696
👴|697
👴🏻|698
👴🏼|699
👴🏽|700
👴🏾|701
👴🏿|702
👵|703
👵🏻|704
👵🏼|705
👵🏽|706
👵🏾|707
👵🏿|708
🙍|709
🙍🏻|710
🙍🏼|711
🙍🏽|712
🙍🏾|713
🙍🏿|714
🙍‍♂️|715
🙍🏻‍♂️|717
🙍🏼‍♂️|719
🙍🏽‍♂️|721
🙍🏾‍♂️|723
🙍🏿‍♂️|725
🙍‍♀️|727
🙍🏻‍♀️|729
🙍🏼‍♀️|731
🙍🏽‍♀️|733
🙍🏾‍♀️|735
🙍🏿‍♀️|737
🙎|739
🙎🏻|740
🙎🏼|741
🙎🏽|742
🙎🏾|743
🙎🏿|744
🙎‍♂️|745
🙎🏻‍♂️|747
🙎🏼‍♂️|749
🙎🏽‍♂️|751
🙎🏾‍♂️|753
🙎🏿‍♂️|755
🙎‍♀️|757
🙎🏻‍♀️|759
🙎🏼‍♀️|761
🙎🏽‍♀️|763
🙎🏾‍♀️|765
🙎🏿‍♀️|767
🙅|769
🙅🏻|770
🙅🏼|771
🙅🏽|772
🙅🏾|773
🙅🏿|774
🙅‍♂️|775
🙅🏻‍♂️|777
🙅🏼‍♂️|779
🙅🏽‍♂️|781
🙅🏾‍♂️|783
🙅🏿‍♂️|785
🙅‍♀️|787
🙅🏻‍♀️|789
🙅🏼‍♀️|791
🙅🏽‍♀️|793
🙅🏾‍♀️|795
🙅🏿‍♀️|797
🙆|799
🙆🏻|800
🙆🏼|801
🙆🏽|802
🙆🏾|803
🙆🏿|804
🙆‍♂️|805
🙆🏻‍♂️|807
🙆🏼‍♂️|809
🙆🏽‍♂️|811
🙆🏾‍♂️|813
🙆🏿‍♂️|815
🙆‍♀️|817
🙆🏻‍♀️|819
🙆🏼‍♀️|821
🙆🏽‍♀️|823
🙆🏾‍♀️|825
🙆🏿‍♀️|827
💁|829
💁🏻|830
💁🏼|831
💁🏽|832
💁🏾|833
💁🏿|834
💁‍♂️|835
💁🏻‍♂️|837
💁🏼‍♂️|839
💁🏽‍♂️|841
💁🏾‍♂️|843
💁🏿‍♂️|845
💁‍♀️|847
💁🏻‍♀️|849
💁🏼‍♀️|851
💁🏽‍♀️|853
💁🏾‍♀️|855
💁🏿‍♀️|857
🙋|859
🙋🏻|860
🙋🏼|861
🙋🏽|862
🙋🏾|863
🙋🏿|864
🙋‍♂️|865
🙋🏻‍♂️|867
🙋🏼‍♂️|869
🙋🏽‍♂️|871
🙋🏾‍♂️|873
🙋🏿‍♂️|875
🙋‍♀️|877
🙋🏻‍♀️|879
🙋🏼‍♀️|881
🙋🏽‍♀️|883
🙋🏾‍♀️|885
🙋🏿‍♀️|887
🧏|889
🧏🏻|890
🧏🏼|891
🧏🏽|892
🧏🏾|893
🧏🏿|894
🧏‍♂️|895
🧏🏻‍♂️|897
🧏🏼‍♂️|899
🧏🏽‍♂️|901
🧏🏾‍♂️|903
🧏🏿‍♂️|905
🧏‍♀️|907
🧏🏻‍♀️|909
🧏🏼‍♀️|911
🧏🏽‍♀️|913
🧏🏾‍♀️|915
🧏🏿‍♀️|917
🙇|919
🙇🏻|920
🙇🏼|921
🙇🏽|922
🙇🏾|923
🙇🏿|924
🙇‍♂️|925
🙇🏻‍♂️|927
🙇🏼‍♂️|929
🙇🏽‍♂️|931
🙇🏾‍♂️|933
🙇🏿‍♂️|935
🙇‍♀️|937
🙇🏻‍♀️|939
🙇🏼‍♀️|941
🙇🏽‍♀️|943
🙇🏾‍♀️|945
🙇🏿‍♀️|947
🤦|949
🤦🏻|950
🤦🏼|951
🤦🏽|952
🤦🏾|953
🤦🏿|954
🤦‍♂️|955
🤦🏻‍♂️|957
🤦🏼‍♂️|959
🤦🏽‍♂️|961
🤦🏾‍♂️|963
🤦🏿‍♂️|965
🤦‍♀️|967
🤦🏻‍♀️|969
🤦🏼‍♀️|971
🤦🏽‍♀️|973
🤦🏾‍♀️|975
🤦🏿‍♀️|977
🤷|979
🤷🏻|980
🤷🏼|981
🤷🏽|982
🤷🏾|983
🤷🏿|984
🤷‍♂️|985
🤷🏻‍♂️|987
🤷🏼‍♂️|989
🤷🏽‍♂️|991
🤷🏾‍♂️|993
🤷🏿‍♂️|995
🤷‍♀️|997
🤷🏻‍♀️|999
🤷🏼‍♀️|1001
🤷🏽‍♀️|1003
🤷🏾‍♀️|1005
🤷🏿‍♀️|1007
🧑‍⚕️|1009
🧑🏻‍⚕️|1011
🧑🏼‍⚕️|1013
🧑🏽‍⚕️|1015
🧑🏾‍⚕️|1017
🧑🏿‍⚕️|1019
👨‍⚕️|1021
👨🏻‍⚕️|1023
👨🏼‍⚕️|1025
👨🏽‍⚕️|1027
👨🏾‍⚕️|1029
👨🏿‍⚕️|1031
👩‍⚕️|1033
👩🏻‍⚕️|1035
👩🏼‍⚕️|1037
👩🏽‍⚕️|1039
👩🏾‍⚕️|1041
👩🏿‍⚕️|1043
🧑‍🎓|1045
🧑🏻‍🎓|1046
🧑🏼‍🎓|1047
🧑🏽‍🎓|1048
🧑🏾‍🎓|1049
🧑🏿‍🎓|1050
👨‍🎓|1051
👨🏻‍🎓|1052
👨🏼‍🎓|1053
👨🏽‍🎓|1054
👨🏾‍🎓|1055
👨🏿‍🎓|1056
👩‍🎓|1057
👩🏻‍🎓|1058
👩🏼‍🎓|1059
👩🏽‍🎓|1060
👩🏾‍🎓|1061
👩🏿‍🎓|1062
🧑‍🏫|1063
🧑🏻‍🏫|1064
🧑🏼‍🏫|1065
🧑🏽‍🏫|1066
🧑🏾‍🏫|1067
🧑🏿‍🏫|1068
👨‍🏫|1069
👨🏻‍🏫|1070
👨🏼‍🏫|1071
👨🏽‍🏫|1072
👨🏾‍🏫|1073
👨🏿‍🏫|1074
👩‍🏫|1075
👩🏻‍🏫|1076
👩🏼‍🏫|1077
👩🏽‍🏫|1078
👩🏾‍🏫|1079
👩🏿‍🏫|1080
🧑‍⚖️|1081
🧑🏻‍⚖️|1083
🧑🏼‍⚖️|1085
🧑🏽‍⚖️|1087
🧑🏾‍⚖️|1089
🧑🏿‍⚖️|1091
👨‍⚖️|1093
👨🏻‍⚖️|1095
👨🏼‍⚖️|1097
👨🏽‍⚖️|1099
👨🏾‍⚖️|1101
👨🏿‍⚖️|1103
👩‍⚖️|1105
👩🏻‍⚖️|1107
👩🏼‍⚖️|1109
👩🏽‍⚖️|1111
👩🏾‍⚖️|1113
👩🏿‍⚖️|1115
🧑‍🌾|1117
🧑🏻‍🌾|1118
🧑🏼‍🌾|1119
🧑🏽‍🌾|1120
🧑🏾‍🌾|1121
🧑🏿‍🌾|1122
👨‍🌾|1123
👨🏻‍🌾|1124
👨🏼‍🌾|1125
👨🏽‍🌾|1126
👨🏾‍🌾|1127
👨🏿‍🌾|1128
👩‍🌾|1129
👩🏻‍🌾|1130
👩🏼‍🌾|1131
👩🏽‍🌾|1132
👩🏾‍🌾|1133
👩🏿‍🌾|1134
🧑‍🍳|1135
🧑🏻‍🍳|1136
🧑🏼‍🍳|1137
🧑🏽‍🍳|1138
🧑🏾‍🍳|1139
🧑🏿‍🍳|1140
👨‍🍳|1141
👨🏻‍🍳|1142
👨🏼‍🍳|1143
👨🏽‍🍳|1144
👨🏾‍🍳|1145
👨🏿‍🍳|1146
👩‍🍳|1147
👩🏻‍🍳|1148
👩🏼‍🍳|1149
👩🏽‍🍳|1150
👩🏾‍🍳|1151
👩🏿‍🍳|1152
🧑‍🔧|1153
🧑🏻‍🔧|1154
🧑🏼‍🔧|1155
🧑🏽‍🔧|1156
🧑🏾‍🔧|1157
🧑🏿‍🔧|1158
👨‍🔧|1159
👨🏻‍🔧|1160
👨🏼‍🔧|1161
👨🏽‍🔧|1162
👨🏾‍🔧|1163
👨🏿‍🔧|1164
👩‍🔧|1165
👩🏻‍🔧|1166
👩🏼‍🔧|1167
👩🏽‍🔧|1168
👩🏾‍🔧|1169
👩🏿‍🔧|1170
🧑‍🏭|1171
🧑🏻‍🏭|1172
🧑🏼‍🏭|1173
🧑🏽‍🏭|1174
🧑🏾‍🏭|1175
🧑🏿‍🏭|1176
👨‍🏭|1177
👨🏻‍🏭|1178
👨🏼‍🏭|1179
👨🏽‍🏭|1180
👨🏾‍🏭|1181
👨🏿‍🏭|1182
👩‍🏭|1183
👩🏻‍🏭|1184
👩🏼‍🏭|1185
👩🏽‍🏭|1186
👩🏾‍🏭|1187
👩🏿‍🏭|1188
🧑‍💼|1189
🧑🏻‍💼|1190
🧑🏼‍💼|1191
🧑🏽‍💼|1192
🧑🏾‍💼|1193
🧑🏿‍💼|1194
👨‍💼|1195
👨🏻‍💼|1196
👨🏼‍💼|1197
👨🏽‍💼|1198
👨🏾‍💼|1199
👨🏿‍💼|1200
👩‍💼|1201
👩🏻‍💼|1202
👩🏼‍💼|1203
👩🏽‍💼|1204
👩🏾‍💼|1205
👩🏿‍💼|1206
🧑‍🔬|1207
🧑🏻‍🔬|1208
🧑🏼‍🔬|1209
🧑🏽‍🔬|1210
🧑🏾‍🔬|1211
🧑🏿‍🔬|1212
👨‍🔬|1213
👨🏻‍🔬|1214
👨🏼‍🔬|1215
👨🏽‍🔬|1216
👨🏾‍🔬|1217
👨🏿‍🔬|1218
👩‍🔬|1219
👩🏻‍🔬|1220
👩🏼‍🔬|1221
👩🏽‍🔬|1222
👩🏾‍🔬|1223
👩🏿‍🔬|1224
🧑‍💻|1225
🧑🏻‍💻|1226
🧑🏼‍💻|1227
🧑🏽‍💻|1228
🧑🏾‍💻|1229
🧑🏿‍💻|1230
👨‍💻|1231
👨🏻‍💻|1232
👨🏼‍💻|1233
👨🏽‍💻|1234
👨🏾‍💻|1235
👨🏿‍💻|1236
👩‍💻|1237
👩🏻‍💻|1238
👩🏼‍💻|1239
👩🏽‍💻|1240
👩🏾‍💻|1241
👩🏿‍💻|1242
🧑‍🎤|1243
🧑🏻‍🎤|1244
🧑🏼‍🎤|1245
🧑🏽‍🎤|1246
🧑🏾‍🎤|1247
🧑🏿‍🎤|1248
👨‍🎤|1249
👨🏻‍🎤|1250
👨🏼‍🎤|1251
👨🏽‍🎤|1252
👨🏾‍🎤|1253
👨🏿‍🎤|1254
👩‍🎤|1255
👩🏻‍🎤|1256
👩🏼‍🎤|1257
👩🏽‍🎤|1258
👩🏾‍🎤|1259
👩🏿‍🎤|1260
🧑‍🎨|1261
🧑🏻‍🎨|1262
🧑🏼‍🎨|1263
🧑🏽‍🎨|1264
🧑🏾‍🎨|1265
🧑🏿‍🎨|1266
👨‍🎨|1267
👨🏻‍🎨|1268
👨🏼‍🎨|1269
👨🏽‍🎨|1270
👨🏾‍🎨|1271
👨🏿‍🎨|1272
👩‍🎨|1273
👩🏻‍🎨|1274
👩🏼‍🎨|1275
👩🏽‍🎨|1276
👩🏾‍🎨|1277
👩🏿‍🎨|1278
🧑‍✈️|1279
🧑🏻‍✈️|1281
🧑🏼‍✈️|1283
🧑🏽‍✈️|1285
🧑🏾‍✈️|1287
🧑🏿‍✈️|1289
👨‍✈️|1291
👨🏻‍✈️|1293
👨🏼‍✈️|1295
👨🏽‍✈️|1297
👨🏾‍✈️|1299
👨🏿‍✈️|1301
👩‍✈️|1303
👩🏻‍✈️|1305
👩🏼‍✈️|1307
👩🏽‍✈️|1309
👩🏾‍✈️|1311
👩🏿‍✈️|1313
🧑‍🚀|1315
🧑🏻‍🚀|1316
🧑🏼‍🚀|1317
🧑🏽‍🚀|1318
🧑🏾‍🚀|1319
🧑🏿‍🚀|1320
👨‍🚀|1321
👨🏻‍🚀|1322
👨🏼‍🚀|1323
👨🏽‍🚀|1324
👨🏾‍🚀|1325
👨🏿‍🚀|1326
👩‍🚀|1327
👩🏻‍🚀|1328
👩🏼‍🚀|1329
👩🏽‍🚀|1330
👩🏾‍🚀|1331
👩🏿‍🚀|1332
🧑‍🚒|1333
🧑🏻‍🚒|1334
🧑🏼‍🚒|1335
🧑🏽‍🚒|1336
🧑🏾‍🚒|1337
🧑🏿‍🚒|1338
👨‍🚒|1339
👨🏻‍🚒|1340
👨🏼‍🚒|1341
👨🏽‍🚒|1342
👨🏾‍🚒|1343
👨🏿‍🚒|1344
👩‍🚒|1345
👩🏻‍🚒|1346
👩🏼‍🚒|1347
👩🏽‍🚒|1348
👩🏾‍🚒|1349
👩🏿‍🚒|1350
👮|1351
👮🏻|1352
👮🏼|1353
👮🏽|1354
👮🏾|1355
👮🏿|1356
👮‍♂️|1357
👮🏻‍♂️|1359
👮🏼‍♂️|1361
👮🏽‍♂️|1363
👮🏾‍♂️|1365
👮🏿‍♂️|1367
👮‍♀️|1369
👮🏻‍♀️|1371
👮🏼‍♀️|1373
👮🏽‍♀️|1375
👮🏾‍♀️|1377
👮🏿‍♀️|1379
🕵️|1382
🕵🏻|1383
🕵🏼|1384
🕵🏽|1385
🕵🏾|1386
🕵🏿|1387
🕵️‍♂️|1388
🕵🏻‍♂️|1392
🕵🏼‍♂️|1394
🕵🏽‍♂️|1396
🕵🏾‍♂️|1398
🕵🏿‍♂️|1400
🕵️‍♀️|1402
🕵🏻‍♀️|1406
🕵🏼‍♀️|1408
🕵🏽‍♀️|1410
🕵🏾‍♀️|1412
🕵🏿‍♀️|1414
💂|1416
💂🏻|1417
💂🏼|1418
💂🏽|1419
💂🏾|1420
💂🏿|1421
💂‍♂️|1422
💂🏻‍♂️|1424
💂🏼‍♂️|1426
💂🏽‍♂️|1428
💂🏾‍♂️|1430
💂🏿‍♂️|1432
💂‍♀️|1434
💂🏻‍♀️|1436
💂🏼‍♀️|1438
💂🏽‍♀️|1440
💂🏾‍♀️|1442
💂🏿‍♀️|1444
🥷|1446
🥷🏻|1447
🥷🏼|1448
🥷🏽|1449
🥷🏾|1450
🥷🏿|1451
👷|1452
👷🏻|1453
👷🏼|1454
👷🏽|1455
👷🏾|1456
👷🏿|1457
👷‍♂️|1458
👷🏻‍♂️|1460
👷🏼‍♂️|1462
👷🏽‍♂️|1464
👷🏾‍♂️|1466
👷🏿‍♂️|1468
👷‍♀️|1470
👷🏻‍♀️|1472
👷🏼‍♀️|1474
👷🏽‍♀️|1476
👷🏾‍♀️|1478
👷🏿‍♀️|1480
🫅|1482
🫅🏻|1483
🫅🏼|1484
🫅🏽|1485
🫅🏾|1486
🫅🏿|1487
🤴|1488
🤴🏻|1489
🤴🏼|1490
🤴🏽|1491
🤴🏾|1492
🤴🏿|1493
👸|1494
👸🏻|1495
👸🏼|1496
👸🏽|1497
👸🏾|1498
👸🏿|1499
👳|1500
👳🏻|1501
👳🏼|1502
👳🏽|1503
👳🏾|1504
👳🏿|1505
👳‍♂️|1506
👳🏻‍♂️|1508
👳🏼‍♂️|1510
👳🏽‍♂️|1512
👳🏾‍♂️|1514
👳🏿‍♂️|1516
👳‍♀️|1518
👳🏻‍♀️|1520
👳🏼‍♀️|1522
👳🏽‍♀️|1524
👳🏾‍♀️|1526
👳🏿‍♀️|1528
👲|1530
👲🏻|1531
👲🏼|1532
👲🏽|1533
👲🏾|1534
👲🏿|1535
🧕|1536
🧕🏻|1537
🧕🏼|1538
🧕🏽|1539
🧕🏾|1540
🧕🏿|1541
🤵|1542
🤵🏻|1543
🤵🏼|1544
🤵🏽|1545
🤵🏾|1546
🤵🏿|1547
🤵‍♂️|1548
🤵🏻‍♂️|1550
🤵🏼‍♂️|1552
🤵🏽‍♂️|1554
🤵🏾‍♂️|1556
🤵🏿‍♂️|1558
🤵‍♀️|1560
🤵🏻‍♀️|1562
🤵🏼‍♀️|1564
🤵🏽‍♀️|1566
🤵🏾‍♀️|1568
🤵🏿‍♀️|1570
👰|1572
👰🏻|1573
👰🏼|1574
👰🏽|1575
👰🏾|1576
👰🏿|1577
👰‍♂️|1578
👰🏻‍♂️|1580
👰🏼‍♂️|1582
👰🏽‍♂️|1584
👰🏾‍♂️|1586
👰🏿‍♂️|1588
👰‍♀️|1590
👰🏻‍♀️|1592
👰🏼‍♀️|1594
👰🏽‍♀️|1596
👰🏾‍♀️|1598
👰🏿‍♀️|1600
🤰|1602
🤰🏻|1603
🤰🏼|1604
🤰🏽|1605
🤰🏾|1606
🤰🏿|1607
🫃|1608
🫃🏻|1609
🫃🏼|1610
🫃🏽|1611
🫃🏾|1612
🫃🏿|1613
🫄|1614
🫄🏻|1615
🫄🏼|1616
🫄🏽|1617
🫄🏾|1618
🫄🏿|1619
🤱|1620
🤱🏻|1621
🤱🏼|1622
🤱🏽|1623
🤱🏾|1624
🤱🏿|1625
👩‍🍼|1626
👩🏻‍🍼|1627
👩🏼‍🍼|1628
👩🏽‍🍼|1629
👩🏾‍🍼|1630
👩🏿‍🍼|1631
👨‍🍼|1632
👨🏻‍🍼|1633
👨🏼‍🍼|1634
👨🏽‍🍼|1635
👨🏾‍🍼|1636
👨🏿‍🍼|1637
🧑‍🍼|1638
🧑🏻‍🍼|1639
🧑🏼‍🍼|1640
🧑🏽‍🍼|1641
🧑🏾‍🍼|1642
🧑🏿‍🍼|1643
👼|1644
👼🏻|1645
👼🏼|1646
👼🏽|1647
👼🏾|1648
👼🏿|1649
🎅|1650
🎅🏻|1651
🎅🏼|1652
🎅🏽|1653
🎅🏾|1654
🎅🏿|1655
🤶|1656
🤶🏻|1657
🤶🏼|1658
🤶🏽|1659
🤶🏾|1660
🤶🏿|1661
🧑‍🎄|1662
🧑🏻‍🎄|1663
🧑🏼‍🎄|1664
🧑🏽‍🎄|1665
🧑🏾‍🎄|1666
🧑🏿‍🎄|1667
🦸|1668
🦸🏻|1669
🦸🏼|1670
🦸🏽|1671
🦸🏾|1672
🦸🏿|1673
🦸‍♂️|1674
🦸🏻‍♂️|1676
🦸🏼‍♂️|1678
🦸🏽‍♂️|1680
🦸🏾‍♂️|1682
🦸🏿‍♂️|1684
🦸‍♀️|1686
🦸🏻‍♀️|1688
🦸🏼‍♀️|1690
🦸🏽‍♀️|1692
🦸🏾‍♀️|1694
🦸🏿‍♀️|1696
🦹|1698
🦹🏻|1699
🦹🏼|1700
🦹🏽|1701
🦹🏾|1702
🦹🏿|1703
🦹‍♂️|1704
🦹🏻‍♂️|1706
🦹🏼‍♂️|1708
🦹🏽‍♂️|1710
🦹🏾‍♂️|1712
🦹🏿‍♂️|1714
🦹‍♀️|1716
🦹🏻‍♀️|1718
🦹🏼‍♀️|1720
🦹🏽‍♀️|1722
🦹🏾‍♀️|1724
🦹🏿‍♀️|1726
🧙|1728
🧙🏻|1729
🧙🏼|1730
🧙🏽|1731
🧙🏾|1732
🧙🏿|1733
🧙‍♂️|1734
🧙🏻‍♂️|1736
🧙🏼‍♂️|1738
🧙🏽‍♂️|1740
🧙🏾‍♂️|1742
🧙🏿‍♂️|1744
🧙‍♀️|1746
🧙🏻‍♀️|1748
🧙🏼‍♀️|1750
🧙🏽‍♀️|1752
🧙🏾‍♀️|1754
🧙🏿‍♀️|1756
🧚|1758
🧚🏻|1759
🧚🏼|1760
🧚🏽|1761
🧚🏾|1762
🧚🏿|1763
🧚‍♂️|1764
🧚🏻‍♂️|1766
🧚🏼‍♂️|1768
🧚🏽‍♂️|1770
🧚🏾‍♂️|1772
🧚🏿‍♂️|1774
🧚‍♀️|1776
🧚🏻‍♀️|1778
🧚🏼‍♀️|1780
🧚🏽‍♀️|1782
🧚🏾‍♀️|1784
🧚🏿‍♀️|1786
🧛|1788
🧛🏻|1789
🧛🏼|1790
🧛🏽|1791
🧛🏾|1792
🧛🏿|1793
🧛‍♂️|1794
🧛🏻‍♂️|1796
🧛🏼‍♂️|1798
🧛🏽‍♂️|1800
🧛🏾‍♂️|1802
🧛🏿‍♂️|1804
🧛‍♀️|1806
🧛🏻‍♀️|1808
🧛🏼‍♀️|1810
🧛🏽‍♀️|1812
🧛🏾‍♀️|1814
🧛🏿‍♀️|1816
🧜|1818
🧜🏻|1819
🧜🏼|1820
🧜🏽|1821
🧜🏾|1822
🧜🏿|1823
🧜‍♂️|1824
🧜🏻‍♂️|1826
🧜🏼‍♂️|1828
🧜🏽‍♂️|1830
🧜🏾‍♂️|1832
🧜🏿‍♂️|1834
🧜‍♀️|1836
🧜🏻‍♀️|1838
🧜🏼‍♀️|1840
🧜🏽‍♀️|1842
🧜🏾‍♀️|1844
🧜🏿‍♀️|1846
🧝|1848
🧝🏻|1849
🧝🏼|1850
🧝🏽|1851
🧝🏾|1852
🧝🏿|1853
🧝‍♂️|1854
🧝🏻‍♂️|1856
🧝🏼‍♂️|1858
🧝🏽‍♂️|1860
🧝🏾‍♂️|1862
🧝🏿‍♂️|1864
🧝‍♀️|1866
🧝🏻‍♀️|1868
🧝🏼‍♀️|1870
🧝🏽‍♀️|1872
🧝🏾‍♀️|1874
🧝🏿‍♀️|1876
🧞|1878
🧞‍♂️|1879
🧞‍♀️|1881
🧟|1883
🧟‍♂️|1884
🧟‍♀️|1886
🧌|1888
💆|1889
💆🏻|1890
💆🏼|1891
💆🏽|1892
💆🏾|1893
💆🏿|1894
💆‍♂️|1895
💆🏻‍♂️|1897
💆🏼‍♂️|1899
💆🏽‍♂️|1901
💆🏾‍♂️|1903
💆🏿‍♂️|1905
💆‍♀️|1907
💆🏻‍♀️|1909
💆🏼‍♀️|1911
💆🏽‍♀️|1913
💆🏾‍♀️|1915
💆🏿‍♀️|1917
💇|1919
💇🏻|1920
💇🏼|1921
💇🏽|1922
💇🏾|1923
💇🏿|1924
💇‍♂️|1925
💇🏻‍♂️|1927
💇🏼‍♂️|1929
💇🏽‍♂️|1931
💇🏾‍♂️|1933
💇🏿‍♂️|1935
💇‍♀️|1937
💇🏻‍♀️|1939
💇🏼‍♀️|1941
💇🏽‍♀️|1943
💇🏾‍♀️|1945
💇🏿‍♀️|1947
🚶|1949
🚶🏻|1950
🚶🏼|1951
🚶🏽|1952
🚶🏾|1953
🚶🏿|1954
🚶‍♂️|1955
🚶🏻‍♂️|1957
🚶🏼‍♂️|1959
🚶🏽‍♂️|1961
🚶🏾‍♂️|1963
🚶🏿‍♂️|1965
🚶‍♀️|1967
🚶🏻‍♀️|1969
🚶🏼‍♀️|1971
🚶🏽‍♀️|1973
🚶🏾‍♀️|1975
🚶🏿‍♀️|1977
🚶‍➡️|1979
🚶🏻‍➡️|1981
🚶🏼‍➡️|1983
🚶🏽‍➡️|1985
🚶🏾‍➡️|1987
🚶🏿‍➡️|1989
🚶‍♀️‍➡️|1991
🚶🏻‍♀️‍➡️|1995
🚶🏼‍♀️‍➡️|1999
🚶🏽‍♀️‍➡️|2003
🚶🏾‍♀️‍➡️|2007
🚶🏿‍♀️‍➡️|2011
🚶‍♂️‍➡️|2015
🚶🏻‍♂️‍➡️|2019
🚶🏼‍♂️‍➡️|2023
🚶🏽‍♂️‍➡️|2027
🚶🏾‍♂️‍➡️|2031
🚶🏿‍♂️‍➡️|2035
🧍|2039
🧍🏻|2040
🧍🏼|2041
🧍🏽|2042
🧍🏾|2043
🧍🏿|2044
🧍‍♂️|2045
🧍🏻‍♂️|2047
🧍🏼‍♂️|2049
🧍🏽‍♂️|2051
🧍🏾‍♂️|2053
🧍🏿‍♂️|2055
🧍‍♀️|2057
🧍🏻‍♀️|2059
🧍🏼‍♀️|2061
🧍🏽‍♀️|2063
🧍🏾‍♀️|2065
🧍🏿‍♀️|2067
🧎|2069
🧎🏻|2070
🧎🏼|2071
🧎🏽|2072
🧎🏾|2073
🧎🏿|2074
🧎‍♂️|2075
🧎🏻‍♂️|2077
🧎🏼‍♂️|2079
🧎🏽‍♂️|2081
🧎🏾‍♂️|2083
🧎🏿‍♂️|2085
🧎‍♀️|2087
🧎🏻‍♀️|2089
🧎🏼‍♀️|2091
🧎🏽‍♀️|2093
🧎🏾‍♀️|2095
🧎🏿‍♀️|2097
🧎‍➡️|2099
🧎🏻‍➡️|2101
🧎🏼‍➡️|2103
🧎🏽‍➡️|2105
🧎🏾‍➡️|2107
🧎🏿‍➡️|2109
🧎‍♀️‍➡️|2111
🧎🏻‍♀️‍➡️|2115
🧎🏼‍♀️‍➡️|2119
🧎🏽‍♀️‍➡️|2123
🧎🏾‍♀️‍➡️|2127
🧎🏿‍♀️‍➡️|2131
🧎‍♂️‍➡️|2135
🧎🏻‍♂️‍➡️|2139
🧎🏼‍♂️‍➡️|2143
🧎🏽‍♂️‍➡️|2147
🧎🏾‍♂️‍➡️|2151
🧎🏿‍♂️‍➡️|2155
🧑‍🦯|2159
🧑🏻‍🦯|2160
🧑🏼‍🦯|2161
🧑🏽‍🦯|2162
🧑🏾‍🦯|2163
🧑🏿‍🦯|2164
🧑‍🦯‍➡️|2165
🧑🏻‍🦯‍➡️|2167
🧑🏼‍🦯‍➡️|2169
🧑🏽‍🦯‍➡️|2171
🧑🏾‍🦯‍➡️|2173
🧑🏿‍🦯‍➡️|2175
👨‍🦯|2177
👨🏻‍🦯|2178
👨🏼‍🦯|2179
👨🏽‍🦯|2180
👨🏾‍🦯|2181
👨🏿‍🦯|2182
👨‍🦯‍➡️|2183
👨🏻‍🦯‍➡️|2185
👨🏼‍🦯‍➡️|2187
👨🏽‍🦯‍➡️|2189
👨🏾‍🦯‍➡️|2191
👨🏿‍🦯‍➡️|2193
👩‍🦯|2195
👩🏻‍🦯|2196
👩🏼‍🦯|2197
👩🏽‍🦯|2198
👩🏾‍🦯|2199
👩🏿‍🦯|2200
👩‍🦯‍➡️|2201
👩🏻‍🦯‍➡️|2203
👩🏼‍🦯‍➡️|2205
👩🏽‍🦯‍➡️|2207
👩🏾‍🦯‍➡️|2209
👩🏿‍🦯‍➡️|2211
🧑‍🦼|2213
🧑🏻‍🦼|2214
🧑🏼‍🦼|2215
🧑🏽‍🦼|2216
🧑🏾‍🦼|2217
🧑🏿‍🦼|2218
🧑‍🦼‍➡️|2219
🧑🏻‍🦼‍➡️|2221
🧑🏼‍🦼‍➡️|2223
🧑🏽‍🦼‍➡️|2225
🧑🏾‍🦼‍➡️|2227
🧑🏿‍🦼‍➡️|2229
👨‍🦼|2231
👨🏻‍🦼|2232
👨🏼‍🦼|2233
👨🏽‍🦼|2234
👨🏾‍🦼|2235
👨🏿‍🦼|2236
👨‍🦼‍➡️|2237
👨🏻‍🦼‍➡️|2239
👨🏼‍🦼‍➡️|2241
👨🏽‍🦼‍➡️|2243
👨🏾‍🦼‍➡️|2245
👨🏿‍🦼‍➡️|2247
👩‍🦼|2249
👩🏻‍🦼|2250
👩🏼‍🦼|2251
👩🏽‍🦼|2252
👩🏾‍🦼|2253
👩🏿‍🦼|2254
👩‍🦼‍➡️|2255
👩🏻‍🦼‍➡️|2257
👩🏼‍🦼‍➡️|2259
👩🏽‍🦼‍➡️|2261
👩🏾‍🦼‍➡️|2263
👩🏿‍🦼‍➡️|2265
🧑‍🦽|2267
🧑🏻‍🦽|2268
🧑🏼‍🦽|2269
🧑🏽‍🦽|2270
🧑🏾‍🦽|2271
🧑🏿‍🦽|2272
🧑‍🦽‍➡️|2273
🧑🏻‍🦽‍➡️|2275
🧑🏼‍🦽‍➡️|2277
🧑🏽‍🦽‍➡️|2279
🧑🏾‍🦽‍➡️|2281
🧑🏿‍🦽‍➡️|2283
👨‍🦽|2285
👨🏻‍🦽|2286
👨🏼‍🦽|2287
👨🏽‍🦽|2288
👨🏾‍🦽|2289
👨🏿‍🦽|2290
👨‍🦽‍➡️|2291
👨🏻‍🦽‍➡️|2293
👨🏼‍🦽‍➡️|2295
👨🏽‍🦽‍➡️|2297
👨🏾‍🦽‍➡️|2299
👨🏿‍🦽‍➡️|2301
👩‍🦽|2303
👩🏻‍🦽|2304
👩🏼‍🦽|2305
👩🏽‍🦽|2306
👩🏾‍🦽|2307
👩🏿‍🦽|2308
👩‍🦽‍➡️|2309
👩🏻‍🦽‍➡️|2311
👩🏼‍🦽‍➡️|2313
👩🏽‍🦽‍➡️|2315
👩🏾‍🦽‍➡️|2317
👩🏿‍🦽‍➡️|2319
🏃|2321
🏃🏻|2322
🏃🏼|2323
🏃🏽|2324
🏃🏾|2325
🏃🏿|2326
🏃‍♂️|2327
🏃🏻‍♂️|2329
🏃🏼‍♂️|2331
🏃🏽‍♂️|2333
🏃🏾‍♂️|2335
🏃🏿‍♂️|2337
🏃‍♀️|2339
🏃🏻‍♀️|2341
🏃🏼‍♀️|2343
🏃🏽‍♀️|2345
🏃🏾‍♀️|2347
🏃🏿‍♀️|2349
🏃‍➡️|2351
🏃🏻‍➡️|2353
🏃🏼‍➡️|2355
🏃🏽‍➡️|2357
🏃🏾‍➡️|2359
🏃🏿‍➡️|2361
🏃‍♀️‍➡️|2363
🏃🏻‍♀️‍➡️|2367
🏃🏼‍♀️‍➡️|2371
🏃🏽‍♀️‍➡️|2375
🏃🏾‍♀️‍➡️|2379
🏃🏿‍♀️‍➡️|2383
🏃‍♂️‍➡️|2387
🏃🏻‍♂️‍➡️|2391
🏃🏼‍♂️‍➡️|2395
🏃🏽‍♂️‍➡️|2399
🏃🏾‍♂️‍➡️|2403
🏃🏿‍♂️‍➡️|2407
💃|2411
💃🏻|2412
💃🏼|2413
💃🏽|2414
💃🏾|2415
💃🏿|2416
🕺|2417
🕺🏻|2418
🕺🏼|2419
🕺🏽|2420
🕺🏾|2421
🕺🏿|2422
🕴️|2424
🕴🏻|2425
🕴🏼|2426
🕴🏽|2427
🕴🏾|2428
🕴🏿|2429
👯|2430
👯‍♂️|2431
👯‍♀️|2433
🧖|2435
🧖🏻|2436
🧖🏼|2437
🧖🏽|2438
🧖🏾|2439
🧖🏿|2440
🧖‍♂️|2441
🧖🏻‍♂️|2443
🧖🏼‍♂️|2445
🧖🏽‍♂️|2447
🧖🏾‍♂️|2449
🧖🏿‍♂️|2451
🧖‍♀️|2453
🧖🏻‍♀️|2455
🧖🏼‍♀️|2457
🧖🏽‍♀️|2459
🧖🏾‍♀️|2461
🧖🏿‍♀️|2463
🧗|2465
🧗🏻|2466
🧗🏼|2467
🧗🏽|2468
🧗🏾|2469
🧗🏿|2470
🧗‍♂️|2471
🧗🏻‍♂️|2473
🧗🏼‍♂️|2475
🧗🏽‍♂️|2477
🧗🏾‍♂️|2479
🧗🏿‍♂️|2481
🧗‍♀️|2483
🧗🏻‍♀️|2485
🧗🏼‍♀️|2487
🧗🏽‍♀️|2489
🧗🏾‍♀️|2491
🧗🏿‍♀️|2493
🤺|2495
🏇|2496
🏇🏻|2497
🏇🏼|2498
🏇🏽|2499
🏇🏾|2500
🏇🏿|2501
⛷️|2503
🏂|2504
🏂🏻|2505
🏂🏼|2506
🏂🏽|2507
🏂🏾|2508
🏂🏿|2509
🏌️|2511
🏌🏻|2512
🏌🏼|2513
🏌🏽|2514
🏌🏾|2515
🏌🏿|2516
🏌️‍♂️|2517
🏌🏻‍♂️|2521
🏌🏼‍♂️|2523
🏌🏽‍♂️|2525
🏌🏾‍♂️|2527
🏌🏿‍♂️|2529
🏌️‍♀️|2531
🏌🏻‍♀️|2535
🏌🏼‍♀️|2537
🏌🏽‍♀️|2539
🏌🏾‍♀️|2541
🏌🏿‍♀️|2543
🏄|2545
🏄🏻|2546
🏄🏼|2547
🏄🏽|2548
🏄🏾|2549
🏄🏿|2550
🏄‍♂️|2551
🏄🏻‍♂️|2553
🏄🏼‍♂️|2555
🏄🏽‍♂️|2557
🏄🏾‍♂️|2559
🏄🏿‍♂️|2561
🏄‍♀️|2563
🏄🏻‍♀️|2565
🏄🏼‍♀️|2567
🏄🏽‍♀️|2569
🏄🏾‍♀️|2571
🏄🏿‍♀️|2573
🚣|2575
🚣🏻|2576
🚣🏼|2577
🚣🏽|2578
🚣🏾|2579
🚣🏿|2580
🚣‍♂️|2581
🚣🏻‍♂️|2583
🚣🏼‍♂️|2585
🚣🏽‍♂️|2587
🚣🏾‍♂️|2589
🚣🏿‍♂️|2591
🚣‍♀️|2593
🚣🏻‍♀️|2595
🚣🏼‍♀️|2597
🚣🏽‍♀️|2599
🚣🏾‍♀️|2601
🚣🏿‍♀️|2603
🏊|2605
🏊🏻|2606
🏊🏼|2607
🏊🏽|2608
🏊🏾|2609
🏊🏿|2610
🏊‍♂️|2611
🏊🏻‍♂️|2613
🏊🏼‍♂️|2615
🏊🏽‍♂️|2617
🏊🏾‍♂️|2619
🏊🏿‍♂️|2621
🏊‍♀️|2623
🏊🏻‍♀️|2625
🏊🏼‍♀️|2627
🏊🏽‍♀️|2629
🏊🏾‍♀️|2631
🏊🏿‍♀️|2633
⛹️|2636
⛹🏻|2637
⛹🏼|2638
⛹🏽|2639
⛹🏾|2640
⛹🏿|2641
⛹️‍♂️|2642
⛹🏻‍♂️|2646
⛹🏼‍♂️|2648
⛹🏽‍♂️|2650
⛹🏾‍♂️|2652
⛹🏿‍♂️|2654
⛹️‍♀️|2656
⛹🏻‍♀️|2660
⛹🏼‍♀️|2662
⛹🏽‍♀️|2664
⛹🏾‍♀️|2666
⛹🏿‍♀️|2668
🏋️|2671
🏋🏻|2672
🏋🏼|2673
🏋🏽|2674
🏋🏾|2675
🏋🏿|2676
🏋️‍♂️|2677
🏋🏻‍♂️|2681
🏋🏼‍♂️|2683
🏋🏽‍♂️|2685
🏋🏾‍♂️|2687
🏋🏿‍♂️|2689
🏋️‍♀️|2691
🏋🏻‍♀️|2695
🏋🏼‍♀️|2697
🏋🏽‍♀️|2699
🏋🏾‍♀️|2701
🏋🏿‍♀️|2703
🚴|2705
🚴🏻|2706
🚴🏼|2707
🚴🏽|2708
🚴🏾|2709
🚴🏿|2710
🚴‍♂️|2711
🚴🏻‍♂️|2713
🚴🏼‍♂️|2715
🚴🏽‍♂️|2717
🚴🏾‍♂️|2719
🚴🏿‍♂️|2721
🚴‍♀️|2723
🚴🏻‍♀️|2725
🚴🏼‍♀️|2727
🚴🏽‍♀️|2729
🚴🏾‍♀️|2731
🚴🏿‍♀️|2733
🚵|2735
🚵🏻|2736
🚵🏼|2737
🚵🏽|2738
🚵🏾|2739
🚵🏿|2740
🚵‍♂️|2741
🚵🏻‍♂️|2743
🚵🏼‍♂️|2745
🚵🏽‍♂️|2747
🚵🏾‍♂️|2749
🚵🏿‍♂️|2751
🚵‍♀️|2753
🚵🏻‍♀️|2755
🚵🏼‍♀️|2757
🚵🏽‍♀️|2759
🚵🏾‍♀️|2761
🚵🏿‍♀️|2763
🤸|2765
🤸🏻|2766
🤸🏼|2767
🤸🏽|2768
🤸🏾|2769
🤸🏿|2770
🤸‍♂️|2771
🤸🏻‍♂️|2773
🤸🏼‍♂️|2775
🤸🏽‍♂️|2777
🤸🏾‍♂️|2779
🤸🏿‍♂️|2781
🤸‍♀️|2783
🤸🏻‍♀️|2785
🤸🏼‍♀️|2787
🤸🏽‍♀️|2789
🤸🏾‍♀️|2791
🤸🏿‍♀️|2793
🤼|2795
🤼‍♂️|2796
🤼‍♀️|2798
🤽|2800
🤽🏻|2801
🤽🏼|2802
🤽🏽|2803
🤽🏾|2804
🤽🏿|2805
🤽‍♂️|2806
🤽🏻‍♂️|2808
🤽🏼‍♂️|2810
🤽🏽‍♂️|2812
🤽🏾‍♂️|2814
🤽🏿‍♂️|2816
🤽‍♀️|2818
🤽🏻‍♀️|2820
🤽🏼‍♀️|2822
🤽🏽‍♀️|2824
🤽🏾‍♀️|2826
🤽🏿‍♀️|2828
🤾|2830
🤾🏻|2831
🤾🏼|2832
🤾🏽|2833
🤾🏾|2834
🤾🏿|2835
🤾‍♂️|2836
🤾🏻‍♂️|2838
🤾🏼‍♂️|2840
🤾🏽‍♂️|2842
🤾🏾‍♂️|2844
🤾🏿‍♂️|2846
🤾‍♀️|2848
🤾🏻‍♀️|2850
🤾🏼‍♀️|2852
🤾🏽‍♀️|2854
🤾🏾‍♀️|2856
🤾🏿‍♀️|2858
🤹|2860
🤹🏻|2861
🤹🏼|2862
🤹🏽|2863
🤹🏾|2864
🤹🏿|2865
🤹‍♂️|2866
🤹🏻‍♂️|2868
🤹🏼‍♂️|2870
🤹🏽‍♂️|2872
🤹🏾‍♂️|2874
🤹🏿‍♂️|2876
🤹‍♀️|2878
🤹🏻‍♀️|2880
🤹🏼‍♀️|2882
🤹🏽‍♀️|2884
🤹🏾‍♀️|2886
🤹🏿‍♀️|2888
🧘|2890
🧘🏻|2891
🧘🏼|2892
🧘🏽|2893
🧘🏾|2894
🧘🏿|2895
🧘‍♂️|2896
🧘🏻‍♂️|2898
🧘🏼‍♂️|2900
🧘🏽‍♂️|2902
🧘🏾‍♂️|2904
🧘🏿‍♂️|2906
🧘‍♀️|2908
🧘🏻‍♀️|2910
🧘🏼‍♀️|2912
🧘🏽‍♀️|2914
🧘🏾‍♀️|2916
🧘🏿‍♀️|2918
🛀|2920
🛀🏻|2921
🛀🏼|2922
🛀🏽|2923
🛀🏾|2924
🛀🏿|2925
🛌|2926
🛌🏻|2927
🛌🏼|2928
🛌🏽|2929
🛌🏾|2930
🛌🏿|2931
🧑‍🤝‍🧑|2932
🧑🏻‍🤝‍🧑🏻|2933
🧑🏼‍🤝‍🧑🏼|2939
🧑🏽‍🤝‍🧑🏽|2945
🧑🏾‍🤝‍🧑🏾|2951
🧑🏿‍🤝‍🧑🏿|2957
👭|2958
👭🏻|2959
👭🏼|2965
👭🏽|2971
👭🏾|2977
👭🏿|2983
👫|2984
👫🏻|2985
👫🏼|2991
👫🏽|2997
👫🏾|3003
👫🏿|3009
👬|3010
👬🏻|3011
👬🏼|3017
👬🏽|3023
👬🏾|3029
👬🏿|3035
💏|3036
💏🏻|3037
💏🏼|3038
💏🏽|3039
💏🏾|3040
💏🏿|3041
👩‍❤️‍💋‍👨|3082
👩🏻‍❤️‍💋‍👨🏻|3084
👩🏼‍❤️‍💋‍👨🏼|3096
👩🏽‍❤️‍💋‍👨🏽|3108
👩🏾‍❤️‍💋‍👨🏾|3120
👩🏿‍❤️‍💋‍👨🏿|3132
👨‍❤️‍💋‍👨|3134
👨🏻‍❤️‍💋‍👨🏻|3136
👨🏼‍❤️‍💋‍👨🏼|3148
👨🏽‍❤️‍💋‍👨🏽|3160
👨🏾‍❤️‍💋‍👨🏾|3172
👨🏿‍❤️‍💋‍👨🏿|3184
👩‍❤️‍💋‍👩|3186
👩🏻‍❤️‍💋‍👩🏻|3188
👩🏼‍❤️‍💋‍👩🏼|3200
👩🏽‍❤️‍💋‍👩🏽|3212
👩🏾‍❤️‍💋‍👩🏾|3224
👩🏿‍❤️‍💋‍👩🏿|3236
💑|3238
💑🏻|3239
💑🏼|3240
💑🏽|3241
💑🏾|3242
💑🏿|3243
👩‍❤️‍👨|3284
👩🏻‍❤️‍👨🏻|3286
👩🏼‍❤️‍👨🏼|3298
👩🏽‍❤️‍👨🏽|3310
👩🏾‍❤️‍👨🏾|3322
👩🏿‍❤️‍👨🏿|3334
👨‍❤️‍👨|3336
👨🏻‍❤️‍👨🏻|3338
👨🏼‍❤️‍👨🏼|3350
👨🏽‍❤️‍👨🏽|3362
👨🏾‍❤️‍👨🏾|3374
👨🏿‍❤️‍👨🏿|3386
👩‍❤️‍👩|3388
👩🏻‍❤️‍👩🏻|3390
👩🏼‍❤️‍👩🏼|3402
👩🏽‍❤️‍👩🏽|3414
👩🏾‍❤️‍👩🏾|3426
👩🏿‍❤️‍👩🏿|3438
👨‍👩‍👦|3440
👨‍👩‍👧|3441
👨‍👩‍👧‍👦|3442
👨‍👩‍👦‍👦|3443
👨‍👩‍👧‍👧|3444
👨‍👨‍👦|3445
👨‍👨‍👧|3446
👨‍👨‍👧‍👦|3447
👨‍👨‍👦‍👦|3448
👨‍👨‍👧‍👧|3449
👩‍👩‍👦|3450
👩‍👩‍👧|3451
👩‍👩‍👧‍👦|3452
👩‍👩‍👦‍👦|3453
👩‍👩‍👧‍👧|3454
👨‍👦|3455
👨‍👦‍👦|3456
👨‍👧|3457
👨‍👧‍👦|3458
👨‍👧‍👧|3459
👩‍👦|3460
👩‍👦‍👦|3461
👩‍👧|3462
👩‍👧‍👦|3463
👩‍👧‍👧|3464
🗣️|3466
👤|3467
👥|3468
🫂|3469
👪|3470
🧑‍🧑‍🧒|3471
🧑‍🧑‍🧒‍🧒|3472
🧑‍🧒|3473
🧑‍🧒‍🧒|3474
👣|3475
🫆|3476
🐵|3486
🐒|3487
🦍|3488
🦧|3489
🐶|3490
🐕|3491
🦮|3492
🐕‍🦺|3493
🐩|3494
🐺|3495
🦊|3496
🦝|3497
🐱|3498
🐈|3499
🐈‍⬛|3500
🦁|3501
🐯|3502
🐅|3503
🐆|3504
🐴|3505
🫎|3506
🫏|3507
🐎|3508
🦄|3509
🦓|3510
🦌|3511
🦬|3512
🐮|3513
🐂|3514
🐃|3515
🐄|3516
🐷|3517
🐖|3518
🐗|3519
🐽|3520
🐏|3521
🐑|3522
🐐|3523
🐪|3524
🐫|3525
🦙|3526
🦒|3527
🐘|3528
🦣|3529
🦏|3530
🦛|3531
🐭|3532
🐁|3533
🐀|3534
🐹|3535
🐰|3536
🐇|3537
🐿️|3539
🦫|3540
🦔|3541
🦇|3542
🐻|3543
🐻‍❄️|3544
🐨|3546
🐼|3547
🦥|3548
🦦|3549
🦨|3550
🦘|3551
🦡|3552
🐾|3553
🦃|3554
🐔|3555
🐓|3556
🐣|3557
🐤|3558
🐥|3559
🐦|3560
🐧|3561
🕊️|3563
🦅|3564
🦆|3565
🦢|3566
🦉|3567
🦤|3568
🪶|3569
🦩|3570
🦚|3571
🦜|3572
🪽|3573
🐦‍⬛|3574
🪿|3575
🐦‍🔥|3576
🐸|3577
🐊|3578
🐢|3579
🦎|3580
🐍|3581
🐲|3582
🐉|3583
🦕|3584
🦖|3585
🐳|3586
🐋|3587
🐬|3588
🦭|3589
🐟|3590
🐠|3591
🐡|3592
🦈|3593
🐙|3594
🐚|3595
🪸|3596
🪼|3597
🦀|3598
🦞|3599
🦐|3600
🦑|3601
🦪|3602
🐌|3603
🦋|3604
🐛|3605
🐜|3606
🐝|3607
🪲|3608
🐞|3609
🦗|3610
🪳|3611
🕷️|3613
🕸️|3615
🦂|3616
🦟|3617
🪰|3618
🪱|3619
🦠|3620
💐|3621
🌸|3622
💮|3623
🪷|3624
🏵️|3626
🌹|3627
🥀|3628
🌺|3629
🌻|3630
🌼|3631
🌷|3632
🪻|3633
🌱|3634
🪴|3635
🌲|3636
🌳|3637
🌴|3638
🌵|3639
🌾|3640
🌿|3641
🍀|3644
🍁|3645
🍂|3646
🍃|3647
🪹|3648
🪺|3649
🍄|3650
🪾|3651
🍇|3652
🍈|3653
🍉|3654
🍊|3655
🍋|3656
🍋‍🟩|3657
🍌|3658
🍍|3659
🥭|3660
🍎|3661
🍏|3662
🍐|3663
🍑|3664
🍒|3665
🍓|3666
🫐|3667
🥝|3668
🍅|3669
🫒|3670
🥥|3671
🥑|3672
🍆|3673
🥔|3674
🥕|3675
🌽|3676
🌶️|3678
🫑|3679
🥒|3680
🥬|3681
🥦|3682
🧄|3683
🧅|3684
🥜|3685
🫘|3686
🌰|3687
🫚|3688
🫛|3689
🍄‍🟫|3690
🫜|3691
🍞|3692
🥐|3693
🥖|3694
🫓|3695
🥨|3696
🥯|3697
🥞|3698
🧇|3699
🧀|3700
🍖|3701
🍗|3702
🥩|3703
🥓|3704
🍔|3705
🍟|3706
🍕|3707
🌭|3708
🥪|3709
🌮|3710
🌯|3711
🫔|3712
🥙|3713
🧆|3714
🥚|3715
🍳|3716
🥘|3717
🍲|3718
🫕|3719
🥣|3720
🥗|3721
🍿|3722
🧈|3723
🧂|3724
🥫|3725
🍱|3726
🍘|3727
🍙|3728
🍚|3729
🍛|3730
🍜|3731
🍝|3732
🍠|3733
🍢|3734
🍣|3735
🍤|3736
🍥|3737
🥮|3738
🍡|3739
🥟|3740
🥠|3741
🥡|3742
🍦|3743
🍧|3744
🍨|3745
🍩|3746
🍪|3747
🎂|3748
🍰|3749
🧁|3750
🥧|3751
🍫|3752
🍬|3753
🍭|3754
🍮|3755
🍯|3756
🍼|3757
🥛|3758
🫖|3760
🍵|3761
🍶|3762
🍾|3763
🍷|3764
🍸|3765
🍹|3766
🍺|3767
🍻|3768
🥂|3769
🥃|3770
🫗|3771
🥤|3772
🧋|3773
🧃|3774
🧉|3775
🧊|3776
🥢|3777
🍽️|3779
🍴|3780
🥄|3781
🔪|3782
🫙|3783
🏺|3784
🌍|3785
🌎|3786
🌏|3787
🌐|3788
🗺️|3790
🗾|3791
🧭|3792
🏔️|3794
⛰️|3796
🌋|3797
🗻|3798
🏕️|3800
🏖️|3802
🏜️|3804
🏝️|3806
🏞️|3808
🏟️|3810
🏛️|3812
🏗️|3814
🧱|3815
🪨|3816
🪵|3817
🛖|3818
🏘️|3820
🏚️|3822
🏠|3823
🏡|3824
🏢|3825
🏣|3826
🏤|3827
🏥|3828
🏦|3829
🏨|3830
🏩|3831
🏪|3832
🏫|3833
🏬|3834
🏭|3835
🏯|3836
🏰|3837
💒|3838
🗼|3839
🗽|3840
⛪|3841
🕌|3842
🛕|3843
🕍|3844
⛩️|3846
🕋|3847
⛲|3848
⛺|3849
🌁|3850
🌃|3851
🏙️|3853
🌄|3854
🌅|3855
🌆|3856
🌇|3857
🌉|3858
🎠|3861
🛝|3862
🎡|3863
🎢|3864
💈|3865
🎪|3866
🚂|3867
🚃|3868
🚄|3869
🚅|3870
🚆|3871
🚇|3872
🚈|3873
🚉|3874
🚊|3875
🚝|3876
🚞|3877
🚋|3878
🚌|3879
🚍|3880
🚎|3881
🚐|3882
🚑|3883
🚒|3884
🚓|3885
🚔|3886
🚕|3887
🚖|3888
🚗|3889
🚘|3890
🚙|3891
🛻|3892
🚚|3893
🚛|3894
🚜|3895
🏎️|3897
🏍️|3899
🛵|3900
🦽|3901
🦼|3902
🛺|3903
🚲|3904
🛴|3905
🛹|3906
🛼|3907
🚏|3908
🛣️|3910
🛤️|3912
🛢️|3914
⛽|3915
🛞|3916
🚨|3917
🚥|3918
🚦|3919
🛑|3920
🚧|3921
🛟|3923
⛵|3924
🛶|3925
🚤|3926
🛳️|3928
⛴️|3930
🛥️|3932
🚢|3933
🛩️|3937
🛫|3938
🛬|3939
🪂|3940
💺|3941
🚁|3942
🚟|3943
🚠|3944
🚡|3945
🛰️|3947
🚀|3948
🛸|3949
🛎️|3951
🧳|3952
⌛|3953
⏳|3954
⌚|3955
⏰|3956
⏱️|3958
⏲️|3960
🕰️|3962
🕛|3963
🕧|3964
🕐|3965
🕜|3966
🕑|3967
🕝|3968
🕒|3969
🕞|3970
🕓|3971
🕟|3972
🕔|3973
🕠|3974
🕕|3975
🕡|3976
🕖|3977
🕢|3978
🕗|3979
🕣|3980
🕘|3981
🕤|3982
🕙|3983
🕥|3984
🕚|3985
🕦|3986
🌑|3987
🌒|3988
🌓|3989
🌔|3990
🌕|3991
🌖|3992
🌗|3993
🌘|3994
🌙|3995
🌚|3996
🌛|3997
🌜|3998
🌡️|4000
🌝|4003
🌞|4004
🪐|4005
⭐|4006
🌟|4007
🌠|4008
🌌|4009
⛅|4012
⛈️|4014
🌤️|4016
🌥️|4018
🌦️|4020
🌧️|4022
🌨️|4024
🌩️|4026
🌪️|4028
🌫️|4030
🌬️|4032
🌀|4033
🌈|4034
🌂|4035
⛱️|4040
⚡|4041
⛄|4046
🔥|4049
💧|4050
🌊|4051
🎃|4052
🎄|4053
🎆|4054
🎇|4055
🧨|4056
🎈|4058
🎉|4059
🎊|4060
🎋|4061
🎍|4062
🎎|4063
🎏|4064
🎐|4065
🎑|4066
🧧|4067
🎀|4068
🎁|4069
🎗️|4071
🎟️|4073
🎫|4074
🎖️|4076
🏆|4077
🏅|4078
🥇|4079
🥈|4080
🥉|4081
⚽|4082
⚾|4083
🥎|4084
🏀|4085
🏐|4086
🏈|4087
🏉|4088
🎾|4089
🥏|4090
🎳|4091
🏏|4092
🏑|4093
🏒|4094
🥍|4095
🏓|4096
🏸|4097
🥊|4098
🥋|4099
🥅|4100
⛳|4101
⛸️|4103
🎣|4104
🤿|4105
🎽|4106
🎿|4107
🛷|4108
🥌|4109
🎯|4110
🪀|4111
🪁|4112
🔫|4113
🎱|4114
🔮|4115
🪄|4116
🎮|4117
🕹️|4119
🎰|4120
🎲|4121
🧩|4122
🧸|4123
🪅|4124
🪩|4125
🪆|4126
♟️|4136
🃏|4137
🀄|4138
🎴|4139
🎭|4140
🖼️|4142
🎨|4143
🧵|4144
🪡|4145
🧶|4146
🪢|4147
👓|4148
🕶️|4150
🥽|4151
🥼|4152
🦺|4153
👔|4154
👕|4155
👖|4156
🧣|4157
🧤|4158
🧥|4159
🧦|4160
👗|4161
👘|4162
🥻|4163
🩱|4164
🩲|4165
🩳|4166
👙|4167
👚|4168
🪭|4169
👛|4170
👜|4171
👝|4172
🛍️|4174
🎒|4175
🩴|4176
👞|4177
👟|4178
🥾|4179
🥿|4180
👠|4181
👡|4182
🩰|4183
👢|4184
🪮|4185
👑|4186
👒|4187
🎩|4188
🎓|4189
🧢|4190
🪖|4191
⛑️|4193
📿|4194
💄|4195
💍|4196
💎|4197
🔇|4198
🔈|4199
🔉|4200
🔊|4201
📢|4202
📣|4203
📯|4204
🔔|4205
🔕|4206
🎼|4207
🎵|4208
🎶|4209
🎙️|4211
🎚️|4213
🎛️|4215
🎤|4216
🎧|4217
📻|4218
🎷|4219
🪗|4220
🎸|4221
🎹|4222
🎺|4223
🎻|4224
🪕|4225
🥁|4226
🪘|4227
🪇|4228
🪈|4229
🪉|4230
📱|4231
📲|4232
☎️|4234
📞|4235
📟|4236
📠|4237
🔋|4238
🪫|4239
🔌|4240
💻|4241
🖥️|4243
🖨️|4245
🖱️|4249
🖲️|4251
💽|4252
💾|4253
💿|4254
📀|4255
🧮|4256
🎥|4257
🎞️|4259
📽️|4261
🎬|4262
📺|4263
📷|4264
📸|4265
📹|4266
📼|4267
🔍|4268
🔎|4269
🕯️|4271
💡|4272
🔦|4273
🏮|4274
🪔|4275
📔|4276
📕|4277
📖|4278
📗|4279
📘|4280
📙|4281
📚|4282
📓|4283
📒|4284
📃|4285
📜|4286
📄|4287
📰|4288
🗞️|4290
📑|4291
🔖|4292
🏷️|4294
💰|4295
🪙|4296
💴|4297
💵|4298
💶|4299
💷|4300
💸|4301
💳|4302
🧾|4303
💹|4304
📧|4307
📨|4308
📩|4309
📤|4310
📥|4311
📦|4312
📫|4313
📪|4314
📬|4315
📭|4316
📮|4317
🗳️|4319
✏️|4321
🖋️|4325
🖊️|4327
🖌️|4329
🖍️|4331
📝|4332
💼|4333
📁|4334
📂|4335
🗂️|4337
📅|4338
📆|4339
🗒️|4341
🗓️|4343
📇|4344
📈|4345
📉|4346
📊|4347
📋|4348
📌|4349
📍|4350
📎|4351
🖇️|4353
📏|4354
📐|4355
🗃️|4359
🗄️|4361
🗑️|4363
🔒|4364
🔓|4365
🔏|4366
🔐|4367
🔑|4368
🗝️|4370
🔨|4371
🪓|4372
⛏️|4374
🛠️|4378
🗡️|4380
💣|4383
🪃|4384
🏹|4385
🛡️|4387
🪚|4388
🔧|4389
🪛|4390
🔩|4391
🗜️|4395
🦯|4398
🔗|4399
⛓️‍💥|4400
⛓️|4403
🪝|4404
🧰|4405
🧲|4406
🪜|4407
🪏|4408
🧪|4411
🧫|4412
🧬|4413
🔬|4414
🔭|4415
📡|4416
💉|4417
🩸|4418
💊|4419
🩹|4420
🩼|4421
🩺|4422
🩻|4423
🚪|4424
🛗|4425
🪞|4426
🪟|4427
🛏️|4429
🛋️|4431
🪑|4432
🚽|4433
🪠|4434
🚿|4435
🛁|4436
🪤|4437
🪒|4438
🧴|4439
🧷|4440
🧹|4441
🧺|4442
🧻|4443
🪣|4444
🧼|4445
🫧|4446
🪥|4447
🧽|4448
🧯|4449
🛒|4450
🚬|4451
⚰️|4453
🪦|4454
⚱️|4456
🧿|4457
🪬|4458
🗿|4459
🪧|4460
🪪|4461
🏧|4462
🚮|4463
🚰|4464
♿|4465
🚹|4466
🚺|4467
🚻|4468
🚼|4469
🚾|4470
🛂|4471
🛃|4472
🛄|4473
🛅|4474
⚠️|4476
🚸|4477
⛔|4478
🚫|4479
🚳|4480
🚭|4481
🚯|4482
🚱|4483
🚷|4484
📵|4485
🔞|4486
⬆️|4492
➡️|4496
⬇️|4500
⬅️|4504
↩️|4512
↪️|4514
🔃|4519
🔄|4520
🔙|4521
🔚|4522
🔛|4523
🔜|4524
🔝|4525
🛐|4526
⚛️|4528
🕉️|4530
☯️|4536
✝️|4538
☪️|4542
☮️|4544
🕎|4545
🔯|4546
🪯|4547
♊|4550
♋|4551
♌|4552
♍|4553
♎|4554
♏|4555
⛎|4560
🔀|4561
🔁|4562
🔂|4563
▶️|4565
⏩|4566
⏭️|4568
⏯️|4570
◀️|4572
⏪|4573
⏮️|4575
🔼|4576
⏫|4577
🔽|4578
⏬|4579
⏸️|4581
⏹️|4583
⏺️|4585
⏏️|4587
🎦|4588
🔅|4589
🔆|4590
📶|4591
🛜|4592
📳|4593
📴|4594
⚧️|4600
🟰|4606
♾️|4608
‼️|4610
💱|4619
💲|4620
♻️|4624
⚜️|4626
🔱|4627
📛|4628
🔰|4629
⭕|4630
❌|4636
❎|4637
➰|4638
➿|4639
〽️|4641
©️|4649
®️|4651
🫟|4654
🔟|4679
🔠|4680
🔡|4681
🔢|4682
🔣|4683
🔤|4684
🅰️|4686
🆎|4687
🅱️|4689
🆑|4690
🆒|4691
🆓|4692
🆔|4695
Ⓜ️|4697
🆕|4698
🆖|4699
🅾️|4701
🆗|4702
🅿️|4704
🆘|4705
🆙|4706
🆚|4707
🈁|4708
🈂️|4710
🈷️|4712
🈶|4713
🈯|4714
🉐|4715
🈹|4716
🈚|4717
🈲|4718
🉑|4719
🈸|4720
🈴|4721
🈳|4722
🈺|4727
🈵|4728
🔴|4729
🟠|4730
🟡|4731
🟢|4732
🔵|4733
🟣|4734
🟤|4735
⚫|4736
⚪|4737
🟥|4738
🟧|4739
🟨|4740
🟩|4741
🟦|4742
🟪|4743
🟫|4744
⬛|4745
⬜|4746
◼️|4748
◻️|4750
◾|4751
◽|4752
▪️|4754
▫️|4756
🔶|4757
🔷|4758
🔸|4759
🔹|4760
🔺|4761
🔻|4762
💠|4763
🔘|4764
🔳|4765
🔲|4766
🏁|4767
🚩|4768
🎌|4769
🏴|4770
🏳️|4772
🏳️‍🌈|4773
🏳️‍⚧️|4775
🏴‍☠️|4779
🇦🇩|4782
🇦🇪|4783
🇦🇫|4784
🇦🇬|4785
🇦🇮|4786
🇦🇱|4787
🇦🇲|4788
🇦🇴|4789
🇦🇶|4790
🇦🇷|4791
🇦🇸|4792
🇦🇹|4793
🇦🇺|4794
🇦🇼|4795
🇦🇽|4796
🇦🇿|4797
🇧🇦|4798
🇧🇧|4799
🇧🇩|4800
🇧🇪|4801
🇧🇫|4802
🇧🇬|4803
🇧🇭|4804
🇧🇮|4805
🇧🇯|4806
🇧🇱|4807
🇧🇲|4808
🇧🇳|4809
🇧🇴|4810
🇧🇶|4811
🇧🇷|4812
🇧🇸|4813
🇧🇹|4814
🇧🇼|4816
🇧🇾|4817
🇧🇿|4818
🇨🇦|4819
🇨🇨|4820
🇨🇩|4821
🇨🇫|4822
🇨🇬|4823
🇨🇭|4824
🇨🇮|4825
🇨🇰|4826
🇨🇱|4827
🇨🇲|4828
🇨🇳|4829
🇨🇴|4830
🇨🇶|4832
🇨🇷|4833
🇨🇺|4834
🇨🇻|4835
🇨🇼|4836
🇨🇽|4837
🇨🇾|4838
🇨🇿|4839
🇩🇪|4840
🇩🇯|4842
🇩🇰|4843
🇩🇲|4844
🇩🇴|4845
🇩🇿|4846
🇪🇨|4848
🇪🇪|4849
🇪🇬|4850
🇪🇭|4851
🇪🇷|4852
🇪🇸|4853
🇪🇹|4854
🇪🇺|4855
🇫🇮|4856
🇫🇯|4857
🇫🇰|4858
🇫🇲|4859
🇫🇴|4860
🇫🇷|4861
🇬🇦|4862
🇬🇧|4863
🇬🇩|4864
🇬🇪|4865
🇬🇫|4866
🇬🇬|4867
🇬🇭|4868
🇬🇮|4869
🇬🇱|4870
🇬🇲|4871
🇬🇳|4872
🇬🇵|4873
🇬🇶|4874
🇬🇷|4875
🇬🇸|4876
🇬🇹|4877
🇬🇺|4878
🇬🇼|4879
🇬🇾|4880
🇭🇰|4881
🇭🇳|4883
🇭🇷|4884
🇭🇹|4885
🇭🇺|4886
🇮🇨|4887
🇮🇩|4888
🇮🇪|4889
🇮🇱|4890
🇮🇲|4891
🇮🇳|4892
🇮🇴|4893
🇮🇶|4894
🇮🇷|4895
🇮🇸|4896
🇮🇹|4897
🇯🇪|4898
🇯🇲|4899
🇯🇴|4900
🇯🇵|4901
🇰🇪|4902
🇰🇬|4903
🇰🇭|4904
🇰🇮|4905
🇰🇲|4906
🇰🇳|4907
🇰🇵|4908
🇰🇷|4909
🇰🇼|4910
🇰🇾|4911
🇰🇿|4912
🇱🇦|4913
🇱🇧|4914
🇱🇨|4915
🇱🇮|4916
🇱🇰|4917
🇱🇷|4918
🇱🇸|4919
🇱🇹|4920
🇱🇺|4921
🇱🇻|4922
🇱🇾|4923
🇲🇦|4924
🇲🇨|4925
🇲🇩|4926
🇲🇪|4927
🇲🇬|4929
🇲🇭|4930
🇲🇰|4931
🇲🇱|4932
🇲🇲|4933
🇲🇳|4934
🇲🇴|4935
🇲🇵|4936
🇲🇶|4937
🇲🇷|4938
🇲🇸|4939
🇲🇹|4940
🇲🇺|4941
🇲🇻|4942
🇲🇼|4943
🇲🇽|4944
🇲🇾|4945
🇲🇿|4946
🇳🇦|4947
🇳🇨|4948
🇳🇪|4949
🇳🇫|4950
🇳🇬|4951
🇳🇮|4952
🇳🇱|4953
🇳🇴|4954
🇳🇵|4955
🇳🇷|4956
🇳🇺|4957
🇳🇿|4958
🇴🇲|4959
🇵🇦|4960
🇵🇪|4961
🇵🇫|4962
🇵🇬|4963
🇵🇭|4964
🇵🇰|4965
🇵🇱|4966
🇵🇲|4967
🇵🇳|4968
🇵🇷|4969
🇵🇸|4970
🇵🇹|4971
🇵🇼|4972
🇵🇾|4973
🇶🇦|4974
🇷🇪|4975
🇷🇴|4976
🇷🇸|4977
🇷🇺|4978
🇷🇼|4979
🇸🇦|4980
🇸🇧|4981
🇸🇨|4982
🇸🇩|4983
🇸🇪|4984
🇸🇬|4985
🇸🇭|4986
🇸🇮|4987
🇸🇰|4989
🇸🇱|4990
🇸🇲|4991
🇸🇳|4992
🇸🇴|4993
🇸🇷|4994
🇸🇸|4995
🇸🇹|4996
🇸🇻|4997
🇸🇽|4998
🇸🇾|4999
🇸🇿|5000
🇹🇨|5002
🇹🇩|5003
🇹🇫|5004
🇹🇬|5005
🇹🇭|5006
🇹🇯|5007
🇹🇰|5008
🇹🇱|5009
🇹🇲|5010
🇹🇳|5011
🇹🇴|5012
🇹🇷|5013
🇹🇹|5014
🇹🇻|5015
🇹🇼|5016
🇹🇿|5017
🇺🇦|5018
🇺🇬|5019
🇺🇸|5022
🇺🇾|5023
🇺🇿|5024
🇻🇦|5025
🇻🇨|5026
🇻🇪|5027
🇻🇬|5028
🇻🇮|5029
🇻🇳|5030
🇻🇺|5031
🇼🇫|5032
🇼🇸|5033
🇽🇰|5034
🇾🇪|5035
🇾🇹|5036
🇿🇦|5037
🇿🇲|5038
🇿🇼|5039
🏴󠁧󠁢󠁥󠁮󠁧󠁿|5040
🏴󠁧󠁢󠁳󠁣󠁴󠁿|5041
🏴󠁧󠁢󠁷󠁬󠁳󠁿|5042