锔|!?|?|nie rozumiem|pytajnik|pytanie|wykrzyknik ze znakiem zapytania|zaskoczenie|znak zapytania
癸|informacja|informacje|punkt informacyjny|藕r贸do informacji
锔|dwukierunkowa|lewo-prawo|na boki|strzaka w lewo i w prawo
锔|dwukierunkowa|g贸ra-d贸|strzaka do g贸ry i na d贸|strzaka w g贸r i w d贸
锔|kierunek|p贸nocny zach贸d|strzaka do g贸ry w lewo|strzaka w g贸r w lewo
锔|kierunek|p贸nocny wsch贸d|strzaka do g贸ry w prawo|strzaka w g贸r w prawo
锔|kierunek|poudniowy wsch贸d|strzaka w d贸 w prawo
锔|kierunek|poudniowy zach贸d|strzaka na d贸 w lewo|strzaka w d贸 w lewo
锔|klawiatura|komputer|pisa
锔|jasne|kosmos|pogoda|promienie|soce|sonecznie
锔|chmura|pogoda
锔|deszcz|opady|pada|parasol|pogoda
锔|bawanek i patki niegu|pogoda|nieg|zabawa na niegu|zimno
锔|kometa|kosmos|ogon
锔|parafka|pole ze znacznikiem wyboru|ptaszek|zaznaczenie
|deszcz|opady|pada|parasol z kroplami deszczu|pogoda
|gorca|gorcy nap贸j|herbata|kawa|nap贸j|parujca|picie
锔|koniczyna|koniczynka|rolina
锔|czaszka z piszczelami|duch|kociotrup|piraci|piszczele|potw贸r|mier|szkielet|trupia czaszka
锔|promieniowanie|radiacja|radioaktywne
ｏ|biozagro偶enie|niebezpieczestwo|organizm|zagro偶enie ze strony organizm贸w 偶ywych|偶ywy
锔|chrzecijastwo|krzy偶 ortodoksyjny|krzy偶 prawosawny|krzy偶yk|religia
革|buddysta|buddyzm|dharma|koo dharmy|religia
癸|grymas|niezadowolenie|zachmurzona twarz
|baran|znak zodiaku|zodiak
|byk|znak zodiaku|zodiak
|strzelec|znak zodiaku|zodiak
|kozioro偶ec|znak zodiaku|zodiak
|wodnik|znak zodiaku|zodiak
|ryby|znak zodiaku|zodiak
锔|gra|karta|pik|talia
ｏ|gra|karta|talia|trefl
ワ|gra|karta|kier|talia
锔|gra|karo|karta|talia
锔|gorce 藕r贸da|para|woda|藕r贸do
锔|kilof|moty|narzdzia
|kotwica|okrt|przyrzd|statek
锔|biaa bro|miecze|skrzy偶owane
锔|ci偶ar|narzdzie|r贸wnowaga|sprawiedliwo|waga szalkowa|wa偶y|zodiak
锔|alembik|chemia|kolba|menzurka|naczynie|prob贸wka|szklane
锔|k贸ko|koo zbate|skrzynia bieg贸w|zbate|zbatka
锔|narzdzie|no偶yczki|ostre|przeci
|parafka|przycisk ze znacznikiem wyboru|ptaszek|zaznaczenie|znacznik wyboru
锔|samolot
锔|e-mail|koperta|list|wiadomo
锔|pi贸ro z czarn stal贸wk|stal贸wka
锔|gruby znacznik wyboru|parafka|ptaszek|zaznaczenie|znacznik wyboru
锔||anuluj|iks|mno偶enie|x|znak mno偶enia
★|dawid|gwiazda dawida|gwiazda dawidowa|religia|偶ydowska
|* gwiazdki|gwiazda|gwiazdki|gwiazdy
筹|*|gwiazdka omioramienna
达|*|gwiazda omioramienna
锔|patek niegu|pogoda|nieg|zimno
锔|*|iskra
|?|czerwony znak zapytania|o co chodzi|pytajnik|pytanie|znak zapytania
|biay znak zapytania|o co chodzi?|pytajnik|pytanie|znak zapytania
|!|biay wykrzyknik|krzyk|okrzyk|wykrzyknik
|!|czerwony wykrzyknik|krzyk|okrzyk|wykrzyknik
ｏ|czerwony wykrzyknik|serce|wykrzyknik w ksztacie serca|znak interpunkcyjny
わ|czerwone|kocham|mio|serce
|+|doda|dodawa|dodawanie|matematyka|plus|znak
|-||matematyka|odejmowanie|znak minus
|梅|dzielenie|matematyka|znak dzielenia
猡达|strzaka w prawo skrcajca w g贸r|zakrt
猡碉|strzaka w prawo skrcajca d贸|strzaka w prawo skrcajca w d贸|zakrt
帮|fala|falista kreska|linia|pofalowana
锔|gratulacje|ideogram|japoski przycisk gratulacje
锔|ideogram|japoski przycisk tajemnica|tajemnica
ス|duma|op贸r|pacz|smutna twarz|twarz powstrzymujca zy|zdenerwowanie
|bajka|fantazja|potw贸r|troll
┗|koci|lekarz|medycyna|szkielet|zdjcie rentgenowskie
┘|b贸l|kij|kula|laska|niepenosprawno|pomoc w chodzeniu
|dyskoteka|kula dyskotekowa|migotanie|przyjcie|taniec
|bezpieczestwo|dane osobowe|dow贸d to偶samoci|prawo jazdy
|elektronika|niski poziom energii|saba bateria
|amulet|chamsa|do fatimy|do z okiem|fatima|miriam|ochrona|rka fatimy|rka miriam|rka z okiem
|buddyzm|czysto|hinduizm|indie|kwiat|lotosu|wietnam
|koralowa|koralowiec|ocean|rafa
|gniazdowanie|gnie偶d偶enie|puste gniazdo
|gniazdo z jajkami|gniazdowanie|gnie偶d偶enie
|brzuch|m偶czyzna w ci偶y|peny|w ci偶y|wzdty
|brzuch|osoba w ci偶y|peny|w ci偶y|wzdty
|kr贸lewski|monarcha|osoba w koronie|szlachta
|nalewanie pynu|nap贸j|pusty|rozlanie|szklanka
|fasola|jedzenie|nerkowata|strk
|pojemnik|przechowywanie|przyprawa|pusty|soik|s贸j|sos|zapas
|pynna twarz|rozpuszczajca si twarz|roztapiajca si twarz|znikajca twarz
|ok|pogodna twarz|salutujca twarz|tak jest|wojsko
|niedowierzanie|niespodzianka|przestrach|przestraszona twarz|twarz z otwartymi oczami i rk na ustach|zawstydzona twarz|zdumienie
|gapienie si|podgldanie|twarz z podgldajcym okiem|zaabsorbowana twarz
|do kitu|niepewna twarz|rozczarowana twarz|sceptyczna twarz|twarz z ukonymi ustami
|introwertyk|niewidzialna twarz|przygnbiona twarz|twarz otoczona lini przerywan|ukryta twarz|znikajca twarz
|dyskomfort|flirt|nerwowo|niepok贸j|przygryzanie wargi|strach|zmartwienie
|bbelki|mycie|mydo|plusk|pod wod
|do ze skrzy偶owanym palcem wskazujcym i kciukiem|drogie|mio|pienidze|pstryknicie palcami|serce
|do skierowana w prawo|prawa|w prawo
|do skierowana w lewo|lewa|w lewo
|do skierowana w d贸|odrzucenie|sio|upuszczenie
|do skierowana w g贸r|apanie|propozycja|przywoanie|skinienie
|palec wskazujcy skierowany na patrzcego|ty|wskazywanie
|donie tworzce serce|mio
|park rozrywki|wesoe miasteczko|zabawa|zje偶d偶alnia
|koo pojazdu
|bezpieczestwo|koo ratunkowe|pywak|ratunek
|gruby znak r贸wnoci|matematyka|r贸wno
|rozemiana bu藕ka|szeroko umiechnita twarz
|umiechnita twarz z otwartymi ustami|wesoy
|umiechnita twarz z otwartymi ustami i rozemianymi oczami|wesoy
|miech|szeroko umiechnita twarz o rozemianych oczach|umiech|wyszczerzone|zby
|satysfakcja|umiechnita twarz z przymru偶onymi oczami|wesoy
|kropla potu|umiechnita twarz z otwartymi ustami, oblana zimnym potem|wesoy
ぃ|kula si|miech|tarza si ze miechu
|zy|miech|twarz ze zami radoci
|bu藕ka|lekko umiechnita twarz
|do g贸ry nogami|odwr贸cona twarz
|puszcza oko|twarz puszczajca oko
|przyjazny|serdeczny|umiechnita twarz o rozemianych oczach
|nic nie zrobiem|witoszek|umiechnita twarz z aureol
グ|umiechnita bu藕ka z sercami|umiechnita twarz z sercami|uwielbienie|zadurzenie|zakochany
|bu藕ka|kocham|serca|umiechnita twarz z oczami w ksztacie serca|zakochany
ぉ|bu藕ka|gwiazdy|zafascynowanie|zafascynowany
|caus|kocham|l causa|twarz przesyajca causa
|caujca twarz|caus|l causa
猴|bu藕ka|umiechnita twarz|zrelaksowany
|caujca twarz z zamknitymi oczami|caus|l causa
|caujca twarz o rozemianych oczach|caus|l causa
ゲ|dumny|za|ulga|umiechnita bu藕ka ze z|umiechnity|wdziczny|wzruszony
|oblizywa si|twarz delektujca si pysznym jedzeniem
|bu藕ka pokazujca jzyk|twarz wystawiajca jzyk
|jzyk|mrugnicie|pokazuj jzyk|twarz wystawiajca jzyk i puszczajca oko
お|du偶e|mae|oko|szalona twarz
|jzyk|okropne|pokazywa jzyk|smak|twarz ze zmru偶onymi oczami wystawiajca jzyk|zamknite oczy
|hajs|kasa|pienidze|twarz z pienidzmi na ustach
|ciskam|twarz z gestem przytulania|umiech
き|twarz z rk na ustach|ups
か|cicho|ucisza|uciszajca twarz
|bu藕ka|mylca twarz|myl|zamylony|zastanawiam si
|buzia na k贸dk|nic nie powiem|twarz z zamkiem byskawicznym na ustach
え|brew|bu藕ka|sceptyczny|twarz z podniesion brwi
|hm|neutralna twarz|nic|nie mam zdania
|nic|nie mam zdania|nie obchodzi mnie|twarz bez wyrazu
|bu藕ka|cisza|nic nie m贸wi|twarz bez ust
垛锔|buja w obokach|gowa w chmurach|twarz w chmurach|zamylenie
|twarz z umieszkiem|umieszek
|niezadowolona bu藕ka|niezadowolona twarz
|bu藕ka|przewracam oczami|twarz przewracajca oczami
|grymana bu藕ka|twarz z grymasem
|gwizd|twarz wypuszczajca powietrze|ulga|westchnienie|wydmuchiwa powietrze|wypuszcza powietrze
ぅ|dugi nos|kama|pinokio|twarz kamcy
|odpr偶ona bu藕ka|twarz z wyrazem ulgi
|zamylona bu藕ka|zamylona twarz
|senna twarz|pica bu藕ka
い|lina|linica si twarz|linka
|sen|spanie|pica twarz|twarz|zzz
|choroba|lekarz|maska|operacja|pielgniarka|twarz w masce medycznej
|choroba|gorczka|temperatura|termometr|twarz z termometrem
|banda偶|czoo|gowa|rana|skaleczenie|twarz z banda偶em
あ|mdoci|twarz z mdociami|wymiotowa
ぎ|chory|wymiotujca twarz|wymioty
ぇ|katar|kicha|kichajca twarz|na zdrowie|smarkanie
サ|czerwona bu藕ka|rozgrzana bu藕ka|rozgrzana twarz|rozpalony|spocony|udar cieplny|upa
ザ|mr贸z|niebieska twarz|odmro偶enie|sopel lodu|zimno|zmarznita twarz
ゴ|faliste usta|na gazie|nier贸wne oczy|odurzony|pod wpywem|wstawiony|zamroczona twarz
|oszoomiona twarz|oszoomiony
碘|spirale|twarz ze spiralnymi oczami|wow|zahipnotyzowana twarz|zawroty gowy
く|eksplodujca gowa|szok
|gowa w kapeluszu kowbojskim|kapelusz|kowbojka
コ|czapeczka|piszczaka|przyjcie|witowanie|witujca bu藕ka|witujca twarz|trbka
ジ|anonimowy|bu藕ka w przebraniu|incognito|nos|okulary|przebranie|twarz|wsy
|luzak|na luzie|okulary|umiechnita twarz w okularach przeciwsonecznych|zadowolony
|bu藕ka w okularach|inteligent|kujon
|twarz z monoklem|wyniosy
|zakopotana bu藕ka|zdezorientowana twarz
|zmartwiona bu藕ka|zmartwiona twarz
|grymas|lekko zachmurzona twarz|niezadowolenie
|twarz z otwartymi ustami|zaskoczenie|zaskoczona bu藕ka
|zaskoczenie|zaskoczona bu藕ka|zdumiona twarz
|zadziwiona twarz|zaskoczenie|zaskoczona bu藕ka
|twarz z rumiecami|twarz z wypiekami
ズ|bagajca twarz|baganie|lito|sodkie oczy
|rozzoszczona bu藕ka|zachmurzona twarz z otwartymi ustami
|udrczona twarz|zo
|przestraszona twarz|wystraszona bu藕ka
|zaniepokojona twarz oblana potem|zziajana bu藕ka
|smutna twarz z wyrazem ulgi|smutna ulga
|bu藕ka ze z w oku|paczca twarz
|gono paczca twarz|zapakana bu藕ka
|krzyczca bu藕ka|twarz krzyczca ze strachu
|zakopotana twarz|zirytowana bu藕ka
|napicie|uparta twarz|zacita twarz
|rozczarowana bu藕ka|rozczarowana twarz
|kropla potu|spocony|twarz ze spuszczonymi oczami oblana potem
|zmczenie|zmczona bu藕ka|znu偶ona twarz
|zmczenie|zmczona bu藕ka|zmczona twarz
ケ|nuda|ziewa|ziewajca twarz|zmczenie|znudzony
|prychajca twarz|triumf|twarz z par wylatujc z nosa|wygrana
|dsy|nadsana twarz|twarz|wcieko|zo
|rozgniewana bu藕ka|zagniewana twarz
が|przeklestwo|twarz z symbolami na ustach
|diabeek|fantasy|rogi|r贸偶ki|umiechnita twarz z rogami|wesoy
|diabeek|fantasy|rogi|r贸偶ki|smutny|zagniewana twarz z rogami
|czaszka|duch|kociotrup|potw贸r|mier|szkielet|trupia czaszka
|gn贸j|kupa|obornik|odchody|potw贸r|twarz
ぁ|cyrk|klown|twarz klauna
|maska|ogr|potw贸r
|diabe|goblin|maska|stw贸r
|duch|duszek|jzyk|wesoy duch
|kosmita|obcy|pozaziemski|twarz|ufoludek
|kosmiczny potw贸r|kosmita|obcy|potw贸r|pozaziemski|twarz|ufo
|gowa robota|monstrum|robot|twarz
|kot|umiechnity kot z otwartym pyszczkiem|zby
|kot|oczy|rozemiany|umiechnity kot o wesoych oczach|wesoy
|kot ze zami radoci|pacz ze miechu|umiech|zby
|kot|mio|oczy|serca|umiechnity kot z oczami w ksztacie serca|zakochany
|ironia|ironiczny|kot z drwicym umiechem|kpiarski|kpina
|cauj|causki|kot przesyajcy causa|rumieniec
|kot|przestraszony kot|w szoku|zaskoczony|zdumiony|zszokowany
|kot|za|paczcy kot|pacz|smutny
|grymas|kot|nadsany kot|obra偶ony
|gest|mapa zasaniajca oczy|nie widz|nie widzie|niedobre|zabronione|zakrywam oczy
|gest|mapa zasaniajca uszy|nie sysz|nie sysze|niedobre|zabronione|zakrywam uszy
|co ja m贸wi|gest|mapa zasaniajca pyszczek|nie m贸wi|nie m贸wi|niedobre|zabronione|zakrywam usta
|odcisk ust|pocaunek|lad po pocaunku|usta
|licik|list miosny|mio|serce|wiadomo
|przebite strza|serce przebite strza|serce ze strza
|serce ze wst偶k|walentynki|wst偶ka
|byszczce serce|migoczce serce
|bicie serca|puls|rosnce serce|serce ronie|ttno|zdenerwowany
|bijce serce|kocham ci
|mio|para|serca dwa|taczce serca|wirujce serca
|dwa serca|kocham|mio|serca
|dekoracja z sercem|ozdoba
|pknite|serce|zamane serce
わ|mio|pomienie|pon|serce w pomieniach|wite serce
わ┕|dobrze|lepiej|lepsze samopoczucie|uleczone serce|zdrowsze
А|pomaraczowe serce
|serce|偶贸te
|serce|zielone
|niebieskie|serce
|fioletowe|purpurowe serce|serce
|brzowe|serce
|czarne serce|czarny|serce|zo
|biae|serce
|100|setka|sto punkt贸w|st贸wa|st贸wka
|symbol gniewu|zo
|kolizja|wybuch|偶artobliwy
|spadajca gwiazda|zawroty gowy
|krople potu|pot|woda
|pdzi|podmuch wiatru|szybkie poruszanie si|szybko|wiatr
筹|dziura|otw贸r
|bomba|偶artobliwy
|dialog|dymek|rozmowa
锔锔|dymek|oko w dymku|wzrok
锔|dialog|dymek|lewostronny dymek|rozmowa
锔|dymek|prawostronny dymek zoci|zdenerwowany|zo
|dymek myli|myle
|chrapanie|zabawny|偶artobliwy
|machajca do
|powitanie|pozdrowienie|po偶egnanie|uniesiona do|wzniesiony grzbiet doni
|otwarta do wszystkie palce|palce|rozpostarte palce|uniesiona otwarta do
|do|stop|uwaga|wzniesiona do
|do|palce|salut wolkaski|wolkaski
|do z gestem ok|znak ok
|gest|palce|przesuchanie|sarkazm|zczone palce
|do z gestem troch|maa ilo
锔|gest v|gest zwycistwa|znak victorii
|kciuki|powodzenia|skrzy偶owane palce|trzyma
|gest kocham ci|kocham|rka
|gest rog贸w|rocker|rogi|znak rockers贸w
|do w gecie zadzwo do mnie|dzwoni|telefonowa
|lewa strona|palec w lewo|w lewo|wskazujcy
|do z palcem wskazujcym w prawo|palec|prawa strona|w prawo|wskazujcy
|do z palcem wskazujcym w g贸r|do g贸ry|g贸ra|palec|w g贸r|wskazujcy
|gest|rodkowy palec|wulgarny gest
|do z palcem wskazujcym w d贸|d贸|na d贸|palec|w d贸|wskazujcy
锔|do g贸ry|g贸ra|palec wskazujcy w g贸r|w g贸r|wskazujcy
|brawo|kciuk w g贸r|lubi|ok|podoba mi si
|brzydkie|kciuk w d贸|nie lubi|nie podoba mi si
|pi|uniesiona|wzniesiona pi|zacinita
|cios pici|pi od przodu|prawy prosty|sierpowy|zacinita pi
|cios|pi skierowana w lewo|uderzenie z prawej
|cios|pi skierowana w prawo|uderzenie z lewej
|brawa|klaska|klaskanie|oklaski
|hura!|super|wzniesione rce
|otwarte donie|puste rce|zapa
げ|donie do g贸ry razem|modlitwa
|powitanie|spotkanie|ucisk doni|zgoda
|modlitwa|prosi|zo偶one rce
锔|pisa odrcznie|piszca do|pisz
|ciao|kosmetyki|lakier do paznokci|lakierowa paznokcie|manicure|pielgnacja
こ|aparat|selfie|telefon|zdjcie
|minie|muskularny|muskuy|napity biceps|sia|silny
|dostpno|mechaniczne rami|proteza
|dostpno|proteza nogi
Φ|koczyna|kopniak|noga
Χ|kopniak|stopa|tupanie
|ciao|ucho
|niedosuch|niedosyszcy|ucho z aparatem suchowym
|ciao|nos
|inteligentny|m贸zg
|anatomia|bicie serca|kardiologia|misie sercowy|narzd|organ|puls|serce
|narzd|oddech|oddychanie|organ|puca|wdech|wydech
Ψ|dentysta|stomatolog|zb
Υ|ko|szkielet
|oczy|oko|twarz
锔|ciao|oko
|ciao|jzyk
|ciao|usta|wargi
|dziecko|niemowl
|dziecko|mody|pe neutralna
|chopiec
|dziewczynka|panna|znak zodiaku
|dorosy|pe neutralna
|blond|osoba z wosami blond|wosy
|m偶czyzna
|broda|osoba z brod
锔|broda|m偶czyzna z brod
扁锔|blondyn|m偶czyzna
|kobieta
锔|broda|kobieta z brod
扁锔|blondynka|kobieta
|pe neutralna|starszy dorosy|stary
|starszy m偶czyzna|staruszek|starzec
|kobieta|starsza kobieta|staruszka
|smutek na twarzy|smutny|zachmurzona osoba
锔|m偶czyzna|zachmurzony m偶czyzna|zmarszczone brwi
锔|kobieta|zachmurzona kobieta|zmarszczone brwi
|bu藕ka|kapryna|mina|nadsana osoba|niezadowolona
锔|m偶czyzna|nadsany|niezadowolony
锔|kobieta|nadsana|niezadowolona
|nie wolno|osoba pokazujca gest nie|zakaz
锔|m偶czyzna pokazujcy gest nie|nie|rce|zakaz
锔|kobieta pokazujca gest nie|nie|rce|zakaz
|ok|osoba pokazujca gest ok|rce
锔|m偶czyzna pokazujcy ojej!|ojej|rce|zachwyt
锔|kobieta pokazujca gest ok|rce
|osoba z wystawion doni|pomocna do|pomog|偶yczliwy
锔|m偶czyzna z wystawion doni|otwarta do
锔|kobieta z wystawion doni|otwarta do
|osoba podnoszca rk|rka do g贸ry|witaj!
锔|gest|hej|m偶czyzna podnoszcy rk|powitanie
锔|gest|hej|kobieta podnoszca rk|powitanie
|dostpno|guchota|osoba gucha|such|ucho
锔|guchota|guchy m偶czyzna|m偶czyzna
锔|gucha kobieta|guchota|kobieta
|opuszczona gowa|osoba w ukonie|przepraszam|przykro mi
锔|gest|m偶czyzna w ukonie|przepraszam|ukon
锔|gest|kobieta w ukonie|przepraszam|ukon
う|fejspalm|niedowierzanie|osoba trzymajca si za czoo|zaamanie
う锔|brak s贸w|facepalm|m偶czyzna trzymajcy si za czoo|niedowierzanie|zaamka
う锔|brak s贸w|fejspalm|kobieta trzymajca si za czoo|niedowierzanie|zaamka
し|niewiedza|obojtno|osoba wzruszajca ramionami|wtpliwo
し锔|m偶czyzna wzruszajcy ramionami|obojtno|wtpliwo|wzruszenie ramion
し锔|kobieta wzruszajca ramionami|obojtno|wtpliwo|wzruszenie ramion
锔|lekarz|opieka zdrowotna|pracownik su偶by zdrowia|terapeuta
ㄢ锔|lekarz|m偶czyzna|terapeuta
┾锔|kobieta|lekarka|terapeutka
|absolwent|student
ㄢ|m偶czyzna|student
┾|kobieta|studentka
|instruktor|nauczyciel|pedagog|profesor
ㄢ|m偶czyzna|nauczyciel|profesor|wykadowca
┾|kobieta|nauczycielka|profesor|wykadowczyni
锔|orzeka|sdzia
ㄢ锔|m偶czyzna|sdzia
┾锔|kobieta sdzia|sdzina
|farmer|ogrodnik|rolnik
ㄢ|farmer|m偶czyzna|ogrodnik|rolnik
┾|farmerka|kobieta|ogrodniczka|rolniczka
|kucharz|szef kuchni
ㄢ|kucharz|m偶czyzna|szef kuchni
┾|kobieta|kucharka|szef kuchni
|elektryk|hydraulik|mechanik
ㄢ|elektryk|hydraulik|mechanik|m偶czyzna
┾|elektryk|hydraulik|kobieta|mechanik
|fabryka|monta偶ysta|pracownik fabryki
ㄢ|fabryka|m偶czyzna pracownik fabryki|monta偶ysta|pracownik fabryki
┾|fabryka|kobieta|monta偶ystka|pracownica fabryki
|architekt|biznesmen|mened偶er|praca biurowa|pracownik biurowy
ㄢ|architekt|biuro|biznesmen|m偶czyzna pracownik biurowy|pracownik biurowy
┾|architekt|biuro|bizneswoman|kobieta|pracownica biurowa
|biolog|chemik|fizyk|in偶ynier|naukowiec
ㄢ|biolog|chemik|in偶ynier|m偶czyzna naukowiec
┾|biolog|chemik|in偶ynier|kobieta naukowiec
|deweloper|oprogramowanie|programista|technolog|wynalazca
ㄢ|m偶czyzna technolog|oprogramowanie|programista|wynalazca
┾|kobieta technolog|oprogramowanie|programistka|wynalazczyni
|aktor|artysta|gwiazda|muzyka|piosenkarz
ㄢ|aktor|m偶czyzna|piosenkarz|rock
┾|aktorka|kobieta|piosenkarka|rock
|artysta|malarz|paleta
ㄢ|artysta|m偶czyzna|paleta
┾|artystka|kobieta|paleta
锔|pilotowa|samolot
ㄢ锔|m偶czyzna|pilot|samolot
┾锔|kobieta|pilot|samolot
|astronauta|rakieta|statek kosmiczny
ㄢ|astronauta|kosmos|m偶czyzna|rakieta
┾|astronautka|kobieta|kosmos|rakieta
|stra偶 po偶arna|stra偶ak|w贸z stra偶acki
ㄢ|m偶czyzna|stra偶ak|w贸z stra偶acki
┾|kobieta|stra偶ak|w贸z stra偶acki
|oficer|policjant
锔|glina|m偶czyzna|oficer|policjant
锔|glina|kobieta policjant|oficer|policjantka
|detektyw|ledczy|szpieg
碉锔|detektyw|m偶czyzna|szpieg
碉锔|detektyw|kobieta|szpieg
|gwardzista|stra偶nik
锔|gwardzista|m偶czyzna|stra偶nik
锔|gwardzistka|kobieta gwardzista|stra偶niczka
シ|niewidoczny|ninja|skrada si|ukryty|wojownik
|budowlaniec|kask
封锔|budowlaniec|m偶czyzna|robotnik
封锔|budowlaniec|kobieta|robotnik
ご|ksi偶
|bajka|ba|kr贸lewna|ksi偶niczka
|m偶czyzna|osoba w turbanie|turban
斥锔|m偶czyzna w turbanie|turban
斥锔|kobieta w turbanie|turban
|chiska czapka|czapka|gua pi mao|m偶czyzna w chiskiej czapce
|chusta|hid偶ab|kobieta w chucie
さ|elegancja|osoba w smokingu|smoking
さ锔|m偶czyzna w smokingu|smoking
さ锔|kobieta w smokingu|smoking
|osoba w welonie|panna moda|lub|welon|wesele
扳锔|m偶czyzna w welonie|welon
扳锔|kobieta w welonie|welon
ぐ|ci偶a|kobieta w ci偶y
け|karmienie piersi|niemowl|pier
┾|karmienie piersi|kobieta karmica niemowl|niemowl
ㄢ|karmienie|m偶czyzna karmicy niemowl|niemowl
|karmienie piersi|niemowl|osoba karmica niemowl
|anioek|bajka|buzia anioka|fantasy
|bo偶e narodzenie|legenda|wita|wity mikoaj
ざ|mikoajowa|wita|偶ona w. mikoaja
|bo偶e narodzenie|mikoajka|wita
Ω|bohaterka|pozytywny|superbohater|supermoc
Ω锔|bohater|m偶czyzna superbohater|pozytywny|supermoc
Ω锔|bohaterka|kobieta superbohater|pozytywna|supermoc
|czarny charakter|przestpca|superotr|supermoc|zoczyca
光锔|czarny bohater|m偶czyzna superotr|przestpca|supermoc|zoczyca
光锔|czarny bohater|kobieta superotr|przestpca|supermoc|zoczyca
|czarnoksi偶nik|czarodziej|mag
锔|czarnoksi偶nik|czarodziej|m偶czyzna mag
锔|czarownica|kobieta mag|wied藕ma
|oberon|puk|tytania|wr贸偶ka
锔|m偶czyzna wr贸偶ka|oberon|puk
锔|kobieta wr贸偶ka|tytania
|drakula|nieumarli|wampir
锔|drakula|m偶czyzna wampir|nieumary
锔|kobieta wampir|nieumarli
|syrena
锔|m偶czyzna syrena|tryton
锔|kobieta syrena|syrena
|elf|magiczny
锔|magiczny|m偶czyzna elf
锔|kobieta elf|magiczny
|d偶in
锔|d偶in|m偶czyzna d偶in
锔|d偶in|kobieta d偶in
|chodzce trupy|nieumarli|zombie
锔|chodzce trupy|m偶czyzna zombie|nieumarli
锔|chodzce trupy|kobieta zombie|nieumarli
|kosmetyczka|masa偶|osoba podczas masa偶u|salon masa偶u
锔|gowa|masa偶|m偶czyzna podczas masa偶u|twarz
锔|gowa|kobieta podczas masa偶u|masa偶|twarz
|cicie wos贸w|fryzjerka|fryzura|osoba podczas strzy偶enia
锔|fryzura|m偶czyzna podczas strzy偶enia|strzy偶enie
锔|fryzura|kobieta podczas strzy偶enia|strzy偶enie
|idca osoba|i|na piechot|piechur|pieszo|spacer
垛锔|chodzenie|idcy m偶czyzna|m偶czyzna|piechur|spacer
垛锔|chodzenie|idca kobieta|kobieta|piechur|spacer
|sta|stoi|stojca osoba
锔|m偶czyzna|sta|stojcy m偶czyzna
锔|kobieta|sta|stojca kobieta
|klczca osoba|klcze|na kolanach
锔|klczcy m偶czyzna|klcze|m偶czyzna
锔|klczca kobieta|klcze|kobieta
Ο|dostpno|niewidoma|niewidomy|osoba z bia lask
ㄢΟ|dostpno|m偶czyzna z bia lask|niewidomy
┾Ο|dostpno|kobieta z bia lask|niewidoma
|dostpno|osoba na elektrycznym w贸zku inwalidzkim|w贸zek inwalidzki
ㄢ|dostpno|m偶czyzna na elektrycznym w贸zku inwalidzkim|w贸zek inwalidzki
┾|dostpno|kobieta na elektrycznym w贸zku inwalidzkim|w贸zek inwalidzki
|dostpno|osoba na w贸zku inwalidzkim|w贸zek inwalidzki
ㄢ|dostpno|m偶czyzna na w贸zku inwalidzkim|w贸zek inwalidzki
┾|dostpno|kobieta na w贸zku inwalidzkim|w贸zek inwalidzki
|bieganie|biegnca osoba|maraton|popiech
锔|bieganie|biegncy m偶czyzna|maraton|m偶czyzna
锔|bieganie|biegnca kobieta|kobieta|maraton
|taczca kobieta|taczy|taniec
|taczcy m偶czyzna|taczy|taniec
达|biznesmen|garnitur|lewitacja|lewitowa|lewitujcy m偶czyzna w garniturze|m偶czyzna
|dziewczyny|kobiety|kr贸liczki|osoby z uszami kr贸lika na przyjciu|tancerki|uszy
锔|impreza|kr贸licze uszy|m偶czy藕ni z uszami kr贸lika na przyjciu|tancerze
锔|impreza|kobiety z uszami kr贸lika na przyjciu|kr贸licze uszy|tancerki
|osoba w zaparowanym pomieszczeniu|sauna|zaparowane pomieszczenie
锔|m偶czyzna w zaparowanym pomieszczeniu|sauna|zaparowane pomieszczenie
锔|kobieta w zaparowanym pomieszczeniu|sauna|zaparowane pomieszczenie
|osoba wspinajca si|wspinacz
锔|m偶czyzna wspinajcy si|wspinacz
锔|kobieta wspinajca si|wspinacz
ず|osoba uprawiajca szermierk|sport|szermierka|szermierz|szpada
|je藕dziec|ko|wycigi konne
凤|narciarz|narty|nieg|stok
|snowboardzista
|golf|osoba grajca w golfa|pika
锔锔|golf|m偶czyzna grajcy w golfa
锔锔|golf|kobieta grajca w golfa
|deska|fale|surfing|surfujca osoba
锔|deska|m偶czyzna|surfing|surfujcy m偶czyzna
锔|deska|kobieta|surfing|surfujca kobieta
|贸dka|osoba wiosujca w odzi|pojazd
ｂ锔|贸dka|m偶czyzna wiosujcy w odzi|wiosowanie
ｂ锔|kobieta wiosujca w odzi|贸dka|wiosowanie
|kraulem|pywajca osoba|pywak
锔|kraul|m偶czyzna|pywajcy m偶czyzna|pywanie
锔|kobieta|kraul|pywajca kobieta|pywanie
|kozowa|osoba kozujca pik|pika
癸锔|kozowanie|m偶czyzna kozujcy pik|pika
癸锔|kobieta kozujca pik|kozowanie|pika
|atleta|osoba podnoszca ci偶ary
锔锔|ci偶arowiec|m偶czyzna podnoszcy ci偶ary
锔锔|ci偶arowiec|kobieta podnoszca ci偶ary
|kolarz|osoba na rowerze|peleton|rower
粹锔|jazda|m偶czyzna na rowerze|rower
粹锔|jazda|kobieta na rowerze|rower
|g贸rski|osoba na rowerze g贸rskim|rowerzysta
碘锔|jazda|m偶czyzna na rowerze g贸rskim|rower g贸rski
碘锔|jazda|kobieta na rowerze g贸rskim|rower g贸rski
じ|gimnastyka|gwiazda|osoba robica gwiazd|sport
じ锔|gimnastyka|gwiazda|m偶czyzna robicy gwiazd|sport
じ锔|gimnastyka|gwiazda|kobieta robica gwiazd|sport
ぜ|osoby uprawiajce zapasy|sport|zapanik|zapasy
ぜ锔|m偶czy藕ni uprawiajcy zapasy|sport|zapanicy|zapasy
ぜ锔|kobiety uprawiajce zapasy|sport|zapaniczki|zapasy
そ|gra|osoba grajca w pik wodn|pika|sport|woda
そ锔|m偶czyzna grajcy w pik wodn|pika wodna|sport
そ锔|kobieta grajca w pik wodn|pika wodna|sport
ぞ|gra|osoba grajca w pik rczn|pika|sport
ぞ锔|m偶czyzna grajcy w pik rczn|pika rczna|sport
ぞ锔|kobieta grajca w pik rczn|pika rczna|sport
す|cyrk|spryt|偶onglerka|偶onglerz|偶onglujca osoba
す锔|m偶czyzna|偶onglerka|偶onglowanie|偶onglujcy m偶czyzna
す锔|kobieta|偶onglerka|偶onglowanie|偶onglujca kobieta
|joga|medytacja|osoba w pozycji lotosu
锔|joga|medytacja|m偶czyzna w pozycji lotosu
锔|joga|kobieta w pozycji lotosu|medytacja
|kpiel|osoba biorca kpiel|wanna
|hotel|nocleg|osoba w 贸偶ku|sen
|osoby trzymajce si za rce|para|za rce
|dwie kobiety trzymajce si za rce|kobiety trzymajce si za rce|mio|para|za rce|zakochani
|m偶czyzna i kobieta trzymajcy si za rce|mio|para|za rce|zakochani
|dw贸ch m偶czyzn trzymajcych si za rce|mio|para|za rce|zakochani
|mio|para|pocaunek|zakochani
|mio|para z sercem|pocaunek|zakochani
|dziecko|mama|matka|ojciec|rodzice|rodzina|tata
ｏ|m贸wica gowa|m贸wi|powiedzie|profil|sylwetka
|osoba|sylwetka popiersia
|osoby|sylwetki popiersi
|cze|do widzenia|dziki|obejmujce si osoby|ucisk
|odciski st贸p|lady st贸p|stopy
|bu藕ka|gowa mapy|mapka
|mapa|zwierztko
|goryl|zwierz
Η|mapa czekoksztatna|orangutan
|gowa psa|pies|psiaczek|pysk|pyszczek
|piesek|psiaczek|psinka|zwierz
Ξ|dostpno|niewidomi|pies przewodnik|przewodnik|uatwienia dostpu
|dostpno|opiekun|pies pomocnik|pomoc
|ostrzy偶ony|piesek|pudelek
|gowa wilka|pysk
|gowa lisa|lis|zwierz
|ciekawski|szop pracz
|gowa kota|kicia|kot|pysk|pyszczek|zwierz
|kot|zwierz
猬|czarny|kot|nieszczcie|pech
|bu藕ka|gowa lwa|grzywa|lew|pysk
|bu藕ka|gowa tygrysa|kot|pyszczek
|tygrys
|lampart
|gowa|konia|koska|koski|eb
|ko wycigowy|wierzchowiec|wycigi konne
|gowa jednoro偶ca|jednoro偶ec|eb
|zebra
|jele|zwierz
Μ|bizon|stado|偶ubr
|gowa krowy|krowa|eb
|byk|w贸|zodiak
|baw贸 wodny|w贸 domowy
|krowa|kr贸wka
|bu藕ka|gowa wini|winia|winka
|maciora|winia
|dzika winia|knur
|nosek|ryj wini|ryjek|wiski ryjek
|baranek|biay baran|owca|rogaty|rogi
|baranek|owca|samica
|koza|kozioro偶ec|zodiak
|dromader|wielbd
|baktrian|garby|wielbd dwugarbny
|alpaka|gwanako|lama|wena|wikunia
|偶yrafa
|so
Γ|kie|mamut|ogromny|wochaty|wymary
|nosoro偶ec|zwierz
|hipopotam
|bu藕ka|gowa myszy|myszka
|myszka
|szczur
|gowa chomika|mysz
|gowa kr贸lika|kr贸lik|zajc
|kr贸lik|zajc
匡|gryzo|prgowiec|wiewi贸rka
Λ|b贸br|gryzo|tama
|je偶
|nietoperz|wampir|zwierz
|bu藕ka|gowa nied藕wiedzia|nied藕wied藕
烩锔|arktyczny|biay|mi polarny|nied藕wied藕 polarny
|koala|mi
|gowa pandy|mi
Ε|leniwiec|leniwy|powolny
Ζ|bystre|apanie ryb|wydra
Θ|skunks|smr贸d
|australia|kangur|skoczny|torbacz
Α|borsuk
|apy|odciski|lady ap|tropy
|indyk
|kura|kurczak
|kogut
|kurczaczek|kurcztko|pisklak|wykluwa si|wykluwajce si kurcztko
|kurczaczek|kurcztko|pisklak
|kurcztko od przodu|pisklak|piskl
|ptak|ptaszek
|pingwin
锔|gobek
|orze|ptak
|kaczka|ptak
Β|brzydkie kacztko|abd藕|ptak
|mdro|ptak|sowa
Δ|dodo|du偶y|mauritius|wymary
|latanie|lekko|pierze|pi贸ra|pi贸ro|upierzenie
Ι|ekstrawagancja|flaming|tropikalny
|dumny|paw|ptak
|gadajca|papuga|pirat|ptak
|gowa 偶aby|ropucha|traszka|偶aba|偶abka
|aligator|krokodyl
|偶贸w
|gad|jaszczurka
|dusiciel|jadowity|w偶|偶mija
|bajka|ba|gowa smoka|smok
|bajka|ba|smok
|zauropod
|t-rex
|fontanna|strumie wody|wieloryb tryskajcy wod
|wieloryb
|delfin
Ν|foka|lew morski
|ryba|zodiak
|ryba|tropikalna
|rozdymka|ryba rozdymka
|rekin|ryba
|omiornica
|muszelka|muszla spiralna|spirala
|limak
|kolorowy|motyl|owad
|gsienica|insekt|owad
|insekt|mr贸wka|owad
|insekt|owad|pszczoa|pszcz贸ka
|chrzszcz|owad|偶uk
|biedronka|chrabszcz|kropki|owad|偶uk
|wierszcz
|karaczan|karaluch|owad
凤|pajczek|pajk|pajczak
革|pajczyna|sie pajka
|brzowy skorpion|skorpion|zodiak
|choroba|gorczka|komar|malaria|owad|wirus
|choroby|giez|gnicie|mucha|owad|tse-tse
|d偶d偶ownica|glista|paso偶yt|piercienice|robak
|ameba|bakteria|drobnoustr贸j|mikrob|wirus|zarazek
|bukiet kwiat贸w|kwiaty
|kwiat wini|kwitnca winia
|biay kwiat|kontury
碉|kwiat|rolina|rozeta
|kwiat|rolina|r贸偶a
|kwiat|r贸偶a|widn|zwidy kwiat
|kwiat hibiskusa|kwiatek|kwitnie|rolina
|kwiat|rolina|soce|sonecznik
|kwiatek|kwitnie|rolina
|kwiatek|pk|tulipan
|pd|rolinka|sadzonka
|dom|kwiat doniczkowy|podlewa|rolina doniczkowa
|drzewo iglaste|wiecznie zielone drzewo
|drzewo liciaste|rolina
|drzewo|palma
|kaktus|rolina
|pdy ry偶u|rolina|ry偶
|licie|zioa|zioo
|czterolistna koniczyna|koniczyna|koniczynka|szczcie
|li jesienny|li klonowy|li klonu
|licie|rolina|spadajce licie|spadanie
|licie na wietrze|podmuch|rolina|trzepotanie|wiatr|wicher
|owoce|winogrona
|melon|owoc
|arbuz|kawaek arbuza|owoc
|cytrus|mandarynka|owoc|pomaracza
|cytrus|cytryna|kwany|owoc|偶贸ty
|banan|egzotyczny|owoc
|ananas|egzotyczny|owoc
キ|mango|owoc|tropikalny
|czerwone jabko|owoc|sodkie
|jabko|owoc|zielone jabko|zielone jabuszko
|gruszka|owoc
|brzoskwinia|owoc
|owoce|winie
|owoc|truskawka
|bor贸wka amerykaska|jagoda|owoc
|jedzenie|kiwi|owoc
|pomidor|szklarniowe|warzywo
|jedzenie|oliwka|oliwki
ゥ|kokos
|awokado|jedzenie|owoc
|baka偶an|ober偶yna|warzywo
|jedzenie|kartofel|warzywo|ziemniak
|jedzenie|marchewka|warzywo
|kolba kukurydzy|kukurydza
讹|ostra papryka|ostry|papryka
|papryka sodka|paprykowy|warzywo
|jedzenie|korniszon|og贸rek|pikle|warzywo
ガ|bok choy|jarmu偶|kapusta pekiska|saata|zielenina liciasta
ウ|broku
|aromatyczny|czosnek
|aromatyczna|cebula
|grzyb|muchomor|trujcy
|fistaszki|jedzenie|orzeszki ziemne
|jedzenie|kasztan jadalny
|bochenek|chleb|kawaek chleba|pieczywo
|jedzenie|pieczywo|rogalik francuski
|bagietka|buka|chleb|jedzenie|pieczywo
|arepa|lawasz|naan|pita|podpomyk
エ|precel
ク|bajgiel|pieczywo|piekarnia|posmarowa
|jedzenie|naleniki|placki
|gofrownica
|kawaek sera|ser|szwajcarski|z dziurami|偶贸ty
|ko|miso z koci
|n贸偶ka|udko kurczaka
ォ|kawaek misa
|bekon|boczek|jedzenie|miso
|fast food|hamburger
|frytki
|kawaek pizzy|pizza
|buka|frankfurterka|gorcy pies|hot dog|hotdog|par贸wka
オ|kanapka
|meksykaskie jedzenie|taco
|burito|burrito|meksykaskie jedzenie
|meksykaskie|tamales|zawijane
|falafel|gyros|jedzenie|kebab|tortilla|wrap
|ciecierzyca|falafel|kotlecik z ciecierzycy
|jajko|jajo|jedzenie
|gotowanie|jajko|sma偶y
|danie z patelni|jedzenie|paella|patelnia|wok
|garnek z jedzeniem|jedzenie|potrawka
|czekolada|fondue|garnek|roztopione|ser|szwajcarskie
ィ|miska z y偶k
|jedzenie|saata|saatka
|popcorn
|maso|nabia
|przyprawa|s贸l|solniczka
カ|jedzenie w puszce
|bento|pudeko bento
|krakers|ry偶owy
|kulka ry偶owa|onigiri|ry偶
|gotowany ry偶|ry偶
|curry|ry偶|sos
|miska parujcego jedzenia|parujca miska
|kluski|makaron|pasta|spaghetti
|batat|pieczony batat|sodki ziemniak
|oden|owoce morza na patyku
|sushi|suszi
|sma偶ona krewetka
|ciastko|ryba|rybne|spirala
ギ|ciasteczko ksi偶ycowe|jesie|wito|yu猫bng
|dango|kulki mochi
|pier贸g
|ciastko z wr贸偶b
ァ|pudeko na wynos
|krab|rak|zodiak
|homar|owoce morza|szczypce
|jedzenie|krewetka|owoce morza
|jedzenie|kaamarnica|miczak|omiornica
Κ|ma偶e|nurkowanie|ostryga|pery
|lody mietankowe|lody woskie|w kubku
|deser|lody hawajskie|lody kulki
|deser|l贸d|lody
|ciasto|deser|pczek z dziurk|z dziurk
|ciastko|deser|sodkie ciastko
|wieczki|tort urodzinowy|zdmuchn
|ciasto|deser|sodycze|tort
|babeczka|cukiernia|deser
ェ|ciasto
|deser|sodycze|tabliczka czekolady
|cukierek|deser|sodki|sodycze
|deser|lizak|sodki|sodycze
|ciastko kremowe|deser typu krem angielski|krem
|beczka z miodem|garnek miodu|soik miodu
|butelka ze smoczkiem|dzidziu|mleko|nap贸j|niemowlca|ze smoczkiem
|mleko|nap贸j|szklanka mleka
|czajniczek|dzbanek na herbat|herbata|imbryk
|fili偶anka bez uszka|spodek
|butelka i kubek|sake
|bar|butelka z wystrzelajcym korkiem|korek|nowy rok|sylwester|toast
|alkohol|kieliszek wina|wino
|kieliszek z koktajlem|koktajl
|bar|drink tropikalny|tropikalny
|kufel piwa|kufel z piwem
|kufle z piwem|piwiarnia|stukajce si kufle piwa
|kieliszki|na zdrowie|stukajce si kieliszki|witowanie|toast
|alkohol|drink|grube dno|szklanka z grubym dnem|whisky
イ|szklanka ze somk
|herbata|kuleczka|kulki tapioki|mleko|nap贸j bubble tea
|nap贸j w kartoniku|sodki|somka|sok w kartoniku
|nap贸j|yerba mate
|kostka lodu|l贸d|zimny
ア|paeczki
斤|naczynia|n贸偶|sztuce|talerz z no偶em i widelcem|widelec
|gotowanie|n贸偶|widelec i n贸偶
|y偶eczka|y偶ka|sztuce
|bro|gotowanie|narzdzie|n贸偶 kuchenny
|amfora|dzban|puchar|stgiew|waza|wodnik|zodiak
|afryka|europa|kula ziemska przedstawiajca europ i afryk|ziemia
|ameryka p贸nocna i poudniowa|kula ziemska przedstawiajca ameryki|ziemia
|australia|azja|kula ziemska przedstawiajca azj i australi|ziemia
|globus|kula ziemska z poudnikami|poudniki|r贸wnole偶niki
猴|mapa wiata|wiat
|japonia|mapa japonii
Л|kompas|magnetyzm|nawigacja|orientacja w terenie
锔|g贸ra z czap lodow|nieg|zima
帮|g贸ra
|erupcja|g贸ra|wulkan
|fud偶i|fuji|g贸ra fud偶i
锔|kamping|kemping|namiot|ob贸z
锔|morze|parasol na pla偶y|piasek|pla偶a
锔|pustynia
锔|bezludna|pusta|pustynia|samotna|wyspa
锔|natura|park narodowy|przyroda
锔|boisko|stadion
锔|budowla|budynek|klasyczna budowla|klasyczny|klasyka
锔|budowa|d藕wig budowlany|roboty budowlane
П|cega|cegy|glina|mur|ciana|zaprawa
|ci偶ki|gaz|kamie|skaa
|drewno|koda|polano|tarcica
|chata|dom|jurta|okrgy
锔|domki|domy|osiedle
锔|podupady|ruina|stary dom|zniszczony|zrujnowany
|budynek|dom|mieszkalny
|dom z ogrodem|drzewo|ogr贸d
|biurowiec|blok
|budynek|japoska poczta|poczta
|budynek|urzd pocztowy
|budynek|lecznica|lekarz|medycyna|szpital
|bank|budynek
|budynek|hotel
|hotel mioci|japoski hotel mioci
|sklep caodobowy
|budynek|szkoa
|dom towarowy|sklep|supermarket
|budynek|fabryka|produkcyjny|zakad pracy
|budynek|japoski|zamek
|budynek|europejski|zamek
|kaplica|koci贸|mio|serce|lub|uroczysto
|tokio|tokyo tower|wie偶a
|statua wolnoci|wolnoci
|chrzecijaski|koci贸|krzy偶|religia|witynia
|islam|meczet|muzumanin|religia
|hinduizm|witynia hinduistyczna
|religia|witynia|synagoga|偶ydowski
╋|japoska|religia|shinto|witynia
|islam|kaaba|muzumanin|religia
|fontanna
|kemping|namiot|ob贸z|pole namiotowe
|mga|mglisto|pogoda|zamglenie|zamglone
|gwiazdy|noc z gwiazdami|rozgwie偶d偶one niebo
锔|drapacze chmur|miasto|wie偶owce
|g贸ry|ranek|soce|wsch贸d soca zza g贸r
|brzask|wsch贸d soca
|budynki|miasto o zmierzchu|wie偶owce|zach贸d soca|zmierzch
|budynki|miasto|zach贸d soca|zmierzch
|most noc|most w nocy
|ko z karuzeli|konik
|diabelski|karuzela|myn|park rozrywki|wesoe miasteczko
|kolejka g贸rska|park rozrywki|wesoe miasteczko
|fryzjer|sup fryzjerski
|namiot cyrkowy
|ciuchcia|kolej|lokomotywa|pocig|stara lokomotywa
|elektryczny|kolejowy|pocig|pojazd|szynowy|tramwaj|wagon kolejowy
|kolej|pendolino|pojazd szynowy|shinkansen|szybki pocig
|kolej|pendolino|pojazd szynowy|szybki pocig z zaokrglonym przodem
|kolej|pocig|pojazd
|kolejka|metro|pocig|tunel
|kolej miejska|kolejka|pocig|podmiejski
|dworzec|kolej|stacja
|szynowy|tramwaj|trolejbus
|kolej jednoszynowa|pojazd|szynowy
|g贸rski|kolej g贸rska|pojazd|wagon
|pojazd|szynowy|tramwaj|trolejbus|wagon tramwajowy
|autobus|autokar|pojazd
|autobus|nadje偶d偶a|nadje偶d偶ajcy autobus|prz贸d
|autobus|elektryczny|pojazd|trolejbus
|busik|minibus
|ambulans|erka|karetka pogotowia|pogotowie
|po偶ar|samoch贸d stra偶acki|stra偶 po偶arna|w贸z stra偶acki
|patrol|policja|samoch贸d policyjny
|nadje偶d偶ajcy radiow贸z|patrol|policja|samoch贸d policyjny
|taks贸wka|taxi
|nadje偶d偶a|nadje偶d偶ajca taks贸wka|taks贸wka|taxi
|auto|pojazd|samoch贸d
|auto|nadje偶d偶ajce auto|nadje偶d偶ajcy pojazd|nadje偶d偶ajcy samoch贸d|pojazd|samoch贸d
|pojazd|samoch贸d suv|wypoczynkowy
|furgonetka|pick-up|pikap|p贸ci偶ar贸wka
|ci偶ar贸wka|dostawczy|samoch贸d dostawczy
|ci偶ar贸wka|dostawczy|samoch贸d ci偶arowy
|cignik|rolniczy
锔|samoch贸d wycigowy|wycigi
锔|motocykl|wycigi
|motor|pojazd|skuter
|dostpno|w贸zek inwalidzki rczny
|dostpno|w贸zek inwalidzki elektryczny
|autoriksza|tuk-tuk
|pojazd|rowerek
|hulajnoga|pojazd
|deska|deskorolka|skateboard
|rolki|wrotkarstwo|wrotki
|przystanek autobusowy
ｏ|autostrada|droga|szybkiego ruchu
わ|kolej|pocig|tor kolejowy|tory
锔|beczka oleju|olej
|benzyna|dystrybutor paliwa|stacja paliw
|kogut policyjny|lampa obrotowa|policyjny|sygnalizator wietlny
|pozioma sygnalizacja uliczna|sygnalizacja wietlna
|pionowa sygnalizacja uliczna|sygnalizacja wietlna
|stop|znak drogowy|znak stopu
|bariera|prace drogowe|znak drogowy
|jacht|kurort|贸dka|morze|pojazd|偶agl贸wka
|kajak|贸d藕
|贸dka|贸d藕|cigacz wodny
筹|okrt|pasa偶erski|pojazd|statek
达|贸d藕|prom
ワ|贸d藕 motorowa|motor贸wka|pojazd
|okrt|statek
╋|awionetka|may samolot|samolot
|odlot samolotu|odprawa|samolot|start|wylot
|ldowanie|przylot samolotu|samolot
|lotniarstwo za odzi motorow|spadochroniarstwo
|fotel|krzeso
|helikopter|migowiec
|kolej|pocig|podwieszana
|gondola|gondolowa|g贸rska kolej linowa|linowa
|gondola|g贸rska|kolej linowa|kolejka|linowa|podwieszana|wagonik
帮|kosmos|satelita|statek kosmiczny
|kosmiczny|rakieta|statek
|latajcy talerz|ufo
锔|dzwonek w recepcji|hotel|przywoa|recepcja
С|baga偶|pakowanie|podr贸偶|walizka
|czas|klepsydra|odmierza|piasek
|czas|klepsydra z przesypujcym si piaskiem|odmierza|piasek
|godzina|zegarek
|budzik|zegar
憋|czasomierz|stoper
诧|czasomierz|minutnik|zegar
帮|czasomierz|zegar kominkowy
|00|12:00|dwunasta|godzina|zero
|12:30|30|dwunasta trzydzieci|godzina|zero trzydzieci
|00|1:00|godzina|pierwsza|trzynasta
|1:30|30|godzina|pierwsza trzydzieci|trzynasta trzydzieci
|00|2:00|czternasta|druga|godzina
|2:30|30|czternasta trzydzieci|druga trzydzieci|godzina
|00|3:00|godzina|pitnasta|trzecia
|3:30|30|godzina|pitnasta trzydzieci|trzecia trzydzieci
|00|4:00|czwarta|godzina|szesnasta
|30|4:30|czwarta trzydzieci|godzina|szesnasta trzydzieci
|00|5:00|godzina|pita|siedemnasta
|30|5:30|godzina|pita trzydzieci|siedemnasta trzydzieci
|00|6:00|godzina|osiemnasta|sz贸sta
|30|6:30|godzina|osiemnasta trzydzieci|sz贸sta trzydzieci
|00|7:00|dziewitnasta|godzina|si贸dma
|30|7:30|dziewitnasta trzydzieci|godzina|si贸dma trzydzieci
|00|8:00|dwudziesta|godzina|贸sma
|30|8:30|dwudziesta trzydzieci|godzina|贸sma trzydzieci
|00|9:00|dwudziesta pierwsza|dziewita|godzina
|30|9:30|dwudziesta pierwsza trzydzieci|dziewita trzydzieci|godzina
|00|10:00|dwudziesta druga|dziesita|godzina
|10:30|30|dwudziesta druga trzydzieci|dziesita trzydzieci|godzina
|00|11:00|dwudziesta trzecia|godzina|jedenasta
|11:30|30|dwudziesta trzecia trzydzieci|godzina|jedenasta trzydzieci
|ciemny ksi偶yc|n贸w
|cieniutki ksi偶yc|ksi偶yc|narastajcy p贸ksi偶yc|sierp
|ksi偶yc|kwadra|pierwsza kwadra ksi偶yca
|ksi偶yc z brzuszkiem|narastajcy ksi偶yc midzy pierwsz kwadr a peni|tusty ksi偶yc
|jasny ksi偶yc|ksi偶yc|penia|peny ksi偶yc
|chudncy|ksi偶yc z brzuszkiem|tusty ksi偶yc|zanikajcy ksi偶yc midzy peni a ostatni kwadr
|ksi偶yc|kwadra|ostatnia kwadra ksi偶yca
|cieniutki ksi偶yc|ksi偶yc|sierp|zanikajcy p贸ksi偶yc
|ksi偶yc|p贸ksi偶yc|sierp
|ksi偶yc w nowiu|n贸w z twarz
|ksi偶yc z twarz|pierwsza kwadra ksi偶yca z twarz
|ksi偶yc z twarz|ostatnia kwadra ksi偶yca z twarz
★|pogoda|temperatura|termometr
|ksi偶yc w peni|penia z twarz
|ciepo|promienny|soce z twarz|umiech
|piercienie|planeta z piercieniami|saturn
猸|gwiazda
|byszczca gwiazda|lnica|wiecca gwiazdka
|gwiazda|kometa|spadajca|偶yczenie
|droga mleczna|gwiazdy|niebo|noc
|chmura|pogoda|soce zza chmury
锔|byskawica|chmura z piorunem i deszczem|deszcz|piorun|pogoda
わ|chmura|pogoda|soce za chmurk
ワ|chmura|pogoda|soce za chmur
锔|chmura|deszcz|pogoda|soce za chmur i deszcz
э|chmura i deszcz|deszcz|pogoda
锔|chmura i nieg|pogoda|nieg|zimno
╋|byskawica|chmura i piorun|piorun|pogoda
锔|chmura|lej|pogoda|tornado|wir powietrzny
锔|mga|pogoda
锔|chmura|dmuchajca twarz wiatru|pogoda|twarz|wia|wiatr
|cyklon|pogoda|spirala|tajfun
|deszcz|pogoda|soce|tcza
|parasolka|pogoda|zo偶ona|zo偶ony parasol
憋|deszcz|parasol pla偶owy wbity w ziemi|pogoda|soce
|byskawica|elektryczno|napicie|niebezpieczestwo|piorun|wysokie napicie
|bawan bez niegu|pogoda|nieg|zabawa na niegu|zimno
|ogie|pomie
|kropelka|kropla|za|pot
|fala|fale|morze|ocean|tsunami
|dynia na halloween|halloween
|bo偶e narodzenie|choinka bo偶onarodzeniowa|drzewko|wita
|fajerwerki|nowy rok|obchody|wita
|ognie|petardy|sztuczne|zimne
Ж|dynamit|fajerwerki|materia wybuchowy|petarda
|balon|impreza|uroczysto
|bal|impreza|konfetti|tuba z konfetti|uroczysto
|bal|impreza|konfetti|kula z konfetti|uroczysto
|drzewko na tanabata|drzewo|japoskie|tanabata|偶yczenia
|bambus|japoska dekoracja kadomatsu|rolina|sosna
|japoskie lalki|lalki
|flaga w ksztacie karpia|ryby
|dzwonek|dzwonki|wietrzny
|ceremonia ogldania ksi偶yca|ksi偶yc|podziwia|tsukimi
Ё|czerwona koperta|h贸ngbo|lai see|pienidze|prezent|szczcie
|kokarda|kokardka|ozdoba|podarunek|prezent|wst偶ka
|kokarda|kokardka|paczka|podarunek|zapakowany prezent
锔|upamitni|uroczysto|wst偶ka pamici
锔|bilety wstpu|wstp
|bilet|wstp
锔|medal|order wojskowy|uroczysto|wojsko
|nagroda|puchar|trofeum
|medal sportowy|nagroda
|medal za 1. miejsce|pierwsze miejsce|zoto|zwycistwo
|drugie miejsce|medal za 2. miejsce|srebro
|brz|medal za 3. miejsce|trzecie miejsce
|futbol贸wka|no偶na|pika
|baseball|pika
|pika|rkawica|rzut od dou|softball
|do kosza|koszyk贸wka|pika
|gra|pika|siatk贸wka
|futbol amerykaski|pika
|pika do rugby|rugby
|pika|tenis
|frisbee|latajcy dysk|ultimate
|gra|krgle|kula
|gra|kij|krykiet|pika
|boisko|gra|hokej na trawie|kijek|na trawie|pika
|gra|hokej na lodzie|kijek|kr偶ek|l贸d|na lodzie
|bramka|kij|lacrosse|pika
|pieczka|ping pong|rakietka|siatka|tenis stoowy
|badminton|gra|lotka|paletki|rakieta
|boks|rkawica bokserska|sport
|judo|karate|sport|str贸j do sztuk walki|sztuki walki|taekwondo
|bramka|gol|sport
|flaga w doku|golf|otw贸r
革|but z y偶w|l贸d|lodowisko|y偶wa
|owienie ryb|wdka|zowi
た|akwalung|maska do nurkowania|nurkowanie z rurk|snurkowanie
|bieganie|koszulka do biegania|szarfa|t-shirt
|narty|nieg|stok
|sanie
|kamie do curlingu
|dziesitka|strza w 10|trafienie|w dziesitk
|gra|jojo|zabawka
|latanie|latawiec|puszczanie
|8|bila|kula
|fortuna|krysztaowa|kula|przepowiada|wr贸偶ka|wr贸偶y
|czarodziejka|czarodziejska r贸偶d偶ka|czary|magia|magik
Э|amulet nazar|bkitne oko|koralik|nazar|oko proroka|talizman
|gamepad|gra wideo|pad
癸|d偶ojstik|gra komputerowa|gra wideo
|automat do gier|automat do gry|jednorki bandyta|kasyno
|gra|kostka do gry|w koci
З|element ukadanki|czenie|amig贸wka|puzzle
Ц|mi pluszowy|pluszak|pluszowa|wypchana|zabawka
|impreza|piniata|witowanie
|laleczka|lalka|matrioszka|matrioszki|rosyjska
锔|pionek|szachy
|d偶oker|joker|karta do gry
|czerwony smok|kafelek|mad偶ong: czerwony smok|mahjong|smok
|gra karciana hanafuda|japoska|kwiat
|maski teatralne|teatr|wystpowa
硷|malarstwo|muzeum|obrazek w ramce|ramka|sztuka
|farby|kolory|malarz|muzeum|paleta malarska|sztuka
У|iga|nawleka|ni|szpulka|szycie
|haft|iga krawiecka|iga z nitk|krawiectwo|szwy|szycie
Ф|kbek|robienie na drutach|szydekowanie|w贸czka
|lina|sznurek|wze|wiza
|oczy|okulary|szka
讹|ciemne okulary|okulary soneczne|przeciwsoneczne|soneczne
ソ|ochrona oczu|okulary ochronne|pywanie|spawanie
ゼ|biay fartuch|eksperyment|kitel|lekarz|naukowiec
|kamizelka ratunkowa|ratowanie|sytuacja awaryjna
|koszula|krawat|mski|ozdoba
|koszulka|mska|z kr贸tkimi rkawami
|d偶insy|jeansy|portki|ubi贸r|ubranie
В|szalik|szyja
Г|rkawiczki
Д|kurtka|paszcz
Е|skarpetki|skarpety
|sukienka|suknia|ubi贸r|ubranie
|kimono|ubi贸r|ubranie
セ|odzie偶|sari|suknia|ubranie
┍|kostium do kpieli|str贸j kpielowy jednoczciowy
┎|bielizna|kpiel贸wki|majtki do kpieli|str贸j do kpieli
┏|bermudy|bielizna|spodenki|str贸j do kpieli|szorty
|bikini|do pywania|str贸j kpielowy|ubi贸r|ubranie
|damska|ubi贸r|ubranie damskie
|na monety|portmonetka|torebka
|baga偶|damska torebka|torebka
|damska|saszetka|torebka
锔|torby na zakupy|torebki
|plecak|tornister
┐|japonka|japonki|sanday na pla偶
|but|mski
|bieganie|but do biegania|sport|trampek
ゾ|biwak|but turystyczny|piesze wdr贸wki|wdr贸wki z plecakiem
タ|baleriny|baletki|but wsuwany|pantofelek
|but na wysokim obcasie|na szpilkach|szpilka|wysoki obcas
|but|damski|obuwie|sanda
┌|baletki|taniec
|kozaczek|kozak damski
|korona|kr贸lowa
|damski|kapelusz|nakrycie gowy|ze wst偶k
|cylinder|kapelusz|mskie nakrycie gowy
|biret|czapka absolwenta|nakrycie gowy|ubi贸r|uroczysto
Б|bejsbol贸wka|czapeczka
|armia|hem wojskowy|wojownik|wojsko|偶onierz
锔|hem|kask z krzy偶ykiem|krzy偶yk|pomoc
|korale|koraliki|modlitwa|naszyjnik|religia|r贸偶aniec|sznur modlitewny
|kosmetyki|makija偶|malowa usta|szminka
|diament|mio|piercionek|zarczyny
|diament|kamie szlachetny|mio|romans
|cicho|cisza|gonik|gono|wyciszony gonik|wyciszy
|gono|niska gono gonika
|rednia gono gonika
|du偶a gono|wysoka gono gonika
|gonik|gono|komunikaty publiczne
|kibicowa|megafon
|poczta|pocztowa|r贸g|trbka
|dzwonek
|cicho|cisza|dzwonek|nie wolno|przekrelony dzwonek|zabroniony|zakazany
|klucz|muzyka|nuty|partytura|piciolinia
|muzyka|nuta
|muzyka|nuta|nuty
锔|mikrofon|muzyka|nagrywa|studio|studyjny
锔|muzyka|poziom|suwak miksera d藕wiku
锔|gaki|muzyka|pokrta
|karaoke|mikrofon|muzyka
|suchawki
|odbiornik radiowy|radioodbiornik|radyjko
|instrument|muzyka|saksofon
|akordeon|harmonia|koncertyna
|gitara|instrument|muzyka
|fortepian|instrument|keyboard|klawiatura|klawisze|muzyka|pianino
|instrument|muzyka|trbka
|alt贸wka|instrument|muzyczny|skrzypce|smyczek|strunowy
|banjo|instrument|muzyka|strunowy
|bbenek|gra|muzyka
|bben|konga|rytm
|kom贸ra|kom贸rka|smartfon|telefon kom贸rkowy
|dzwoni|kom贸rka|odebra|smartfon|strzaka|telefon kom贸rkowy ze strzak
锔|aparat telefoniczny|telefon
|suchawka telefoniczna|telefon
|pager
|faks
|akumulatorek|bateria
|elektryczna|podczy|wtyczka elektryczna
|komputer|laptop|notebook|osobisty|wywietlacz
ワ|biurkowy|ekran|komputer|stacjonarny|wywietlacz
锔|drukarka|komputer
憋|komputerowa|mysz|tr贸jprzyciskowa|trzyprzyciskowa
诧|komputer|trackball
|dysk komputerowy|dysk md|pyta
|dyskietka|komputerowa|mikki dysk
|blu-ray|cd|dvd|dysk optyczny
|blu-ray|cd|dvd|dysk
М|abakus|liczydo|obliczanie
|film|kamera filmowa|kinematografia|kino
锔|film|kino|klatki|tama filmowa
斤|film|kino|projekcja|projektor filmowy
|film|kino|klaps
|kineskopowy|odbiornik|stary telewizor|telewizja|z anten
|aparat fotograficzny|fotografia|robi zdjcie|wideo|zdjcie
|aparat fotograficzny z lamp byskow|flesz|lampa byskowa
|kamera|wideo
|kaseta wideo|tama
|lupa pochylona w lewo|skierowana w lewo|szukaj
|lupa pochylona w prawo|skierowana w prawo|szukaj
锔|wiato|wieca|wieczka
|pomys|wiato|偶ar贸wka
|elektryczna|lampka|latarka|wiato
|bar izakaya|czerwony lampion|izakaya
|dipa|lampka|oliwna
|ksi偶ka|notatnik|notes z dekoracyjn okadk|okadka|ozdobna
|ksi偶ka|zamknita
|ksi偶ka|otwarta
|ksi偶ka|zielona
|ksi偶ka|niebieska
|ksi偶ka|pomaraczowa
|ksi偶ka|ksi偶ki
|notatnik|notes|szary|zeszyt
|notatnik|skoroszyt|zeszyt|偶贸ty
|kartka|maszynopis|strona|zawinita strona
|edykt|pergamin|pismo|zw贸j
|kartka|maszynopis|pismo|strona
|gazeta|wiadomoci
锔|gazeta|papier|rulon|zrolowana|zwinita|zwitek
|karta|karty zakadek|przekadka|zakadka|znak
|zakadka|zaznaczenie
凤|breloczek|etykieta|przywieszka do kluczy
|dolary|pienidze|worek z pienidzmi
|metalowa|moneta|pienidze|skarb|srebrna|zota
|banknot jena|pienidze|rachunek|waluta
|banknot dolara|pienidze|rachunek|waluta
|banknot euro|pienidze|rachunek|waluta
|banknot funta|pienidze|rachunek|waluta
|banknot|pienidze|rachunek|skrzyda|uskrzydlone pienidze|waluta
|bank|karta kredytowa|kredyt|pienidze
Ь|dow贸d|ksigowo|paragon|pokwitowanie
|jen|pienidze|trend wzrostowy|waluta|wykres wzrostu z symbolem jena|wzrost
|e-mail|email|list|mail|poczta elektroniczna
|e-mail|email|koperta przychodzca|list|mail|poczta elektroniczna
|koperta ze strzak|odebra|poczta|przychodzca|wiadomo
|list|mail|na listy|nadawa|nadawcza|pocztowa|skrzynka|wysya
|list|mail|odbiera|odbiorcza|otrzymywa|pocztowa|skrzynka
|paczka|pakunek|przesyka|pudeko
|zamknita skrzynka pocztowa z podniesion flag
|zamknita skrzynka pocztowa z opuszczon flag
|otwarta skrzynka pocztowa z podniesion flag
|otwarta skrzynka pocztowa z opuszczon flag
|na listy|skrzynka na listy|skrzynka pocztowa
筹|gosowa|urna wyborcza z gosem
锔|o贸wek|pisak
锔|pi贸ro|stal贸wka|wieczne
锔|dugopis|pi贸ro
锔|malarstwo|malowa|pdzel
锔|kredka|rysowa
|kartka|notatka|o贸wek|papier|zapiski
|akt贸wka|neseser|teczka
|folder|katalog
|folder|katalog|otwarty
锔|kartoteka|karty|podzia|rozdzielacze kartoteki
|data|kalendarz
|data|kalendarz z wyrywanymi kartkami|spirala|zdzierany kalendarz
锔|koonotatnik|na spirali|notatnik|notes|spirala
锔|kalendarz na spirali|na spirali|notatnik|notes|spirala
|wizyt贸wka|wizyt贸wki|wizytownik
|tendencja wzrostowa|trend zwy偶kowy|wykres wzrostu|wzrost
|spadek|strata|tendencja spadkowa|trend zni偶kowy|wykres spadku
|supek|wykres supkowy
|kartka|notes|pisa|pisanie|podkadka do pisania
|pinezka|przypi
|okrga pinezka|z g贸wk
|druciany|spina|spinacz
锔|druciane|spina|spinacze|zczone spinacze
|linia|linijka|prosta krawd藕
|ekierka|linia prosta|linijka|tr贸jkt
锔|dokumenty|indeks|kartoteka|karty|pudeko-kartoteka
锔|dokumenty|indeks|kartoteka|karty|szafka-kartoteka|szuflady
锔|kosz na mieci|odpadki|mieci
|k贸dka|zablokowane|zamknita k贸dka|zamknite
|k贸dka|odblokowa|otwarta
|atrament|niejawne|pi贸ro|podpis|prywatno|zamknita k贸dka z pi贸rem
|blokada|k贸dka|kluczyk|zamknicie|zamknita k贸dka z kluczem
|haso|klucz|zamek|zamkn
锔|k贸dka|klucz|starowiecki klucz|stary|zamek|zamkn
|motek|narzdzie
|drewno|rba|rozupywa|siekiera|top贸r
锔|g贸rnicze|kilof|narzdzie
锔|klucz|mot i klucz|narzdzia|warsztatowy
★|bro|n贸偶|sztylet
|bro palna|pistolet na wod|rewolwer
|aborygeni|australia|bumerang|wraca
|bro|ucznik|uk i strzaa|narzdzie|strzaa|strzelec|zodiak
★|ochrona|osona|tarcza
|narzdzie|pia do drewna|stolarz|tarcica
|klucz warsztatowy|mechanik|narzdzie|warsztat
|narzdzie|ruba|rubokrt|wkrtak
|gwint|mocowanie|nakrtka|ruba i nakrtka
锔|kompresja|nacisk|prasowanie|presja|ciskanie
Ο|biaa laska|dostpno|niewidomy
|hipercze|link|ogniwa|ogniwo|poczenie
锔|acuchy|ogniwa
|haczyk|hak|pokn|zakrzywiony|zapa
О|mechanik|narzdzie|skrzynka na narzdzia
Р|magnes|magnetyzm|podkowa|przyciganie
|drabina|szczebel|wspina si
И|chemia|chemik|eksperyment|laboratorium|nauka|prob贸wka
Й|bakteria|biologia|kultura|laboratorium|pytka petriego
К|biolog|dna|ewolucja|genetyka|偶ycie
|mikroskop|obserwacja|powikszenie
|luneta|obserwacja|powikszenie|teleskop
|antena satelitarna|czasza|satelita|talerz
|chory|lekarstwo|strzykawka|szczepienie|szczepionka|zastrzyk
└|kropla krwi|krwiodawstwo|medycyna|menstruacja|oddawanie krwi
|kapsuka|lekarstwo|tabletka
┕|opatrunek|plaster
┖|lekarz|medycyna|serce|stetoskop
|drzwi
|dostpno|winda
|lustro|odbicie|zwierciado
|framuga|okno|otw贸r|przezroczyste|wie偶e powietrze|widok
锔|hotel|贸偶ko|nocleg|sen
锔|hotel|kanapa i lampa|lampa
|krzeso|siada|siedzenie
|dolnopuk|muszla klozetowa|sedes|toaleta|ubikacja
|hydraulik|odetka|przepycha|przepychacz|toaleta
|azienka|prysznic|woda
|kpiel|wanna
|przynta|puapka na myszy|sida
|brzytwa|golenie|ostre narzdzie
Т|balsam|butelka z pynem|krem do opalania|mleczko|szampon
Х|agrafka|pielucha|punk rock
Ч|czarownica|miota|sprztanie|zamiatanie
Ш|kosz|piknik|pranie|rolnictwo
Щ|papier toaletowy|rczniki papierowe|rolka papieru
|kube|wiaderko|wiadro
Ъ|kpiel|kostka|mycie|mydelniczka|mydo|piana
|czyszczenie|higiena|jama ustna|azienka|szczoteczka do zb贸w|szczotka|zby
Ы|gbka|mycie|porowata|wchanianie
Н|ganica|ogie|ugasi|zgasi
|koszyk|sklep|w贸zek sklepowy|zakupy
|dla palcych|dymek|papieros
帮|pogrzeb|mier|trumna
|cmentarz|gr贸b|kamie nagrobny|nagrobek
憋|pogrzeb|mier|urna na prochy
|moai|posg|twarz|wyspa wielkanocna
|demonstracja|pikieta|protest|tabliczka|transparent|znak
|atm|znak bankomatu
|kosz|nie mieci|mieci|znak kosza na mieci
|kran|pi|pitna|woda
|inwalida|na w贸zku|niepenosprawny|symbol w贸zka inwalidzkiego|w贸zek
|mski|szalet|toaleta mska|ubikacja|ustp
|damski|szalet|toaleta damska|ubikacja|ustp
|azienka|toaleta|toalety|ubikacja
|niemowl|symbol niemowlcia
|szalet|toaleta|ubikacja|ustp|wc
|granica|graniczna|kontrola paszportowa|paszport
|celna|komora celna|kontrola
|baga偶|odbi贸r baga偶u
|kluczyk|pozostawiony baga偶|przechowalnia baga偶u|walizka|zamknicie
锔|ostrze偶enie|uwaga|wykrzyknik|znak ostrzegawczy
|dzieci przechodzce przez jezdni|dziecko|przejcie da pieszych|uwaga
|wejcie|wstp|zabroniony|zakaz wjazdu
|brak przejcia|wejcie|zabronione|zakaz
|nie wolno|pojazd|rower|zabroniony|zakaz wjazdu rower贸w
|nie wolno|palenie wzbronione|papieros|zabronione|zakaz palenia
|nie wolno|nie wyrzuca|mieci|zabronione|zakaz miecenia
|nie pi|nie wolno|niezdatna|woda niezdatna do picia|zabronione|zakaz
|nie wolno|pieszy|przejcie wzbronione|zabronione|zakaz ruchu pieszych
|kom贸rka|nie wnosi|nie wolno|telefon kom贸rkowy|zabroniony|zakaz korzystania z telefon贸w kom贸rkowych
|18|niedozwolone poni偶ej osiemnastego roku 偶ycia|od lat osiemnastu|ograniczenie wiekowe|zakaz poni偶ej osiemnastego roku 偶ycia
猬锔|kierunek|p贸noc|strzaka do g贸ry|strzaka w g贸r
★|kierunek|strzaka w prawo|wsch贸d
猬锔|kierunek|poudnie|strzaka na d贸|strzaka w d贸
猬锔|kierunek|strzaka w lewo|zach贸d
╋|strzaka zakrcona w lewo|zakrt|zawr贸
锔|strzaka zakrcona w prawo|zakrt|zawr贸
|odwie偶|okr偶ny|pionowe strzaki zgodne z ruchem wskaz贸wek zegara|pionowe strzaki zgodnie z ruchem wskaz贸wek zegara|strzaka
|dookoa|okr偶ny|przycisk ze strzakami przeciwnie do ruchu wskaz贸wek zegara|przycisk ze strzakami w kierunku przeciwnym do ruchu wskaz贸wek zegara|strzaka
|strzaka z napisem back|wstecz
|koniec|strzaka z napisem end
|strzaka z napisem on!|wczone
|strzaka z napisem soon|wkr贸tce
|g贸ra|strzaka z napisem top
|koci贸|kult|miejsce kultu|modlitwa|religia|witynia
锔|atom|symbol atomu
锔|hinduizm|om|religia
锔|religia|taoizm|yang|yin-yang
锔|chrzecijastwo|krzy偶 aciski|krzy偶yk|religia
锔|gwiazda i p贸ksi偶yc|islam|muzumanin|religia
锔|pacyfa|symbol pokoju
|kandelabr|menora|religia|wiecznik
|gwiazda szecioramienna z kropk|szczcie
|bli藕nita|znak zodiaku|zodiak
|rak|znak zodiaku|zodiak
|lew|znak zodiaku|zodiak
|panna|znak zodiaku|zodiak
|waga|znak zodiaku|zodiak
|skorpion|znak zodiaku|zodiak
|w偶ownik|znak zodiaku|zodiak
|krzy偶ujce si|przecinajce si|przycisk losowego odtwarzania utwor贸w|skrzy偶owane|strzaki
|dookoa|okr偶ny|pon贸w|powt贸rz|przycisk powtarzania|strzaki|w prawo
|dookoa|okr偶ny|pon贸w raz|powt贸rz raz|przycisk powtarzania jednokrotnego|strzaki|w prawo
讹|odtw贸rz|strzaka|tr贸jkt|w prawo
|do przodu|podw贸jna|przewi|przycisk szybkiego przewijania do przodu|strzaka|szybkie przewijanie|tr贸jkt
锔|nastpny utw贸r|strzaka|tr贸jkt
锔|odtw贸rz lub wstrzymaj|pauza|strzaka|tr贸jkt|w prawo|wstrzymaj
锔|strzaka|tr贸jkt|w lewo|wstecz
|do tyu|podw贸jna|przewi|przycisk szybkiego przewijania do tyu|strzaka|szybkie przewijanie|tr贸jkt|w lewo|wstecz
锔|poprzedni utw贸r|strzaka|tr贸jkt
|do g贸ry|przycisk w g贸r|strzaka|tr贸jkt
|do g贸ry|podw贸jna|przycisk szybko w g贸r|strzaka|w g贸r
|na d贸|przycisk w d贸|strzaka|tr贸jkt
|na d贸|podw贸jna|przycisk szybko w d贸|strzaka|w d贸
革|dwie|pauza|pionowe kreski|wstrzymaj
癸|kwadrat|stop|zatrzymaj
猴|k贸ko|nagraj|nagrywanie
锔|kreska|tr贸jkt|wysu
|film|kino|krci film
|jasno|maa|niska|przyciemni|przycisk maej jasnoci
|du偶a|jasno|przycisk du偶ej jasnoci|rozjani|wysoka
|sie kom贸rkowa|sia sygnau|zasig
|kom贸rka|telefon kom贸rkowy|tryb wibracji|wibracje
|kom贸rka|telefon kom贸rkowy|wyczony telefon kom贸rkowy
|symbol transpciowoci|transpciowo
撅|bezgraniczno|nieskoczono|wieczno
硷|!!|krzyk|okrzyk|podw贸jny wykrzyknik|wykrzykniki
|kantor|waluta|wymiana walut
|dolary|gruby symbol dolara|pienidze|usd|waluta
伙|odpady|recykling|surowce wt贸rne
锔|harcerze|lilijka
|emblemat z tr贸jzbem|kotwica|okrt|statek
|plakietka|z imieniem
|japoski symbol pocztkujcego kierowcy|niebieski|pocztkujcy|szewron|w d贸|偶贸ty
猸|gruby czerwony okrg|k贸ko|koo|okrg
||anuluj|krzy偶yk|mno偶enie|x|znak krzy偶yka|znak mno偶enia
|anuluj|iks w kwadracie|krzy偶yk w kwadracie|mno偶enie|przycisk z krzy偶ykiem
|ptla|zawijas
|ptla|podw贸jna|zawijas
斤|pocztek partii wokalnej|znak|zygzak
|abcd|du偶e litery|kapitaliki|aciskie|pisa|wielkie litery (alfabet aciski)|wielkimi literami|wprowadza
|abcd|aciskie|mae litery (alfabet aciski)|maymi literami|pisa|wprowadza
|1234|cyfry|liczby|pisa
|pisa|symbole|wprowadza|znaki
|abecado|alfabet|litery (alfabet aciski)|mae litery|pierwsze litery
帮|a|grupa a|grupa krwi a|krew
|ab|grupa ab|grupa krwi ab|krew
憋|b|grupa b|grupa krwi b|krew
|przycisk cl|znak cl
|aprobata|cool|przycisk cool|wietnie|zachwyt
|przycisk free|znak braku opaty|znak free
|identyfikator|przycisk id|znak id
锔|k贸ko|koo z liter m|metro
|new|nowo|nowy|przycisk new
|ng|niedobrze|przycisk ng|藕le
撅|0|grupa 0|grupa krwi 0|krew
|dobrze|przycisk ok|w porzdku|zgoda
匡|parking|post贸j
|na pomoc|przycisk sos|ratunek|ratunku
|do g贸ry|przycisk up!|znak up!
|kontra|przycisk vs|versus|vs
|ideogram|japoski przycisk tutaj|koko
锔|ideogram|japoski|sa w jzyku katakana
凤|ideogram ksi偶yca|japoski|ksi偶yc
|ideogram|istnienie|japoski przycisk patne
|ideogram|japoski przycisk zarezerwowane|palec
|ideogram|japoski przycisk okazja|korzy|przewaga
|ideogram|japoski przycisk rabat|podzia
|ideogram|japoski przycisk bezpatne|negacja
|ideogram|japoski przycisk zabronione|zakaz
|akceptacja|chiski|ideogram|japoski przycisk dozwolone
|ideogram|japoski przycisk wniosek|zastosowanie
|ideogram|japoski przycisk ocena pozytywna|razem
|ideogram|japoski przycisk wolne miejsce|pusty
|dziaa|ideogram|japoski przycisk czynne
|ideogram|japoski przycisk brak wolnych miejsc|wypenienie
|czerwone|figura geometryczna|k贸ko|koo
|k贸ko|koo|pomaraczowe
|k贸ko|koo|偶贸te
|k贸ko|koo|zielone
|figura geometryczna|k贸ko|koo|niebieskie
|fioletowe|k贸ko|koo
|brzowe|k贸ko|koo
|czarne|figura geometryczna|k贸ko|koo
|biae|figura geometryczna|k贸ko|koo
|czerwony|kwadratowy
|kwadratowy|pomaraczowy
|kwadratowy|偶贸ty
|kwadratowy|zielony
|kwadratowy|niebieski
|fioletowy|kwadratowy
|brzowy|kwadratowy
猬|czarny|du偶y|figura geometryczna|kwadrat|redni
猬|biay|du偶y|figura geometryczna|kwadrat
硷|czarny|du偶y|figura geometryczna|kwadrat|redni
伙|biay|du偶y|figura geometryczna|kwadrat|redni
|czarny|figura geometryczna|kwadrat|may/redni czarny kwadrat
|biay|figura geometryczna|kwadracik|kwadrat|may/redni biay kwadrat
锔|czarny|figura geometryczna|kwadracik|kwadrat|may czarny kwadrat
锔|biay|figura geometryczna|kwadracik|kwadrat|may biay kwadrat
|du偶y|figura geometryczna|ksztat|pomaraczowy|romb
|du偶y|figura geometryczna|ksztat|niebieski|romb
|figura geometryczna|ksztat|may|pomaraczowy|romb
|figura geometryczna|ksztat|may|niebieski|romb
|czerwony tr贸jkt skierowany w g贸r|do g贸ry|figura geometryczna|tr贸jkt|w g贸r|wierzchokiem
|czerwony tr贸jkt skierowany w d贸|figura geometryczna|na d贸|tr贸jkt|w d贸|wierzchokiem
|klejnot|romb z kropk
|figura geometryczna|k贸ko|przycisk radiowy|przycisk wyboru opcji
|biay kwadratowy przycisk|czarny|figura geometryczna|kwadrat|obramowanie
|biay|czarny kwadratowy przycisk|figura geometryczna|kwadrat|obramowanie
|flaga w kratk|flaga w szachownic|wycigi
|chorgiewka|czerwona flaga|flaga tr贸jktna|supek
|japoskie|skrzy偶owane flagi|uroczysto
|czarna flaga|flaga|na wietrze|偶aoba
筹|biaa flaga|flaga|kapitulacja|na wietrze|poddaj si|powiewajca biaa flaga
筹|flaga|tcza|tczowa flaga
筹э|flaga os贸b transpciowych|transpciowo
粹锔|czaszka i koci|jolly roger|piraci|piracka flaga|pirat|skarb
|andora
|zjednoczone emiraty arabskie
|afganistan
|antigua i barbuda
|anguilla
|albania
|armenia
|angola
|antarktyda
|argentyna
|samoa amerykaskie
|austria
|australia
|aruba
|wyspy alandzkie
|azerbejd偶an
ю|bonia i hercegowina
ю|barbados
ю|bangladesz
ю|belgia
ю|burkina faso
ю|bugaria
ю|bahrajn
ю|burundi
ю|benin
ю|saint-barth茅lemy
ю|bermudy
ю|brunei
ю|boliwia
ю|niderlandy karaibskie
ю|brazylia
ю|bahamy
ю|bhutan
ю|botswana
ю|biaoru
ю|belize
|kanada
|wyspy kokosowe
|demokratyczna republika konga
|republika rodkowoafrykaska
|kongo
|szwajcaria
|c么te divoire
|wyspy cooka
|chile
|kamerun
|chiny
|kolumbia
|kostaryka
|kuba
|republika zielonego przyldka
|cura莽ao
|wyspa bo偶ego narodzenia
|cypr
|czechy
|niemcy
|d偶ibuti
|dania
|dominika
|dominikana
|algieria
|ekwador
|estonia
|egipt
|sahara zachodnia
|erytrea
|hiszpania
|etiopia
|unia europejska
|finlandia
|fid偶i
|falklandy
|mikronezja
|wyspy owcze
|francja
|gabon
|wielka brytania
|grenada
|gruzja
|gujana francuska
|guernsey
|ghana
|gibraltar
|grenlandia
|gambia
|gwinea
|gwadelupa
|gwinea r贸wnikowa
|grecja
|georgia poudniowa i sandwich poudniowy
|gwatemala
|guam
|gwinea bissau
|gujana
|sra hongkong (chiny)
|honduras
|chorwacja
|haiti
|wgry
|wyspy kanaryjskie
|indonezja
|irlandia
|izrael
|wyspa man
|indie
|brytyjskie terytorium oceanu indyjskiego
|irak
|iran
|islandia
|wochy
|jersey
|jamajka
|jordania
|japonia
梆|kenia
梆|kirgistan
梆|kambod偶a
梆|kiribati
梆|komory
梆|saint kitts i nevis
梆|korea p贸nocna
梆|korea poudniowa
梆|kuwejt
梆|kajmany
梆|kazachstan
别|laos
别|liban
别|saint lucia
别|liechtenstein
别|sri lanka
别|liberia
别|lesotho
别|litwa
别|luksemburg
别|otwa
别|libia
拆|maroko
拆|monako
拆|modawia
拆|czarnog贸ra
拆|madagaskar
拆|wyspy marshalla
拆|macedonia p贸nocna
拆|mali
拆|mjanma (birma)
拆|mongolia
拆|sra makau (chiny)
拆|mariany p贸nocne
拆|martynika
拆|mauretania
拆|montserrat
拆|malta
拆|mauritius
拆|malediwy
拆|malawi
拆|meksyk
拆|malezja
拆|mozambik
仇|namibia
仇|nowa kaledonia
仇|niger
仇|norfolk
仇|nigeria
仇|nikaragua
仇|holandia
仇|norwegia
仇|nepal
仇|nauru
仇|niue
仇|nowa zelandia
答|oman
叼|panama
叼|peru
叼|polinezja francuska
叼|papua-nowa gwinea
叼|filipiny
叼|pakistan
叼|polska
叼|saint-pierre i miquelon
叼|pitcairn
叼|portoryko
叼|terytoria palestyskie
叼|portugalia
叼|palau
叼|paragwaj
娥|katar
佛|reunion
佛|rumunia
佛|serbia
佛|rosja
佛|rwanda
葛|arabia saudyjska
葛|wyspy salomona
葛|seszele
葛|sudan
葛|szwecja
葛|singapur
葛|wyspa witej heleny
葛|sowenia
葛|sowacja
葛|sierra leone
葛|san marino
葛|senegal
葛|somalia
葛|surinam
葛|sudan poudniowy
葛|wyspy witego tomasza i ksi偶ca
葛|salwador
葛|sint maarten
葛|syria
葛|eswatini
桂|turks i caicos
桂|czad
桂|francuskie terytoria poudniowe i antarktyczne
桂|togo
桂|tajlandia
桂|tad偶ykistan
桂|tokelau
桂|timor wschodni
桂|turkmenistan
桂|tunezja
桂|tonga
桂|turcja
桂|trynidad i tobago
桂|tuvalu
桂|tajwan
桂|tanzania
吼|ukraina
吼|uganda
吼|stany zjednoczone
吼|urugwaj
吼|uzbekistan
火|watykan
火|saint vincent i grenadyny
火|wenezuela
火|brytyjskie wyspy dziewicze
火|wyspy dziewicze stan贸w zjednoczonych
火|wietnam
火|vanuatu
拣|wallis i futuna
拣|samoa
金|kosowo
攫|jemen
攫|majotta
筐|republika poudniowej afryki
筐|zambia
筐|zimbabwe
大Ⅲン|anglia
大Ⅲ丑ｓ大|szkocja
大Ⅲ敷丑|walia