â‰ï¸|!?|?|exclamaÃ§Ã£o com interrogaÃ§Ã£o|pergunta|pontuaÃ§Ã£o|sinal|interrogaÃ§Ã£o|pontos de exclamaÃ§Ã£o e de interrogaÃ§Ã£o
â„¹ï¸|informaÃ§Ãµes|sÃ­mbolo de informaÃ§Ãµes|posto de informaÃ§Ã£o
â†”ï¸|horizontal|lados|seta para esquerda e direita|direita|esquerda|seta para a esquerda e para a direita
â†•ï¸|para baixo|para cima|seta para cima e para baixo|vertical
â†–ï¸|direÃ§Ã£o|intercardinal|noroeste|seta para cima e para a esquerda|intermÃ©dio
â†—ï¸|direÃ§Ã£o|intercardinal|nordeste|seta para cima e para a direita|intermÃ©dio
â†˜ï¸|direÃ§Ã£o|intercardinal|seta para baixo e para a direita|sudeste|intermÃ©dio|seta para a direita e para baixo
â†™ï¸|direÃ§Ã£o|intercardinal|seta para baixo e para a esquerda|sudoeste|intermÃ©dio
âŒ¨ï¸|acessÃ³rio|computador|digitaÃ§Ã£o|teclado
â˜€ï¸|clima|dia claro|raios|solar|tempo|brilhante|espaÃ§o|meteorologia|soalheiro
â˜ï¸|clima|nuvem|meteorologia|tempo
â˜‚ï¸|acessÃ³rio|chuva|clima|guarda-chuva|sombrinha aberta|meteorologia
â˜ƒï¸|boneco de neve na neve|clima|frio|neve|meteorologia
â˜„ï¸|cometa|espaÃ§o|estrela cadente|meteoro|satÃ©lite|astro
â˜‘ï¸|âœ“|caixa de seleÃ§Ã£o marcada com tique|marca de verificaÃ§Ã£o|caixa com visto|visto
â˜”|acessÃ³rio|chuva|clima|gotas|sombrinha na chuva|guarda-chuva com gotas de chuva|meteorologia
â˜•|cafÃ©|cafezinho|chÃ¡|beber|bebida|quente|vapor
â˜˜ï¸|trevo de trÃªs folhas|planta
â˜ ï¸|caveira e ossos cruzados|morte|ossos cruzados|pirata|cara|corpo|monstro
â˜¢ï¸|radiaÃ§Ã£o|radioativo|sÃ­mbolo|sinal
â˜£ï¸|biolÃ³gico|resÃ­duos|risco biolÃ³gico|perigo biolÃ³gico
â˜¦ï¸|cristÃ£o|cruz ortodoxa|religiÃ£o|ortodoxa
â˜¸ï¸|budista|dharma|religiÃ£o|roda do dharma
â˜¹ï¸|descontente|rosto de desaprovaÃ§Ã£o|triste|cara franzida|sobrolho franzido
â™ˆ|Ã¡ries|carneiro|signo de Ã¡ries|zodÃ­aco
â™‰|boi|signo de touro|touro|zodÃ­aco
â™|arqueiro|sagitÃ¡rio|signo de sagitÃ¡rio|zodÃ­aco
â™‘|cabra|capricÃ³rnio|signo de capricÃ³rnio|zodÃ­aco
â™’|Ã¡gua|aquÃ¡rio|signo de aquÃ¡rio|zodÃ­aco
â™“|peixes|signo de peixes|zodÃ­aco
â™ ï¸|baralho|carta|espadas|jogo|naipe de espadas
â™£ï¸|baralho|carta|jogo|naipe de paus|paus
â™¥ï¸|baralho|carta|copas|jogo|naipe de copas
â™¦ï¸|baralho|carta|jogo|naipe de ouros|ouros
â™¨ï¸|calor|chamas|fogo|Ã¡guas termais|nascentes|quente|termas|vapor
âš’ï¸|ferramenta|martelo e picareta|picareta
âš“|Ã¢ncora|sinal|instrumento|navio
âš”ï¸|arma|cruzadas|espadas|guerra
âš–ï¸|ferramenta|justiÃ§a|libra|peso|zodÃ­aco|balanÃ§a (objeto)|instrumento|pesar
âš—ï¸|alambique|ferramenta|quÃ­mica|balÃ£o de vidro|instrumento
âš™ï¸|engrenagem|ferramenta|roda dentada
âœ‚ï¸|cortar|ferramenta|tesoura|utensÃ­lio
âœ…|âœ“|marca de seleÃ§Ã£o branca|verificaÃ§Ã£o|botÃ£o de visto|visto
âœˆï¸|aÃ©reo|aviÃ£o|veÃ­culo
âœ‰ï¸|carta|correspondÃªncia|e-mail|email|envelope|correio
âœ’ï¸|caneta tinteiro|ponta de caneta tinteiro|preto|tinta|aparo preto
âœ”ï¸|âœ“|marca de seleÃ§Ã£o|verificaÃ§Ã£o|marca de verificaÃ§Ã£o|visto
âœ–ï¸|Ã—|cancelar|multiplicaÃ§Ã£o|multiplicar|sinal de multiplicaÃ§Ã£o|x de multiplicaÃ§Ã£o
âœ¡ï¸|judaico|judeu|religiÃ£o|david|estrela de david|judaÃ­smo
âœ¨|*|brilhos|estrelas brilhantes|centelha|cintilaÃ§Ã£o|faÃ­scas
âœ³ï¸|*|asterisco de oito pontas|asterisco com oito raios
âœ´ï¸|*|estrela de oito pontas|estrela com oito pontas
â„ï¸|clima|floco de neve|frio|neve|meteorologia
â‡ï¸|*|faÃ­sca|brilho|centelha
â“|?|pergunta|ponto de interrogaÃ§Ã£o vermelho|pontuaÃ§Ã£o|sinal|interrogaÃ§Ã£o
â”|?|delineado|pergunta|ponto de interrogaÃ§Ã£o branco|pontuaÃ§Ã£o|sinal de interrogaÃ§Ã£o branco
â•|!|delineado|mark|ponto de exclamaÃ§Ã£o branco|pontuaÃ§Ã£o|exclamaÃ§Ã£o|sinal de exclamaÃ§Ã£o branco
â—|!|exclamaÃ§Ã£o|ponto de exclamaÃ§Ã£o vermelho|pontuaÃ§Ã£o
â£ï¸|exclamaÃ§Ã£o de coraÃ§Ã£o|exclamaÃ§Ã£o em forma de coraÃ§Ã£o|pontuaÃ§Ã£o|sinal|ponto de exclamaÃ§Ã£o com coraÃ§Ã£o
â¤ï¸|amor|coraÃ§Ã£o vermelho
â•|+|matemÃ¡tica|sÃ­mbolo de adiÃ§Ã£o|sinal de mais|adiÃ§Ã£o|mais|sinal de adiÃ§Ã£o
â–|-|âˆ’|matemÃ¡tica|menos|sÃ­mbolo de subtraÃ§Ã£o|sinal de subtraÃ§Ã£o|subtraÃ§Ã£o|subtracÃ§Ã£o
â—|Ã·|divisÃ£o|matemÃ¡tica|sÃ­mbolo de divisÃ£o|sinal de divisÃ£o
â¤´ï¸|curva|seta curva de baixo para cima|seta para a direita curvada para cima|seta para cima|para cima|seta para a direita com curva para cima
â¤µï¸|curva|seta curva de cima para baixo|seta para a direita curvada para baixo|seta para baixo|para baixo|seta para a direita com curva para baixo
ã€°ï¸|ondulado|pontuaÃ§Ã£o|travessÃ£o|traÃ§o
ãŠ—ï¸|parabÃ©ns|botÃ£o japonÃªs de parabÃ©ns|ideograma|japonÃªs|ç¥|botÃ£o "parabÃ©ns" em japonÃªs
ãŠ™ï¸|segredo|botÃ£o japonÃªs de segredo|ideograma|japonÃªs|ç§˜|"segredo"|botÃ£o "segredo" em japonÃªs
ğŸ˜€|lol|rindo|risada|rosto risonho|cara sorridente|sorriso
ğŸ˜ƒ|aberto|boca|rosto risonho com olhos bem abertos|sorriso|aberta|cara sorridente com olhos bem abertos
ğŸ˜„|aberta|boca|olhos|rosto risonho com olhos sorridentes|sorriso|cara a sorrir com boca aberta e olhos sorridentes
ğŸ˜|olho|rosto contente com olhos sorridentes|rosto rindo com olhos sorridentes|sorriso aberto|cara sorridente com olhos sorridentes
ğŸ˜†|gargalhada|olhos fechados|rosto risonho com olhos semicerrados|sorriso com olhos fechados|aberta|boca|cara a sorrir com boca aberta e olhos bem fechados|riso|satisfaÃ§Ã£o
ğŸ˜…|rosto risonho com gota de suor|sorriso com suor frio|suor frio|aberta|cara a sorrir com boca aberta e suor|frio
ğŸ¤£|chÃ£o|gargalhada|rolando no chÃ£o de rir|rosto|a rebolar no chÃ£o a rir|cara|rebolar|rir
ğŸ˜‚|alegria|lÃ¡grimas|rosto chorando de rir|rosto com lÃ¡grimas de alegria|cara com lÃ¡grimas de felicidade|felicidade|riso|sorriso
ğŸ™‚|rosto levemente sorridente|sorriso|cara a sorrir ligeiramente
ğŸ™ƒ|rosto de cabeÃ§a para baixo|rosto invertido|ao contrÃ¡rio|cara ao contrÃ¡rio
ğŸ˜‰|piscada|rosto com olho piscando|cara a piscar o olho|piscadela
ğŸ˜Š|olhos sorrindo|rosto sorridente com olhos sorridentes|rosto sorrindo|ruborizar|cara a sorrir com olhos sorridentes|corado|sorriso
ğŸ˜‡|anjo|aurÃ©ola|inocente|rosto sorridente com aurÃ©ola|cara a sorrir com aurÃ©ola|conto de fadas|fantasia|sorriso
ğŸ¥°|amor|apaixonado|paixÃ£o|rosto sorridente com 3 coraÃ§Ãµes|cara sorridente com coraÃ§Ãµes
ğŸ˜|amor|coraÃ§Ã£o|olhos de coraÃ§Ã£o|rosto sorridente com olhos de coraÃ§Ã£o|cara a sorrir com olhos em forma de coraÃ§Ã£o|sorriso
ğŸ¤©|estrela|gargalhando|olhos|rosto com olhar maravilhado|cara sorridente com estrelas nos olhos
ğŸ˜˜|beijo|rosto mandando um beijo|cara a atirar um beijo|coraÃ§Ã£o
ğŸ˜—|beijo|rosto beijando|cara a dar um beijo
â˜ºï¸|rosto|sorridente|sorriso|cara a sorrir|contorno|relaxado
ğŸ˜š|beijando com os olhos fechados|olhos fechados|rosto beijando com olhos fechados|beijo|cara a dar um beijo com olhos fechados|fechado
ğŸ˜™|olhos sorrindo|rosto beijando com olhos sorridentes|rosto beijando com um sorriso|sorriso|beijo|cara a dar um beijo com olhos sorridentes
ğŸ¥²|aliviado|emocionado|grato|lÃ¡grima|orgulhoso|rosto sorridente com lÃ¡grima|sorrindo|cara sorridente com lÃ¡grima|sorridente
ğŸ˜‹|delicioso|gostoso|nham|rosto saboreando comida|sorriso|apetitoso|cara a saborear uma refeiÃ§Ã£o deliciosa|saborear
ğŸ˜›|rosto com lÃ­ngua para fora|rosto mostrando a lÃ­ngua|cara com lÃ­ngua de fora|lÃ­ngua
ğŸ˜œ|brincadeira|lÃ­ngua para fora com piscadela|piscadela|provocaÃ§Ã£o|rosto piscando e com lÃ­ngua para fora|cara com lÃ­ngua de fora e olho a piscar|olho|piada
ğŸ¤ª|excÃªntrico|grande|olho|pequeno|rosto bizarro|cara louca
ğŸ˜|horrÃ­vel|lÃ­ngua para fora com os olhos fechados|olhos fechados|rosto com olhos semicerrados e lÃ­ngua para fora|cara com lÃ­ngua de fora e olhos bem fechados|sabor
ğŸ¤‘|cifrÃ£o|dinheiro na boca|rico|riqueza|rosto com cifrÃµes|boca|cara com cifrÃµes
ğŸ¤—|abraÃ§o|mÃ£os abraÃ§ando|rosto abraÃ§ando|abraÃ§ar|cara a dar um abraÃ§o
ğŸ¤­|ops|rosto com a mÃ£o sobre a boca|cara com mÃ£o na boca|ups
ğŸ¤«|quieto|rosto fazendo sinal de silÃªncio|silÃªncio|cara de segredo|segredo
ğŸ¤”|mÃ£o no queixo|pensando|rosto pensativo|cara a pensar|pensativo
ğŸ¤|rosto com boca de zÃ­per|zÃ­per|boca|cara com boca com fecho de correr|fecho de correr
ğŸ¤¨|cÃ©tico|desconfianÃ§a|rosto com sobrancelha levantada|cara com sobrancelha levantada
ğŸ˜|neutro|rosto|sem comentÃ¡rios|sem emoÃ§Ã£o|cara|inexpressivo|neutra
ğŸ˜‘|rosto inexpressivo|sem expressÃ£o|cara sem expressÃ£o|inexpressivo
ğŸ˜¶|calado|quieto|rosto sem boca|sem boca|boca|cara sem boca|silencioso
ğŸ˜¶â€ğŸŒ«ï¸|cabeÃ§a nas nuvens|distraÃ­do|rosto nas nuvens|rosto no nevoeiro|cara nas nuvens|cara no nevoeiro
ğŸ˜|rosto com sorriso maroto|sorriso malicioso|sorriso maroto|cara com sorriso sarcÃ¡stico|sorriso pretensioso
ğŸ˜’|blasÃ©|rosto aborrecido|rosto de que nÃ£o achou graÃ§a|aborrecido|cara aborrecida|descontente
ğŸ™„|olhos|revirando os olhos|rosto com olhos revirados|cara com olhos revirados|revirar
ğŸ˜¬|fazendo careta|rosto expressando desagrado|rosto fazendo careta|cara a fazer caretas|caretas
ğŸ˜®â€ğŸ’¨|alÃ­vio|assobio|assovio|choque|exalar|rosto exalando|cara a exalar
ğŸ¤¥|mentindo|mentira|mentiroso|pinÃ³quio|rosto de mentiroso|cara de mentiroso
ğŸ˜Œ|alÃ­vio|rosto aliviado|aliviado|cara aliviada
ğŸ˜”|deprimido|desanimado|rosto|cara pensativa|melancÃ³lico|pensativo
ğŸ˜ª|rosto com sono|rosto sonolento|cara sonolenta|sono
ğŸ¤¤|babando|babar|rosto babando|cara a babar-se
ğŸ˜´|rosto dormindo|sono|zzz|cara a dormir
ğŸ˜·|doente|gripado|mÃ¡scara mÃ©dica|resfriado|rosto com mÃ¡scara mÃ©dica|cara com mÃ¡scara de mÃ©dico|constipaÃ§Ã£o|mÃ©dico|remÃ©dio
ğŸ¤’|de cama|febre|febril|rosto com termÃ´metro|termÃ´metro|cara com termÃ³metro|doente|termÃ³metro
ğŸ¤•|acidentado|ferimento|rosto com atadura na cabeÃ§a|rosto com curativos|rosto machucado|cara com ligadura na cabeÃ§a|ligadura|magoado
ğŸ¤¢|enjoado|enjoo|rosto nauseado|vÃ´mito|cara|nauseada|vÃ³mito
ğŸ¤®|doente|rosto vomitando|vÃ´mito|cara a vomitar|vomitar|vÃ³mito
ğŸ¤§|espirrando|espirro|rosto espirrando|cara a espirrar|santinho
ğŸ¥µ|febril|insolaÃ§Ã£o|quente|rosto fervendo de calor|rosto vermelho|suando|cara com calor|cara vermelha|transpiraÃ§Ã£o
ğŸ¥¶|congelando|frio|gÃ©lido|glacial|rosto azul de frio|rosto gelado|cara azul|cara com frio|frieira|gelar|sincelo
ğŸ¥´|bÃªbado|boca ondulada|embriagado|intoxicado|olhos tortos|rosto embriagado|cara embriagada
ğŸ˜µ|rosto atordoado|atordoado|cara atordoada
ğŸ˜µâ€ğŸ’«|espirais|hipnotizado|problema|rosto com olhos em espiral|tontura|uau|cara com olhos em espiral
ğŸ¤¯|cabeÃ§a explodindo|chocado|cabeÃ§a a explodir
ğŸ¤ |caubÃ³i|rosto com chapÃ©u de caubÃ³i|cara sorridente com chapÃ©u de vaqueiro|chapÃ©u|cobÃ³i|cowboy|vaqueira|vaqueiro
ğŸ¥³|apito|chapÃ©u|comemoraÃ§Ã£o|festa|rosto festivo|cara de festa
ğŸ¥¸|disfarce|incÃ³gnito|nariz|Ã³culos|rosto disfarÃ§ado|cara disfarÃ§ada
ğŸ˜|Ã³culos escuros|rosto sorridente com Ã³culos escuros|sol|sorrindo de Ã³culos escuros|cara a sorrir com Ã³culos de sol|fixe|luminoso|Ã³culos de sol|olho|sorriso|tempo
ğŸ¤“|cdf|estudioso|nerd|rosto de nerd|sabe-tudo|cara de cromo|totÃ³
ğŸ§|conservador|rosto com monÃ³culo|cara com monÃ³culo|formal
ğŸ˜•|confuso|indeciso|rosto|cara confusa
ğŸ˜Ÿ|rosto preocupado|cara preocupada|preocupado
ğŸ™|rosto meio triste|tristinho|cara ligeiramente franzida|sobrolho menos franzido
ğŸ˜®|boca aberta|empatia|rosto com boca aberta|aberta|cara com boca aberta|pena
ğŸ˜¯|espantado|rosto|surpreso|cara|expectante|pasmado
ğŸ˜²|chocado|estupefato|rosto espantado|totalmente chocado|cara espantada|estupefacto|surpreso
ğŸ˜³|atordoado|rosto ruborizado|aturdido|cara corada|corado
ğŸ¥º|implorando|olhar de cachorrinho|perdÃ£o|rosto implorando|cara que implora|cara suplicante|implorar
ğŸ˜¦|aberta|boca|rosto assustado|rosto franzido com boca aberta|cara franzida com boca aberta|sobrolho franzido
ğŸ˜§|rosto angustiado|sofrendo|angustiado|cara angustiada
ğŸ˜¨|assustado|rosto amedrontado|amedrontado|cara cheia de medo|medo
ğŸ˜°|boca aberta|rosto ansioso com gota de suor|rosto azul com suor frio|suor frio|aberta|azul|cara com boca aberta e suor frio|com pressa|frio
ğŸ˜¥|aliviado|decepcionado|rosto triste, mas aliviado|ufa|cara triste, mas aliviada|desiludido
ğŸ˜¢|lÃ¡grimas|rosto chorando|triste|cara a chorar|choro
ğŸ˜­|chorando|chorar|lÃ¡grimas|rosto chorando aos berros|cara a chorar perdidamente|choro|soluÃ§o|triste
ğŸ˜±|assustado|gritando de medo|medo|rosto gritando de medo|temeroso|amedrontado|cara a gritar de medo|grito|munch
ğŸ˜–|perplexo|rosto|baralhado|cara perplexa
ğŸ˜£|perseveranÃ§a|perseverante|rosto perseverante|cara
ğŸ˜|desapontamento|rosto decepcionado|rosto desapontado|cara desiludida|desiludido
ğŸ˜“|rosto cabisbaixo com gota de suor|rosto com suor frio|cara cabisbaixa com gota de suor|frio|suor
ğŸ˜©|cansado|rosto aborrecido|rosto desolado|cara fatigada|exausto
ğŸ˜«|cansado|exausto|rosto|cara cansada
ğŸ¥±|bocejo|cansado|entediado|rosto bocejando|cara a bocejar
ğŸ˜¤|rosto soltando vapor pelo nariz|triunfo|vitÃ³ria|cara com vapor a sair do nariz
ğŸ˜¡|irado|rosto furioso|rosto vermelho furioso|zangado|cara amuada|enfurecido|fÃºria|mal-humorado|vermelho
ğŸ˜ |irado|rosto zangado|cara irritada|irritado|zangado
ğŸ¤¬|rosto com sÃ­mbolos na boca|xingando|cara com sÃ­mbolos na boca|praguejar
ğŸ˜ˆ|chifres|rosto sorridente com chifres|sorriso|cara a sorrir com cornos|conto de fadas|cornos|fantasia
ğŸ‘¿|demÃ´nio|diabo|rosto zangado com chifres|cara zangada com cornos|demÃ³nio|fantasia
ğŸ’€|caveira|conto de fadas|corpo|morte|cara|monstro
ğŸ’©|cocÃ´|estrume|excremento|fezes|pilha de cocÃ´|caca|cara|cocÃ³|desenho|monstro|monte de cocÃ³
ğŸ¤¡|palhaÃ§o|rosto de palhaÃ§o|cara de palhaÃ§o
ğŸ‘¹|conto de fadas|monstro|ogro japonÃªs|oni|cara|criatura|fantasia|japonÃªs|ogre
ğŸ‘º|conto de fadas|duende japonÃªs|goblin|monstro|tengu|cara|criatura|fantasia|japonÃªs
ğŸ‘»|conto de fadas|fantasma|rosto|cara|criatura|fantasia|monstro
ğŸ‘½|alienÃ­gena|extraterrestre|ovni|rosto|cara|criatura|espaÃ§o|et|fantasia|monstro
ğŸ‘¾|monstro alienÃ­gena|ovni|rosto|cara|criatura|espaÃ§o|et|extraterrestre|fantasia
ğŸ¤–|monstro|robÃ´|rosto de robÃ´|cara
ğŸ˜º|aberta|boca|rosto de gato sorrindo|cara|gato a sorrir com boca aberta|riso|sorriso
ğŸ˜¸|olho|rosto de gato sorrindo com olhos sorridentes|sorridente|sorriso|cara|gato sorridente com olhos sorridentes|riso
ğŸ˜¹|alegria|lÃ¡grimas|rosto de gato com lÃ¡grimas de alegria|cara|felicidade|gato com lÃ¡grimas de felicidade
ğŸ˜»|amor|coraÃ§Ã£o|olho|rosto de gato sorridente com olhos de coraÃ§Ã£o|sorriso|cara|gato a sorrir com olhos em forma de coraÃ§Ã£o
ğŸ˜¼|irÃ´nico|rosto de gato com sorriso irÃ´nico|sorriso|cara|gato com sorriso forÃ§ado|irÃ³nico|troÃ§ar
ğŸ˜½|beijo|olho fechado|rosto de gato mandando um beijo|cara|gato a dar um beijo com olhos fechados
ğŸ™€|gato|muito surpreso|oh!|rosto de gato desolado|cansado|cara|exausto|surpreendido
ğŸ˜¿|chorar|choro|lÃ¡grima|rosto de gato chorando|triste|cara|gato a chorar
ğŸ˜¾|fazendo bico|gato|rosto de gato mal-humorado|cara|mal-humorado
ğŸ™ˆ|macaco com olhos tapados|macaco que nÃ£o vÃª nada|olhos tapados|cara|gesto|macaco com as mÃ£os a tapar os olhos|proibido|ver
ğŸ™‰|macaco com ouvidos tapados|macaco que nÃ£o ouve nada|ouvidos tapados|cara|gesto|macaco com as mÃ£os a tapar os ouvidos|ouvir|proibido
ğŸ™Š|boca tapada|macaco com as mÃ£os tapando a boca|macaco que nÃ£o fala nada|cara|falar|gesto|macaco com as mÃ£os a tapar a boca|macaco que nÃ£o diz nada|proibido
ğŸ’‹|beijo|lÃ¡bios|marca de beijo|romance|coraÃ§Ã£o
ğŸ’Œ|carta de amor|coraÃ§Ã£o|correspondÃªncia com coraÃ§Ã£o|romance|amor|correio
ğŸ’˜|amor|coraÃ§Ã£o com flecha|emoÃ§Ã£o|flecha|coraÃ§Ã£o com seta|cupido|romance|seta
ğŸ’|coraÃ§Ã£o com fita|dia dos namorados|emoÃ§Ã£o|fita|coraÃ§Ã£o com laÃ§o|romance
ğŸ’–|amor|brilhante|coraÃ§Ã£o brilhante|emoÃ§Ã£o|emocionante|cintilante|coraÃ§Ã£o a brilhar|entusiasmado
ğŸ’—|amor|coraÃ§Ã£o crescendo|emoÃ§Ã£o|nervosismo|a crescer|coraÃ§Ã£o a crescer|entusiasmado|nervoso|palpitaÃ§Ã£o
ğŸ’“|amor|batendo|emoÃ§Ã£o|pulsante|batimento|coraÃ§Ã£o a bater|palpitante
ğŸ’|coraÃ§Ãµes girando|girando|coraÃ§Ã£o|coraÃ§Ãµes a girar|coraÃ§Ãµes a rodopiar|coraÃ§Ãµes rodopiantes|rodopiante
ğŸ’•|amantes|amor|dois coraÃ§Ãµes|emoÃ§Ã£o|coraÃ§Ã£o|coraÃ§Ãµes
ğŸ’Ÿ|coraÃ§Ã£o decorativo|decoraÃ§Ã£o com coraÃ§Ã£o
ğŸ’”|coraÃ§Ã£o partido|decepÃ§Ã£o amorosa|emoÃ§Ã£o|rompimento|partido|partir
â¤ï¸â€ğŸ”¥|amor|chamas|coraÃ§Ã£o em chamas|coraÃ§Ã£o sagrado|fogo|luxÃºria
â¤ï¸â€ğŸ©¹|bem|bom|coraÃ§Ã£o remendado|curando|mais saudÃ¡vel|melhorando|recuperaÃ§Ã£o
ğŸ§¡|emoÃ§Ã£o|laranja|coraÃ§Ã£o cor de laranja|coraÃ§Ã£o laranja
ğŸ’›|amarelo|coraÃ§Ã£o|emoÃ§Ã£o
ğŸ’š|coraÃ§Ã£o|emoÃ§Ã£o|verde
ğŸ’™|azul|coraÃ§Ã£o|emoÃ§Ã£o
ğŸ’œ|coraÃ§Ã£o|emoÃ§Ã£o|roxo
ğŸ¤|coraÃ§Ã£o|marrom|castanho
ğŸ–¤|coraÃ§Ã£o|negro|preto|malvado|mau
ğŸ¤|branco|coraÃ§Ã£o
ğŸ’¯|100 pontos|cem pontos|pontuaÃ§Ã£o total
ğŸ’¢|com raiva|emoÃ§Ã£o|engraÃ§ado|sÃ­mbolo de raiva|desenho|enfurecido|irritado|sÃ­mbolo de fÃºria|zangado
ğŸ’¥|colisÃ£o|emoÃ§Ã£o|engraÃ§ado|sÃ­mbolo de colisÃ£o|bum|desenho
ğŸ’«|emoÃ§Ã£o|engraÃ§ado|estrelas|olhando para as estrelas|zonzo|desenho|tonto
ğŸ’¦|com suor|emoÃ§Ã£o|engraÃ§ado|pingos de suor|suor|desenho|gotas de suor
ğŸ’¨|correr|emoÃ§Ã£o|engraÃ§ado|fugir|rapidez|corrida|desenho|ir-se embora
ğŸ•³ï¸|buraco no chÃ£o
ğŸ’£|bomba|emoÃ§Ã£o|engraÃ§ado|desenho
ğŸ’¬|balÃ£o de conversa|balÃ£o de diÃ¡logo|diÃ¡logo|engraÃ§ado|balÃ£o de fala|desenho|fala
ğŸ‘ï¸â€ğŸ—¨ï¸|balÃ£o de diÃ¡logo|olho no balÃ£o de diÃ¡logo|testemunha|balÃ£o de fala|olho em balÃ£o de fala
ğŸ—¨ï¸|balÃ£o de diÃ¡logo Ã  esquerda|balÃ£o de fala do lado esquerdo|diÃ¡logo|fala
ğŸ—¯ï¸|balÃ£o de diÃ¡logo|balÃ£o de raiva Ã  direita|discurso furioso|enÃ©rgico|irado|raiva|balÃ£o de raiva do lado direito|enfurecido|irritado
ğŸ’­|balÃ£o de pensamento|engraÃ§ado|pensamento|desenho
ğŸ’¤|dormindo|emoÃ§Ã£o|engraÃ§ado|roncando|zzz|desenho|dormir|sesta|sono
ğŸ‘‹|aceno|mÃ£o acenando|acenar|corpo|mÃ£o a acenar
ğŸ¤š|dorso da mÃ£o levantado|levantada|palma|pare|mÃ£o com costas para fora
ğŸ–|cinco dedos|mÃ£o aberta com os dedos separados|mÃ£o aberta indicando cinco|palma da mÃ£o|corpo|dedos abertos|mÃ£o erguida com dedos afastados
âœ‹|mÃ£o erguida|mÃ£o levantada|corpo
ğŸ––|dedos|jornada nas estrelas|mÃ£o|saudaÃ§Ã£o vulcana|spock|star trek|corpo|vulcano
ğŸ‘Œ|mÃ£o sinalizando ok|corpo|gesto de ok|mÃ£o com gesto de ok|ok com a mÃ£o|sinal de ok com a mÃ£o
ğŸ¤Œ|beliscado|dedos comprimidos|gesto de mÃ£o|interrogaÃ§Ã£o|sarcÃ¡stico
ğŸ¤|mÃ£o beliscando|pequena quantidade|mÃ£o a dar um beliscÃ£o
âœŒï¸|mÃ£o com sinal de vitÃ³ria|mÃ£o em v de vitÃ³ria|sim!|vitÃ³ria|corpo
ğŸ¤|cruzados|dedos|mÃ£o|sorte|figas
ğŸ¤Ÿ|gesto de "te amo"|mÃ£o|te amo|amo-te|gesto "amo-te"|gesto de amo-te
ğŸ¤˜|chifres|dedos|saudaÃ§Ã£o do rock|cornos|corpo|mÃ£o a fazer cornos|rockâ€™nâ€™roll
ğŸ¤™|ligar|sinal "me liga"|chamada|gesto "liga-me"|gesto de liga-me|gesto liga-me|liga-me|mÃ£o
ğŸ‘ˆ|dedo apontado para esquerda|dedo indicador|dorso da mÃ£o com dedo indicador apontando para a esquerda|apontar|costas da mÃ£o com dedo indicador a apontar para a esquerda|indicador|mÃ£o
ğŸ‘‰|dedo apontado para direita|dedo indicador|dorso da mÃ£o com dedo indicador apontando para a direita|apontar|corpo|costas da mÃ£o com dedo indicador a apontar para a direita|indicador|mÃ£o
ğŸ‘†|dedo apontado para cima|dedo indicador|dorso da mÃ£o com dedo indicador apontando para cima|apontar|corpo|costas da mÃ£o com dedo indicador a apontar para cima|indicador|mÃ£o|para cima
ğŸ–•|dedo do meio|gesto ofensivo|mÃ£o|dedo mÃ©dio
ğŸ‘‡|dedo apontado para baixo|dedo indicador|dorso da mÃ£o com dedo indicador apontando para baixo|apontar|corpo|costas da mÃ£o com dedo indicador a apontar para baixo|indicador|mÃ£o|para baixo
â˜ï¸|dedo apontando para cima|indicador apontando para cima|mÃ£o|apontar|dedo indicador a apontar para cima|para cima
ğŸ‘|dedÃ£o|mÃ£o|para cima|polegar para cima|sinal|corpo|gosto
ğŸ‘|dedÃ£o|mÃ£o|para baixo|polegar para baixo|sinal|corpo|nÃ£o gosto
âœŠ|punho erguido|punho levantado|cerrado|corpo|mÃ£o|soco
ğŸ‘Š|mÃ£o|soco|cerrado|corpo|punho a aproximar-se|punho fechado
ğŸ¤›|esquerdo|soco|esquerda|punho voltado para a esquerda
ğŸ¤œ|direito|soco|direita|punho voltado para a direita
ğŸ‘|aplauso|mÃ£os aplaudindo|sinal|bater palmas|corpo|mÃ£os a bater palmas
ğŸ™Œ|ambas as mÃ£os|comemoraÃ§Ã£o|levantando ambas as mÃ£os para comemorar|mÃ£os para cima|celebraÃ§Ã£o|corpo|gesto|mÃ£os levantadas|mÃ£os no ar|viva
ğŸ‘|abertas|mÃ£os abertas|sinal de mÃ£os abertas|corpo
ğŸ¤²|oraÃ§Ã£o|palmas unidas para cima|mÃ£os abertas|mÃ£os estendidas|palmas abertas|palmas juntas abertas|palmas juntas para cima|prece
ğŸ¤|aperto de mÃ£os|combinado|cumprimento|mÃ£os|acordo|passou-bem|reuniÃ£o
ğŸ™|gesto|mÃ£os juntas|rezando|rezar|agradecimento|pedido|por favor|reverÃªncia
âœï¸|caneta|escrevendo Ã  mÃ£o|corpo|escrever|mÃ£o a escrever
ğŸ’…|cosmÃ©ticos|esmalte de unha|unhas|manicura|verniz para as unhas
ğŸ¤³|camera|celular|foto|selfie|smartphone|cÃ¢mara|telemÃ³vel
ğŸ’ª|contraÃ­do|engraÃ§ado|forte|mÃºsculo|bÃ­ceps fletido|corpo|desenho|flexÃ£o
ğŸ¦¾|acessibilidade|braÃ§o mecÃ¢nico|prÃ³tese
ğŸ¦¿|acessibilidade|perna mecÃ¢nica|prÃ³tese
ğŸ¦µ|chute|membro|perna|extremidade|pontapÃ©
ğŸ¦¶|chute|pÃ©|pisÃ£o|pisar|pontapÃ©
ğŸ‘‚|corpo|orelha
ğŸ¦»|acessibilidade|deficiÃªncia auditiva|ouvido com aparelho auditivo|orelha com aparelho auditivo
ğŸ‘ƒ|corpo|nariz|rosto
ğŸ§ |cÃ©rebro|inteligente
ğŸ«€|cardiologia|centro|coraÃ§Ã£o humano|Ã³rgÃ£o|pulsaÃ§Ã£o|pulso
ğŸ«|espiraÃ§Ã£o|exalaÃ§Ã£o|inalaÃ§Ã£o|Ã³rgÃ£o|pulmÃµes|respiraÃ§Ã£o
ğŸ¦·|dente|dentista
ğŸ¦´|esqueleto|osso
ğŸ‘€|olhos|rosto
ğŸ‘ï¸|olho|parte do corpo|rosto|corpo
ğŸ‘…|corpo|lÃ­ngua|rosto
ğŸ‘„|boca|corpo|lÃ¡bios|rosto
ğŸ‘¶|bebÃª|nenÃ©m|bebÃ©|crianÃ§a|pessoa
ğŸ§’|crianÃ§a|gÃ©nero neutro|jovem|novo|pessoa
ğŸ‘¦|jovem|menino|pessoa|rapaz
ğŸ‘§|garota|menina|jovem|pessoa|rapariga
ğŸ§‘|adulto|gÃªnero nÃ£o especificado|pessoa|adulta|gÃ©nero neutro
ğŸ‘±|cabelo|loiro|louro|pessoa loira|pessoa loura|pessoa: cabelo louro|loira|loura|pessoa com cabelo loiro|pessoa com cabelo louro
ğŸ‘¨|adulto|homem|pessoa
ğŸ§”|barba|barbudo|homem: barba|pessoa: barba
ğŸ§”â€â™‚ï¸|barba|homem: barba|homem: barbudo
ğŸ‘±â€â™‚ï¸|cabelo|homem: cabelo loiro|loiro|louro|homem com cabelo loiro|homem com cabelo louro|homem loiro
ğŸ‘©|adulta|mulher|pessoa
ğŸ§”â€â™€ï¸|barba|mulher: barba
ğŸ‘±â€â™€ï¸|loira|loura|mulher: cabelo loiro|mulher com cabelo loiro|mulher com cabelo louro|mulher loira
ğŸ§“|adulto|idoso|gÃ©nero neutro|pessoa de idade|pessoa idosa
ğŸ‘´|adulto|idoso|homem de idade avanÃ§ada|homem idoso|velho
ğŸ‘µ|adulta|idosa|mulher de idade avanÃ§ada|mulher idosa|velha
ğŸ™|franzindo a sobrancelha|gesto|pessoa franzindo a sobrancelha|cara triste|pessoa de sobrolho franzido
ğŸ™â€â™‚ï¸|carrancudo|desconfiado|homem franzindo a sobrancelha|condenar|franzir nariz|homem de sobrolho franzido
ğŸ™â€â™€ï¸|carrancuda|desconfiada|mulher franzindo a sobrancelha|condenar|desagrado|franzir nariz|homem|mulher de sobrolho franzido
ğŸ™|fazendo bico|gesto|pessoa fazendo bico|mal-humorado|pessoa amuada
ğŸ™â€â™‚ï¸|bico|cara feia|homem fazendo bico|beicinho|gesto|homem amuado
ğŸ™â€â™€ï¸|bico|cara feia|mulher fazendo bico|beicinho|gesto|mulher amuada
ğŸ™…|gesto|mÃ£o|pessoa fazendo gesto de nÃ£o|proibido|nÃ£o|pessoa que faz gesto de nÃ£o
ğŸ™…â€â™‚ï¸|gesto|homem fazendo gesto de nÃ£o|mÃ£o|proibido|homem que faz gesto de nÃ£o|nÃ£o
ğŸ™…â€â™€ï¸|gesto|mÃ£o|mulher fazendo gesto de nÃ£o|proibido|mulher que faz gesto de nÃ£o|nÃ£o
ğŸ™†|gesto|mÃ£o|ok|pessoa fazendo gesto de ok|pessoa que faz gesto de ok
ğŸ™†â€â™‚ï¸|gesto|homem fazendo gesto de ok|mÃ£o|ok|homem que faz gesto de ok
ğŸ™†â€â™€ï¸|gesto|mÃ£o|mulher fazendo gesto de ok|ok|mulher que faz gesto de ok
ğŸ’|ajuda|informaÃ§Ãµes|mÃ£o|pessoa com a palma virada para cima|atencioso
ğŸ’â€â™‚ï¸|homem com a palma virada para cima|assistente de balcÃ£o de informaÃ§Ãµes (homem)|atrevido|mÃ£o de gorjeta
ğŸ’â€â™€ï¸|mulher com a palma virada para cima|assistente de balcÃ£o de informaÃ§Ãµes (mulher)|atrevida|mÃ£o de gorjeta
ğŸ™‹|feliz|gesto|levantando a mÃ£o|pessoa levantando a mÃ£o|alegre|mÃ£o levantada|pessoa de mÃ£o levantada
ğŸ™‹â€â™‚ï¸|gesto|homem levantando a mÃ£o|pedir a palavra|homem de mÃ£o levantada|mÃ£o levantada
ğŸ™‹â€â™€ï¸|gesto|mulher levantando a mÃ£o|pedir a palavra|mÃ£o levantada|mulher de mÃ£o levantada
ğŸ§|acessibilidade|audiÃ§Ã£o|orelha|pessoa surda|surdos
ğŸ§â€â™‚ï¸|homem|surdo
ğŸ§â€â™€ï¸|mulher|surda
ğŸ™‡|desculpa|gesto|perdÃ£o|pessoa fazendo reverÃªncia|reverÃªncia respeitosa|pedido de desculpas|pessoa a fazer vÃ©nia|vÃ©nia
ğŸ™‡â€â™‚ï¸|desculpas|gesto|homem fazendo reverÃªncia|homem pedindo desculpas|respeito|reverÃªncia|favor|homem a fazer a vÃ©nia
ğŸ™‡â€â™€ï¸|desculpas|gesto|mulher fazendo reverÃªncia|mulher pedindo desculpas|respeito|reverÃªncia|favor|mulher a fazer a vÃ©nia
ğŸ¤¦|decepÃ§Ã£o|desapontamento|pessoa dececionada|pessoa decepcionada|exasperaÃ§Ã£o|face|incredulidade|palma|pessoa de palma na face
ğŸ¤¦â€â™‚ï¸|decepÃ§Ã£o|desapontamento|homem decepcionado|descrenÃ§a|exaspero|homem de palma na face|mÃ£o na cara
ğŸ¤¦â€â™€ï¸|decepÃ§Ã£o|desapontamento|mulher decepcionada|descrenÃ§a|exaspero|mÃ£o na cara|mulher de palma na face
ğŸ¤·|dar de ombros|ignorÃ¢ncia|indiferenÃ§a|ombros|pessoa dando de ombros|dÃºvida|encolher|pessoa a encolher os ombros
ğŸ¤·â€â™‚ï¸|dar de ombros|homem dando de ombros|indiferenÃ§a|dÃºvida|homem a encolher os ombros
ğŸ¤·â€â™€ï¸|dar de ombros|indiferenÃ§a|mulher dando de ombros|dÃºvida|mulher a encolher os ombros
ğŸ§‘â€âš•ï¸|cuidados de saÃºde|enfermeira|mÃ©dico|profissional de saÃºde|terapeuta|enfermeiro|mÃ©dica
ğŸ‘¨â€âš•ï¸|doutor|enfermeiro|homem profissional da saÃºde|mÃ©dico|saÃºde|terapeuta|profissional da Ã¡rea da saÃºde|profissional da saÃºde (homem)|profissional de saÃºde (homem)
ğŸ‘©â€âš•ï¸|doutora|enfermeira|mÃ©dica|mulher profissional da saÃºde|saÃºde|terapeuta|profissional da Ã¡rea da saÃºde|profissional da saÃºde (mulher)|profissional de saÃºde (mulher)|serviÃ§o de saÃºde
ğŸ§‘â€ğŸ“|aluno|estudante|graduando|universitÃ¡rio
ğŸ‘¨â€ğŸ“|aluno|formando|homem|estudante (homem)|universitÃ¡rio
ğŸ‘©â€ğŸ“|aluna|formanda|mulher|estudante (mulher)|universitÃ¡ria
ğŸ§‘â€ğŸ«|instrutora|professora na escola|educador|formador
ğŸ‘¨â€ğŸ«|homem|instrutor|mestre|professor (homem)
ğŸ‘©â€ğŸ«|instrutora|mestra|mulher|professora
ğŸ§‘â€âš–ï¸|balanÃ§a|juiz no tribunal|justiÃ§a
ğŸ‘¨â€âš–ï¸|balanÃ§a|homem|justiÃ§a|juiz (homem)
ğŸ‘©â€âš–ï¸|balanÃ§a|juÃ­za|justiÃ§a|mulher
ğŸ§‘â€ğŸŒ¾|agricultor|jardineiro|rancheiro|lavrador
ğŸ‘¨â€ğŸŒ¾|agricultor|fazendeiro|homem|jardineiro|lavrador
ğŸ‘©â€ğŸŒ¾|agricultora|fazendeira|jardineira|mulher|lavradora
ğŸ§‘â€ğŸ³|chef de cozinha|cozinheiro|chefe de cozinha
ğŸ‘¨â€ğŸ³|chef|homem|cozinheiro (homem)
ğŸ‘©â€ğŸ³|chef|cozinheira|mulher
ğŸ§‘â€ğŸ”§|comerciante|eletricista|encanador|mecÃ¢nico trabalhando|canalizador|ofÃ­cio
ğŸ‘¨â€ğŸ”§|eletricista|encanador|homem|prestador de serviÃ§os|canalizador|electricista|mecÃ¢nico (homem)
ğŸ‘©â€ğŸ”§|eletricista|encanadora|mecÃ¢nica|mulher|prestadora de serviÃ§os|canalizadora|electricista
ğŸ§‘â€ğŸ­|fÃ¡brica|funcionÃ¡rio de fÃ¡brica|industrial|montagem|trabalhador fabril
ğŸ‘¨â€ğŸ­|fÃ¡brica|homem|indÃºstria|trabalhador|industrial|montagem|operÃ¡rio fabril
ğŸ‘©â€ğŸ­|fÃ¡brica|indÃºstria|mulher|trabalhadora|industrial|montagem|operÃ¡ria fabril
ğŸ§‘â€ğŸ’¼|arquiteto|colarinho branco|gerente|negÃ³cios|trabalhador de escritÃ³rio|empregado de escritÃ³rio
ğŸ‘¨â€ğŸ’¼|arquiteto|colarinho branco|empresÃ¡rio|funcionÃ¡rio de escritÃ³rio|gerente|homem|administrador|empresa|trabalhador de escritÃ³rio
ğŸ‘©â€ğŸ’¼|arquiteta|colarinho branco|empresÃ¡ria|funcionÃ¡ra de escritÃ³rio|funcionÃ¡ria de escritÃ³rio|gerente|mulher|administradora|empresa|trabalhadora de escritÃ³rio
ğŸ§‘â€ğŸ”¬|biÃ³logo|cientista|engenheiro|fÃ­sico|quÃ­mico
ğŸ‘¨â€ğŸ”¬|biÃ³logo|cientista homem|fÃ­sico|homem|professor|quÃ­mico|cientista (homem)|engenheiro|farmacÃªutico|matemÃ¡tico
ğŸ‘©â€ğŸ”¬|biÃ³loga|cientista mulher|fÃ­sica|mulher|professora|quÃ­mica|cientista (mulher)|engenheira|farmacÃªutica|matemÃ¡tica
ğŸ§‘â€ğŸ’»|desenvolvedor|inventor|programador|software|tecnÃ³logo|informÃ¡tico
ğŸ‘¨â€ğŸ’»|desenvolvedor|homem|inventor|programador|software|tecnÃ³logo|informÃ¡tico (homem)
ğŸ‘©â€ğŸ’»|desenvolvedora|inventora|mulher|programadora|software|tecnÃ³loga|informÃ¡tica
ğŸ§‘â€ğŸ¤|ator|cantor|entretenimento|estrela|rock|vocalista
ğŸ‘¨â€ğŸ¤|artista|ator|cantor|homem|pop|rock|estrela
ğŸ‘©â€ğŸ¤|artista|atriz|cantora|mulher|pop|rock|estrela
ğŸ§‘â€ğŸ¨|artista|paleta
ğŸ‘¨â€ğŸ¨|artista plÃ¡stico|homem|pintura|artista (homem)|paleta
ğŸ‘©â€ğŸ¨|artista plÃ¡stica|mulher|pintura|artista (mulher)|paleta
ğŸ§‘â€âœˆï¸|aviÃ£o|piloto
ğŸ‘¨â€âœˆï¸|aviÃ£o|homem|piloto de aviÃ£o homem|piloto (homem)
ğŸ‘©â€âœˆï¸|aviÃ£o|mulher|piloto de aviÃ£o mulher|pilota|piloto (mulher)
ğŸ§‘â€ğŸš€|astronauta|foguete|foguetÃ£o
ğŸ‘¨â€ğŸš€|astronauta homem|espaÃ§o|foguete|homem|astronauta (homem)
ğŸ‘©â€ğŸš€|astronauta mulher|espaÃ§o|foguete|mulher|astronauta (mulher)
ğŸ§‘â€ğŸš’|caminhÃ£o de bombeiros|bombeiro (homem)|camiÃ£o dos bombeiros|carro dos bombeiros
ğŸ‘¨â€ğŸš’|bombeiro|caminhÃ£o do corpo de bombeiros|homem|carro de bombeiro
ğŸ‘©â€ğŸš’|bombeira|caminhÃ£o do corpo de bombeiros|mulher|carro de bombeiro
ğŸ‘®|polÃ­cia|policial|agente da polÃ­cia
ğŸ‘®â€â™‚ï¸|homem|policial|tira|agente|bÃ³fia|chui|polÃ­cia (homem)
ğŸ‘®â€â™€ï¸|mulher|policial|tira|agente|bÃ³fia|chui|polÃ­cia (mulher)
ğŸ•µ|detetive|espiÃ£o|investigador
ğŸ•µï¸â€â™‚ï¸|detetive homem|espiÃ£o|homem|investigador|detetive (homem)
ğŸ•µï¸â€â™€ï¸|detetive mulher|espiÃ£|investigadora|mulher|detetive (mulher)|espia
ğŸ’‚|guarda|seguranÃ§a
ğŸ’‚â€â™‚ï¸|guarda|homem|seguranÃ§a (homem)|uniforme
ğŸ’‚â€â™€ï¸|guarda|mulher|seguranÃ§a (mulher)|uniforme
ğŸ¥·|furtividade|lutador|ninja|oculto|escondido
ğŸ‘·|chapÃ©u|construÃ§Ã£o|trabalhador de construÃ§Ã£o civil|pedreiro|trabalhador da construÃ§Ã£o civil
ğŸ‘·â€â™‚ï¸|construÃ§Ã£o|homem|pedreiro|operÃ¡rio da construÃ§Ã£o civil|trabalhador da construÃ§Ã£o civil
ğŸ‘·â€â™€ï¸|construÃ§Ã£o|mulher|pedreira|operÃ¡ria da construÃ§Ã£o civil|trabalhadora da construÃ§Ã£o civil
ğŸ¤´|prÃ­ncipe
ğŸ‘¸|conto de fadas|fantasia|princesa
ğŸ‘³|pessoa com turbante|turbante|homem
ğŸ‘³â€â™‚ï¸|homem com turbante|turbante
ğŸ‘³â€â™€ï¸|mulher com turbante|turbante
ğŸ‘²|gua pi mao|homem com gua pi mao|homem de bonÃ©|pessoas|chapÃ©u|chinÃªs|homem com chapÃ©u chinÃªs
ğŸ§•|hijab|lenÃ§o|mulher com vÃ©u|mulher com lenÃ§o islÃ¢mico|mulher com lenÃ§o na cabeÃ§a
ğŸ¤µ|festa|gala|homem de smoking|noivo|pessoa de smoking|smoking
ğŸ¤µâ€â™‚ï¸|homem de smoking|smoking
ğŸ¤µâ€â™€ï¸|mulher de smoking|smoking
ğŸ‘°|casamento|noiva com vÃ©u|pessoa com vÃ©u|vÃ©u
ğŸ‘°â€â™‚ï¸|noivo com vÃ©u|vÃ©u|homem com vÃ©u
ğŸ‘°â€â™€ï¸|noiva com vÃ©u|vÃ©u|mulher com vÃ©u
ğŸ¤°|grÃ¡vida|mulher
ğŸ¤±|amamentaÃ§Ã£o|amamentando|bebÃª|nenÃ©m|amamentar|bebÃ©|dar de mamar|seio
ğŸ‘©â€ğŸ¼|alimentando|bebÃª|nenÃ©m|alimentar|amamentaÃ§Ã£o|bebÃ©|mulher a alimentar bebÃ©
ğŸ‘¨â€ğŸ¼|alimentando|bebÃª|nenÃ©m|alimentar|amamentaÃ§Ã£o|bebÃ©|homem a alimentar bebÃ©
ğŸ§‘â€ğŸ¼|alimentando|bebÃª|nenÃ©m|alimentar|amamentaÃ§Ã£o|bebÃ©|pessoa a alimentar bebÃ©
ğŸ‘¼|anjo|bebÃª anjo|conto de fadas|rosto|bebÃ©|cara|fantasia
ğŸ…|comemoraÃ§Ã£o|natal|noel|papai noel|celebraÃ§Ã£o|conto de fadas|fantasia|pai
ğŸ¤¶|comemoraÃ§Ã£o|mamÃ£e noel|natal|noel|mÃ£e|senhora noel
ğŸ§‘â€ğŸ„|noel, natal|natal|sra. natal
ğŸ¦¸|boa|bom|herÃ³i|heroÃ­na|super-herÃ³i|superpoder
ğŸ¦¸â€â™‚ï¸|bom|herÃ³i|homem super-herÃ³i|superpoder
ğŸ¦¸â€â™€ï¸|boa|herÃ³i|heroÃ­na|mulher|super-heroÃ­na|superpoder
ğŸ¦¹|criminoso|mal|superpoder|supervilÃ£o|vilÃ£o|mau
ğŸ¦¹â€â™‚ï¸|criminoso|homem supervilÃ£o|mal|vilÃ£o|mau|superpoderoso
ğŸ¦¹â€â™€ï¸|criminosa|mÃ¡|superpoder|supervilÃ£|vilÃ£|mulher supervilÃ£
ğŸ§™|bruxa|feiticeira|maga|mago|bruxo|feiticeiro
ğŸ§™â€â™‚ï¸|feiticeiro|homem mago|mago|bruxo
ğŸ§™â€â™€ï¸|bruxa|feiticeira|maga
ğŸ§š|fada
ğŸ§šâ€â™‚ï¸|fada|homem fada|homem-fada
ğŸ§šâ€â™€ï¸|fada|mulher fada|mulher-fada
ğŸ§›|drÃ¡cula|vampiro|morto-vivo
ğŸ§›â€â™‚ï¸|drÃ¡cula|homem vampiro|vampiro|homem-vampiro|morto-vivo
ğŸ§›â€â™€ï¸|mulher vampira|vampira|morta-viva
ğŸ§œ|pessoa sereia|sereia|tritÃ£o
ğŸ§œâ€â™‚ï¸|sereio|tritÃ£o (homem)
ğŸ§œâ€â™€ï¸|sereia
ğŸ§|elfo|mÃ¡gico
ğŸ§â€â™‚ï¸|duende homem|elfo homem|elfo (homem)|mÃ¡gico
ğŸ§â€â™€ï¸|duende mulher|elfa|elfo (mulher)|mÃ¡gico
ğŸ§|gÃªnio|djinn|gÃ©nio
ğŸ§â€â™‚ï¸|homem gÃªnio|djinn|gÃ©nio (homem)
ğŸ§â€â™€ï¸|mulher gÃªnio|djinn|gÃ©nio (mulher)
ğŸ§Ÿ|cazumbi|zumbi|morto-vivo|zombie
ğŸ§Ÿâ€â™‚ï¸|cazumbi|homem zumbi|homem zombie|morto-vivo
ğŸ§Ÿâ€â™€ï¸|cazumbi|mulher zumbi|morta-viva|mulher zombie
ğŸ’†|massagem facial|pele|pessoa recebendo massagem facial|pessoa a receber uma massagem|salÃ£o de beleza
ğŸ’†â€â™‚ï¸|homem recebendo massagem facial|massagem|relaxamento|cara|face|homem a receber uma massagem
ğŸ’†â€â™€ï¸|massagem|mulher recebendo massagem facial|relaxamento|cara|face|mulher a receber uma massagem
ğŸ’‡|beleza|corte de cabelo|pessoa cortando o cabelo|salÃ£o de beleza|cabeleireiro|pessoa a cortar o cabelo|tesoura
ğŸ’‡â€â™‚ï¸|corte de cabelo|homem cortando o cabelo|salÃ£o de beleza|homem a cortar o cabelo
ğŸ’‡â€â™€ï¸|corte de cabelo|mulher cortando o cabelo|salÃ£o de beleza|mulher a cortar o cabelo|permanente
ğŸš¶|andar|caminhar|pessoa andando|pessoa caminhando|pessoa a andar
ğŸš¶â€â™‚ï¸|andar|caminhar|homem andando|homem caminhando|boleia|homem a andar
ğŸš¶â€â™€ï¸|andar|caminhar|mulher andando|mulher caminhando|boleia|mulher a andar
ğŸ§|de pÃ©|pessoa em pÃ©
ğŸ§â€â™‚ï¸|em pÃ©|homem em pÃ©
ğŸ§â€â™€ï¸|em pÃ©|mulher em pÃ©
ğŸ§|ajoelhada|ajoelhar|pessoa ajoelhada|pessoa ajoelhando|pessoa de joelhos
ğŸ§â€â™‚ï¸|ajoelhado|homem ajoelhando|homem de joelhos
ğŸ§â€â™€ï¸|ajoelhada|mulher ajoelhando|mulher de joelhos
ğŸ§‘â€ğŸ¦¯|acessibilidade|cego|pessoa com bengala para cegos
ğŸ‘¨â€ğŸ¦¯|accessibilidade|cego|homem com bengala para cegos
ğŸ‘©â€ğŸ¦¯|accessibilidade|cega|mulher com bengala para cegos
ğŸ§‘â€ğŸ¦¼|acessibilidade|cadeira de rodas|pessoa em cadeira de rodas motorizada|pessoa em cadeira de rodas elÃ©trica
ğŸ‘¨â€ğŸ¦¼|acessibilidade|cadeira de rodas|homem em cadeira de rodas motorizada|homem em cadeira de rodas elÃ©trica
ğŸ‘©â€ğŸ¦¼|acessibilidade|cadeira de rodas|mulher em cadeira de rodas motorizada|mulher em cadeira de rodas elÃ©trica
ğŸ§‘â€ğŸ¦½|acessibilidade|cadeira de rodas|pessoa em cadeira de rodas manual
ğŸ‘¨â€ğŸ¦½|acessibilidade|cadeira de rodas|homem em cadeira de rodas manual
ğŸ‘©â€ğŸ¦½|acessibilidade|cadeira de rodas|mulher em cadeira de rodas manual
ğŸƒ|corrida|esporte|maratona|maratonista|pessoa correndo|correr|pessoa a correr
ğŸƒâ€â™‚ï¸|corrida|esporte|homem correndo|maratona|homem a correr
ğŸƒâ€â™€ï¸|corrida|esporte|maratona|mulher correndo|mulher a correr
ğŸ’ƒ|danÃ§ando|mulher a danÃ§ar|pessoas
ğŸ•º|danÃ§ando|danÃ§ar|homem a danÃ§ar
ğŸ•´ï¸|homem de terno levitando|terno|fato|homem em fato executivo a levitar|negÃ³cios
ğŸ‘¯|danÃ§ar|festa|orelhas de coelho|pessoas com orelhas de coelho|coelhinho|mulher|rapariga
ğŸ‘¯â€â™‚ï¸|danÃ§arino|festa|homens com orelhas de coelho|orelhas de coelho|mÃ¡scara
ğŸ‘¯â€â™€ï¸|danÃ§arinas|festa|mulheres com orelhas de coelho|orelha de coelho|amigas|mÃ¡scara
ğŸ§–|pessoa na sauna|sauna|banho turco
ğŸ§–â€â™‚ï¸|homem na sauna|sauna|banho turco
ğŸ§–â€â™€ï¸|mulher na sauna|sauna|banho turco
ğŸ§—|escalar|pessoa escalando|montanhista|pessoa a escalar
ğŸ§—â€â™‚ï¸|escalar|homem escalando|homem a escalar|montanhista
ğŸ§—â€â™€ï¸|escalar|mulher escalando|montanhista|mulher a escalar
ğŸ¤º|esgrima|esgrimista|espada|esporte|desporto|pessoa a esgrimir
ğŸ‡|cavalo de corrida|corrida de cavalos|esporte|jÃ³quei
â›·ï¸|esquiador|neve
ğŸ‚|esporte|praticante de snowboard|snowboard|esqui|neve
ğŸŒ|bola|esporte|golfe|golfista|pessoa jogando golfe
ğŸŒï¸â€â™‚ï¸|golfe|homem golfista|homem jogando golfe|golfista|homem a jogar golfe|taco
ğŸŒï¸â€â™€ï¸|golfe|mulher golfista|mulher jogando golfe|golfista|mulher a jogar golfe|taco
ğŸ„|pessoa surfando|surfe|surfista
ğŸ„â€â™‚ï¸|homem surfista|surfando|homem a surfar|prancha|surfista
ğŸ„â€â™€ï¸|mulher surfista|surfando|mulher a surfar|prancha|surfista
ğŸš£|barco a remo|pessoa remando|veÃ­culo|pessoa a remar
ğŸš£â€â™‚ï¸|esporte|homem remando|remador|remo|barco|canoa|homem a remar
ğŸš£â€â™€ï¸|esporte|mulher remando|remadora|remo|barco|canoa|mulher a remar
ğŸŠ|esporte|nadar|pessoa nadando|pessoa a nadar
ğŸŠâ€â™‚ï¸|homem nadando|nadar|nataÃ§Ã£o|homem a nadar
ğŸŠâ€â™€ï¸|mulher nadando|nadar|nataÃ§Ã£o|mulher a nadar
â›¹|basquete|bola|esporte|pessoa jogando basquete|pessoa com bola
â›¹ï¸â€â™‚ï¸|basquete|bola|esporte|homem jogando basquete|homem com bola
â›¹ï¸â€â™€ï¸|basquete|bola|esporte|mulher jogando basquete|mulher com bola
ğŸ‹|esporte|forÃ§a|pessoa levantando peso|halterofilista|levantar|pesos
ğŸ‹ï¸â€â™‚ï¸|esporte|forÃ§a|homem levantando peso|peso|homem halterofilista|levantamento de pesos
ğŸ‹ï¸â€â™€ï¸|esporte|forÃ§a|mulher levantando peso|peso|levantamento de pesos|mulher halterofilista
ğŸš´|bicicleta|ciclista|pessoa a andar de bicicleta
ğŸš´â€â™‚ï¸|bicicleta|esporte|homem ciclista|passeio|ciclista (homem)|homem a andar de bicicleta
ğŸš´â€â™€ï¸|bicicleta|esporte|mulher ciclista|passeio|ciclista (mulher)|mulher a andar de bicicleta
ğŸšµ|bicicleta|ciclista|mountain bike|pessoa fazendo mountain bike|btt|montanha|praticante de btt
ğŸšµâ€â™‚ï¸|bicicleta|ciclista|homem fazendo mountain bike|mountain bike|betetista (homem)|montanha
ğŸšµâ€â™€ï¸|bicicleta|ciclista|mountain bike|mulher fazendo mountain bike|betetista (mulher)|montanha
ğŸ¤¸|esporte|ginÃ¡stica|pessoa fazendo estrela|desporto|estrela acrobÃ¡tica|pessoa a fazer a roda
ğŸ¤¸â€â™‚ï¸|esporte|estrela|ginÃ¡stica|homem fazendo estrela|desporto|homem a fazer a roda
ğŸ¤¸â€â™€ï¸|esporte|estrela|ginÃ¡stica|mulher fazendo estrela|desporto|mulher a fazer a roda
ğŸ¤¼|esporte|lutadores|pessoas lutando|desporto
ğŸ¤¼â€â™‚ï¸|esporte|homem|homens lutando|desporto|lutador de luta livre|lutadores de luta livre|pessoas
ğŸ¤¼â€â™€ï¸|esporte|mulheres lutando|desporto|lutadora de luta livre|lutadoras de luta livre|pessoas
ğŸ¤½|esporte|pessoa jogando polo aquÃ¡tico|Ã¡gua|desporto|pessoa a jogar polo aquÃ¡tico|polo
ğŸ¤½â€â™‚ï¸|esporte|homem jogando polo aquÃ¡tico|jogador de polo aquÃ¡tico|piscina|desporto|homem a jogar polo aquÃ¡tico|polo aquÃ¡tico
ğŸ¤½â€â™€ï¸|esporte|jogadora de polo aquÃ¡tico|mulher jogando polo aquÃ¡tico|piscina|desporto|mulher a jogar polo aquÃ¡tico|polo aquÃ¡tico
ğŸ¤¾|bola|esporte|handebol|andebol|desporto|pessoa a jogar andebol
ğŸ¤¾â€â™‚ï¸|bola|esporte|handebol|jogador de handebol|quadra|andebol|desporto|homem a jogar andebol|jogador de andebol
ğŸ¤¾â€â™€ï¸|bola|esporte|handebol|jogadora de handebol|quadra|andebol|desporto|jogadora de andebol|mulher a jogar andebol
ğŸ¤¹|equilÃ­brio|habilidade|malabarismo|malabarista|multitarefa|pessoa a fazer malabarismo
ğŸ¤¹â€â™‚ï¸|equilÃ­brio|habilidade|homem malabarista|malabarismo|multitarefa|homem a fazer malabarismo|malabarista
ğŸ¤¹â€â™€ï¸|equilÃ­brio|habilidade|malabarismo|mulher malabarista|multitarefa|malabarista|mulher a fazer malabarismo
ğŸ§˜|ioga|meditaÃ§Ã£o|pessoa na posiÃ§Ã£o de lÃ³tus|yoga
ğŸ§˜â€â™‚ï¸|homem na posiÃ§Ã£o de lÃ³tus|ioga|meditaÃ§Ã£o|yoga
ğŸ§˜â€â™€ï¸|ioga|meditaÃ§Ã£o|mulher na posiÃ§Ã£o de lÃ³tus|yoga
ğŸ›€|banheira|pessoa tomando banho|banho|pessoa a tomar banho
ğŸ›Œ|hotel|pessoa deitada na cama|sono|dormir|pessoa na cama
ğŸ§‘â€ğŸ¤â€ğŸ§‘|casal|de mÃ£os dadas|pessoas de mÃ£os dadas|segurando|mÃ£os dadas
ğŸ‘­|casal|duas mulheres de mÃ£o dadas|duas mulheres de mÃ£os dadas|mÃ£os dadas|pessoas|mulheres de mÃ£os dadas
ğŸ‘«|casal|homem e mulher de mÃ£os dadas|mÃ£os dadas|mulher e homem de mÃ£os dadas
ğŸ‘¬|casal|dois homens de mÃ£os dadas|gÃªmeos|irmÃ£os|mÃ£os dadas|gÃ©meos|homem|homens de mÃ£os dadas|signo
ğŸ’|beijar|beijo|casal|romance
ğŸ’‘|casal apaixonado|casal com um coraÃ§Ã£o|coraÃ§Ã£o|pessoas|romance|amor|casal com coraÃ§Ã£o
ğŸ‘ª|famÃ­lia|filho|mÃ£e|pai|pessoas
ğŸ—£ï¸|falando|silhueta|voz|cabeÃ§a a falar|cara|falar
ğŸ‘¤|busto|pessoas|silhueta de busto
ğŸ‘¥|busto|pessoas|silhueta de bustos
ğŸ«‚|abraÃ§o|adeus|obrigado|olÃ¡|pessoas se abraÃ§ando|pessoas abraÃ§adas
ğŸ‘£|corpo|gravura|pÃ©|pegadas
ğŸµ|animal|macaco|rosto de macaco|cara de macaco
ğŸ’|animal|macaco
ğŸ¦|animal|gorila|macaco
ğŸ¦§|macaco|orangotango|sÃ­mio
ğŸ¶|cachorro|rosto de cachorro|animal de estimaÃ§Ã£o|cÃ£o|cara de cÃ£o
ğŸ•|cachorro|animal de estimaÃ§Ã£o|cÃ£o
ğŸ¦®|acessibilidade|cÃ£o-guia|cegueira|guia
ğŸ•â€ğŸ¦º|accessibilidade|assistÃªncia|cÃ£o de serviÃ§o|serviÃ§o|cÃ£o de assistÃªncia
ğŸ©|animal|cachorro|poodle|caniche|cÃ£o
ğŸº|animal|lobo|rosto de lobo|cara
ğŸ¦Š|raposa|rosto de raposa|cara
ğŸ¦|astuto|curioso|guaxinim
ğŸ±|gato|rosto de gato|animal de estimaÃ§Ã£o|cara de gato
ğŸˆ|gato|animal de estimaÃ§Ã£o
ğŸˆâ€â¬›|azar|gato|preto
ğŸ¦|animal|leÃ£o|rosto de leÃ£o|zodÃ­aco|cara de leÃ£o|signo
ğŸ¯|animal|rosto de tigre|tigre|cara de tigre
ğŸ…|animal|tigre
ğŸ†|animal|leopardo
ğŸ´|animal|cavalo|rosto de cavalo|cara de cavalo
ğŸ|animal|corrida de cavalo|equestre|cavalo de corrida|equitaÃ§Ã£o
ğŸ¦„|rosto de unicÃ³rnio|unicÃ³rnio|cara
ğŸ¦“|animal|listra|zebra|risca
ğŸ¦Œ|animal|cervo|veado
ğŸ¦¬|bisÃ£o|bisonte|bÃºfalo|rebanho
ğŸ®|animal|rosto de vaca|vaca|cara de vaca
ğŸ‚|animal|boi|touro|zodÃ­aco|signo
ğŸƒ|Ã¡gua|animal|bÃºfalo-asiÃ¡tico
ğŸ„|animal|vaca
ğŸ·|animal|porco|rosto de porco|cara de porco
ğŸ–|animal|porco
ğŸ—|animal|javali|porco
ğŸ½|animal|nariz de porco|porco|rosto|cara|focinho
ğŸ|animal|Ã¡ries|zodÃ­aco|carneiro (animal)|ovelha|signo
ğŸ‘|animal|ovelha
ğŸ|animal|bode|cabra|capricÃ³rnio|zodÃ­aco|signo
ğŸª|animal|camelo de uma sÃ³ corcova|corcova|dromedÃ¡rio|bossa
ğŸ«|animal|camelo asiÃ¡tico com duas corcovas|camelo com duas corcovas|corcova|bossa
ğŸ¦™|alpaca|animal|guanaco|lÃ£|lhama|vicunha|lama
ğŸ¦’|animal|girafa
ğŸ˜|animal|elefante
ğŸ¦£|extinto|grande|lanoso|mamute|presa
ğŸ¦|animal|rinoceronte
ğŸ¦›|animal|hipopÃ³tamo
ğŸ­|animal|camundongo|rosto de camundongo|cara de rato|rato
ğŸ|animal|camundongo|rato
ğŸ€|animal|ratazana|rato
ğŸ¹|hamster|rosto de hamster|animal de estimaÃ§Ã£o|cara
ğŸ°|coelho|rosto de coelho|animal de estimaÃ§Ã£o|cara de coelho|coelhinho
ğŸ‡|coelhinho|coelho|animal de estimaÃ§Ã£o
ğŸ¿ï¸|animal|esquilo
ğŸ¦«|castor|represa|aÃ§ude|barragem|dique
ğŸ¦”|animal|porco-espinho|espinhoso|ouriÃ§o-caixeiro
ğŸ¦‡|animal|morcego|vampiro
ğŸ»|animal|rosto de urso|urso|cara
ğŸ»â€â„ï¸|Ã¡rtico|branco|urso polar
ğŸ¨|animal|coala|urso
ğŸ¼|animal|panda|rosto de panda|cara
ğŸ¦¥|lenta|preguiÃ§a|preguiÃ§osa
ğŸ¦¦|brincalhona|lontra|pesca
ğŸ¦¨|fedor|gambÃ¡|doninha fedorenta|mau cheiro
ğŸ¦˜|austrÃ¡lia|canguru|joey|marsupial|pula|saltar
ğŸ¦¡|ratel|texugo de mel|chatear|texugo-do-mel
ğŸ¾|patas|pegada de pata|pegadas de patas
ğŸ¦ƒ|ave|peru
ğŸ”|ave|galinha
ğŸ“|ave|galo
ğŸ£|ave|chocando|filhote|galinha|pintinho|pinto|bebÃ©|ovo|pintainho a sair do ovo
ğŸ¤|ave|filhote|galinha|pintinho de perfil|pinto|bebÃ©|pintainho
ğŸ¥|ave|fihote|galinha|pintinho de frente|pinto|bebÃ©|pintainho a olhar para a frente
ğŸ¦|animal|pÃ¡ssaro|ave
ğŸ§|animal|pinguim
ğŸ•Šï¸|animal|ave branca|pÃ¡ssaro|paz|pomba branca|voar
ğŸ¦…|Ã¡guia|pÃ¡ssaro|ave
ğŸ¦†|pÃ¡ssaro|pato|ave
ğŸ¦¢|cisne|pÃ¡ssaro|patinho feio|pinto de cisne
ğŸ¦‰|coruja|pÃ¡ssaro|sabedoria|mocho|sensato
ğŸ¦¤|dodÃ´|extinto|grande|maurÃ­cio|dodÃ³|maurÃ­cias
ğŸª¶|leve|pÃ¡ssaro|pena|plumagem|voo
ğŸ¦©|extravagante|flamingo|tropical
ğŸ¦š|ave|orgulhoso|pavÃ£o|pavoa|pomposo
ğŸ¦œ|papagaio|pÃ¡ssaro|pirata|falar
ğŸ¸|animal|rosto de sapo|sapo|cara
ğŸŠ|animal|crocodilo|jacarÃ©
ğŸ¢|animal|tartaruga|cÃ¡gado
ğŸ¦|animal|lagartixa|rÃ©ptil|lagarto
ğŸ|animal|cobra|rÃ©ptil|serpente|ofiÃºco|serpentÃ¡rio|signo
ğŸ²|animal|dragÃ£o|rosto de dragÃ£o|cara de dragÃ£o|conto de fadas
ğŸ‰|animal|dragÃ£o|conto de fadas
ğŸ¦•|braquiossauro|brontossuro|diplÃ³doco|saurÃ³pode
ğŸ¦–|t-rex|tiranossauro rex
ğŸ³|animal|baleia esguichando Ã¡gua|esguicho|baleia com esguicho de Ã¡gua|cara|esguichar
ğŸ‹|animal|baleia
ğŸ¬|animal|golfinho
ğŸ¦­|foca|leÃ£o marinho
ğŸŸ|animal|peixes|zodÃ­aco|signo
ğŸ |animal|peixe tropical|tropical
ğŸ¡|animal|baiacu|peixe-balÃ£o
ğŸ¦ˆ|peixe|tubarÃ£o
ğŸ™|animal|polvo
ğŸš|animal|caramujo|bÃºzio|concha|espiral
ğŸŒ|animal|caracoleta
ğŸ¦‹|beleza|borboleta|inseto|bonita|insecto
ğŸ›|animal|centopeia|inseto|lagarta|bicho|insecto
ğŸœ|formiga|inseto|insecto
ğŸ|abelha|inseto|insecto|mel
ğŸª²|besouro|bicho|inseto
ğŸ|inseto|joaninha|bicho|voa voa
ğŸ¦—|grilo|inseto|gafanhoto
ğŸª³|baratas|inseto|praga
ğŸ•·ï¸|aranha|inseto|insecto
ğŸ•¸ï¸|aranha|inseto|teia de aranha
ğŸ¦‚|inseto|zodÃ­aco|escorpiÃ£o (animal)|signo
ğŸ¦Ÿ|doenÃ§a|febre|inseto|malÃ¡ria|mosquito|vÃ­rus|insecto|melga
ğŸª°|apodrecendo|doenÃ§a|larva|mosca|praga|decomposiÃ§Ã£o
ğŸª±|anelÃ­deo|minhoca|parasita
ğŸ¦ |ameba|bactÃ©ria|micrÃ³bio|vÃ­rus
ğŸ’|buquÃª|flor|planta|ramo de flores|romance
ğŸŒ¸|cereja|flor de cerejeira|cerejeira em flor|em flor|planta
ğŸ’®|flor branca
ğŸµï¸|flor|roseta|planta|rosÃ¡cea
ğŸŒ¹|flor|rosa|vermelha
ğŸ¥€|flor|murchando
ğŸŒº|flor|hibisco
ğŸŒ»|flor|girassol|sol
ğŸŒ¼|florescer|malmequer
ğŸŒ·|flor|tulipa|tÃºlipa
ğŸŒ±|muda de planta|plantinha|nova|planta|rebento
ğŸª´|casa|chato|nutrir|plantar|sem utilidade|vaso com planta
ğŸŒ²|conÃ­fera|Ã¡rvore de folha perene|planta
ğŸŒ³|caidiÃ§a|desfolha|Ã¡rvore de folha caduca|caduca
ğŸŒ´|Ã¡rvore|palmeira|palma|planta
ğŸŒµ|cacto|planta|cato
ğŸŒ¾|arroz|espiga de arroz|planta de arroz|feixe de arroz
ğŸŒ¿|folha|erva aromÃ¡tica|planta
ğŸ€|folhas|quatro|trevo de quatro folhas|4|planta
ğŸ|folha caÃ­da|folha de bordo|Ã¡cer|folha de Ã¡cer|planta|queda
ğŸ‚|caÃ­das|cair|folhas|folha caÃ­da|planta|queda
ğŸƒ|folha ao vento|soprando|vento|esvoaÃ§ar|folha a esvoaÃ§ar ao vento|planta|soprar
ğŸ‡|fruta|uvas
ğŸˆ|fruta|melÃ£o|meloa
ğŸ‰|fruta|melancia|fatia
ğŸŠ|fruta|laranja|tangerina|clementina
ğŸ‹|cÃ­trico|fruta|limÃ£o siciliano|citrino
ğŸŒ|banana|fruta
ğŸ|abacaxi|fruta|ananÃ¡s
ğŸ¥­|fruta|manga|tropical
ğŸ|fruta|maÃ§Ã£|vermelha|pÃªro
ğŸ|fruta|maÃ§Ã£|verde
ğŸ|fruta|pera
ğŸ‘|fruta|pÃªssego
ğŸ’|frutas vermelhas|cerejas|ginja
ğŸ“|frutas vermelhas|morango
ğŸ«|azul|baga|blueberry|mirtilos
ğŸ¥|comida|fruta|kiwi|quivi
ğŸ…|fruta|fruto|legume|tomate
ğŸ«’|alimento|azeitona|comida
ğŸ¥¥|coco|fruta|palmeira
ğŸ¥‘|abacate|comida|fruta
ğŸ†|berinjela|legume|beringela
ğŸ¥”|batata|comida|legume
ğŸ¥•|cenoura|comida|legume
ğŸŒ½|espiga de milho|milho|cereal
ğŸŒ¶ï¸|apimentado|pimenta|tempero|legume|malagueta|picante
ğŸ«‘|capsicum|pimenta|pimentÃ£o|vegetal|pimento
ğŸ¥’|comida|legume|pepino|picles|pickle
ğŸ¥¬|alface|bok choy|couve|repolho|verdura
ğŸ¥¦|brÃ³colis|brÃ³colos|legume
ğŸ§„|alho|tempero
ğŸ§…|cebola|tempero
ğŸ„|champignon|cogumelo|fungo
ğŸ¥œ|amendoim|comida|amendoins|leguminosa
ğŸŒ°|castanha|planta
ğŸ|pÃ£o de forma
ğŸ¥|comida|croissant|pÃ£o|folhado|francÃªs
ğŸ¥–|baguete|bisnaga|comida|pÃ£o|cacete|francÃªs
ğŸ«“|arepa|lavash|naan|pÃ£o sÃ­rio|pita
ğŸ¥¨|pretzel
ğŸ¥¯|chimia|pÃ£o|rosca|argola|bagel
ğŸ¥|comida|crepes|panquecas|doce
ğŸ§‡|gofre|waffle|wafle
ğŸ§€|queijo suÃ­Ã§o|fatia de queijo
ğŸ–|carne no osso|osso com carne
ğŸ—|aves|coxa de frango|coxinha|coxa de ave|frango|galinha|osso
ğŸ¥©|bife|corte de carne|costeleta de porco|costeleta de cordeiro|naco de carne
ğŸ¥“|bacon|comida|toucinho|carne
ğŸ”|bÃºrguer|hambÃºrguer|cheeseburger|hambÃºrger
ğŸŸ|batata frita|fritas|batatas
ğŸ•|fatia de pizza|pizza|piza|queijo
ğŸŒ­|cachorro-quente|hot dog|pÃ£o com salsicha|cachorro quente|salsicha
ğŸ¥ª|sanduÃ­che|pÃ£o|sandes
ğŸŒ®|comida mexicana|taco|mexicana
ğŸŒ¯|burrito|comida mexicana|mexicana
ğŸ«”|enrolado|mexicano|tamale|wrap
ğŸ¥™|comida|kebab|pÃ£o recheado|recheio|wrap|falafel|pita|recheado
ğŸ§†|almÃ´ndega|falafel|grÃ£o de bico|falÃ¡fel
ğŸ¥š|comida|ovo
ğŸ³|frigideira|ovo estrelado|ovo frito|cozinhar
ğŸ¥˜|caÃ§arola com comida|comida|paella|panela|rasa|caÃ§arola de comida|paelha
ğŸ²|ensopado|panela|tigela de comida|guisado|tacho com comida
ğŸ«•|chocolate|derretido|fondue|panela|queijo|suÃ­Ã§o
ğŸ¥£|cafÃ© da manhÃ£|cereal|tigela com colher|cereais|pequeno-almoÃ§o
ğŸ¥—|comida|salada|verde|alface|verdura
ğŸ¿|balde de pipoca|pipoca de cinema|pipocas
ğŸ§ˆ|laticÃ­nio|manteiga
ğŸ§‚|condimento|saleiro
ğŸ¥«|comida enlatada|lata|comida de lata
ğŸ±|bentÃ´|caixa de bentÃ´|caixa de refeiÃ§Ãµes|refeiÃ§Ãµes
ğŸ˜|arroz|biscoito de arroz|cracker|bolacha de arroz
ğŸ™|arroz|japonÃªs|onigiri|bola de arroz|bolinho
ğŸš|arroz cozido|cozido|tigela de arroz
ğŸ›|arroz com curry|curry e arroz|arroz com caril|caril
ğŸœ|lÃ¡men|ramen|massa|noodles|quente|tigela com comida quente
ğŸ|espaguete|macarrÃ£o|macarronada|esparguete|massa
ğŸ |assada|batata-doce assada|doce
ğŸ¢|espetinho|frutos do mar no espetinho|oden|restaurante|espetada|marisco
ğŸ£|comida japonesa|sushi
ğŸ¤|camarÃ£o frito|tempura|frito|gamba
ğŸ¥|bolinho de peixe|croquete de peixe|peixe|espiral|pastel de peixe com espiral
ğŸ¥®|bolo lunar|festival|outono|yuÃ¨bÇng|bolo da lua
ğŸ¡|bolinho japonÃªs|dango|japonÃªs|mochiko|sobremesa|doce|espetada|espeto|japonesa
ğŸ¥Ÿ|asiÃ¡tico|bolinho|chinÃªs|dumpling|empanada|guioza|pierogi|ravioli
ğŸ¥ |biscoito da sorte|profecia|bolinho|sorte
ğŸ¥¡|caixa para viagem|caixa de takeaway|comida pronta|takeaway
ğŸ¦€|animal|cÃ¢ncer|zodÃ­aco|caranguejo (animal)|signo
ğŸ¦|bisque|caldo|fruto do mar|garras|lagosta|mariscada|marisco|pinÃ§as
ğŸ¦|camarÃ£o|comida|crustÃ¡ceo|gamba|marisco
ğŸ¦‘|comida|lula|molusco
ğŸ¦ª|mergulho|ostra|pÃ©rola
ğŸ¦|sorvete de casquinha|sorvete italiano|sorvete na casquinha|cone de gelado|creme|cremoso|doce|gelado|gelo|sobremesa
ğŸ§|gelo|raspadinha de gelo|sobremesa|doce|granizado
ğŸ¨|sobremesa|sorvete|creme|doce|gelado|gelo
ğŸ©|donut|rosquinha|doce|dÃ³nute|sobremesa
ğŸª|biscoito|bolacha|cookie|doce
ğŸ‚|aniversÃ¡rio|bolo de aniversÃ¡rio|comemoraÃ§Ã£o|bolo de anos|celebraÃ§Ã£o|doce|pastelaria|sobremesa
ğŸ°|bolo|fatia de bolo|pÃ£o de lÃ³ de morango|sobremesa|doce|pastelaria
ğŸ§|bolo|confeitaria|cupcake|doce|torta|pastelaria|queque
ğŸ¥§|fatia de torta|torta|recheio|tarte
ğŸ«|barra de chocolate|chocolate|doce|sobremesa|tablete de chocolate
ğŸ¬|bala|balinha|doce|rebuÃ§ado|sobremesa
ğŸ­|bala|doce|pirulito|chupa-chupa|guloseima|sobremesa
ğŸ®|pudim de leite|pudim de ovos|doce|sobremesa
ğŸ¯|mel|pote de mel|doce
ğŸ¼|bebÃª|leite|leitinho|mamadeira|nenÃ©m|bebÃ©|beber|biberÃ£o
ğŸ¥›|copo de leite|leite|bebida
ğŸ«–|bebida|bule|chÃ¡|chaleira
ğŸµ|bebida|xÃ­cara de chÃ¡ sem alÃ§a|beber|chÃ¡vena de chÃ¡ sem asa
ğŸ¶|bar|bebida|copo|garrafa e copo de saquÃª|saquÃª|saquÃ©|taÃ§a
ğŸ¾|bar|champanha|champanhe|espumante|garrafa de champanhe|beber|garrafa com rolha a saltar|rolha|saltar
ğŸ·|bar|bebida|cÃ¡lice de vinho|taÃ§a de vinho|vinho|beber|copo de vinho
ğŸ¸|bar|coquetel|taÃ§a de coquetel|beber|cocktail|copo de cocktail
ğŸ¹|bar|bebida|coquetel de frutas|drink|tropical
ğŸº|bar|caneca de cerveja|cerveja|chopp|beber
ğŸ»|bar|canecas de cerveja|cerveja|chopp|beber|brindar|brinde com canecas de cerveja
ğŸ¥‚|brinde|champanhe|comemoraÃ§Ã£o|taÃ§as brindando|tim-tim|bebida|celebrar|copo
ğŸ¥ƒ|bebida|drink|whisky|baixo|copo de whisky|shot
ğŸ¥¤|copo com canudo|suco|copo com palhinha|refrigerante|sumo
ğŸ§‹|bolha|chÃ¡ perolado|leite|pÃ©rola|chÃ¡ bubble
ğŸ§ƒ|caixa de suco|suco de caixa|pacote de sumo
ğŸ§‰|bebida|mate
ğŸ§Š|cubo de gelo|gelado|frio|gelo|icebergue
ğŸ¥¢|hashi|pauzinhos
ğŸ½ï¸|prato com garfo e faca|prato com talheres ao lado|restaurante|cozinhar|faca e garfo com prato|garfo|talheres
ğŸ´|garfo e faca|cozinhar|faca e garfo|talheres
ğŸ¥„|colher|talheres
ğŸ”ª|faca de cozinha|arma|cortar|cozinhar|utensÃ­lio
ğŸº|Ã¢nfora|ornamento chinÃªs|vaso chinÃªs|beber|jarro|lÃ­quidos|utensÃ­lio
ğŸŒ|Ã¡frica|europa|globo mostrando europa e Ã¡frica|terra|globo com a europa e a Ã¡frica visÃ­veis|mundo
ğŸŒ|as amÃ©ricas|globo mostrando as amÃ©ricas|terra|amÃ©ricas|globo com as amÃ©ricas visÃ­veis|mundo
ğŸŒ|Ã¡sia|austrÃ¡lia|globo mostrando Ã¡sia e oceania|terra|globo a mostrar Ã¡sia e austrÃ¡lia|globo com a Ã¡sia e a austrÃ¡lia visÃ­veis|mundo
ğŸŒ|globo com meridianos|meridianos|mundo|terra
ğŸ—ºï¸|geografia|mapa-mÃºndi|mundo|mapa do mundo
ğŸ—¾|japÃ£o|mapa do japÃ£o
ğŸ§­|bÃºssola magnÃ©tica|navegaÃ§Ã£o|orientaÃ§Ã£o
ğŸ”ï¸|frio|montanha com neve|neve|montanha coberta de neve
â›°ï¸|montanha|monte
ğŸŒ‹|erupÃ§Ã£o vulcÃ¢nica|vulcÃ£o|montanha
ğŸ—»|montanha|monte fuji|fuji
ğŸ•ï¸|acampamento|barraca|acampar|campismo
ğŸ–ï¸|guarda-sol|praia e guarda-sol|praia com guarda-sol
ğŸœï¸|deserto|areia|cato
ğŸï¸|ilha deserta|deserta
ğŸï¸|parque com rio|parque nacional|rio
ğŸŸï¸|estÃ¡dio
ğŸ›ï¸|arquitetura|clÃ¡ssico|grego|prÃ©dio grego|edifÃ­cio clÃ¡ssico|edifÃ­cio da antiguidade
ğŸ—ï¸|construÃ§Ã£o civil|edifÃ­cio|obras
ğŸ§±|argamassa|argila|muro|parede|tijolos
ğŸª¨|pedra|pedregulho|pesado|rocha|sÃ³lido
ğŸªµ|lenha|madeira serrada|tronco
ğŸ›–|cabana|casa|yurt
ğŸ˜ï¸|casas|edifÃ­cios de habitaÃ§Ã£o|habitaÃ§Ã£o
ğŸšï¸|casa abandonada|abandonado|casa em ruÃ­nas
ğŸ |casa|construÃ§Ã£o|edifÃ­cio|habitaÃ§Ã£o
ğŸ¡|casa com jardim|construÃ§Ã£o|jardim|lar|habitaÃ§Ã£o|vivenda
ğŸ¢|edifÃ­cio comercial|edifÃ­cio de escritÃ³rios|escritÃ³rios
ğŸ£|japonÃªs|oriental|prÃ©dio|correios|edifÃ­cio|estaÃ§Ã£o de correios japonesa
ğŸ¤|europeu|prÃ©dio|correios|edifÃ­cio|estaÃ§Ã£o de correios
ğŸ¥|hospital|prÃ©dio|edifÃ­cio|medicina|mÃ©dico
ğŸ¦|banco|prÃ©dio|banca|edifÃ­cio
ğŸ¨|hotel|prÃ©dio|edifÃ­cio
ğŸ©|amor|motel|prÃ©dio|edifÃ­cio|hotel com coraÃ§Ã£o
ğŸª|conveniÃªncia|loja de conveniÃªncia|prÃ©dio|edifÃ­cio
ğŸ«|escola|prÃ©dio da escola|edifÃ­cio
ğŸ¬|departamentos|loja de departamentos|comÃ©rcio|edifÃ­cio|grande armazÃ©m|lojas
ğŸ­|fÃ¡brica|prÃ©dio|edifÃ­cio
ğŸ¯|castelo japonÃªs|pagoda|pagode|prÃ©dio|edifÃ­cio|japonÃªs
ğŸ°|castelo europeu|castelo medieval|prÃ©dio|edifÃ­cio|europeu
ğŸ’’|capela de casamento|casamento|romance
ğŸ—¼|tÃ³quio|torre de tÃ³quio
ğŸ—½|estÃ¡tua da liberdade|liberdade
â›ª|igreja|prÃ©dio|cristÃ£o|cruz|religiÃ£o
ğŸ•Œ|mesquita|muÃ§ulmano|religiÃ£o|islÃ£o
ğŸ›•|hindu|templo
ğŸ•|judaÃ­smo|judeu|religiÃ£o|sinagoga|templo
â›©ï¸|japonÃªs|oriental|religiÃ£o|santuÃ¡rio japonÃªs|templo xintoÃ­sta|xintoÃ­smo
ğŸ•‹|caaba islÃ£|islÃ£|muÃ§ulmano|religiÃ£o|islamismo
â›²|chafariz|fonte
â›º|acampamento|barraca|campismo|tenda
ğŸŒ|bruma|enevoado|neblina|nÃ©voa|nevoeiro|nublado
ğŸŒƒ|estrelas|noite estrelada|noite com estrelas
ğŸ™ï¸|cidade|prÃ©dios|edifÃ­cios|paisagem urbana
ğŸŒ„|aurora sobre montanhas|montanha|nascer do sol sobre as montanhas|sol da manhÃ£|manhÃ£|nascer do sol nas montanhas
ğŸŒ…|aurora sobre Ã¡gua|rio|sol da manhÃ£|sol nascendo|manhÃ£|nascer do sol
ğŸŒ†|anoitecer|cidade ao anoitecer|noite|pÃ´r do sol|prÃ©dio|crepÃºsculo|paisagem urbana ao anoitecer|sol
ğŸŒ‡|anoitecer|pÃ´r do sol sobre prÃ©dios|prÃ©dio|crepÃºsculo|edifÃ­cios|pÃ´r-do-sol|sol
ğŸŒ‰|noite|ponte Ã  noite|ponte da noite
ğŸ |carrossel|cavalo de carrossel|entretenimento
ğŸ¡|entretenimento|gigante|parque de diversÃµes|roda
ğŸ¢|entretenimento|parque de diversÃµes|russa|montanha-russa
ğŸ’ˆ|barbearia|barbeiro|barber pole|poste de barbeiro|corte de cabelo|sÃ­mbolo de barbearia
ğŸª|circo|entretenimento|lona de circo|tenda de circo
ğŸš‚|locomotiva|trem|veÃ­culo|comboio|linha ferroviÃ¡ria|mÃ¡quina|vapor
ğŸšƒ|bonde elÃ©trico|elÃ©trico|ferroviÃ¡rio|trem elÃ©trico|trÃ³lebus|vagÃ£o de trem|vagÃ£o ferroviÃ¡rio|veÃ­culo|carro|carruagem|comboio|elÃ©ctrico|linha ferroviÃ¡ria|troleicarro
ğŸš„|sistema de trens bala japonÃªs|trem de alta velocidade|veÃ­culo|comboio de alta velocidade|linha ferroviÃ¡ria|shinkansen|velocidade
ğŸš…|parte dianteira em formato de bala|sistema de trens bala japonÃªs com parte dianteira em formato de bala|trem de alta velocidade japonÃªs|veÃ­culo|bala|comboio-bala|linha ferroviÃ¡ria|shinkansen|velocidade
ğŸš†|ferrovia|trem|veÃ­culo|comboio|linha fÃ©rrea|linha ferroviÃ¡ria
ğŸš‡|metrÃ´|veÃ­culo|metropolitano
ğŸšˆ|leve|trem urbano|veÃ­culo|linha ferroviÃ¡ria|metro de superfÃ­cie
ğŸš‰|estaÃ§Ã£o|trem|comboio|linha ferroviÃ¡ria
ğŸšŠ|bonde elÃ©trico|trÃ³lebus|veÃ­culo|elÃ©ctrico|elÃ©trico
ğŸš|monotrilho|veÃ­culo|monocarril
ğŸš|carro|estrada de ferro na montanha|montanha|telefÃ©rico|veÃ­culo|comboio de montanha|linha ferroviÃ¡ria|transporte
ğŸš‹|bonde elÃ©trico|carro|trÃ³lebus|veÃ­culo|elÃ©trico
ğŸšŒ|Ã´nibus|veÃ­culo|autocarro
ğŸš|Ã´nibus se aproximando|se aproximando|veÃ­culo|aproximaÃ§Ã£o|autocarro a aproximar-se|autocarro a chegar
ğŸš|bonde elÃ©trico|Ã´nibus|trÃ³lebus|veÃ­culo|autocarro|trÃ³lei|troleicarro
ğŸš|Ã´nibus|van|veÃ­culo|autocarro|miniautocarro
ğŸš‘|ambulÃ¢ncia|veÃ­culo
ğŸš’|caminhÃ£o do corpo de bombeiros|carro do corpo de bombeiros|fogo|veÃ­culo|bombeiros|camiÃ£o|carro de bombeiros
ğŸš“|carro patrulha|polÃ­cia|veÃ­culo|viatura policial|carro da polÃ­cia|patrulha
ğŸš”|polÃ­cia|veÃ­culo|viatura policial se aproximando|aproximaÃ§Ã£o|carro da polÃ­cia a aproximar-se
ğŸš•|tÃ¡xi|veÃ­culo
ğŸš–|tÃ¡xi se aproximando|veÃ­culo|aproximaÃ§Ã£o|tÃ¡xi a aproximar-se
ğŸš—|automÃ³vel|carro|veÃ­culo
ğŸš˜|automÃ³vel se aproximando|carro se aproximando|se aproximando|veÃ­culo|aproximaÃ§Ã£o|automÃ³vel a aproximar-se
ğŸš™|carro|suv|trailer|veÃ­culo recreacional|recreio
ğŸ›»|caminhonete|pick-up|veÃ­culo|carrinha
ğŸšš|caminhÃ£o de entrega|veÃ­culo|camiÃ£o de entregas|entregas
ğŸš›|caminhÃ£o articulado|trailer|veÃ­culo|camiÃ£o articulado|semirreboque
ğŸšœ|trator|veÃ­culo
ğŸï¸|automobilismo|carro de corrida|corrida
ğŸï¸|corrida|motocicleta|mota|motociclismo|motociclo
ğŸ›µ|scooter|lambreta|motorizada
ğŸ¦½|acessibilidade|cadeira de rodas manual
ğŸ¦¼|acessibilidade|cadeira de rodas motorizada|cadeira de rodas elÃ©trica
ğŸ›º|automÃ³vel riquixÃ¡|autorriquixÃ¡|tuk tuk|riquexÃ³ motorizado
ğŸš²|bicicleta|veÃ­culo|bicla
ğŸ›´|brinquedo|patinete|pontapÃ©|trotineta|trotinete
ğŸ›¹|skate
ğŸ›¼|patins de rodas|rodas
ğŸš|Ã´nibus|ponto de Ã´nibus|autocarro|paragem de autocarro
ğŸ›£ï¸|caminho|estrada|autoestrada|via rÃ¡pida
ğŸ›¤ï¸|trem|trilhos|comboio|linha ferroviÃ¡ria
ğŸ›¢ï¸|barril de Ã³leo|lata de Ã³leo|Ã³leo|barril de petrÃ³leo|petrÃ³leo
â›½|bomba de combustÃ­vel|combustÃ­vel|gasolina|posto de gasolina|abastecimento|bomba de gasolina
ğŸš¨|carro da polÃ­cia|farol policial|luz de viatura policial|luz giratÃ³ria|sirene|luz de carro da polÃ­cia|polÃ­cia
ğŸš¥|luz|semÃ¡foro horizontal|sinais de trÃ¢nsito|trÃ¢nsito|sinal
ğŸš¦|luz|semÃ¡foro vertical|sinais de trÃ¢nsito|trÃ¢nsito|sinal
ğŸ›‘|pare|sinal de pare|octagonal|sinal de stop|stop
ğŸš§|construÃ§Ã£o|em construÃ§Ã£o|sÃ­mbolo para em construÃ§Ã£o|barreira|obras
â›µ|barco a vela|iate|resort marÃ­timo|estÃ¢ncia|mar|veÃ­culo|veleiro
ğŸ›¶|barco|canoa
ğŸš¤|barco|lancha|veÃ­culo
ğŸ›³ï¸|cruzeiro|passageiros|veÃ­culo|navio de passageiros
â›´ï¸|balsa|barco|ferry boat|ferry-boat
ğŸ›¥ï¸|motor|veÃ­culo|barco a motor
ğŸš¢|navio|veÃ­culo aquÃ¡tico|barco|passageiro
ğŸ›©ï¸|aÃ©reo|aviÃ£o pequeno|veÃ­culo pequeno|avioneta
ğŸ›«|aviÃ£o decolando|decolando|decolar|veÃ­culo|aviÃ£o a levantar|check-in|levantar|partida
ğŸ›¬|aterrissagem|aterrissando|pousando|veÃ­culo|aterragem|aviÃ£o a aterrar|chegadas
ğŸª‚|asa-delta|paraquedas|saltar de paraquedas|paraquedismo|parasailing
ğŸ’º|assento|cadeira
ğŸš|helicÃ³ptero|veÃ­culo
ğŸšŸ|estrada de ferro suspensa|suspensÃ£o|veÃ­culo|monocarril suspenso
ğŸš |bonde|cabo suspenso usado em telefÃ©ricos nas montanhas|montanha|telefÃ©rico na montanha|veÃ­culo|telefÃ©rico de montanha
ğŸš¡|aÃ©rea|gÃ´ndola|linha de bonde aÃ©rea|telefÃ©rico|veÃ­culo|aÃ©reo|cabo|funicular
ğŸ›°ï¸|satÃ©lite|veÃ­culo|espaÃ§o
ğŸš€|foguete|veÃ­culo|espaÃ§o|foguetÃ£o
ğŸ›¸|disco voador|ovni
ğŸ›ï¸|hotel|sineta|sino|campainha de receÃ§Ã£o|rececionista
ğŸ§³|bagagem|mala|viagem
âŒ›|areia|ampulheta terminada|temporizador
â³|ampulheta contando o tempo|relÃ³gio de areia|ampulheta com areia a cair|areia|temporizador
âŒš|relÃ³gio de pulso
â°|alarme|despertador|relÃ³gio
â±ï¸|cronÃ´metro|relÃ³gio|cronÃ³metro
â²ï¸|cronÃ´metro|relÃ³gio temporizador|timer|temporizador
ğŸ•°ï¸|relÃ³gio de mesa|relÃ³gio de lareira
ğŸ•›|12 horas|12h00|doze|meia-noite|meio-dia|relÃ³gio|00|12:00|horas|vinte e quatro
ğŸ•§|12h30|doze e meia|relÃ³gio|12:30|meia-noite e meia|meio-dia e meia|trinta
ğŸ•|1 hora|1h00|relÃ³gio|00|1:00|horas|treze|uma hora
ğŸ•œ|1h30|relÃ³gio|uma e meia|1:30|30|meia|trinta
ğŸ•‘|2 horas|2h00|duas|relÃ³gio|00|2:00|catorze|horas
ğŸ•|2h30|duas e meia|relÃ³gio|2:30|30|meia|trinta
ğŸ•’|3 horas|3h00|relÃ³gio|trÃªs|00|3:00|horas|quinze
ğŸ•|3h30|relÃ³gio|trÃªs e meia|3:30|30|meia|trinta
ğŸ•“|4 horas|4h00|quatro|relÃ³gio|00|4:00|dezasseis|horas
ğŸ•Ÿ|4h30|quatro e meia|relÃ³gio|30|4:30|meia|trinta
ğŸ•”|5 horas|5h00|cinco|relÃ³gio|00|5:00|dezassete|horas
ğŸ• |5h30|cinco e meia|relÃ³gio|5:30|meia|trinta
ğŸ••|6 horas|6h00|relÃ³gio|seis|00|6:00|dezoito|horas
ğŸ•¡|6h30|relÃ³gio|seis e meia|30|6:30|meia|trinta
ğŸ•–|7 horas|7h00|relÃ³gio|sete|00|7:00|dezanove|horas
ğŸ•¢|7h30|relÃ³gio|sete e meia|30|7:30|meia|trinta
ğŸ•—|8 horas|8h00|oito|relÃ³gio|00|8:00|horas|vinte
ğŸ•£|8h30|oito e meia|relÃ³gio|30|8:30|meia|trinta
ğŸ•˜|9 horas|9h00|nove|relÃ³gio|00|9:00|horas|vinte e uma
ğŸ•¤|9h30|nove e meia|relÃ³gio|30|9:30|meia|trinta
ğŸ•™|10 horas|10h00|dez|relÃ³gio|00|10:00|horas|vinte e duas
ğŸ•¥|10h30|dez e meia|relÃ³gio|10:30|30|meia|trinta
ğŸ•š|11 horas|11h00|onze|relÃ³gio|00|11:00|horas|vinte e trÃªs
ğŸ•¦|11h30|onze e meia|relÃ³gio|11:30|30|meia|trinta
ğŸŒ‘|escuro|lua negra|nova|espaÃ§o|lua nova|meteorologia
ğŸŒ’|cÃ´ncava|crescente|espaÃ§o|lua na primeira falcada|meteorologia
ğŸŒ“|lua de quarto crescente|quarto crescente|crescente|espaÃ§o|lua em quarto crescente|meteorologia|quatro
ğŸŒ”|convexa|crescente|espaÃ§o|lua na primeira giba|meteorologia
ğŸŒ•|cheia|luar|espaÃ§o|meteorologia
ğŸŒ–|convexa|lua|minguante|espaÃ§o|meteorologia
ğŸŒ—|lua de quarto minguante|quarto minguante|espaÃ§o|lua em quarto minguante|meteorologia|minguante|quatro
ğŸŒ˜|cÃ´ncava|minguante|crescente|espaÃ§o|lua minguante cÃ´ncava|meteorologia
ğŸŒ™|crescente|espaÃ§o|lua crescente sem sombra|meteorologia
ğŸŒš|lua nova com rosto|rosto da lua nova|cara de lua nova|espaÃ§o|meteorologia
ğŸŒ›|lua com rosto|lua de quarto crescente|quarto crescente com rosto|rosto da lua de quarto crescente|cara|espaÃ§o|lua em quarto crescente com cara|meteorologia
ğŸŒœ|lua com rosto|lua de quarto minguante|quarto minguante com rosto|rosto da lua de quarto minguante|cara|espaÃ§o|lua em quarto minguante com cara|meteorologia
ğŸŒ¡ï¸|clima|tempo|termÃ´metro|meteorologia|temperatura|termÃ³metro
ğŸŒ|cheia|lua cheia com rosto|lua com rosto|rosto da lua cheia|brilhante|cara|espaÃ§o|lua cheia com cara|meteorologia
ğŸŒ|rosto do sol|brilhante|cara|espaÃ§o|meteorologia|sol com cara
ğŸª|planeta com anÃ©is|saturnino|saturno|planeta anelado
â­|estrela branca mÃ©dia|estrela amarela
ğŸŒŸ|brilhante|brilho|cintilante|estrela|luminosa|reluzente
ğŸŒ |cadente|cai|estrela|espaÃ§o
ğŸŒŒ|cÃ©u|estrelado|via lÃ¡ctea|espaÃ§o
â›…|nuvem|sol com nuvens|sol por trÃ¡s das nuvens|meteorologia|sol atrÃ¡s de nuvem
â›ˆï¸|chuva com trovÃ£o|clima|trovÃ£o|meteorologia|nuvem com relÃ¢mpago e chuva|trovoada
ğŸŒ¤ï¸|clima|nuvem|sol com nuvens|meteorologia|sol atrÃ¡s de nuvem pequena
ğŸŒ¥ï¸|clima|nublado|nuvem|meteorologia|sol atrÃ¡s de nuvem grande
ğŸŒ¦ï¸|chuva|clima|nuvem|sol com chuva|meteorologia|sol atrÃ¡s de nuvem com chuva
ğŸŒ§ï¸|chuva|clima|nuvem com chuva|meteorologia
ğŸŒ¨ï¸|clima|frio|neve|nuvem com neve|meteorologia
ğŸŒ©ï¸|clima|nuvem com trovÃ£o|relÃ¢mpago|meteorologia|nuvem com relÃ¢mpago
ğŸŒªï¸|clima|furacÃ£o|nuvem|tornado|meteorologia
ğŸŒ«ï¸|clima|furacÃ£o|nevoeiro|nuvem|meteorologia|nÃ©voa
ğŸŒ¬ï¸|clima|nuvem|rosto de vento|sopro|vento|cara de vento|meteorologia|soprar
ğŸŒ€|ciclone|furacÃ£o|twister|zonzo|meteorologia|tufÃ£o
ğŸŒˆ|arco-Ã­ris|chuva|clima|cores|meteorologia
ğŸŒ‚|chuva|chuvoso|guarda-chuva fechado|acessÃ³rio|meteorologia
â›±ï¸|chuva|clima|sol|sombrinha|guarda-sol na areia|meteorologia
âš¡|perigo de alta tensÃ£o|sinal de alta tensÃ£o|tensÃ£o|alta tensÃ£o|choque elÃ©trico|eletricidade|voltagem
â›„|boneco de neve sem neve|neve|frio|meteorologia
ğŸ”¥|chama|fogo
ğŸ’§|com suor|engraÃ§ado|gota de suor|suor|desenho|frio|meteorologia
ğŸŒŠ|onda de Ã¡gua|onda do oceano|Ã¡gua|meteorologia|oceano
ğŸƒ|abÃ³bora de halloween|comemoraÃ§Ã£o|halloween|jack|lanterna|celebraÃ§Ã£o|dia das bruxas
ğŸ„|Ã¡rvore de natal|comemoraÃ§Ã£o|celebraÃ§Ã£o|natal|pinheiro de natal
ğŸ†|comemoraÃ§Ã£o|fogos de artifÃ­cio|celebraÃ§Ã£o|fogo de artifÃ­cio
ğŸ‡|comemoraÃ§Ã£o|fogo de artifÃ­cio vela estrela|vela estrela|celebraÃ§Ã£o|faÃ­sca|vela com faÃ­sca
ğŸ§¨|bombinha|dinamite|explosivo|fogos de artifÃ­cio|fogo de artifÃ­cio|petardo
ğŸˆ|balÃ£o|comemoraÃ§Ã£o|celebraÃ§Ã£o|festa
ğŸ‰|alegria|comemoraÃ§Ã£o|cone de festa|festa|celebraÃ§Ã£o|confetti|lanÃ§a-confetes|surpresa
ğŸŠ|bola de confetes|comemoraÃ§Ã£o|confete|celebraÃ§Ã£o|confetti
ğŸ‹|Ã¡rvore de tanabata|Ã¡rvore japanesa|comemoraÃ§Ã£o|Ã¡rvore do tanabata|celebraÃ§Ã£o|faixa|japonÃªs
ğŸ|bambu|comemoraÃ§Ã£o|decoraÃ§Ã£o de pinhas|decoraÃ§Ã£o de pinhos|japonÃªs|pinha|celebraÃ§Ã£o|decoraÃ§Ã£o com bambu|planta
ğŸ|bonecas japanesas|bonecas japonesas|comemoraÃ§Ã£o|festival|celebraÃ§Ã£o|japonÃªs
ğŸ|bandeira de carpas|comemoraÃ§Ã£o|koinobori|subida de carpas|bandeirola de carpas|carpas|celebraÃ§Ã£o
ğŸ|carrilhÃ£o de vento|sino|som|vento|celebraÃ§Ã£o|espanta-espÃ­ritos
ğŸ‘|cerimÃ´nia de contemplaÃ§Ã£o da lua|comemoraÃ§Ã£o|contemplaÃ§Ã£o da lua|lua|celebraÃ§Ã£o|cerimÃ³nia da lua
ğŸ§§|boa sorte|dinheiro|envelope vermelho|hÃ³ngbÄo|lai see|presente
ğŸ€|comemoraÃ§Ã£o|laÃ§o de fita|celebraÃ§Ã£o|festa|fita
ğŸ|comemoraÃ§Ã£o|embrulhado|mimo|presente|caixa|celebraÃ§Ã£o
ğŸ—ï¸|celebraÃ§Ã£o|comemoraÃ§Ã£o|fita de lembrete|lembrete|laÃ§o de solidariedade|solidariedade
ğŸŸï¸|entrada|ingresso de cinema|bilhetes
ğŸ«|entretenimento|ingresso|bilhete|entrada
ğŸ–ï¸|condecoraÃ§Ã£o|medalha|militar|prÃªmio|celebraÃ§Ã£o
ğŸ†|prÃªmio|trofÃ©u|prÃ©mio
ğŸ…|medalha esportiva|vitÃ³ria|medalha desportiva
ğŸ¥‡|1Âº. lugar|medalha de ouro|ouro|vitÃ³ria|medalha de 1.Âº lugar|primeiro
ğŸ¥ˆ|2Âº. lugar|medalha de prata|prata|segundo|medalha de 2.Âº lugar
ğŸ¥‰|3Âº. lugar|bronze|medalha de bronze|terceiro|medalha de 3.Âº lugar
âš½|bola de futebol|futebol
âš¾|beisebol|bola de beisebol
ğŸ¥|bola|embaixo do braÃ§o|luva|softbol
ğŸ€|bola de basquete|cesta de basquete|basquetebol|cesto
ğŸ|bola de vÃ´lei|jogo|voleibol
ğŸˆ|americano|bola de futebol americano|futebol
ğŸ‰|bola de futebol|bola de rugby|rÃ¢guebi
ğŸ¾|bola de tÃªnis|raquete de tÃªnis|tÃªnis|tÃ©nis
ğŸ¥|frisbee|ultimate
ğŸ³|bola de boliche|boliche|jogo|bowling
ğŸ|bola|crÃ­quete|jogo|taco
ğŸ‘|bola|campo|hÃ³quei de campo|jogo|taco|hÃ³quei em campo|stick
ğŸ’|disco|gelo|hÃ³quei no gelo|jogo|taco|stick e disco de hÃ³quei no gelo
ğŸ¥|bastÃ£o|bola|gol|lacrosse|baliza
ğŸ“|mesa|pingue-pongue|raquete|tÃªnis de mesa|bola|jogo|tÃ©nis de mesa
ğŸ¸|badminton|jogo|peteca|raquete|badmÃ­nton|pena|volante
ğŸ¥Š|boxe|luva de boxe|desporto
ğŸ¥‹|artes marciais|judÃ´|karatÃª|quimono de artes marciais|taekwondo|desporto|judo|karatÃ©|uniforme
ğŸ¥…|esporte|gol|rede|baliza|desporto|objetivo
â›³|bandeira de golfe|bandeira no buraco|buraco|golfe
â›¸ï¸|gelo|patinaÃ§Ã£o no gelo|patins de gelo|patim de gelo
ğŸ£|peixe|pesca|vara de pescar e peixe|cana de pesca
ğŸ¤¿|mÃ¡scara de mergulho|mergulhador|mergulho|scuba|snorkeling
ğŸ½|camiseta de corrida com faixa|corrida|camisola de corrida|faixa
ğŸ¿|bota|esporte|esqui e bota|esquis|neve
ğŸ›·|trenÃ³
ğŸ¥Œ|pedra de curling|jogo
ğŸ¯|jogo|mira|na mosca|no alvo|tiro certeiro|alvo|centro|dardo|em cheio no alvo
ğŸª€|brinquedo|flutua|ioiÃ´|ioiÃ³
ğŸª|pipa|planar|voar|papagaio de papel
ğŸ±|bilhar|bola oito|jogo|bola 8|oito|snooker
ğŸ”®|adivinhaÃ§Ã£o|bola de cristal|cristal|destino|conto de fadas|fantasia|instrumento|sorte
ğŸª„|bruxa|magia|mago|varinha mÃ¡gica|feiticeiro
ğŸ§¿|amuleto|mau-olhado|miÃ§anga|nazar|olho grego|talismÃ£|missanga|olho turco
ğŸ®|controle de videogame|game|jogo|videogame|comando de consola|comando de jogos|videojogo
ğŸ•¹ï¸|game|jogo|joystick|videogame|videojogo
ğŸ°|caÃ§a-nÃ­quel|jogo de azar|mÃ¡quina caÃ§a-nÃ­queis|slot machine
ğŸ²|dados|jogo de dado|valor
ğŸ§©|dica|encaixe|quebra-cabeÃ§a|peÃ§a de puzzle
ğŸ§¸|brinquedo|enchimento|pelÃºcia|ursinho de pelÃºcia|peluche|ursinho de peluche
ğŸª…|comemoraÃ§Ã£o|festa|pinhata
ğŸª†|boneca|matriosca|russa
â™Ÿï¸|peÃ£o de xadrez|truque|xadrez|dispensÃ¡vel
ğŸƒ|baralho|carta|curinga|joker|jogar|jogo|jÃ³quer
ğŸ€„|dragÃ£o vermelho de mahjong|mahjong|peÃ§a de mahjong|vermelho|jogo
ğŸ´|carta de baralho|carta de flores|flores|hanafuda|jogo de baralho|baralho de cartas com flores|japonÃªs|jogar
ğŸ­|arte dramÃ¡tica|entretenimento|espetÃ¡culo|artes|mÃ¡scaras|performativas|teatro
ğŸ–¼ï¸|arte|pintura|quadro emoldurado|imagem|moldura com imagem|museu|quadro com moldura
ğŸ¨|arte|artista|paleta artÃ­stica|paleta de tintas|pintura|museu|paleta de artista
ğŸ§µ|agulha|barbante|carretel|costura|fio
ğŸª¡|agulha de costura|alfaiataria|bordados|costura|pontos|suturas
ğŸ§¶|bola|crochÃª|novelo|tricÃ´
ğŸª¢|amarrar|corda|cordel|emaranhado|fio|nÃ³
ğŸ‘“|acessÃ³rio|Ã³culos|olhos
ğŸ•¶ï¸|Ã³culos de sol|Ã³culos escuros|acessÃ³rio|escuro|olhos
ğŸ¥½|nataÃ§Ã£o|Ã³culos de proteÃ§Ã£o|proteÃ§Ã£o para os olhos|soldagem
ğŸ¥¼|cientista|experiÃªncia|jaleco|mÃ©dico|bata de laboratÃ³rio
ğŸ¦º|colete salva-vidas|emergÃªncia|seguranÃ§a|colete de seguranÃ§a
ğŸ‘”|acessÃ³rio|gravata|roupa|vestuÃ¡rio
ğŸ‘•|camisa|camiseta|roupa|camisola|manga curta|t-shirt|vestuÃ¡rio
ğŸ‘–|jeans|roupa|calÃ§as de ganga|vestuÃ¡rio
ğŸ§£|cachecol|inverno|pescoÃ§o|Ã©charpe|lenÃ§o
ğŸ§¤|inverno|luvas|mÃ£os
ğŸ§¥|blusa|casaco|jaqueta
ğŸ§¦|meias|peÃºgas
ğŸ‘—|peÃ§a Ãºnica|roupa|vestido|vestuÃ¡rio
ğŸ‘˜|quimono|roupa|vestir|vestuÃ¡rio
ğŸ¥»|roupa|sari|vestido|vestuÃ¡rio
ğŸ©±|maiÃ´|roupa de banho|fato de banho
ğŸ©²|cueca|peÃ§a Ãºnica|roupa de banho|roupa de praia|roupa Ã­ntima|fato de banho|roupa interior|slip de banho
ğŸ©³|bermuda|roupa de banho|roupa de praia|shorts|calÃ§Ãµes de banho|fato de banho|roupa interior|slip
ğŸ‘™|biquÃ­ni|roupa|traje de banho|praia|vestuÃ¡rio
ğŸ‘š|roupas femininas|roupa de senhora|roupas de senhora|senhora|vestuÃ¡rio
ğŸ‘›|acessÃ³rio|bolsinha|moedas|niqueleira|carteira|dinheiro|porta-moedas
ğŸ‘œ|acessÃ³rio|bolsa de mÃ£o|carteira|mala|saco
ğŸ‘|acessÃ³rio|bolsa pequena|pochete|saco
ğŸ›ï¸|compras|sacolas de compras|sacolas de shopping|hotel|sacos de compras
ğŸ’|bolsa escolar|escola|mochila escolar|mochila da escola|pasta|saco
ğŸ©´|alpargatas|chinelo de praia|rasteirinha
ğŸ‘|acessÃ³rio|sapato masculino|sapatos|calÃ§ado masculino|homem|sapato de homem
ğŸ‘Ÿ|sapato esportivo|tÃªnis de corrida|calÃ§ado|desporto|sapatilha|tÃ©nis|vestuÃ¡rio
ğŸ¥¾|acampar|bota de trekking|caminhada|mochilÃ£o|trilha|acampamento|bota de caminhada|mochila
ğŸ¥¿|sapatilha de balÃ©|sapato|sem fivela|chinelo|sabrina|slip-on
ğŸ‘ |acessÃ³rio|sapato de salto alto|calÃ§ado|saltos altos|senhora
ğŸ‘¡|acessÃ³rio|feminino|sandÃ¡lia feminina|sandÃ¡lias|calÃ§ado|sandÃ¡lia de senhora|senhora|vestuÃ¡rio
ğŸ©°|balÃ©|danÃ§a|sapatilha de balÃ©|ballet|sapatos de ballet
ğŸ‘¢|acessÃ³rio|bota feminina|botas|feminino|bota de senhora|calÃ§ado|senhora|vestuÃ¡rio
ğŸ‘‘|acessÃ³rio|coroa|rainha|rei|vestuÃ¡rio
ğŸ‘’|acessÃ³rio|chapÃ©u feminino|chapÃ©u de senhora|senhora|vestuÃ¡rio
ğŸ©|cartola|roupa|acessÃ³rio|chapÃ©u alto|vestuÃ¡rio
ğŸ“|chapÃ©u de formatura|comemoraÃ§Ã£o|formatura|acessÃ³rio|celebraÃ§Ã£o|chapÃ©u de finalista|chapÃ©u de graduaÃ§Ã£o|licenciatura
ğŸ§¢|bonÃ© de beisebol|chapÃ©u de baseball
ğŸª–|capacete|exÃ©rcito|guerreiro|militar|soldado
â›‘ï¸|capacacete de socorrista|capacete de socorrista|primeiros socorros|rosto|cara|chapÃ©u|cruz|socorro
ğŸ“¿|acessÃ³rio|oraÃ§Ã£o|religiÃ£o|reza|rosÃ¡rio de oraÃ§Ã£o|terÃ§o|colar|contas
ğŸ’„|batom|cosmÃ©ticos|maquiagem|maquilhagem
ğŸ’|anel|diamante
ğŸ’|diamante|joia|pedra preciosa|jÃ³ia|preciosa
ğŸ”‡|alto-falante silenciado|mudo|quieto|silenciar|silÃªncio|altifalante desligado|sem som|silencioso|volume
ğŸ”ˆ|alto-falante com volume baixo|volume baixo|altifalante baixo
ğŸ”‰|alto-falante com volume mÃ©dio|volume mÃ©dio|altifalante mÃ©dio|baixo|onda sonora
ğŸ”Š|alto-falante com volume alto|volume alto|3|altifalante|elevado|trÃªs
ğŸ“¢|alto-falante|buzina|discurso pÃºblico|megafone|altifalante|pÃºblico
ğŸ“£|aplausos|comunicaÃ§Ã£o|megafone|apoiar|torcer
ğŸ“¯|corneta|correios|postal|trompa dos correios
ğŸ””|sino
ğŸ”•|mudo|proibido|quieto|silencioso|sino silenciado|nÃ£o|silÃªncio|sino com barra|sino riscado
ğŸ¼|mÃºsica|partitura musical|pauta
ğŸµ|mÃºsica|nota musical
ğŸ¶|mÃºsica|notas musicais
ğŸ™ï¸|estÃºdio|microfone de estÃºdio|mÃºsica
ğŸšï¸|controle de volume|mÃºsica|volume|controlo de nÃ­vel|nÃ­vel|seletor
ğŸ›ï¸|botÃµes giratÃ³rios|controle|mÃºsica|botÃµes de controlo|comando
ğŸ¤|entretenimento|karaokÃª|microfone|karaoke
ğŸ§|fone de ouvido|fones de ouvido|auscultador|intra-auricular
ğŸ“»|rÃ¡dio|vÃ­deo|mÃºsica
ğŸ·|instrumento musical|mÃºsica|saxofone
ğŸª—|acordeÃ£o|concertina|sanfona
ğŸ¸|instrumento musical|mÃºsica|guitarra elÃ©trica
ğŸ¹|instrumento musical|mÃºsica|piano|teclado musical
ğŸº|instrumento musical|mÃºsica|trompete
ğŸ»|instrumento musical|mÃºsica|violino
ğŸª•|banjo|cordas|mÃºsica
ğŸ¥|baquetas|mÃºsica|percussÃ£o|tambor
ğŸª˜|batida|conga|ritmo|tambor comprido|tambor alto
ğŸ“±|celular|telefone mÃ³vel|telemÃ³vel
ğŸ“²|celular|receber|seta|telefone celular com seta|chamada|telemÃ³vel com seta
â˜ï¸|gancho|telefone no gancho|telefone fixo
ğŸ“|aparelho de telefone|comunicaÃ§Ã£o|telefone|auscultador de telefone
ğŸ“Ÿ|comunicaÃ§Ã£o|pager
ğŸ“ |comunicaÃ§Ã£o|fax|mÃ¡quina de fax
ğŸ”‹|bateria|pilha
ğŸ”Œ|elÃ©trica|eletricidade|plugue|tomada elÃ©trica|ficha
ğŸ’»|computador|laptop|pc|pessoal|portÃ¡til
ğŸ–¥ï¸|computador de mesa|desktop|computador de secretÃ¡ria|secretÃ¡ria
ğŸ–¨ï¸|acessÃ³rio|computador|impressora
ğŸ–±ï¸|acessÃ³rio|computador|mouse|rato de computador
ğŸ–²ï¸|computador|mouse|trackball|informÃ¡tica
ğŸ’½|computador|disco|md|mini disc|minidisk|minidisco|Ã³tico
ğŸ’¾|computador|disco flexÃ­vel|disquete|floppy
ğŸ’¿|cd|computador|disco|Ã³ptico|Ã³tico
ğŸ“€|blu-ray|computador|disco|dvd|Ã³ptico|Ã³tico
ğŸ§®|Ã¡baco|cÃ¡lculo
ğŸ¥|cÃ¢mera de cinema|cinema|entretenimento|filme|cÃ¢mara de filmar
ğŸï¸|cinema|filme|rolo de filmes|fotogramas
ğŸ“½ï¸|cinema|filme|projetor de filmes|vÃ­deo|projetor de cinema
ğŸ¬|cena|claquete|entretenimento|filme|tomada|cinema
ğŸ“º|televisÃ£o|tv|vÃ­deo|televisor
ğŸ“·|cÃ¢mera|vÃ­deo|fotografia|mÃ¡quina fotogrÃ¡fica
ğŸ“¸|cÃ¢mera com flash|flash|vÃ­deo|cÃ¢mara|mÃ¡quina fotogrÃ¡fica com flash
ğŸ“¹|cÃ¢mera de vÃ­deo|vÃ­deo|cÃ¢mara de vÃ­deo
ğŸ“¼|fita|vhs|vÃ­deo|videocassete|cassete
ğŸ”|ferramenta|lente de aumento|lupa para a esquerda|lupa inclinada para a esquerda|pesquisar
ğŸ”|ferramenta|lente de aumento|lupa para a direita|lupa inclinada para a direita|pesquisar
ğŸ•¯ï¸|luz|vela
ğŸ’¡|elÃ©trica|ideia|lÃ¢mpada|luz|quadrinhos|desenho|eletricidade
ğŸ”¦|elÃ©trica|ferramenta|lanterna|luz|eletricidade|utensÃ­lio
ğŸ®|bar|izakaya|lanterna vermelha de papel|vermelha|japonÃªs|lanterna de papel vermelha|luz
ğŸª”|diya|lÃ¢mpada de Ã³leo|Ã³leo
ğŸ“”|caderno|capa|decorado|livro|bloco de notas com capa decorada|decorada
ğŸ“•|fechado|livro
ğŸ“–|aberto|livro
ğŸ“—|livro|verde
ğŸ“˜|azul|livro
ğŸ“™|laranja|cor de laranja|livro cor de laranja
ğŸ“š|livros
ğŸ““|caderno|folhas
ğŸ“’|caderno|livro contÃ¡bil|bloco de notas|livro-razÃ£o
ğŸ“ƒ|dobrado|documento|pÃ¡gina dobrada|pÃ¡gina com dobra
ğŸ“œ|pergaminho|rolo de papel|papel
ğŸ“„|documento|pÃ¡gina com a parte da frente para cima|pÃ¡gina voltada para cima|parte da frente para cima|pÃ¡gina virada para cima
ğŸ“°|jornal|notÃ­cias|papel
ğŸ—ï¸|enrolado|jornal|notÃ­cias|papel
ğŸ“‘|marcador de pÃ¡gina|marcadores de pÃ¡gina|marcar|marcadores de folhas
ğŸ”–|marcador de pÃ¡gina|pÃ¡gina|marcador de livros|marcar
ğŸ·ï¸|etiqueta|rÃ³tulo
ğŸ’°|dinheiro|saco de dinheiro|dÃ³lar
ğŸª™|dinheiro|metal|moeda|ouro|prata|tesouro
ğŸ’´|dinheiro|iene|moeda|nota bancÃ¡ria|nota de iene|banco
ğŸ’µ|dinheiro|dÃ³lar|moeda|nota bancÃ¡ria|nota de dÃ³lar|banco
ğŸ’¶|dinheiro|euro|moeda|nota bancÃ¡ria|nota de euro|banco
ğŸ’·|dinheiro|libra|moeda|nota bancÃ¡ria|nota de libra|banco
ğŸ’¸|banco|dinheiro com asas|dinheiro voando|nota bancÃ¡ria voando|asas|dÃ³lar|voar
ğŸ’³|cartÃ£o de crÃ©dito|crÃ©dito|dinheiro|banco
ğŸ§¾|contabilidade|escrituraÃ§Ã£o|evidÃªncia|prova|recibo|comprovativo|fatura|tesouraria
ğŸ’¹|crescimento|dinheiro|grÃ¡fico subindo com iene|iene em alta|ascendente|banco|grÃ¡fico a subir com iene|mercado|moeda|subida|tendÃªncia
ğŸ“§|carta|comunicaÃ§Ã£o|correspondÃªncia|e-mail|correio
ğŸ“¨|carta|comunicaÃ§Ã£o|correspondÃªncia recebida|e-mail|envelope chegando|nova|chegada|correio|email|envelope a chegar|receber
ğŸ“©|carta|e-mail|email|envelope com seta|seta|correio|enviado|para baixo|saÃ­da
ğŸ“¤|bandeja de saÃ­da|caixa de enviadas|caixa de saÃ­da|comunicaÃ§Ã£o|correspondÃªncia|enviada|bandeja de correio a enviar|carta|correio|enviado|enviar
ğŸ“¥|bandeja de entrada|caixa de entrada|comunicaÃ§Ã£o|correspondÃªncia|recebida|bandeja de correio recebido|carta|correio|receber|recebido
ğŸ“¦|caixa|embrulho|pacote|embalagem|encomenda
ğŸ“«|bandeira|caixa com bandeira levantada|caixa de correio fechada com bandeira levantada|caixa de correspondÃªncia com bandeira levantada|correspondÃªncia|fechada|caixa de correio fechada com bandeirola para cima|correio|para cima
ğŸ“ª|bandeira|caixa com bandeira abaixada|caixa de correio fechada com bandeira abaixada|caixa de correspondÃªncia vazia|correspondÃªncia|fechada|caixa de correio fechada com bandeirola para baixo|correio|para baixo
ğŸ“¬|aberta|bandeira|caixa de correio aberta com bandeira levantada|caixa de correspondÃªncia aberta com bandeira levantada|correspondÃªncia|caixa de correio aberta com bandeirola para cima|correio
ğŸ“­|aberta|bandeira|caixa de correio aberta com bandeira abaixada|caixa de correspondÃªncia aberta com bandeira abaixada|caixa de correspondÃªncia aberta e vazia|correspondÃªncia|caixa de correio aberta com bandeirola para baixo|caixa do correio|correio|para baixo
ğŸ“®|caixa de correio|correio|correspondÃªncia
ğŸ—³ï¸|cÃ©dula|urna eleitoral com cÃ©dula|votar|voto|caixa|urna com voto
âœï¸|lÃ¡pis
ğŸ–‹ï¸|tinteiro|caneta de tinta permanente|tinta permanente
ğŸ–Šï¸|caneta|esferogrÃ¡fica
ğŸ–Œï¸|pincel|pintar
ğŸ–ï¸|giz de cera|lÃ¡pis de cera
ğŸ“|lÃ¡pis|memorando|folha|nota
ğŸ’¼|mala|maleta|pasta
ğŸ“|arquivo|pasta de arquivos
ğŸ“‚|aberta|arquivo|pasta de arquivos aberta|pasta de arquivo aberta
ğŸ—‚ï¸|divisores de pastas|Ã­ndice|pastas|fichas|separadores de fichas
ğŸ“…|calendÃ¡rio|datas
ğŸ“†|calendÃ¡rio com folhas destacÃ¡veis|folhas destacÃ¡veis|calendÃ¡rio destacÃ¡vel
ğŸ—’ï¸|caderno|espiral|bloco de notas com espiral|notas
ğŸ—“ï¸|bloco|espiral|calendÃ¡rio com espiral
ğŸ“‡|Ã­ndice de cartÃµes|fichas|rolodex
ğŸ“ˆ|crescimento|diagrama|grÃ¡fico de tendÃªncia de crescimento|grÃ¡fico subindo|tendÃªncia de crescimento|grÃ¡fico a subir|subida
ğŸ“‰|diagrama|grÃ¡fico caindo|grÃ¡fico de tendÃªncia negativa|negativa|tendÃªncia negativa|descida|grÃ¡fico a descer
ğŸ“Š|barras|grÃ¡fico de barras
ğŸ“‹|anotaÃ§Ãµes|prancheta
ğŸ“Œ|alfinete|tacha|pionÃ©s
ğŸ“|tacha redonda|alfinete de cabeÃ§a redonda|redondo
ğŸ“|clipe de papel
ğŸ–‡ï¸|clipes de papel conectados|clipes ligados|ligaÃ§Ã£o
ğŸ“|rÃ©gua reta
ğŸ“|rÃ©gua triangular|triÃ¢ngulo|esquadro
ğŸ—ƒï¸|arquivo|caixa de arquivos|cartÃ£o|fichas
ğŸ—„ï¸|arquivo|escritÃ³rio|gabinete|gavetas de escritÃ³rio|armÃ¡rio|ficheiro
ğŸ—‘ï¸|cesto de lixo|lixeira|caixote do lixo|cesto do lixo
ğŸ”’|cadeado|fechado|trancado
ğŸ”“|aberto|cadeado|destrancado
ğŸ”|cadeado com caneta tinteiro|caneta tinteiro|privacidade|aparo|tinta
ğŸ”|cadeado com chave|cadeado fechado com chave|seguro|chave|fechado
ğŸ”‘|chave|senha|fechadura|palavra-passe|proteÃ§Ã£o
ğŸ—ï¸|antiga|fechadura|chave antiga|pista
ğŸ”¨|ferramenta|martelo
ğŸª“|cortar|machado|madeira|partir|cutelo|lenha|rachar
â›ï¸|ferramenta|mineraÃ§Ã£o|picareta
ğŸ› ï¸|chave-inglesa|ferramenta|martelo e chave-inglesa|chave inglesa|martelo e chave inglesa
ğŸ—¡ï¸|adaga|arma|faca|punhal
ğŸ”«|Ã¡gua|arma|ferramenta|pistola dâ€™Ã¡gua|revÃ³lver|pistola de Ã¡gua
ğŸªƒ|austrÃ¡lia|bumerangue|rebote|repercussÃ£o
ğŸ¹|arco e flecha|arma|flecha|sagitÃ¡rio|zodÃ­aco|arqueiro|seta
ğŸ›¡ï¸|arma|escudo
ğŸªš|carpinteiro|madeira|serra|serrote
ğŸ”§|chave inglesa|ferramenta
ğŸª›|ferramenta|aparafusar|chave de fendas
ğŸ”©|ferramenta|parafuso|porca e parafuso
ğŸ—œï¸|braÃ§adeira|compressÃ£o|ferramenta|morsa|torno|grampo
ğŸ¦¯|acessibilidade|bengala para cegos|cegueira|bengala para invisuais|invisual
ğŸ”—|corrente|link|ligaÃ§Ã£o
â›“ï¸|correntes
ğŸª|atraÃ§Ã£o para venda|bandido|curva|gancho|pegar|prender
ğŸ§°|caixa de ferramentas|ferramenta|mecÃ¢nico|mala de ferramentas
ğŸ§²|atraÃ§Ã£o|ferradura|Ã­mÃ£|magnÃ©tico|Ã­man
ğŸªœ|degrau|escada|subir|trepar
ğŸ§ª|ciÃªncia|experiÃªncia|laboratÃ³rio|quÃ­mica|quÃ­mico|tubo de ensaio
ğŸ§«|bactÃ©ria|biologia|biÃ³logo|cultura|laboratÃ³rio|placa de petri
ğŸ§¬|biÃ³logo|dna|evoluÃ§Ã£o|gene|genÃ©tica|vida|adn
ğŸ”¬|ciÃªncia|ferramenta|microscÃ³pio|instrumento
ğŸ”­|ciÃªncia|ferramenta|telescÃ³pio|instrumento
ğŸ“¡|antena|comunicaÃ§Ã£o|parabÃ³lica|satÃ©lite
ğŸ’‰|agulha|mÃ©dico|remÃ©dio|seringa|doente|injeÃ§Ã£o|medicamento
ğŸ©¸|doaÃ§Ã£o de sangue|gota de sangue|medicina|menstruaÃ§Ã£o
ğŸ’Š|comprimido|medicina|mÃ©dico|pÃ­lula|remÃ©dio|doente
ğŸ©¹|atadura adesiva|curativo|penso rÃ¡pido
ğŸ©º|coraÃ§Ã£o|estetoscÃ³pio|medicina|mÃ©dico
ğŸšª|porta
ğŸ›—|acessibilidade|elevador|elevar|subir
ğŸª|espÃ©culo|espelho|refletor|reflexÃ£o
ğŸªŸ|abertura|ar fresco|janela|quadro|transparente|vista
ğŸ›ï¸|cama|hotel|sono|dormir
ğŸ›‹ï¸|hotel|lÃ¢mpada|sofÃ¡ e luminÃ¡ria|candeeiro|sofÃ¡ e candeeiro
ğŸª‘|assento|cadeira|sentar
ğŸš½|banheiro|privada|sanitÃ¡rio|toalete|vaso sanitÃ¡rio|casa de banho|sanita
ğŸª |banheiro|desentupidor|encanador|sucÃ§Ã£o
ğŸš¿|Ã¡gua|banho|chuveiro|ducha|duche
ğŸ›|banheira|banho
ğŸª¤|armadilha|isca|prender|ratoeira|apanhar|engodo|isco
ğŸª’|afiada|barbear|afiado|lÃ¢mina de barbear
ğŸ§´|frasco de loÃ§Ã£o|hidratante|loÃ§Ã£o|protetor solar|xampu|champÃ´
ğŸ§·|alfinete de seguranÃ§a|fralda|punk rock|alfinete de dama
ğŸ§¹|bruxa|limpar|varrer|vassoura
ğŸ§º|agrÃ­cola|cesta|cesto de roupa|piquenique|agricultura
ğŸ§»|papel higiÃªnico|rolo de papel|toalhas de papel|papel de cozinha|rolo de cozinha
ğŸª£|balde|barril
ğŸ§¼|banho|barra|espuma|limpeza|saboneteira
ğŸª¥|banheiro|dental|dentes|escova de dentes|higiene|limpeza
ğŸ§½|absorvente|esponja|limpeza|porosa
ğŸ§¯|apagar|extinguir|extintor de incÃªndio|incÃªndio
ğŸ›’|carrinho de compras|compras|mercado
ğŸš¬|cigarro|fumar
âš°ï¸|caixÃ£o funerÃ¡rio|funeral|morte|velÃ³rio
ğŸª¦|cemitÃ©rio|lÃ¡pide|sepultura
âš±ï¸|cinzas|funeral|morte|urna funerÃ¡ria
ğŸ—¿|estÃ¡tua|moai|moyai|rosto|cara|ilha de pÃ¡scoa
ğŸª§|demonstraÃ§Ã£o|piquete|protesto|sinal|manifestaÃ§Ã£o|placard
ğŸ§|automÃ¡tico|banco|caixa|sÃ­mbolo de caixa automÃ¡tico|sinal de caixa automÃ¡tica|sinal de multibanco
ğŸš®|coloque o lixo no lixo|lixeira|sÃ­mbolo de lixeira|cesto do lixo|lixo|sinal de lixo no caixote do lixo
ğŸš°|Ã¡gua|beber|potÃ¡vel
â™¿|acesso|cadeira de rodas|sÃ­mbolo de cadeira de rodas|sinal|acessibilidade
ğŸš¹|banheiro|homem|lavatÃ³rio|masculino|toalete|wc|casa de banho para homens|quarto de banho
ğŸšº|banheiro|feminino|lavatÃ³rio|mulher|toalete|wc|casa de banho para senhoras|quarto de banho|senhora
ğŸš»|banheiro|lavabo|sanitÃ¡rio|toalete|casa de banho|quarto de banho|wc
ğŸš¼|bebÃª|fralda|fraldÃ¡rio|sÃ­mbolo de bebÃª|bebÃ©|sÃ­mbolo de fraldÃ¡rio|trocar fraldas
ğŸš¾|latrina|lavabo|toalete|wc|casa de banho
ğŸ›‚|controle de passaportes|passaporte|controlo de passaportes
ğŸ›ƒ|aduana|alfÃ¢ndega|bens|impostos
ğŸ›„|bagagem|restituiÃ§Ã£o de bagagem|recolha de bagagem
ğŸ›…|bagagem|depÃ³sito de bagagem|malas|serviÃ§o de bagagem|cacifo
âš ï¸|aviso|sinal
ğŸš¸|atravessando|crianÃ§as atravessando|pedestre|trÃ¡fego|atravessar|crianÃ§as a atravessar|passagem de crianÃ§as|peÃµes|trÃ¢nsito
â›”|entrada proibida|nÃ£o|proibido|sinal|proibida a entrada|transitar|trÃ¢nsito
ğŸš«|entrada|nÃ£o|proibido|sinal|proibida
ğŸš³|bicicletas nÃ£o sÃ£o permitidas|nÃ£o|proibido andar de bicicleta|veÃ­culo
ğŸš­|fumar|nÃ£o Ã© permitido fumar|proibido|nÃ£o fumadores|nÃ£o fumar
ğŸš¯|lixo|proibido jogar lixo no chÃ£o|nÃ£o colocar lixo|nÃ£o deitar lixo para o chÃ£o
ğŸš±|Ã¡gua nÃ£o potÃ¡vel|imprÃ³pria para consumo|beber|nÃ£o|potÃ¡vel|proibido
ğŸš·|nÃ£o|pedestres nÃ£o sÃ£o permitidos|proibida a passagem de pedestres|peÃµes|proibido a peÃµes
ğŸ“µ|celulares nÃ£o sÃ£o permitidos|nÃ£o|proibido o uso de telefone celular|telefone|proibido usar telemÃ³veis|telemÃ³vel
ğŸ”|18|dezoito|menor de idade|proibido para menores de 18 anos|restriÃ§Ã£o de idade|menores|proibido a menores de dezoito anos
â¬†ï¸|cardinal|direÃ§Ã£o|norte|seta para cima|cardeal
â¡ï¸|direÃ§Ã£o|direita|leste|seta para a direita|cardeal|este
â¬‡ï¸|cardinal|direÃ§Ã£o|para baixo|seta para baixo|sul|cardeal
â¬…ï¸|direÃ§Ã£o|esquerda|oeste|seta para a esquerda|cardeal
â†©ï¸|curva|retorno|seta curva da direita para a esquerda|voltar Ã  esquerda|esquerda|seta para a direita com curva para a esquerda
â†ªï¸|curva|retorno|seta curva da esquerda para a direita|voltar Ã  direita|direita|seta para a esquerda com curva para a direita
ğŸ”ƒ|recarregar|sentido horÃ¡rio|setas verticais no sentido horÃ¡rio|sentido dos ponteiros do relÃ³gio|setas verticais no sentido dos ponteiros do relÃ³gio
ğŸ”„|anti-horÃ¡rio|botÃ£o de setas em sentido anti-horÃ¡rio|botÃ£o de setas no sentido anti-horÃ¡rio|sentido anti-horÃ¡rio|sentido contrÃ¡rio ao dos ponteiros do relÃ³gio|setas no sentido contrÃ¡rio ao dos ponteiros do relÃ³gio
ğŸ”™|seta "back"|seta para a esquerda|voltar|para trÃ¡s|seta back
ğŸ”š|fim|seta "end"|seta para a esquerda|para o fim|seta end
ğŸ”›|marca|on!|seta "on!"|ligado|seta on!
ğŸ”œ|seta "soon"|soon|brevemente|seta soon
ğŸ”|para cima|seta "top"|seta para cima|top|parte superior|seta top
ğŸ›|culto|local de culto|religiÃ£o
âš›ï¸|ateÃ­smo|Ã¡tomo|sÃ­mbolo de Ã¡tomo|ateÃ­sta|sÃ­mbolo do Ã¡tomo
ğŸ•‰ï¸|om|religiÃ£o|hinduÃ­smo
â˜¯ï¸|religiÃ£o|taoista|yang|yin|taoismo
âœï¸|cristÃ£o|cruz latina|religiÃ£o
â˜ªï¸|estrela e lua crescente|muÃ§ulmano|religiÃ£o|islÃ£o
â˜®ï¸|paz|sÃ­mbolo da paz
ğŸ•|candelabro|castiÃ§al|menorÃ¡|religiÃ£o
ğŸ”¯|adivinhaÃ§Ã£o|destino|seis pontas|estrela de seis pontas com ponto|sorte
â™Š|gÃªmeos|signo de gÃªmeos|zodÃ­aco|gÃ©meos
â™‹|cÃ¢ncer|caranguejo|signo de cÃ¢ncer|zodÃ­aco
â™Œ|leÃ£o|signo de leÃ£o|zodÃ­aco
â™|signo de virgem|virgem|zodÃ­aco
â™|balanÃ§a|justiÃ§a|libra|signo de libra|signo de virgem|zodÃ­aco
â™|escorpiÃ£o|signo de escorpiÃ£o|zodÃ­aco
â›|cobra|ofiÃºco|serpente|signo de ofiÃºco|zodÃ­aco|serpentÃ¡rio
ğŸ”€|botÃ£o de mÃºsicas aleatÃ³rias|cruzadas|botÃ£o de reproduÃ§Ã£o aleatÃ³ria de faixas|setas
ğŸ”|botÃ£o de repetir|repetir|sentido horÃ¡rio|botÃ£o de repetiÃ§Ã£o|sentido dos ponteiros do relÃ³gio|setas
ğŸ”‚|botÃ£o de repetir uma Ãºnica faixa|repetir|sentido horÃ¡rio|seta|uma vez|botÃ£o de repetiÃ§Ã£o Ãºnica|sentido dos ponteiros do relÃ³gio
â–¶ï¸|botÃ£o reproduzir|direita|reproduzir|seta|triÃ¢ngulo|botÃ£o de reproduÃ§Ã£o
â©|avanÃ§ar|botÃ£o avanÃ§ar|dupla|rÃ¡pido|seta|botÃ£o de avanÃ§ar
â­ï¸|botÃ£o de prÃ³xima faixa|prÃ³xima cena|prÃ³xima faixa|seta dupla para a direita|botÃ£o de faixa seguinte|cena seguinte|faixa seguinte|triÃ¢ngulo
â¯ï¸|botÃ£o de reproduzir ou pausar|direita|pausar|reproduzir|seta|triÃ¢ngulo|botÃ£o de reproduÃ§Ã£o ou pausa|reproduÃ§Ã£o
â—€ï¸|botÃ£o de voltar|esquerda|seta|triÃ¢ngulo|voltar|botÃ£o de inversÃ£o|inverter|retroceder
âª|botÃ£o de retroceder|dupla|retroceder|seta|botÃ£o de inversÃ£o rÃ¡pida|rebobinar
â®ï¸|botÃ£o de faixa anterior|cena anterior|faixa anterior|seta|triÃ¢ngulo|botÃ£o de Ãºltima faixa
ğŸ”¼|botÃ£o apontando para cima|seta|vermelho|botÃ£o para cima
â«|botÃ£o de avanÃ§o para cima|dupla|seta|botÃ£o rapidamente para cima
ğŸ”½|botÃ£o apontando para baixo|para baixo|seta|vermelho|botÃ£o para baixo
â¬|botÃ£o de avanÃ§o para baixo|para baixo|retroceder rÃ¡pido|seta dupla para baixo|botÃ£o rapidamente para baixo|dupla
â¸ï¸|barra|botÃ£o pausar|dupla|pausar|vertical|botÃ£o de pausa
â¹ï¸|botÃ£o parar|parar|quadrado|botÃ£o de paragem
âºï¸|botÃ£o gravar|cÃ­rculo|gravar|botÃ£o de gravaÃ§Ã£o
âï¸|botÃ£o ejetar|ejetar|botÃ£o de ejeÃ§Ã£o|ejecÃ§Ã£o|ejectar
ğŸ¦|cinema|entretenimento|filme|sÃ­mbolo do cinema|cÃ¢mara
ğŸ”…|botÃ£o de diminuir brilho|brilho|diminuir|escurecer|sÃ­mbolo para reduzir brilho|baixo|botÃ£o de escurecer
ğŸ”†|aumentar brilho|botÃ£o de aumentar brilho|brilho|sÃ­mbolo para aumentar brilho|botÃ£o de brilho|brilhante|luminosidade
ğŸ“¶|antena com barras|barras de sinal|celular|forÃ§a do sinal|sinais de telefonia mÃ³vel|telefone|barras de antena|rede|sinal|telemÃ³vel
ğŸ“³|celular|modo vibratÃ³rio|telefone|modo de vibraÃ§Ã£o|telemÃ³vel|vibraÃ§Ã£o
ğŸ“´|celular|desligado|telefone|telemÃ³vel
âš§|sÃ­mbolo transgÃªnero|transgÃªnero|sÃ­mbolo transgÃ©nero|transgÃ©nero
â™¾ï¸|eternidade|ilimitado|infinito|universal
â€¼ï¸|!!|dupla exclamaÃ§Ã£o|exclamaÃ§Ã£o|explosÃ£o|ponto de exclamaÃ§Ã£o duplo|pontuaÃ§Ã£o
ğŸ’±|banco|cÃ¢mbio de moeda|dinheiro|moeda
ğŸ’²|cifrÃ£o|dinheiro|dÃ³lar|moeda|sÃ­mbolo do dÃ³lar|sÃ­mbolo de dÃ³lar
â™»ï¸|reciclagem|sÃ­mbolo de reciclagem|reciclar
âšœï¸|flor-de-lis|sÃ­mbolo|fleur-de-lis
ğŸ”±|Ã¢ncora|emblema de tridente|ferramenta|navio|tridente
ğŸ“›|crachÃ¡|identificaÃ§Ã£o|nome|dÃ­stico
ğŸ”°|folha verde e amarela|iniciante|japonÃªs|sÃ­mbolo japonÃªs de principiante|verde e amarela|amarelo|insÃ­gnia|principiante|sÃ­mbolo japonÃªs para principiante
â­•|cÃ­rculo grande oco|grande|o|vermelho|cÃ­rculo vermelho oco|encarnado
âŒ|Ã—|cancelar|multiplicaÃ§Ã£o|multiplicar|xis|cruz
â|Ã—|botÃ£o de caixa com x|botÃ£o de xis|marcado|quadrado|x|botÃ£o com cruz
â°|laÃ§o encaracolado|loop ondulado|volta|caracol
â¿|duas vezes|duplo|encaradolado|loop encaracolado duas vezes|caracol|laÃ§o encaracolado duplo
ã€½ï¸|canto|japonÃªs|sÃ­mbolo japonÃªs de canto|sinal japonÃªs indicando inÃ­cio de mÃºsica|entrada|marca de alternÃ¢ncia parcial|mÃºsica
ğŸ” |abcd|digitaÃ§Ã£o|latinas|letras|maiÃºsculas|introduÃ§Ã£o de maiÃºsculas latinas
ğŸ”¡|abcd|digitaÃ§Ã£o|latinas|letras|minÃºsculas|introduÃ§Ã£o de minÃºsculas latinas
ğŸ”¢|1234|digitaÃ§Ã£o|nÃºmeros|introduÃ§Ã£o de nÃºmeros
ğŸ”£|ã€’â™ª&%|digitaÃ§Ã£o|sÃ­mbolos|introduÃ§Ã£o de sÃ­mbolos
ğŸ”¤|abc|alfabeto|digitaÃ§Ã£o|latinas|letras|abecedÃ¡rio|introduÃ§Ã£o de letras latinas
ğŸ…°ï¸|a|botÃ£o a (tipo sanguÃ­neo)|sangue|tipo a|tipo sanguÃ­neo a|botÃ£o a (tipo de sangue)
ğŸ†|ab|botÃ£o ab (tipo sanguÃ­neo)|sangue|tipo ab|tipo sanguÃ­neo ab|botÃ£o ab (tipo de sangue)
ğŸ…±ï¸|botÃ£o b (tipo sanguÃ­neo)|sangue|tipo b|tipo sanguÃ­neo b|blood|botÃ£o b (tipo de sangue)
ğŸ†‘|botÃ£o cl|cl
ğŸ†’|botÃ£o "cool"|cool|legal|botÃ£o cool|fixe
ğŸ†“|botÃ£o "free"|grÃ¡tis|gratuito|botÃ£o free|free|livre
ğŸ†”|botÃ£o id|identidade|sÃ­mbolo id|identificaÃ§Ã£o
â“‚ï¸|cÃ­rculo com a letra m|letra m|m|cÃ­rculo com letra m
ğŸ†•|botÃ£o "new"|new|novo|botÃ£o new
ğŸ†–|botÃ£o ng|ng
ğŸ…¾ï¸|botÃ£o o (tipo sanguÃ­neo)|o|sangue|tipo o|tipo sanguÃ­neo o|0|botÃ£o 0 (tipo de sangue)|botÃ£o o (tipo de sangue)
ğŸ†—|botÃ£o ok|ok|sÃ­mbolo ok
ğŸ…¿ï¸|botÃ£o p|estacionamento|estacionar
ğŸ†˜|ajuda|botÃ£o sos|sÃ­mbolo sos|sos
ğŸ†™|botÃ£o "up!"|sÃ­mbolo up!|up!|botÃ£o up!|forÃ§a!
ğŸ†š|botÃ£o vs|sÃ­mbolo vs|versus|vs
ğŸˆ|aqui|botÃ£o japonÃªs de aqui|japonÃªs|katakana|ã‚³ã‚³|botÃ£o "aqui" em japonÃªs
ğŸˆ‚ï¸|taxa de serviÃ§o|botÃ£o japonÃªs de taxa de serviÃ§o|japonÃªs|katakana|ã‚µ|botÃ£o "taxa de serviÃ§o" em japonÃªs
ğŸˆ·ï¸|quantidade mensal|botÃ£o japonÃªs de quantidade mensal|ideograma|japonÃªs|æœˆ|botÃ£o "valor mensal" em japonÃªs
ğŸˆ¶|nÃ£o gratuito|botÃ£o japonÃªs de nÃ£o gratuito|ideograma|japonÃªs|æœ‰|botÃ£o "nÃ£o gratuito" em japonÃªs
ğŸˆ¯|reservado|botÃ£o japonÃªs de reservado|ideograma|japonÃªs|æŒ‡|botÃ£o "reservado" em japonÃªs
ğŸ‰|barganha|botÃ£o japonÃªs de barganha|ideograma|japonÃªs|å¾—|botÃ£o "boa oportunidade" em japonÃªs
ğŸˆ¹|desconto|botÃ£o japonÃªs de desconto|ideograma|japonÃªs|å‰²|botÃ£o "desconto" em japonÃªs
ğŸˆš|gratuito|botÃ£o japonÃªs de gratuito|ideograma|japonÃªs|ç„¡|botÃ£o "gratuito" em japonÃªs
ğŸˆ²|proibido|botÃ£o japonÃªs de proibido|ideograma|japonÃªs|ç¦|botÃ£o "proibido" em japonÃªs
ğŸ‰‘|aceitÃ¡vel|botÃ£o japonÃªs de aceitÃ¡vel|ideograma|japonÃªs|å¯|botÃ£o "aceitÃ¡vel" em japonÃªs
ğŸˆ¸|aplicaÃ§Ã£o|botÃ£o japonÃªs de aplicaÃ§Ã£o|ideograma|japonÃªs|ç”³|botÃ£o "aplicaÃ§Ã£o" em japonÃªs
ğŸˆ´|nota mÃ­nima|botÃ£o japonÃªs de nota mÃ­nima|ideograma|japonÃªs|åˆ|botÃ£o "nota positiva" em japonÃªs
ğŸˆ³|vago|botÃ£o japonÃªs de vago|ideograma|japonÃªs|ç©º|botÃ£o "com vagas" em japonÃªs|botÃ£o "vaga" em japonÃªs
ğŸˆº|aberto para negÃ³cios|botÃ£o japonÃªs de aberto para negÃ³cios|ideograma|japonÃªs|å–¶|botÃ£o "em funcionamento" em japonÃªs
ğŸˆµ|sem vagas|botÃ£o japonÃªs de sem vagas|ideograma|japonÃªs|æº€|botÃ£o "sem vagas" em japonÃªs
ğŸ”´|cÃ­rculo|geomÃ©trico|vermelho
ğŸŸ |laranja|cÃ­rculo cor de laranja|cor de laranja
ğŸŸ¡|amarelo|cÃ­rculo
ğŸŸ¢|cÃ­rculo|verde
ğŸ”µ|azul|cÃ­rculo|geomÃ©trico
ğŸŸ£|cÃ­rculo|roxo
ğŸŸ¤|cÃ­rculo|marrom|castanho
âš«|cÃ­rculo preto|geomÃ©trico
âšª|cÃ­rculo branco|geomÃ©trico
ğŸŸ¥|quadrado|vermelho
ğŸŸ§|laranja|cor de laranja|quadrado cor de laranja
ğŸŸ¨|amarelo|quadrado
ğŸŸ©|quadrado|verde
ğŸŸ¦|azul|quadrado
ğŸŸª|quadrado|roxo
ğŸŸ«|marrom|quadrado|castanho
â¬›|geomÃ©trico|quadrado preto grande
â¬œ|geomÃ©trico|quadrado branco grande
â—¼ï¸|geomÃ©trico|quadrado preto mÃ©dio
â—»ï¸|geomÃ©trico|quadrado branco mÃ©dio
â—¾|geomÃ©trico|quadrado preto mÃ©dio menor|quadrado preto pequeno/mÃ©dio
â—½|geomÃ©trico|quadrado branco mÃ©dio menor|quadrado branco pequeno/mÃ©dio
â–ªï¸|geomÃ©trico|quadrado preto pequeno
â–«ï¸|geomÃ©trico|quadrado branco pequeno
ğŸ”¶|geomÃ©trico|laranja|losango laranja grande|cor de laranja|losango cor de laranja grande
ğŸ”·|azul|geomÃ©trico|losango azul grande
ğŸ”¸|geomÃ©trico|laranja|losango laranja pequeno|cor de laranja|losango cor de laranja pequeno
ğŸ”¹|azul|geomÃ©trico|losango azul pequeno
ğŸ”º|geomÃ©trico|triÃ¢ngulo vermelho para cima|vermelho|para cima|triÃ¢ngulo vermelho a apontar para cima
ğŸ”»|geomÃ©trico|triÃ¢ngulo vermelho para baixo|vermelho|para baixo|triÃ¢ngulo vermelho a apontar para baixo
ğŸ’ |cÃ´mico|dentro|diamante com ponto|diamante com um ponto|geomÃ©trico|desenho|interior|losango com um ponto
ğŸ”˜|botÃ£o de opÃ§Ã£o|rÃ¡dio|geomÃ©trico|opÃ§Ã£o
ğŸ”³|botÃ£o quadrado branco e preto|quadrado|delineado|geomÃ©trico
ğŸ”²|botÃ£o quadrado preto e branco|quadrado|geomÃ©trico
ğŸ|corrida|esporte|quadriculada|axadrezado|bandeira axadrezada
ğŸš©|bandeira triangular|poste|golfe
ğŸŒ|bandeiras cruzadas do japÃ£o|comemoraÃ§Ã£o|cruzadas|bandeiras do japÃ£o cruzadas|celebraÃ§Ã£o|cruzado|japonÃªs
ğŸ´|tremulando|abanar|bandeira preta a abanar
ğŸ³ï¸|tremulando|abanar|bandeira branca a abanar
ğŸ³ï¸â€ğŸŒˆ|arco-Ã­ris|bandeira do arco-Ã­ris
ğŸ³ï¸â€âš§ï¸|azul claro|bandeira|branco|rosa|transgÃªnero|azul clara|branca|transgÃ©nero
ğŸ´â€â˜ ï¸|bandeira de pirata|caveira e osso|pirata|saque|tesouro|bandeira pirata|perna-de-pau
ğŸ‡¦ğŸ‡©|andorra
ğŸ‡¦ğŸ‡ª|emirados Ã¡rabes unidos
ğŸ‡¦ğŸ‡«|afeganistÃ£o
ğŸ‡¦ğŸ‡¬|antÃ­gua e barbuda
ğŸ‡¦ğŸ‡®|anguila
ğŸ‡¦ğŸ‡±|albÃ¢nia
ğŸ‡¦ğŸ‡²|armÃªnia|armÃ©nia
ğŸ‡¦ğŸ‡´|angola
ğŸ‡¦ğŸ‡¶|antÃ¡rtida
ğŸ‡¦ğŸ‡·|argentina
ğŸ‡¦ğŸ‡¸|samoa americana
ğŸ‡¦ğŸ‡¹|Ã¡ustria
ğŸ‡¦ğŸ‡º|austrÃ¡lia
ğŸ‡¦ğŸ‡¼|aruba
ğŸ‡¦ğŸ‡½|ilhas aland|alanda
ğŸ‡¦ğŸ‡¿|azerbaijÃ£o
ğŸ‡§ğŸ‡¦|bÃ³snia e herzegovina
ğŸ‡§ğŸ‡§|barbados
ğŸ‡§ğŸ‡©|bangladesh|bangladeche
ğŸ‡§ğŸ‡ª|bÃ©lgica
ğŸ‡§ğŸ‡«|burquina faso
ğŸ‡§ğŸ‡¬|bulgÃ¡ria
ğŸ‡§ğŸ‡­|barein|barÃ©m
ğŸ‡§ğŸ‡®|burundi
ğŸ‡§ğŸ‡¯|benin|benim
ğŸ‡§ğŸ‡±|sÃ£o bartolomeu
ğŸ‡§ğŸ‡²|bermudas
ğŸ‡§ğŸ‡³|brunei
ğŸ‡§ğŸ‡´|bolÃ­via
ğŸ‡§ğŸ‡¶|paÃ­ses baixos caribenhos
ğŸ‡§ğŸ‡·|brasil
ğŸ‡§ğŸ‡¸|bahamas|baamas
ğŸ‡§ğŸ‡¹|butÃ£o
ğŸ‡§ğŸ‡¼|botsuana
ğŸ‡§ğŸ‡¾|bielorrÃºssia
ğŸ‡§ğŸ‡¿|belize
ğŸ‡¨ğŸ‡¦|canadÃ¡
ğŸ‡¨ğŸ‡¨|ilhas cocos (keeling)|ilhas dos cocos (keeling)
ğŸ‡¨ğŸ‡©|congo - kinshasa|congo-kinshasa
ğŸ‡¨ğŸ‡«|repÃºblica centro-africana
ğŸ‡¨ğŸ‡¬|repÃºblica do congo|congo-brazzaville
ğŸ‡¨ğŸ‡­|suÃ­Ã§a
ğŸ‡¨ğŸ‡®|costa do marfim|cÃ´te dâ€™ivoire (costa do marfim)
ğŸ‡¨ğŸ‡°|ilhas cook
ğŸ‡¨ğŸ‡±|chile
ğŸ‡¨ğŸ‡²|camarÃµes
ğŸ‡¨ğŸ‡³|china
ğŸ‡¨ğŸ‡´|colÃ´mbia
ğŸ‡¨ğŸ‡·|costa rica
ğŸ‡¨ğŸ‡º|cuba
ğŸ‡¨ğŸ‡»|cabo verde
ğŸ‡¨ğŸ‡¼|curaÃ§ao|curaÃ§au
ğŸ‡¨ğŸ‡½|ilha christmas|ilha do natal
ğŸ‡¨ğŸ‡¾|chipre
ğŸ‡¨ğŸ‡¿|tchÃ©quia|chÃ©quia
ğŸ‡©ğŸ‡ª|alemanha
ğŸ‡©ğŸ‡¯|djibuti|jibuti
ğŸ‡©ğŸ‡°|dinamarca
ğŸ‡©ğŸ‡²|dominica|domÃ­nica
ğŸ‡©ğŸ‡´|repÃºblica dominicana
ğŸ‡©ğŸ‡¿|argÃ©lia
ğŸ‡ªğŸ‡¨|equador
ğŸ‡ªğŸ‡ª|estÃ´nia|estÃ³nia
ğŸ‡ªğŸ‡¬|egito
ğŸ‡ªğŸ‡­|saara ocidental|sara ocidental
ğŸ‡ªğŸ‡·|eritreia
ğŸ‡ªğŸ‡¸|espanha
ğŸ‡ªğŸ‡¹|etiÃ³pia
ğŸ‡ªğŸ‡º|uniÃ£o europeia
ğŸ‡«ğŸ‡®|finlÃ¢ndia
ğŸ‡«ğŸ‡¯|fiji
ğŸ‡«ğŸ‡°|ilhas malvinas|ilhas falkland
ğŸ‡«ğŸ‡²|micronÃ©sia
ğŸ‡«ğŸ‡´|ilhas faroÃ©
ğŸ‡«ğŸ‡·|franÃ§a
ğŸ‡¬ğŸ‡¦|gabÃ£o
ğŸ‡¬ğŸ‡§|reino unido
ğŸ‡¬ğŸ‡©|granada
ğŸ‡¬ğŸ‡ª|geÃ³rgia
ğŸ‡¬ğŸ‡«|guiana francesa
ğŸ‡¬ğŸ‡¬|guernsey|guernesey
ğŸ‡¬ğŸ‡­|gana
ğŸ‡¬ğŸ‡®|gibraltar
ğŸ‡¬ğŸ‡±|groenlÃ¢ndia|gronelÃ¢ndia
ğŸ‡¬ğŸ‡²|gÃ¢mbia
ğŸ‡¬ğŸ‡³|guinÃ©
ğŸ‡¬ğŸ‡µ|guadalupe
ğŸ‡¬ğŸ‡¶|guinÃ© equatorial
ğŸ‡¬ğŸ‡·|grÃ©cia
ğŸ‡¬ğŸ‡¸|ilhas geÃ³rgia do sul e sandwich do sul
ğŸ‡¬ğŸ‡¹|guatemala
ğŸ‡¬ğŸ‡º|guame
ğŸ‡¬ğŸ‡¼|guinÃ©-bissau
ğŸ‡¬ğŸ‡¾|guiana
ğŸ‡­ğŸ‡°|hong kong, rae da china
ğŸ‡­ğŸ‡³|honduras
ğŸ‡­ğŸ‡·|croÃ¡cia
ğŸ‡­ğŸ‡¹|haiti
ğŸ‡­ğŸ‡º|hungria
ğŸ‡®ğŸ‡¨|ilhas canÃ¡rias
ğŸ‡®ğŸ‡©|indonÃ©sia
ğŸ‡®ğŸ‡ª|irlanda
ğŸ‡®ğŸ‡±|israel
ğŸ‡®ğŸ‡²|ilha de man
ğŸ‡®ğŸ‡³|Ã­ndia
ğŸ‡®ğŸ‡´|territÃ³rio britÃ¢nico do oceano Ã­ndico
ğŸ‡®ğŸ‡¶|iraque
ğŸ‡®ğŸ‡·|irÃ£o
ğŸ‡®ğŸ‡¸|islÃ¢ndia
ğŸ‡®ğŸ‡¹|itÃ¡lia
ğŸ‡¯ğŸ‡ª|jersey
ğŸ‡¯ğŸ‡²|jamaica
ğŸ‡¯ğŸ‡´|jordÃ¢nia
ğŸ‡¯ğŸ‡µ|japÃ£o
ğŸ‡°ğŸ‡ª|quÃªnia|quÃ©nia
ğŸ‡°ğŸ‡¬|quirguistÃ£o
ğŸ‡°ğŸ‡­|camboja
ğŸ‡°ğŸ‡®|quiribati|quiribÃ¡ti
ğŸ‡°ğŸ‡²|comores
ğŸ‡°ğŸ‡³|sÃ£o cristÃ³vÃ£o e nÃ©vis|sÃ£o cristÃ³vÃ£o e neves
ğŸ‡°ğŸ‡µ|coreia do norte
ğŸ‡°ğŸ‡·|coreia do sul
ğŸ‡°ğŸ‡¼|kuwait|koweit
ğŸ‡°ğŸ‡¾|ilhas cayman|ilhas caimÃ£o
ğŸ‡°ğŸ‡¿|cazaquistÃ£o
ğŸ‡±ğŸ‡¦|laos
ğŸ‡±ğŸ‡§|lÃ­bano
ğŸ‡±ğŸ‡¨|santa lÃºcia
ğŸ‡±ğŸ‡®|liechtenstein|listenstaine
ğŸ‡±ğŸ‡°|sri lanka|sri lanca
ğŸ‡±ğŸ‡·|libÃ©ria
ğŸ‡±ğŸ‡¸|lesoto
ğŸ‡±ğŸ‡¹|lituÃ¢nia
ğŸ‡±ğŸ‡º|luxemburgo
ğŸ‡±ğŸ‡»|letÃ´nia|letÃ³nia
ğŸ‡±ğŸ‡¾|lÃ­bia
ğŸ‡²ğŸ‡¦|marrocos
ğŸ‡²ğŸ‡¨|mÃ´naco|mÃ³naco
ğŸ‡²ğŸ‡©|moldÃ¡via
ğŸ‡²ğŸ‡ª|montenegro
ğŸ‡²ğŸ‡¬|madagascar|madagÃ¡scar
ğŸ‡²ğŸ‡­|ilhas marshall
ğŸ‡²ğŸ‡°|macedÃ´nia do norte|macedÃ³nia do norte
ğŸ‡²ğŸ‡±|mali
ğŸ‡²ğŸ‡²|mianmar (birmÃ¢nia)
ğŸ‡²ğŸ‡³|mongÃ³lia
ğŸ‡²ğŸ‡´|macau, rae da china
ğŸ‡²ğŸ‡µ|ilhas marianas do norte
ğŸ‡²ğŸ‡¶|martinica
ğŸ‡²ğŸ‡·|mauritÃ¢nia
ğŸ‡²ğŸ‡¸|montserrat|monserrate
ğŸ‡²ğŸ‡¹|malta
ğŸ‡²ğŸ‡º|maurÃ­cio|maurÃ­cia
ğŸ‡²ğŸ‡»|maldivas
ğŸ‡²ğŸ‡¼|malaui|malÃ¡ui
ğŸ‡²ğŸ‡½|mÃ©xico
ğŸ‡²ğŸ‡¾|malÃ¡sia
ğŸ‡²ğŸ‡¿|moÃ§ambique
ğŸ‡³ğŸ‡¦|namÃ­bia
ğŸ‡³ğŸ‡¨|nova caledÃ´nia|nova caledÃ³nia
ğŸ‡³ğŸ‡ª|nÃ­ger
ğŸ‡³ğŸ‡«|ilha norfolk
ğŸ‡³ğŸ‡¬|nigÃ©ria
ğŸ‡³ğŸ‡®|nicarÃ¡gua
ğŸ‡³ğŸ‡±|paÃ­ses baixos
ğŸ‡³ğŸ‡´|noruega
ğŸ‡³ğŸ‡µ|nepal
ğŸ‡³ğŸ‡·|nauru
ğŸ‡³ğŸ‡º|niue|niuÃª
ğŸ‡³ğŸ‡¿|nova zelÃ¢ndia
ğŸ‡´ğŸ‡²|omÃ£
ğŸ‡µğŸ‡¦|panamÃ¡
ğŸ‡µğŸ‡ª|peru
ğŸ‡µğŸ‡«|polinÃ©sia francesa
ğŸ‡µğŸ‡¬|papua-nova guinÃ©
ğŸ‡µğŸ‡­|filipinas
ğŸ‡µğŸ‡°|paquistÃ£o
ğŸ‡µğŸ‡±|polÃ´nia|polÃ³nia
ğŸ‡µğŸ‡²|sÃ£o pedro e miquelÃ£o
ğŸ‡µğŸ‡³|ilhas pitcairn
ğŸ‡µğŸ‡·|porto rico
ğŸ‡µğŸ‡¸|territÃ³rios palestinos|territÃ³rios palestinianos
ğŸ‡µğŸ‡¹|portugal
ğŸ‡µğŸ‡¼|palau
ğŸ‡µğŸ‡¾|paraguai
ğŸ‡¶ğŸ‡¦|catar
ğŸ‡·ğŸ‡ª|reuniÃ£o
ğŸ‡·ğŸ‡´|romÃªnia|romÃ©nia
ğŸ‡·ğŸ‡¸|sÃ©rvia
ğŸ‡·ğŸ‡º|rÃºssia
ğŸ‡·ğŸ‡¼|ruanda
ğŸ‡¸ğŸ‡¦|arÃ¡bia saudita
ğŸ‡¸ğŸ‡§|ilhas salomÃ£o
ğŸ‡¸ğŸ‡¨|seicheles
ğŸ‡¸ğŸ‡©|sudÃ£o
ğŸ‡¸ğŸ‡ª|suÃ©cia
ğŸ‡¸ğŸ‡¬|singapura
ğŸ‡¸ğŸ‡­|santa helena
ğŸ‡¸ğŸ‡®|eslovÃªnia|eslovÃ©nia
ğŸ‡¸ğŸ‡°|eslovÃ¡quia
ğŸ‡¸ğŸ‡±|serra leoa
ğŸ‡¸ğŸ‡²|san marino|sÃ£o marinho
ğŸ‡¸ğŸ‡³|senegal
ğŸ‡¸ğŸ‡´|somÃ¡lia
ğŸ‡¸ğŸ‡·|suriname
ğŸ‡¸ğŸ‡¸|sudÃ£o do sul
ğŸ‡¸ğŸ‡¹|sÃ£o tomÃ© e prÃ­ncipe
ğŸ‡¸ğŸ‡»|el salvador|salvador
ğŸ‡¸ğŸ‡½|sint maarten|sÃ£o martinho (sint maarten)
ğŸ‡¸ğŸ‡¾|sÃ­ria
ğŸ‡¸ğŸ‡¿|essuatÃ­ni
ğŸ‡¹ğŸ‡¨|ilhas turcas e caicos
ğŸ‡¹ğŸ‡©|chade
ğŸ‡¹ğŸ‡«|territÃ³rios franceses do sul|territÃ³rios austrais franceses
ğŸ‡¹ğŸ‡¬|togo
ğŸ‡¹ğŸ‡­|tailÃ¢ndia
ğŸ‡¹ğŸ‡¯|tadjiquistÃ£o|tajiquistÃ£o
ğŸ‡¹ğŸ‡°|tokelau|toquelau
ğŸ‡¹ğŸ‡±|timor-leste
ğŸ‡¹ğŸ‡²|turcomenistÃ£o|turquemenistÃ£o
ğŸ‡¹ğŸ‡³|tunÃ­sia
ğŸ‡¹ğŸ‡´|tonga
ğŸ‡¹ğŸ‡·|turquia
ğŸ‡¹ğŸ‡¹|trinidad e tobago|trindade e tobago
ğŸ‡¹ğŸ‡»|tuvalu
ğŸ‡¹ğŸ‡¼|taiwan
ğŸ‡¹ğŸ‡¿|tanzÃ¢nia
ğŸ‡ºğŸ‡¦|ucrÃ¢nia
ğŸ‡ºğŸ‡¬|uganda
ğŸ‡ºğŸ‡¸|estados unidos
ğŸ‡ºğŸ‡¾|uruguai
ğŸ‡ºğŸ‡¿|uzbequistÃ£o|usbequistÃ£o
ğŸ‡»ğŸ‡¦|cidade do vaticano
ğŸ‡»ğŸ‡¨|sÃ£o vicente e granadinas
ğŸ‡»ğŸ‡ª|venezuela
ğŸ‡»ğŸ‡¬|ilhas virgens britÃ¢nicas
ğŸ‡»ğŸ‡®|ilhas virgens americanas|ilhas virgens dos eua
ğŸ‡»ğŸ‡³|vietnÃ£|vietname
ğŸ‡»ğŸ‡º|vanuatu
ğŸ‡¼ğŸ‡«|wallis e futuna
ğŸ‡¼ğŸ‡¸|samoa
ğŸ‡½ğŸ‡°|kosovo
ğŸ‡¾ğŸ‡ª|iÃªmen|iÃ©men
ğŸ‡¾ğŸ‡¹|mayotte|maiote
ğŸ‡¿ğŸ‡¦|Ã¡frica do sul
ğŸ‡¿ğŸ‡²|zÃ¢mbia
ğŸ‡¿ğŸ‡¼|zimbÃ¡bue|zimbabuÃ©
ğŸ´ó §ó ¢ó ¥ó ®ó §ó ¿|inglaterra
ğŸ´ó §ó ¢ó ³ó £ó ´ó ¿|escÃ³cia
ğŸ´ó §ó ¢ó ·ó ¬ó ³ó ¿|paÃ­s de gales