â‰ï¸|interpunkcia|otÃ¡zka|vÃ½kriÄnÃ­k s otÃ¡znikom|znak
â„¹ï¸|informÃ¡cie|informaÄnÃ½ zdroj
â†”ï¸|Å¡Ã­pka doprava aj doÄ¾ava
â†•ï¸|Å¡Ã­pka nahor aj nadol
â†–ï¸|doÄ¾ava nahor|severozÃ¡pad|Å¡Ã­pka doÄ¾ava nahor
â†—ï¸|doprava nahor|severovÃ½chod|Å¡Ã­pka doprava nahor
â†˜ï¸|doprava nadol|juhovÃ½chod|Å¡Ã­pka doprava nadol
â†™ï¸|doÄ¾ava nadol|juhozÃ¡pad|Å¡Ã­pka doÄ¾ava nadol
âŒ¨ï¸|klÃ¡vesnica|poÄÃ­taÄ
â˜€ï¸|jas|lÃºÄe|poÄasie|slneÄno|slnko|vesmÃ­r
â˜ï¸|oblak|poÄasie
â˜‚ï¸|dÃ¡Å¾Ä|dÃ¡Å¾dnik|obleÄenie|poÄasie
â˜ƒï¸|poÄasie|snehuliak|studenÃ©
â˜„ï¸|komÃ©ta|vesmÃ­r
â˜‘ï¸|âœ“|zaÄiarknuÅ¥|zaÄiarknutÃ© polÃ­Äko|zaÄiarknutie
â˜”|dÃ¡Å¾Ä|dÃ¡Å¾dnik s kvapkami|kvapka|obleÄenie|poÄasie
â˜•|Äaj|drink|horÃºce|horÃºci nÃ¡poj|kÃ¡va|nÃ¡poj|para
â˜˜ï¸|rastlina|trojlÃ­stok
â˜ ï¸|lebka s prekrÃ­Å¾enÃ½mi kosÅ¥ami|skrÃ­Å¾enÃ© hnÃ¡ty|smrÅ¥|tvÃ¡r
â˜¢ï¸|rÃ¡dioaktivita|znaÄka
â˜£ï¸|biologickÃ© riziko|znaÄka
â˜¦ï¸|kresÅ¥anskÃ©|krÃ­Å¾|nÃ¡boÅ¾enstvo|pravoslÃ¡vny krÃ­Å¾
â˜¸ï¸|budhista|dharma|koleso dharmy|nÃ¡boÅ¾enstvo
â˜¹ï¸|tvÃ¡r|zamraÄenÃ¡
â™ˆ|baran|znamenie barana|zverokruh
â™‰|bÃ½k|byvol|znamenie bÃ½ka|zverokruh
â™|strelec|znamenie strelca|zverokruh
â™‘|koza|znamenie kozoroÅ¾ca|zverokruh
â™’|vodna|vodnÃ¡r|znamenie vodnÃ¡ra|zverokruh
â™“|ryba|znamenie rÃ½b|zverokruh
â™ ï¸|farba|hra|karta|pika
â™£ï¸|farba|hra|karta|krÃ­Å¾|trojlÃ­stky|trojlÃ­stok
â™¥ï¸|farba|hra|karta|srdce|srdcia
â™¦ï¸|farba|hra|kÃ¡ra|kÃ¡ro|karta
â™¨ï¸|horÃºce pramene|para|Å¾riedla
âš’ï¸|kladivo a krompÃ¡Ä|krompÃ¡Ä|nÃ¡stroj
âš“|kotva|loÄ|nÃ¡stroj
âš”ï¸|meÄe|prekrÃ­Å¾enÃ© meÄe|skrÃ­Å¾enÃ©|zbraÅˆ
âš–ï¸|hmotnosÅ¥|miskovÃ© vÃ¡hy|rovnovÃ¡ha|spravodlivosÅ¥|vÃ¡hy|vÃ¡Å¾enie|zverokruh
âš—ï¸|chÃ©mia|krivuÄ¾a|nÃ¡stroja
âš™ï¸|nÃ¡stroj|ozubenÃ© koliesko
âœ‚ï¸|nÃ¡stroj|noÅ¾nice
âœ…|âœ“|zaÄiarkavacie polÃ­Äko|zaÄiarknuÅ¥|zaÄiarknutie
âœˆï¸|dopravnÃ½ prostriedok|lietadlo
âœ‰ï¸|e-mail|email|list|obÃ¡lka
âœ’ï¸|Äierne pero|hrot|pero
âœ”ï¸|zaÄiarknuÅ¥|znak zaÄiarknutia
âœ–ï¸|Ã—|krÃ¡t|nÃ¡sobenie|nÃ¡sobiÅ¥|x|znak|zruÅ¡iÅ¥
âœ¡ï¸|dÃ¡vidova hviezda|hviezda|nÃ¡boÅ¾enstvo|Å¾idovskÃ©
âœ¨|*|hviezda|iskra|iskry
âœ³ï¸|*|hviezdiÄka|osemcÃ­pa
âœ´ï¸|*|hviezda|osemcÃ­pa
â„ï¸|poÄasie|snehovÃ¡ vloÄka|studenÃ©
â‡ï¸|*|iskra|trblietanie
â“|?|ÄervenÃ½ otÃ¡znik|interpunkcia|otÃ¡zka|otÃ¡znik|znak
â”|biely otÃ¡znik|interpunkcia|obrys|otÃ¡zka|znak
â•|biely vÃ½kriÄnÃ­k|interpunkcia|obrys|vÃ½kriÄnÃ­k|znak
â—|!|ÄervenÃ½ vÃ½kriÄnÃ­k|interpunkcia|vÃ½kriÄnÃ­k|znak|zvolanie
â£ï¸|interpunkcia|srdce|vÃ½kriÄnÃ­k v tvare srdca|znak|zvolanie
â¤ï¸|ÄervenÃ©|srdce
â•|+|matematika|plus|znak sÄÃ­tania
â–|-|âˆ’|matematika|mÃ­nus|znak odÄÃ­tania
â—|Ã·|delenie|deleno|deliÅ¥|matematika|znak delenia
â¤´ï¸|Å¡Ã­pka doprava zakrivenÃ¡ nahor
â¤µï¸|nadol|Å¡Ã­pka doprava zakrivenÃ¡ nadol
ã€°ï¸|interpunkcia|vlnovka|vlnovkovÃ¡ pomlÄka|vlnovkovitÃ¡
ãŠ—ï¸|blahoÅ¾elÃ¡m|blahoÅ¾elanie|ideograf|japonÄina|japonskÃ½ ideograf blahoÅ¾elÃ¡m
ãŠ™ï¸|ideograf|japonÄina|japonskÃ½ ideograf tajomstvo|tajomstvo
ğŸ¥¹|nahnevanÃ¡|odolÃ¡vanie|plaÄ|pyÅ¡nÃ¡|smÃºtok|tvÃ¡r zadrÅ¾ujÃºca slzy
ğŸ§Œ|fantasy|obluda|obor|rozprÃ¡vka
ğŸ©»|kosti|kostra|lekÃ¡r|rÃ¶ntgen|zdravie
ğŸ©¼|barla|palica|podpera|postihnutie|zdravotnÃ¡ pomÃ´cka|zranenie
ğŸª©|blyÅ¡Å¥anie|disko|pÃ¡rty|tanec|zrkadlovÃ¡ guÄ¾a
ğŸªª|bezpeÄnosÅ¥|doklady|preukaz totoÅ¾nosti|vodiÄskÃ½ preukaz
ğŸª«|elektronika|mÃ¡lo energie|slabÃ¡ batÃ©ria
ğŸª¬|amulet|fatima|fatimina ruka|hamsa|mÃ¡ria|ochrana|ruka
ğŸª·|budhizmus|Äistota|hinduizmus|india|kvet|lotos|vietnam
ğŸª¸|koral|oceÃ¡n|Ãºtes
ğŸª¹|hniezdenie|prÃ¡zdne hniezdo
ğŸªº|hniezdenie|hniezdo s vajcami
ğŸ«ƒ|brucho|nafÃºknutÃ©|plnÃ©|tehotnÃ¡|tehotnÃ½ muÅ¾
ğŸ«„|brucho|nafÃºknutÃ©|plnÃ©|tehotnÃ¡ osoba|tehotnÃ½
ğŸ«…|krÃ¡Ä¾ovskÃ½|krÃ¡Ä¾ovstvo|monarcha|osoba s korunou|vlÃ¡dca
ğŸ«—|liatie|nÃ¡poj|pohÃ¡r|prÃ¡zdny|rozliaÅ¥
ğŸ«˜|fazuÄ¾a|jedlo|strukovina
ğŸ«™|nÃ¡doba|pohÃ¡r|prÃ¡zdny|pyrÃ©|zÃ¡soby|zavÃ¡ranina
ğŸ« |rozpustiÅ¥|roztiecÅ¥|roztopenÃ¡ tvÃ¡r|roztopiÅ¥|zmiznÃºÅ¥
ğŸ«¡|ako povieÅ¡|Ã¡no|salutovaÅ¥|salutujÃºca tvÃ¡r|slnko v oÄiach|zdravÃ­m
ğŸ«¢|nevera|prekvapenie|strach|tvÃ¡r s otvorenÃ½mi oÄami a rukou na Ãºstach|ÃºÅ¾as|v rozpakoch|zdesenie
ğŸ«£|pokukÃ¡vanie|tvÃ¡r vykÃºkajÃºca pomedzi prsty|uchvÃ¡tenÃ¡|zÃ­zanie
ğŸ«¤|ach|neistÃ¡|pochybovaÄnÃ¡|sklamanie|tvÃ¡r so Å¡ikmÃ½mi Ãºstami
ğŸ«¥|introvert|neviditeÄ¾nÃ¡|skÄ¾ÃºÄenÃ¡|skryÅ¥|tvÃ¡r s preruÅ¡ovanou Äiarou|zmiznÃºÅ¥
ğŸ«¦|flirt|nepohodlie|nervy|obavy|strach|ÃºzkosÅ¥|zahryznutie do pery
ğŸ«§|bubliny|Äistota|grgnutie|mydlo|pod vodou
ğŸ«°|drahÃ©|lÃ¡ska|lusknutie|peniaze|ruka s prekrÃ­Å¾enÃ½m ukazovÃ¡kom a palcom|srdce
ğŸ«±|doprava|ruka|vpravo
ğŸ«²|doÄ¾ava|ruka|vÄ¾avo
ğŸ«³|heÅ¡|pustiÅ¥|ruka dlaÅˆou nadol|zahodiÅ¥
ğŸ«´|chytiÅ¥|mÃ¡vaÅ¥|poÄ|ponÃºkaÅ¥|ruka dlaÅˆou nahor
ğŸ«µ|na teba|ukazovanie ukazovÃ¡kom
ğŸ«¶|lÃ¡ska|srdce z dlanÃ­
ğŸ›|hra|ihrisko|Å¡mykÄ¾avka
ğŸ›|koleso|kruh|otÃ¡Äanie|pneumatika
ğŸ›Ÿ|bezpeÄnosÅ¥|koleso|pomoc|vznÃ¡Å¡anie|zÃ¡chrana|zÃ¡chrannÃ© koleso
ğŸŸ°|matematika|rovnÃ©|rovnosÅ¥
ğŸ˜€|Å¡keriaca sa tvÃ¡r|tvÃ¡r|ÃºÅ¡kÄ¾abok|ÃºÅ¡krn
ğŸ˜ƒ|otvorenÃ©|Å¡keriaca sa tvÃ¡r sÂ veÄ¾kÃ½mi oÄami|tvÃ¡r|Ãºsmev|Ãºsta
ğŸ˜„|oko|priÅ¾mÃºrenÃ©|Å¡keriaca sa tvÃ¡r sÂ priÅ¾mÃºrenÃ½mi oÄami|tvÃ¡r|Ãºsmev|Ãºsta
ğŸ˜|nateÅ¡enÃ¡ tvÃ¡r sÂ priÅ¾mÃºrenÃ½mi oÄami|oko|tvÃ¡r|ÃºÅ¡kÄ¾abok|ÃºÅ¡krn|Ãºsmev
ğŸ˜†|otvorenÃ©|Å¡keriaca sa tvÃ¡r sÂ privretÃ½mi oÄami|smiech|spokojnÃ©|tvÃ¡r|Ãºsmev|Ãºsta
ğŸ˜…|horÃºco|otvorenÃ©|pot|Å¡keriaca sa tvÃ¡r sÂ potom|tvÃ¡r|Ãºsmev
ğŸ¤£|smiech|tvÃ¡r|vÃ¡Ä¾am sa od smiechu
ğŸ˜‚|plaÄem od smiechu|radosÅ¥|slza|smiech|tvÃ¡r
ğŸ™‚|tvÃ¡r|Ãºsmev|usmievajÃºca sa tvÃ¡r
ğŸ™ƒ|otoÄenÃ¡|prevrÃ¡tenÃ¡|tvÃ¡r
ğŸ˜‰|tvÃ¡r|Å¾murkajÃºca tvÃ¡r|Å¾murkanie|Å¾murknutie
ğŸ˜Š|oko|smejÃºca sa tvÃ¡r s priÅ¾mÃºrenÃ½mi oÄami|tvÃ¡r|Ãºsmev|zapÃ½renie
ğŸ˜‡|anjel|nevinnÃ¡|smejÃºca sa tvÃ¡r so svÃ¤toÅ¾iarou|svÃ¤tÃ¡|svÃ¤toÅ¾iara|tvÃ¡r|Ãºsmev
ğŸ¥°|smejÃºca sa tvÃ¡r s tromi srdieÄkami|zaÄ¾ÃºbenÃ¡|zaÄ¾ÃºbenÃ½|zamilovanÃ¡|zamilovanÃ½|zboÅ¾Åˆujem
ğŸ˜|lÃ¡ska|oko|smejÃºca sa tvÃ¡r so srdieÄkami|srdce|tvÃ¡r|Ãºsmev
ğŸ¤©|oÄi|poblÃ¡znenÃ¡ tvÃ¡r|poblÃ¡znenie|tvÃ¡r|ÃºÅ¡kÄ¾abok|ÃºÅ¡krn
ğŸ˜˜|bozk|srdce|tvÃ¡r posielajÃºca bozk
ğŸ˜—|bozkÃ¡vajÃºca tvÃ¡r|tvÃ¡r
â˜ºï¸|pohoda|smejÃºca sa tvÃ¡r|tvÃ¡r|Ãºsmev
ğŸ˜š|bozkÃ¡vajÃºca tvÃ¡r so zatvorenÃ½mi oÄami|oko|tvÃ¡r|zatvorenÃ©
ğŸ˜™|bozkÃ¡vajÃºca tvÃ¡r s priÅ¾mÃºrenÃ½mi oÄami|oko|tvÃ¡r|Ãºsmev
ğŸ¥²|hrdosÅ¥|slza|smejÃºca sa tvÃ¡r so slzou|uÄ¾ahÄenie|Ãºsmev|vÄaÄnosÅ¥
ğŸ˜‹|dobrota|jedlo|mÅˆam|pochutnÃ¡vajÃºca si tvÃ¡r|tvÃ¡r|Ãºsmev
ğŸ˜›|drzÃ¡|jazyk|tvÃ¡r s vyplazenÃ½m jazykom
ğŸ˜œ|jazyk|oko|tvÃ¡r|vtip|Å¾murkajÃºca tvÃ¡r sÂ vyplazenÃ½m jazykom|Å¾murkaÅ¥
ğŸ¤ª|blÃ¡znivÃ¡|Å¡ialenÃ¡|Å¡ialenec|tvÃ¡r
ğŸ˜|chuÅ¥|hroznÃ¡|jazyk|oko|Å¡kÃºliaca tvÃ¡r sÂ jazykom|Å¡kÃºliÅ¥|tvÃ¡r
ğŸ¤‘|peniaze|tvÃ¡r s peniazmi na jazyku|Ãºsta
ğŸ¤—|objatie|objÃ­majÃºca tvÃ¡r|objÃ­manie|tvÃ¡r
ğŸ¤­|chi|joj|tvÃ¡r sÂ rukou na Ãºstach
ğŸ¤«|Äit|pst|ticho|tvÃ¡r sÂ prstom na Ãºstach
ğŸ¤”|premÃ½Å¡Ä¾ajÃºca tvÃ¡r|premÃ½Å¡Ä¾aÅ¥|tvÃ¡r
ğŸ¤|mlÄaÅ¥|tvÃ¡r so zazipsovanÃ½mi Ãºstami|Ãºsta
ğŸ¤¨|nedÃ´vera|pochyba|skeptik|tvÃ¡r so zdvihnutÃ½m oboÄÃ­m
ğŸ˜|kamennÃ¡|neutrÃ¡lna|tvÃ¡r
ğŸ˜‘|bezvÃ½raznÃ¡|neurÄitÃ¡|tvÃ¡r
ğŸ˜¶|nemÃ¡|tichÃ¡|tvÃ¡r bez Ãºst|Ãºsta
ğŸ˜¶â€ğŸŒ«ï¸|hlava vÂ oblakoch|neprÃ­tomnÃ¡|nesÃºstredenÃ¡|tvÃ¡r vÂ hmle|tvÃ¡r vÂ oblakoch
ğŸ˜|samoÄ¾Ãºba|tvÃ¡r
ğŸ˜’|nespokojnÃ¡|nuda|tvÃ¡r|znudenÃ¡
ğŸ™„|oÄi|prevracaÅ¥|tvÃ¡r prevracajÃºca oÄi
ğŸ˜¬|grimasa|tvÃ¡r|vyÅ¡kerenÃ¡
ğŸ˜®â€ğŸ’¨|hvÃ­zdaÅ¥|pÃ­skaÅ¥|Å¡epkaÅ¥|ÃºÄ¾ava|vydÃ½chnuÅ¥|vydychujÃºca tvÃ¡r|vzdychaÅ¥
ğŸ¤¥|klamaÅ¥|klamstvo|loÅ¾|tvÃ¡r sÂ dlhÃ½m nosom
ğŸ˜Œ|tvÃ¡r vyjadrujÃºca ÃºÄ¾avu|ÃºÄ¾ava|upokojenÃ¡
ğŸ˜”|deprimovanÃ¡|tvÃ¡r|zamyslenÃ¡
ğŸ˜ª|ospalÃ¡|tvÃ¡r|Ãºnava
ğŸ¤¤|blaho|slintajÃºca tvÃ¡r|slintaÅ¥|tvÃ¡r
ğŸ˜´|spÃ¡nok|spaÅ¥|spiaca tvÃ¡r|tvÃ¡r
ğŸ˜·|chorÃ¡|choroba|doktor|lekÃ¡r|tvÃ¡r s rÃºÅ¡kom
ğŸ¤’|chorÃ¡|nezdravÃ¡|teplomer|tvÃ¡r s teplomerom
ğŸ¤•|obvÃ¤z|poranenÃ¡|tvÃ¡r s obvÃ¤zom|zranenie
ğŸ¤¢|nevoÄ¾nosÅ¥|tvÃ¡r, ktorej je zle|vracaÅ¥|zle
ğŸ¤®|tvÃ¡r, ktorÃ¡ vracia|vracaÅ¥|zle
ğŸ¤§|kÃ½chajÃºca tvÃ¡r|kÃ½chaÅ¥|kÃ½chnutie|tvÃ¡r
ğŸ¥µ|horÃºÄka|horÃºco|potenie|rozhorÃºÄenÃ¡ tvÃ¡r|Ãºpal
ğŸ¥¶|cencÃºÄ¾|chladno|mrÃ¡z|mrznÃºca tvÃ¡r|zima
ğŸ¥´|malÃ¡tna tvÃ¡r|omÃ¡menÃ½|opilec|opitÃ½|podnapitÃ½|zÃ¡vrat
ğŸ˜µ|tvÃ¡r so zÃ¡vratom|zÃ¡vrat
ğŸ˜µâ€ğŸ’«|hypnÃ³za|problÃ©m|Å¡pirÃ¡la|tvÃ¡r so Å¡pirÃ¡lovÃ½mi oÄami|zÃ¡vrat
ğŸ¤¯|nechÃ¡pem|Å¡okovanÃ¡|vybuchujÃºca hlava
ğŸ¤ |klobÃºk|kovbojka|tvÃ¡r s kovbojskÃ½m klobÃºkom
ğŸ¥³|oslava|oslavujÃºca tvÃ¡r|pÃ¡rty|veÄierok|Å¾Ãºr
ğŸ¥¸|inkognito|maska|maskovanÃ¡ tvÃ¡r|nos|okuliare|prestrojenie|tvÃ¡r
ğŸ˜|okuliare|slnko|smejÃºca sa tvÃ¡r s okuliarmi|super|tvÃ¡r|Ãºsmev
ğŸ¤“|bifÄ¾loÅ¡|ÄudÃ¡k|Å¡prtÃ¡k|tvÃ¡r|vedÃ¡tor
ğŸ§|staromÃ³dna|tvÃ¡r sÂ monoklom
ğŸ˜•|neviem|tvÃ¡r|zmÃ¤tenÃ¡|zmÃ¤tok
ğŸ˜Ÿ|obavy|tvÃ¡r|ustaranÃ¡
ğŸ™|trochu zamraÄenÃ¡ tvÃ¡r|tvÃ¡r|zamraÄenÃ¡
ğŸ˜®|otvorenÃ©|sÃºcit|tvÃ¡r s otvorenÃ½mi Ãºstami|Ãºsta
ğŸ˜¯|ohromenÃ¡|prekvapenÃ¡|tvÃ¡r|umlÄanÃ¡
ğŸ˜²|absolÃºtne|Å¡okovanÃ¡|tvÃ¡r|udivenÃ¡
ğŸ˜³|sÄervenenÃ¡|tvÃ¡r|zapÃ½renÃ¡
ğŸ¥º|prosebnÃ¡ tvÃ¡r|prosÃ­m|psie oÄi|zÄ¾utovanie
ğŸ˜¦|otvorenÃ©|tvÃ¡r|Ãºsta|zamraÄenÃ¡ tvÃ¡r s otvorenÃ½mi Ãºstami
ğŸ˜§|tvÃ¡r|utrÃ¡penÃ¡
ğŸ˜¨|bojazlivÃ¡|strach|tvÃ¡r|vystraÅ¡enÃ¡
ğŸ˜°|nÃ¡hliÅ¥|otvorenÃ©|pot|tvÃ¡r|Ãºsta|znepokojenÃ¡ tvÃ¡r sÂ potom
ğŸ˜¥|sklamanÃ¡, ale uvoÄ¾nenÃ¡ tvÃ¡r|tvÃ¡r|uf|uvoÄ¾nenÃ¡
ğŸ˜¢|plaÄÃºca tvÃ¡r|plakaÅ¥|slza|smutnÃ¡|tvÃ¡r
ğŸ˜­|nariekajÃºca tvÃ¡r|nariekaÅ¥|plaÄ|slza|smutnÃ¡|tvÃ¡r
ğŸ˜±|strach|tvÃ¡r kriÄiaca od strachu|vydesenÃ¡|vÃ½krik|vystraÅ¡enÃ¡
ğŸ˜–|popletenÃ¡|tvÃ¡r v rozpakoch
ğŸ˜£|tvÃ¡r|urputnÃ¡ tvÃ¡r|vydrÅ¾aÅ¥|vytrvaÅ¥
ğŸ˜|sklamanÃ¡|tvÃ¡r
ğŸ˜“|deprimovanÃ¡|pot|skÄ¾ÃºÄenÃ¡ tvÃ¡r sÂ potom|tvÃ¡r
ğŸ˜©|tvÃ¡r|unavenÃ¡|ustatÃ¡
ğŸ˜«|tvÃ¡r|Ãºnava|unavenÃ¡
ğŸ¥±|unavenÃ½|unudenÃ½|zÃ­vajÃºca tvÃ¡r|zÃ­vaÅ¥|znudenÃ½
ğŸ˜¤|triumf|tvÃ¡r s parou z nosa|vÃ­Å¥aznÃ¡
ğŸ˜¡|hnev|nahnevanÃ¡|nazlostenÃ¡|podrÃ¡Å¾denÃ¡ tvÃ¡r|trucujÃºca|tvÃ¡r|zlosÅ¥
ğŸ˜ |hnev|nahnevanÃ¡|nazlostenÃ¡|tvÃ¡r|zlosÅ¥
ğŸ¤¬|nadÃ¡vajÃºca tvÃ¡r|nadÃ¡vaÅ¥|nadÃ¡vky
ğŸ˜ˆ|rohy|rozprÃ¡vka|smejÃºca sa tvÃ¡r s rohmi|tvÃ¡r|Ãºsmev
ğŸ‘¿|Äert|dÃ©mon|diabol|nahnevanÃ¡ tvÃ¡r s rohmi|rozprÃ¡vka|tvÃ¡r
ğŸ’€|lebka|rozprÃ¡vka|smrÅ¥|tvÃ¡r
ğŸ’©|hnoj|hovienko|hovno|tvÃ¡r
ğŸ¤¡|klaun|tvÃ¡r klauna
ğŸ‘¹|netvor|obluda|rozprÃ¡vka|tvÃ¡r
ğŸ‘º|netvor|obluda|rozprÃ¡vka|Å¡krat|tvÃ¡r
ğŸ‘»|duch|netvor|rozprÃ¡vka|straÅ¡idlo|tvÃ¡r
ğŸ‘½|mimozemÅ¡Å¥an|tvÃ¡r|ufÃ³n|vesmÃ­r
ğŸ‘¾|mimozemskÃ¡ prÃ­Å¡era|mimozemÅ¡Å¥an|netvor|obluda|vesmÃ­r|votrelec
ğŸ¤–|netvor|robot|tvÃ¡r
ğŸ˜º|maÄka|otvorenÃ©|Å¡keriaca sa maÄka|tvÃ¡r|Ãºsmev|Ãºsta
ğŸ˜¸|maÄka|oko|Å¡keriaca sa maÄka s priÅ¾mÃºrenÃ½mi oÄami|tvÃ¡r|ÃºÅ¡kÄ¾abok|ÃºÅ¡krn|Ãºsmev
ğŸ˜¹|maÄka plaÄe od smiechu|slza|smiech|tvÃ¡r
ğŸ˜»|lÃ¡ska|maÄka|oko|smejÃºca sa maÄka so srdieÄkami|srdce|tvÃ¡r|Ãºsmev
ğŸ˜¼|ironickÃ¡|maÄka s ÃºÅ¡kÄ¾abkom|tvÃ¡r|Ãºsmev|uÅ¡tipaÄnÃ¡
ğŸ˜½|bozkÃ¡vajÃºca maÄka|maÄka|oko|tvÃ¡r
ğŸ™€|maÄka|prekvapenÃ¡|tvÃ¡r|ustatÃ¡|vyÄerpanÃ¡ maÄka
ğŸ˜¿|maÄka|plaÄÃºca maÄka|slza|smutnÃ¡|tvÃ¡r
ğŸ˜¾|maÄka|podrÃ¡Å¾denÃ¡|trucujÃºca|tvÃ¡r
ğŸ™ˆ|gesto|nevidÃ­m|opica|tvÃ¡r|zakÃ¡zanÃ©|zlÃ©|zlo
ğŸ™‰|gesto|nepoÄujem|opica|tvÃ¡r|zakÃ¡zanÃ©|zlÃ©|zlo
ğŸ™Š|gesto|nehovorÃ­m|opica|tvÃ¡r|zakÃ¡zanÃ©|zlÃ©|zlo
ğŸ’‹|bozk|odtlaÄok pier|pery
ğŸ’Œ|lÃ¡ska|list|Ä¾ÃºbostnÃ½ list|poÅ¡ta|srdce
ğŸ’˜|kupido|Å¡Ã­p|srdce so Å¡Ã­pom
ğŸ’|srdce so stuhou|stuha|valentÃ­n
ğŸ’–|ligotanie|ligotavÃ© srdce|radosÅ¥|srdce|trblietanie
ğŸ’—|nervÃ³zne|pulz|radosÅ¥|rastÃºce srdce|srdce
ğŸ’“|pulz|srdce|tlÄÃºce srdce|tlkot
ğŸ’|krÃºÅ¾iace srdcia|srdce
ğŸ’•|dve srdcia|lÃ¡ska|srdce
ğŸ’Ÿ|ozdoba v tvare srdca|srdce
ğŸ’”|srdce|zlomenÃ©|zlomiÅ¥
â¤ï¸â€ğŸ”¥|horiace srdce|lÃ¡ska|oheÅˆ|srdce|tÃºÅ¾ba
â¤ï¸â€ğŸ©¹|dobre|lepÅ¡ie|srdce sÂ obvÃ¤zom|uzdravovaÅ¥ sa|zdravÅ¡ie|zotavovaÅ¥ sa
ğŸ§¡|oranÅ¾ovÃ©|srdce
ğŸ’›|srdce|Å¾ltÃ©
ğŸ’š|srdce|zelenÃ©
ğŸ’™|modrÃ©|srdce
ğŸ’œ|fialovÃ©|srdce
ğŸ¤|hnedÃ©|srdce
ğŸ–¤|Äierne|podlosÅ¥|srdce|zlo
ğŸ¤|biele|srdce
ğŸ’¯|100|plnÃ½ poÄet|sto bodov
ğŸ’¢|hnev|komiks|symbol hnevu|zlosÅ¥
ğŸ’¥|buch|bum|komiks|zrÃ¡Å¾ka
ğŸ’«|hviezdiÄky|komiks|mÃ¡m zÃ¡vrat|zÃ¡vrat
ğŸ’¦|komiks|kvapky potu|pot
ğŸ’¨|beÅ¾aÅ¥|komiks|trieliÅ¥|utekÃ¡m|utekaÅ¥
ğŸ•³ï¸|diera|jama|kanÃ¡l
ğŸ’£|bomba|komiks
ğŸ’¬|bublina|hovoriÅ¥|komiks|reÄ
ğŸ‘ï¸â€ğŸ—¨ï¸|bublina|dialÃ³g|oko v bubline|reÄ
ğŸ—¨ï¸|dialÃ³g|komiks|Ä¾avÃ¡ bublina|reÄ
ğŸ—¯ï¸|bublina|hnev|komiks|zlosÅ¥
ğŸ’­|bublina|komiks|myÅ¡lienka
ğŸ’¤|chÅ•|komiks|spÃ¡nok
ğŸ‘‹|mÃ¡vajÃºca ruka|mÃ¡vaÅ¥|ruka
ğŸ¤š|ruka|spakruky|zdvihnutÃ¡
ğŸ–ï¸|prst|roztiahnutÃ¡|ruka
âœ‹|ruka|stÃ¡Å¥|stop|zdvihnutÃ¡ ruka
ğŸ––|prst|ruka|spock|vulkÃ¡nsky pozdrav
ğŸ‘Œ|ok|ruka|vÃ½borne
ğŸ¤Œ|mÃ¡lo|prsty|Å¡tipka|trocha|troÅ¡ka
ğŸ¤|malÃ© mnoÅ¾stvo|mÃ¡lo|trocha|troÅ¡ka
âœŒï¸|ruka|vÃ­Å¥azstvo
ğŸ¤|drÅ¾aÅ¥|drÅ¾Ã­m palce|palce|ruka|Å¡Å¥astie
ğŸ¤Ÿ|Ä¾Ãºbim Å¥a|Ä¾ÃºbiÅ¥|ruka
ğŸ¤˜|parohÃ¡Ä|prst|ruka
ğŸ¤™|hovor|ruka|telefonovaÅ¥|zavolÃ¡me si|zavolaÅ¥
ğŸ‘ˆ|doÄ¾ava|prst|ruka|ukazovÃ¡k|ukazovaÅ¥
ğŸ‘‰|doprava|prst|ruka|ukazovÃ¡k|ukazovaÅ¥
ğŸ‘†|nahor|prst|ruka|spakruky|ukazovÃ¡k|ukazovaÅ¥
ğŸ–•|prostrednÃ­k|prst|ruka
ğŸ‘‡|nadol|prst|ruka|spakruky|ukazovÃ¡k|ukazovaÅ¥
â˜ï¸|nahor|prst|ruka|ukazovÃ¡k|ukazovaÅ¥
ğŸ‘|+1|nahor|palec|ruka
ğŸ‘|-1|nadol|palec|ruka
âœŠ|pÃ¤sÅ¥|ruka|Ãºder|zdvihnutÃ¡ pÃ¤sÅ¥|zovretÃ¡
ğŸ‘Š|pÃ¤sÅ¥ spredu|ruka|Ãºder|zovretÃ¡
ğŸ¤›|doÄ¾ava|pÃ¤sÅ¥
ğŸ¤œ|doprava|pÃ¤sÅ¥
ğŸ‘|potlesk|ruka|tlieskajÃºce ruky|tlieskaÅ¥
ğŸ™Œ|gesto|hurÃ¡|oslava|ruka|zdvihnutÃ© ruky
ğŸ‘|otvorenÃ¡|roztvorenÃ© dlane|ruka
ğŸ¤²|modliÅ¥ sa|modlitba|zdvihnutÃ© dlane
ğŸ¤|dohoda|dohodnutÃ©|podaÅ¥|potrasenie rukami|potriasÅ¥|ruka
ğŸ™|ÄakovaÅ¥|modliÅ¥ sa|modlitba|prosba|prosiÅ¥|ruka|zopÃ¤tÃ© ruky
âœï¸|pero|pÃ­saÅ¥|pÃ­Å¡uca ruka|ruka
ğŸ’…|kozmetika|lakovanie nechtov|manikÃºra|necht|starostlivosÅ¥|telo
ğŸ¤³|selfie|telefÃ³n
ğŸ’ª|biceps|napnutÃ©|napnutÃ½ biceps|sval|telo
ğŸ¦¾|handicap|hendikep|invalidnÃ©|mechanickÃ¡ paÅ¾a|pomÃ´cka|postihnutie|protÃ©za
ğŸ¦¿|handicap|hendikep|invalidnÃ©|mechanickÃ¡ noha|pomÃ´cka|postihnutie|protÃ©za
ğŸ¦µ|kopaÅ¥|kopnÃºÅ¥|noha
ğŸ¦¶|chodidlo|dupaÅ¥|kopaÅ¥
ğŸ‘‚|telo|ucho
ğŸ¦»|handicap|hendikep|naÄÃºvadlo|nedoslÃ½chavosÅ¥|pomÃ´cka|postihnutie|ucho s naÄÃºvadlom
ğŸ‘ƒ|nos|telo
ğŸ§ |bystrÃ½|inteligentnÃ½|mozog
ğŸ«€|kardiolÃ³gia|orgÃ¡n srdca|pulz|srdce
ğŸ«|dÃ½chanie|nÃ¡dych|orgÃ¡n|pÄ¾Ãºca|vÃ½dych
ğŸ¦·|zubÃ¡r
ğŸ¦´|kosÅ¥|kostra
ğŸ‘€|oÄi|oko|tvÃ¡r
ğŸ‘ï¸|oko|telo
ğŸ‘…|jazyk|telo
ğŸ‘„|pery|Ãºsta
ğŸ‘¶|bÃ¡bÃ¤tko
ğŸ§’|decko|dieÅ¥a
ğŸ‘¦|chalan|chlapec
ğŸ‘§|dievÄa|panna
ğŸ§‘|dospelÃ¡|dospelÃ½
ğŸ‘±|blond|svetlovlasÃ½ Älovek
ğŸ‘¨|dospelÃ½|muÅ¾
ğŸ§”|brada|bradÃ¡Ä|fÃºzatÃ½|fÃºzy
ğŸ§”â€â™‚ï¸|bradatÃ½ muÅ¾|muÅ¾
ğŸ‘±â€â™‚ï¸|blondÃ­n|muÅ¾|svetlovlasÃ½
ğŸ‘©|dospelÃ¡|Å¾ena
ğŸ§”â€â™€ï¸|bradatÃ¡ Å¾ena|Å¾ena
ğŸ‘±â€â™€ï¸|blondÃ­na|blondÃ­nka|svetlovlasÃ¡|Å¾ena
ğŸ§“|Älovek|starÅ¡Ã­ Älovek|starÃ½
ğŸ‘´|muÅ¾|starÅ¡Ã­ muÅ¾|starÃ½
ğŸ‘µ|starÃ¡|starÅ¡ia Å¾ena|Å¾ena
ğŸ™|vÃ½raz|zamraÄenÃ¡|zamraÄenÃ½ Älovek
ğŸ™â€â™‚ï¸|muÅ¾|tvÃ¡r|zamraÄenÃ½
ğŸ™â€â™€ï¸|tvÃ¡r|zamraÄenÃ¡|Å¾ena
ğŸ™|podrÃ¡Å¾denÃ½ Älovek|trucujÃºca|vÃ½raz
ğŸ™â€â™‚ï¸|muÅ¾|podrÃ¡Å¾denÃ½ muÅ¾|trucujÃºci|vÃ½raz
ğŸ™â€â™€ï¸|podrÃ¡Å¾denÃ¡|trucujÃºca|vÃ½raz|Å¾ena
ğŸ™…|Älovek sÂ prekrÃ­Å¾enÃ½mi rukami|gesto|nie|ruka|zakÃ¡zanÃ©
ğŸ™…â€â™‚ï¸|gesto|muÅ¾ s prekrÃ­Å¾enÃ½mi rukami|nie|ruka|zakÃ¡zanÃ©
ğŸ™…â€â™€ï¸|gesto|nie|ruka|zakÃ¡zanÃ©|Å¾ena s prekrÃ­Å¾enÃ½mi rukami
ğŸ™†|Älovek sÂ rukami nad hlavou|gesto|ok|ruka
ğŸ™†â€â™‚ï¸|hlava|muÅ¾ sÂ rukami nad hlavou|ruka
ğŸ™†â€â™€ï¸|hlava|ruka|Å¾ena sÂ rukami nad hlavou
ğŸ’|Älovek s nastavenou dlaÅˆou|dlaÅˆ|nastavenÃ¡|ruka
ğŸ’â€â™‚ï¸|dlaÅˆ|muÅ¾ s nastavenou dlaÅˆou|nastavenÃ¡|ruka
ğŸ’â€â™€ï¸|dlaÅˆ|nastavenÃ¡|ruka|Å¾ena s nastavenou dlaÅˆou
ğŸ™‹|Älovek so zdvihnutou rukou|gesto|ruka|zdvihnutÃ¡
ğŸ™‹â€â™‚ï¸|muÅ¾ so zdvihnutou rukou|ruka|zdvihnutÃ¡
ğŸ™‹â€â™€ï¸|ruka|zdvihnutÃ¡|Å¾ena so zdvihnutou rukou
ğŸ§|hendikep|hluchota|nedoslÃ½chavosÅ¥|nepoÄujÃºci Älovek|postihnutie|sluch|ucho
ğŸ§â€â™‚ï¸|hluchota|hluchÃ½|muÅ¾|nedoslÃ½chavosÅ¥|nedoslÃ½chavÃ½|nepoÄujÃºci
ğŸ§â€â™€ï¸|hluchÃ¡|hluchota|nedoslÃ½chavÃ¡|nedoslÃ½chavosÅ¥|nepoÄujÃºca|Å¾ena
ğŸ™‡|Älovek|gesto|klaÅˆajÃºci sa Älovek|Ä¾utujem|poklona|prepÃ¡Äte
ğŸ™‡â€â™‚ï¸|gesto|klaÅˆajÃºci sa muÅ¾|Ä¾utujem|muÅ¾|poklona|prepÃ¡Äte
ğŸ™‡â€â™€ï¸|gesto|klaÅˆajÃºca sa Å¾ena|Ä¾utujem|poklona|prepÃ¡Äte|Å¾ena
ğŸ¤¦|Älovek chytajÃºci sa za hlavu|dlaÅˆ|neviera|tvÃ¡r|zÃºfalstvo
ğŸ¤¦â€â™‚ï¸|dlaÅˆ|muÅ¾ chytajÃºci sa za hlavu|neviera|tvÃ¡r|zÃºfalstvo
ğŸ¤¦â€â™€ï¸|dlaÅˆ|neviera|tvÃ¡r|Å¾ena chytajÃºca sa za hlavu|zÃºfalstvo
ğŸ¤·|Älovek krÄiaci plecami|nezÃ¡ujem|plece|pochybnosÅ¥|pokrÄenie
ğŸ¤·â€â™‚ï¸|muÅ¾ krÄiaci plecami|nezÃ¡ujem|plece|pochybnosÅ¥|pokrÄenie
ğŸ¤·â€â™€ï¸|nezÃ¡ujem|plece|pochybnosÅ¥|pokrÄenie|Å¾ena krÄiaca plecami
ğŸ§‘â€âš•ï¸|doktor|lekÃ¡r|medik|nemocnica|zdravotnÃ­k
ğŸ‘¨â€âš•ï¸|doktor|lekÃ¡r|muÅ¾|nemocnica|zdravotnÃ­k
ğŸ‘©â€âš•ï¸|doktorka|lekÃ¡rka|nemocnica|zdravotnÃ­Äka|Å¾ena
ğŸ§‘â€ğŸ“|promÃ³cia|Å¡tudent|univerzita
ğŸ‘¨â€ğŸ“|muÅ¾|promÃ³cia|Å¡tudent|univerzita
ğŸ‘©â€ğŸ“|promÃ³cia|Å¡tudentka|univerzita|Å¾ena
ğŸ§‘â€ğŸ«|pedagÃ³g|profesor|Å¡kola|uÄiteÄ¾
ğŸ‘¨â€ğŸ«|muÅ¾|pedagÃ³g|profesor|Å¡kola|uÄiteÄ¾
ğŸ‘©â€ğŸ«|pedagogiÄka|profesorka|Å¡kola|uÄiteÄ¾ka|Å¾ena
ğŸ§‘â€âš–ï¸|justÃ­cia|sudca|vÃ¡hy
ğŸ‘¨â€âš–ï¸|muÅ¾|prÃ¡vo|sudca|zÃ¡kon
ğŸ‘©â€âš–ï¸|prÃ¡vo|sudkyÅˆa|zÃ¡kon|Å¾ena
ğŸ§‘â€ğŸŒ¾|farmÃ¡r|poÄ¾nohospodÃ¡r|roÄ¾nÃ­k|sedliak
ğŸ‘¨â€ğŸŒ¾|farmÃ¡r|muÅ¾|poÄ¾nohospodÃ¡r|roÄ¾nÃ­k|sedliak
ğŸ‘©â€ğŸŒ¾|farmÃ¡rka|poÄ¾nohospodÃ¡r|roÄ¾nÃ­Äka|sedliaÄka|Å¾ena
ğŸ§‘â€ğŸ³|kuchÃ¡r|kuchyÅˆa|Å¡Ã©fkuchÃ¡r
ğŸ‘¨â€ğŸ³|kuchÃ¡r|kuchyÅˆa|muÅ¾|Å¡Ã©fkuchÃ¡r
ğŸ‘©â€ğŸ³|kuchÃ¡rka|kuchyÅˆa|Å¡Ã©fkuchÃ¡rka|Å¾ena
ğŸ§‘â€ğŸ”§|elektrikÃ¡r|inÅ¡talatÃ©r|remeselnÃ­k
ğŸ‘¨â€ğŸ”§|elektrikÃ¡r|inÅ¡talatÃ©r|muÅ¾|remeselnÃ­k
ğŸ‘©â€ğŸ”§|elektrikÃ¡rka|inÅ¡talatÃ©rka|remeselnÃ­Äka|Å¾ena
ğŸ§‘â€ğŸ­|priemysel|robotnÃ­k|tovÃ¡reÅˆ
ğŸ‘¨â€ğŸ­|muÅ¾|priemysel|robotnÃ­k|tovÃ¡reÅˆ
ğŸ‘©â€ğŸ­|priemysel|robotnÃ­Äka|tovÃ¡reÅˆ|Å¾ena
ğŸ§‘â€ğŸ’¼|kancelÃ¡ria|manaÅ¾Ã©r|pracovnÃ­k v kancelÃ¡rii|ÃºradnÃ­k
ğŸ‘¨â€ğŸ’¼|kancelÃ¡ria|manaÅ¾Ã©r|muÅ¾|pracovnÃ­k v kancelÃ¡rii muÅ¾|ÃºradnÃ­k
ğŸ‘©â€ğŸ’¼|kancelÃ¡ria|manaÅ¾Ã©rka|pracovnÃ­Äka v kancelÃ¡rii|ÃºradnÃ­Äka|Å¾ena
ğŸ§‘â€ğŸ”¬|inÅ¾inier|vedec|vÃ½skum
ğŸ‘¨â€ğŸ”¬|inÅ¾inier|muÅ¾|vedec|vÃ½skum
ğŸ‘©â€ğŸ”¬|inÅ¾inierka|vedkyÅˆa|vÃ½skum|Å¾ena
ğŸ§‘â€ğŸ’»|programÃ¡tor|softvÃ©r|vÃ½vojÃ¡r
ğŸ‘¨â€ğŸ’»|muÅ¾|programÃ¡tor|softvÃ©r|vÃ½vojÃ¡r
ğŸ‘©â€ğŸ’»|programÃ¡torka|softvÃ©r|vÃ½vojÃ¡rka|Å¾ena
ğŸ§‘â€ğŸ¤|hudba|hviezda|spevÃ¡k
ğŸ‘¨â€ğŸ¤|hudba|hviezda|muÅ¾|spevÃ¡k
ğŸ‘©â€ğŸ¤|hudba|hviezda|spevÃ¡Äka|Å¾ena
ğŸ§‘â€ğŸ¨|maliar|paleta
ğŸ‘¨â€ğŸ¨|maliar|muÅ¾|paleta
ğŸ‘©â€ğŸ¨|maliarka|paleta|Å¾ena
ğŸ§‘â€âœˆï¸|lietadlo|pilot
ğŸ‘¨â€âœˆï¸|lietadlo|muÅ¾|pilot
ğŸ‘©â€âœˆï¸|lietadlo|pilotka|Å¾ena
ğŸ§‘â€ğŸš€|astronaut|kozmonaut|raketa
ğŸ‘¨â€ğŸš€|astronaut|kozmonaut|muÅ¾|raketa
ğŸ‘©â€ğŸš€|astronautka|kozmonautka|raketa|Å¾ena
ğŸ§‘â€ğŸš’|hasiÄ|poÅ¾iarnik
ğŸ‘¨â€ğŸš’|hasiÄ|muÅ¾|poÅ¾iarnik
ğŸ‘©â€ğŸš’|hasiÄka|poÅ¾iarniÄka|Å¾ena
ğŸ‘®|policajt|polÃ­cia|prÃ­sluÅ¡nÃ­k
ğŸ‘®â€â™‚ï¸|muÅ¾|policajt|polÃ­cia
ğŸ‘®â€â™€ï¸|policajtka|polÃ­cia|Å¾ena
ğŸ•µï¸|detektÃ­v|Å¡piÃ³n|vyÅ¡etrovateÄ¾
ğŸ•µï¸â€â™‚ï¸|agent|detektÃ­v|muÅ¾|Å¡piÃ³n
ğŸ•µï¸â€â™€ï¸|agentka|detektÃ­vka|Å¡piÃ³nka|Å¾ena
ğŸ’‚|strÃ¡Å¾
ğŸ’‚â€â™‚ï¸|muÅ¾|strÃ¡Å¾ca
ğŸ’‚â€â™€ï¸|strÃ¡Å¾kyÅˆa|Å¾ena
ğŸ¥·|bojovnÃ­k|nindÅ¾a|skrytÃ½|utajenÃ½
ğŸ‘·|Äapica|pracovnÃ­k na stavbe|stavba
ğŸ‘·â€â™‚ï¸|muÅ¾|robotnÃ­k|stavba|stavbÃ¡r
ğŸ‘·â€â™€ï¸|robotnÃ­Äka|stavba|stavbÃ¡rka|Å¾ena
ğŸ¤´|princ
ğŸ‘¸|princeznÃ¡|rozprÃ¡vka
ğŸ‘³|Älovek s turbanom|turban
ğŸ‘³â€â™‚ï¸|muÅ¾ s turbanom|turban
ğŸ‘³â€â™€ï¸|turban|Å¾ena s turbanom
ğŸ‘²|Äapica|ÄÃ­na|muÅ¾ sÂ ÄÃ­nskou Äapicou
ğŸ§•|hidÅ¾Ã¡b|hlava|Å¡atka|Å¾ena so Å¡atkou
ğŸ¤µ|Älovek vÂ smokingu|smoking
ğŸ¤µâ€â™‚ï¸|muÅ¾ v smokingu|smoking
ğŸ¤µâ€â™€ï¸|smoking|Å¾ena v smokingu
ğŸ‘°|Älovek so zÃ¡vojom|nevesta so zÃ¡vojom|svadba|zÃ¡voj
ğŸ‘°â€â™‚ï¸|muÅ¾ so zÃ¡vojom|zÃ¡voj
ğŸ‘°â€â™€ï¸|zÃ¡voj|Å¾ena so zÃ¡vojom
ğŸ¤°|tehotenstvo|tehotnÃ¡ Å¾ena|Å¾ena
ğŸ¤±|bÃ¡bÃ¤|dojÄenie|dojÄiÅ¥
ğŸ‘©â€ğŸ¼|bÃ¡bÃ¤tko|kojenie|kÅ•menie|Å¾ena kÅ•miaca bÃ¡bÃ¤tko
ğŸ‘¨â€ğŸ¼|bÃ¡bÃ¤tko|kÅ•menie|muÅ¾ kÅ•miaci bÃ¡bÃ¤tko
ğŸ§‘â€ğŸ¼|bÃ¡bÃ¤tko|Älovek kÅ•miaci bÃ¡bÃ¤tko|dojÄenie|kojenie|kÅ•menie
ğŸ‘¼|anjelik|bÃ¡bÃ¤|rozprÃ¡vka|tvÃ¡r
ğŸ…|muÅ¾|oslava|santa claus|vianoce
ğŸ¤¶|oslava|pani santovÃ¡|santa|vianoce|Å¾ena
ğŸ§‘â€ğŸ„|mx santa|oslava|santa|vianoce
ğŸ¦¸|hrdina|hrdinka|superÄlovek|superhrdina|superschopnosÅ¥
ğŸ¦¸â€â™‚ï¸|hrdina|muÅ¾|supermuÅ¾|superschopnosÅ¥
ğŸ¦¸â€â™€ï¸|hrdinka|superschopnosÅ¥|superÅ¾ena|Å¾ena
ğŸ¦¹|darebÃ¡k|superdarebÃ¡cka bytosÅ¥|superschopnosÅ¥|zloÄinec|zloduch
ğŸ¦¹â€â™‚ï¸|darebÃ¡k|muÅ¾|superdarebÃ¡k|superschopnosÅ¥|zloÄinec|zloduch
ğŸ¦¹â€â™€ï¸|darebÃ¡k|superdarebÃ¡Äka|superschopnosÅ¥|Å¾ena|zloÄinec|zloduch
ğŸ§™|bosorÃ¡k|ÄarodejnÃ¡ bytosÅ¥|ÄarodejnÃ­k|kÃºzelnÃ­k|strigÃ´Åˆ
ğŸ§™â€â™‚ï¸|bosorÃ¡k|ÄarodejnÃ­k|kÃºzelnÃ­k|strigÃ´Åˆ
ğŸ§™â€â™€ï¸|bosorka|ÄarodejnÃ­Äka|kÃºzelnÃ­Äka|striga
ğŸ§š|rozprÃ¡vka|rozprÃ¡vkovÃ¡ bytosÅ¥
ğŸ§šâ€â™‚ï¸|rozprÃ¡vka|Å¡kriatok
ğŸ§šâ€â™€ï¸|rozprÃ¡vka|vÃ­la
ğŸ§›|drakula|upÃ­ri|upÃ­rska bytosÅ¥
ğŸ§›â€â™‚ï¸|drakula|muÅ¾|upÃ­r
ğŸ§›â€â™€ï¸|upÃ­rka|Å¾ena
ğŸ§œ|more|morskÃ¡ bytosÅ¥|muÅ¾|panna
ğŸ§œâ€â™‚ï¸|more|morskÃ½ muÅ¾|muÅ¾
ğŸ§œâ€â™€ï¸|more|morskÃ¡ panna|panna
ğŸ§|fantasy|lesnÃ¡ bytosÅ¥
ğŸ§â€â™‚ï¸|elf|fantasy
ğŸ§â€â™€ï¸|elfka|fantasy
ğŸ§|dÅ¾in|fÄ¾aÅ¡a|lampa
ğŸ§â€â™‚ï¸|dÅ¾in|fÄ¾aÅ¡a|lampa|muÅ¾skÃ½ dÅ¾in
ğŸ§â€â™€ï¸|dÅ¾in|fÄ¾aÅ¡a|lampa|Å¾enskÃ½ dÅ¾in
ğŸ§Ÿ|mÃ¡toha|mÅ•tvola|zombia
ğŸ§Ÿâ€â™‚ï¸|mÃ¡toha|mÅ•tvola|muÅ¾skÃ¡ zombia
ğŸ§Ÿâ€â™€ï¸|mÃ¡toha|mÅ•tvola|Å¾enskÃ¡ zombia
ğŸ’†|masÃ¡Å¾ tvÃ¡re|salÃ³n|tvÃ¡r
ğŸ’†â€â™‚ï¸|masÃ¡Å¾|muÅ¾ dostÃ¡va masÃ¡Å¾ tvÃ¡re|tvÃ¡r
ğŸ’†â€â™€ï¸|masÃ¡Å¾|tvÃ¡r|Å¾ena dostÃ¡va masÃ¡Å¾ tvÃ¡re
ğŸ’‡|holiÄ|krÃ¡sa|salÃ³n|strihanie vlasov
ğŸ’‡â€â™‚ï¸|muÅ¾ u kadernÃ­ka|strihanie|ÃºÄes|vlasy
ğŸ’‡â€â™€ï¸|strihanie|ÃºÄes|vlasy|Å¾ena u kadernÃ­ka
ğŸš¶|chodiaci Älovek|chodiÅ¥|chÃ´dza|krÃ¡ÄaÅ¥|peÅ¡o
ğŸš¶â€â™‚ï¸|chodec|chodiÅ¥|chÃ´dza|krÃ¡ÄaÅ¥|muÅ¾|peÅ¡o
ğŸš¶â€â™€ï¸|chodiÅ¥|chodkyÅˆa|chÃ´dza|krÃ¡ÄaÅ¥|peÅ¡o|Å¾ena
ğŸ§|postoj|stÃ¡Å¥|stÃ¡tie|stojaci Älovek
ğŸ§â€â™‚ï¸|muÅ¾|postoj|stÃ¡tie|stojaci
ğŸ§â€â™€ï¸|postoj|stÃ¡tie|stojaca|Å¾ena
ğŸ§|kÄ¾aÄanie|kÄ¾aÄaÅ¥|kÄ¾aÄiaci Älovek|kÄ¾ak|pokÄ¾ak
ğŸ§â€â™‚ï¸|kÄ¾aÄaÅ¥|kÄ¾aÄiaci|kÄ¾ak|muÅ¾|pokÄ¾ak
ğŸ§â€â™€ï¸|kÄ¾aÄaÅ¥|kÄ¾aÄiaca|kÄ¾ak|pokÄ¾ak|Å¾ena
ğŸ§‘â€ğŸ¦¯|Älovek sÂ bielou palicou|handicap|hendikep|pomÃ´cka|postihnutie
ğŸ‘¨â€ğŸ¦¯|handicap|hendikep|muÅ¾ sÂ bielou palicou|muÅ¾ so slepeckou palicou|pomÃ´cka|postihnutie|slepÃ½|uÄ¾ahÄenie
ğŸ‘©â€ğŸ¦¯|handicap|hendikep|pomÃ´cka|postihnutie|slepÃ¡|uÄ¾ahÄenie|Å¾ena so slepeckou palicou
ğŸ§‘â€ğŸ¦¼|Älovek na elektrickom invalidnom vozÃ­ku|handicap|hendikep|invalidnÃ½|pomÃ´cka|postihnutie|vozÃ­k
ğŸ‘¨â€ğŸ¦¼|handicap|hendikep|invalidnÃ½|muÅ¾ na elektrickom invalidnom vozÃ­ku|pomÃ´cka|postihnutie|vozÃ­k
ğŸ‘©â€ğŸ¦¼|handicap|hendikep|invalidnÃ½|pomÃ´cka|postihnutie|vozÃ­k|Å¾ena na elektrickom invalidnom vozÃ­ku
ğŸ§‘â€ğŸ¦½|Älovek na mechanickom invalidnom vozÃ­ku|handicap|hendikep|invalidnÃ½|pomÃ´cka|postihnutie|vozÃ­k
ğŸ‘¨â€ğŸ¦½|handicap|hendikep|invalidnÃ½|muÅ¾ na mechanickom invalidnom vozÃ­ku|pomÃ´cka|postihnutie|vozÃ­k
ğŸ‘©â€ğŸ¦½|handicap|hendikep|invalidnÃ½|pomÃ´cka|postihnutie|vozÃ­k|Å¾ena na mechanickom invalidnom vozÃ­ku
ğŸƒ|beh|beÅ¾iaci Älovek|maratÃ³n|preteky
ğŸƒâ€â™‚ï¸|beh|beÅ¾ec|maratÃ³n|muÅ¾|preteky
ğŸƒâ€â™€ï¸|beh|beÅ¾kyÅˆa|maratÃ³n|preteky|Å¾ena
ğŸ’ƒ|tanec|taneÄnÃ­Äka|Å¾ena
ğŸ•º|muÅ¾|tanec|taneÄnÃ­k
ğŸ•´ï¸|levitujÃºci muÅ¾ vÂ saku|muÅ¾|oblek|podnikanie
ğŸ‘¯|Ä¾udia so zajaÄÃ­mi uÅ¡ami|tanec|uÅ¡i|zÃ¡bava|zajaÄik
ğŸ‘¯â€â™‚ï¸|muÅ¾i so zajaÄÃ­mi uÅ¡ami|tanec|uÅ¡i|zÃ¡bava|zajaÄik
ğŸ‘¯â€â™€ï¸|tanec|uÅ¡i|zÃ¡bava|zajaÄik|Å¾eny so zajaÄÃ­mi uÅ¡ami
ğŸ§–|Älovek vÂ pare|kÃºpeÄ¾|para|sauna
ğŸ§–â€â™‚ï¸|kÃºpeÄ¾|muÅ¾ vÂ pare|para|sauna
ğŸ§–â€â™€ï¸|kÃºpeÄ¾|para|sauna|Å¾ena vÂ pare
ğŸ§—|Älovek na skale|horolezectvo|lezectvo
ğŸ§—â€â™‚ï¸|horolezectvo|lezectvo
ğŸ§—â€â™€ï¸|horolezectvo|lezectvo|lezkyÅˆa
ğŸ¤º|Älovek|kord|meÄ|Å¡ermiar|Å¡port
ğŸ‡|dostihy|dÅ¾okej|kÃ´Åˆ|preteky
â›·ï¸|lyÅ¾e|lyÅ¾iar|sneh
ğŸ‚|lyÅ¾e|sneh|snoubordista|snowboard
ğŸŒï¸|golf|hrÃ¡Ä golfu|loptiÄka
ğŸŒï¸â€â™‚ï¸|golfista|muÅ¾
ğŸŒï¸â€â™€ï¸|golfistka|Å¾ena
ğŸ„|Älovek na surfe|surfing|surfovanie
ğŸ„â€â™‚ï¸|muÅ¾|surfing|surfista|surfovanie
ğŸ„â€â™€ï¸|surfing|surfistka|surfovanie|Å¾ena
ğŸš£|Äln|Älovek na veslici|loÄ|veslica
ğŸš£â€â™‚ï¸|Äln|loÄ|muÅ¾|veslÃ¡r|veslica
ğŸš£â€â™€ï¸|Äln|loÄ|veslÃ¡rka|veslica|Å¾ena
ğŸŠ|plÃ¡vajÃºci Älovek|plÃ¡vaÅ¥
ğŸŠâ€â™‚ï¸|muÅ¾|plÃ¡vanie|plavec
ğŸŠâ€â™€ï¸|plÃ¡vanie|plavkyÅˆa|Å¾ena
â›¹ï¸|Älovek sÂ loptou|lopta
â›¹ï¸â€â™‚ï¸|lopta|muÅ¾ s loptou
â›¹ï¸â€â™€ï¸|lopta|Å¾ena s loptou
ğŸ‹ï¸|Äinky|vzpierajÃºci Älovek|vzpieraÅ¥
ğŸ‹ï¸â€â™‚ï¸|Äinky|muÅ¾|vzpieraÄ|vzpieraÅ¥
ğŸ‹ï¸â€â™€ï¸|Äinky|vzpieraÄka|vzpieraÅ¥|Å¾ena
ğŸš´|bicykel|bicyklovaÅ¥|Älovek na bicykli
ğŸš´â€â™‚ï¸|bicykel|bicyklovaÅ¥|cyklista|muÅ¾
ğŸš´â€â™€ï¸|bicykel|bicyklovaÅ¥|cyklistka|Å¾ena
ğŸšµ|bicykel|bicyklovaÅ¥|Älovek na horskom bicykli|hory
ğŸšµâ€â™‚ï¸|bicykel|bicyklovaÅ¥|horskÃ½ cyklista|hory|muÅ¾
ğŸšµâ€â™€ï¸|bicykel|bicyklovaÅ¥|horskÃ¡ cyklistka|hory|Å¾ena
ğŸ¤¸|Älovek robÃ­ hviezdu|gymnastika|hviezda|premet
ğŸ¤¸â€â™‚ï¸|gymnastika|hviezda|muÅ¾ robÃ­ hviezdu|premet
ğŸ¤¸â€â™€ï¸|gymnastika|hviezda|premet|Å¾ena robÃ­ hviezdu
ğŸ¤¼|Ä¾udia|Å¡port|zÃ¡pasiaci Ä¾udia
ğŸ¤¼â€â™‚ï¸|muÅ¾|zÃ¡pasnÃ­ci|zÃ¡pasnÃ­k
ğŸ¤¼â€â™€ï¸|zÃ¡pasnÃ­Äka|zÃ¡pasnÃ­Äky|Å¾ena
ğŸ¤½|pÃ³lo|voda|vodnÃ© pÃ³lo
ğŸ¤½â€â™‚ï¸|muÅ¾|pÃ³lista|pÃ³lo|voda
ğŸ¤½â€â™€ï¸|pÃ³listka|pÃ³lo|voda|Å¾ena
ğŸ¤¾|Älovek|hÃ¡dzanÃ¡|lopta|Å¡port
ğŸ¤¾â€â™‚ï¸|hÃ¡dzanÃ¡r|muÅ¾
ğŸ¤¾â€â™€ï¸|hÃ¡dzanÃ¡rka|Å¾ena
ğŸ¤¹|balansovaÅ¥|Å¾onglovanie|Å¾onglovaÅ¥
ğŸ¤¹â€â™‚ï¸|balansovaÅ¥|muÅ¾|Å¾onglÃ©r|Å¾onglovaÅ¥
ğŸ¤¹â€â™€ï¸|balansovaÅ¥|Å¾ena|Å¾onglÃ©rka|Å¾onglovaÅ¥
ğŸ§˜|Älovek vÂ lotosovom sede|joga|meditÃ¡cia
ğŸ§˜â€â™‚ï¸|joga|meditÃ¡cia|muÅ¾ vÂ lotosovom sede
ğŸ§˜â€â™€ï¸|joga|meditÃ¡cia|Å¾ena vÂ lotosovom sede
ğŸ›€|Älovek vo vani|kÃºpeÄ¾|vaÅˆa
ğŸ›Œ|Älovek v posteli|hotel|posteÄ¾|spÃ¡nok
ğŸ§‘â€ğŸ¤â€ğŸ§‘|Älovek|drÅ¾aÅ¥|Ä¾udia drÅ¾iaci sa za ruky|pÃ¡r|ruka
ğŸ‘­|drÅ¾aÅ¥|pÃ¡r|ruka|Å¾ena|Å¾eny drÅ¾iace sa za ruky
ğŸ‘«|drÅ¾aÅ¥|muÅ¾|pÃ¡r|ruka|Å¾ena a muÅ¾ drÅ¾iaci sa za ruky
ğŸ‘¬|blÃ­Å¾enci|drÅ¾aÅ¥|dvojiÄky|muÅ¾i drÅ¾iaci sa za ruky|pÃ¡r|ruka
ğŸ’|bozk|pÃ¡r|romanca
ğŸ’‘|lÃ¡ska|pÃ¡r so srdcom|romanca|srdce
ğŸ‘ª|dieÅ¥a|matka|otec|rodina
ğŸ—£ï¸|hlava|hovoriaca|hovoriÅ¥|silueta|tvÃ¡r
ğŸ‘¤|busta|silueta busty
ğŸ‘¥|busta|silueta bÃºst
ğŸ«‚|Äakujem|lÃºÄenie|objatie|objÃ­majÃºci sa Ä¾udia|zbohom
ğŸ‘£|Å¡Ä¾apaj|stopa|stopy|topÃ¡nka
ğŸµ|hlava opice|opica
ğŸ’|opica|opiÄka
ğŸ¦|gorila|opica
ğŸ¦§|Ä¾udoopica|orangutan
ğŸ¶|hlava psa|pes|zviera
ğŸ•|pes|psÃ­k|zviera
ğŸ¦®|asistencia|slepeckÃ½ pes|sprievodca|vodiaci pes|zrakovÃ© postihnutie
ğŸ•â€ğŸ¦º|asistencia|pes|pomoc|sluÅ¾ba|sluÅ¾obnÃ½ pes
ğŸ©|pes|pudel|pudlÃ­k
ğŸº|hlava|vlk
ğŸ¦Š|hlava|lÃ­Å¡ka|Å¡ibalstvo
ğŸ¦|huncÃºt|Ä¾stivÃ½|medviedik ÄistotnÃ½|prefÃ­kanÃ½|Å¡ibal
ğŸ±|hlava maÄky|maÄka|zviera
ğŸˆ|maÄka|zviera
ğŸˆâ€â¬›|Äierna|maÄka|smola
ğŸ¦|hlava|lev
ğŸ¯|hlava tigra|tiger
ğŸ…|tiger
ğŸ†|leopard
ğŸ´|hlava koÅˆa|kÃ´Åˆ
ğŸ|dostihovÃ½ kÃ´Åˆ|dostihy|jazdec|kÃ´Åˆ
ğŸ¦„|hlava|jednoroÅ¾ec
ğŸ¦“|pruhy|zebra
ğŸ¦Œ|jeleÅˆ
ğŸ¦¬|bizÃ³n|Ärieda|zubor
ğŸ®|hlava kravy|krava
ğŸ‚|bÃ½k|vÃ´l
ğŸƒ|byvol|voda
ğŸ„|krava
ğŸ·|hlava prasaÅ¥a|prasa
ğŸ–|oÅ¡Ã­panÃ¡|prasa|prasnica|sviÅˆa
ğŸ—|diviak|prasa
ğŸ½|hlava|nos|prasacÃ­ rypÃ¡k
ğŸ|baran|ovca|samec
ğŸ‘|ovca|samica
ğŸ|cap|koza
ğŸª|dromedÃ¡r|hrb|Å¥ava
ğŸ«|hrb|Å¥ava dvojhrbÃ¡
ğŸ¦™|alpaka|huanako|lama|vikuÅˆa
ğŸ¦’|Å¡kvrny|Å¾irafa
ğŸ˜|slon
ğŸ¦£|chlpatÃ½|kel|mamutÃ­|vyhynutÃ½|vymretÃ½
ğŸ¦|nosoroÅ¾ec
ğŸ¦›|hroch|vodnÃ½ kÃ´Åˆ
ğŸ­|hlava myÅ¡i|myÅ¡
ğŸ|myÅ¡
ğŸ€|krysa|potkan
ğŸ¹|hlava|Å¡kreÄok|zviera
ğŸ°|hlava zajaca|uÅ¡iak|zajac
ğŸ‡|zajac|zajaÄik|zviera
ğŸ¿ï¸|Äipmank|veverica
ğŸ¦«|bobor|hrÃ¡dza|priehrada|voda
ğŸ¦”|jeÅ¾ko|pichÄ¾avÃ½
ğŸ¦‡|netopier|upÃ­r
ğŸ»|hlava|medveÄ
ğŸ»â€â„ï¸|biely|Ä¾adovÃ½ medveÄ|medveÄ|polÃ¡rny
ğŸ¨|koala|medveÄ
ğŸ¼|hlava|panda
ğŸ¦¥|lenivosÅ¥|lenivÃ½|leÅˆoch|pomalÃ½
ğŸ¦¦|hravÃ©|lovec rÃ½b|lovÃ­ ryby|rybolov|vydra
ğŸ¦¨|skunk|smradÄ¾avÃ½
ğŸ¦˜|austrÃ¡lia|kengura|skÃ¡kaÅ¥|skok|vaÄkovec
ğŸ¦¡|jazvec|mediar|samotÃ¡r
ğŸ¾|labka|labky|nohy|odtlaÄok
ğŸ¦ƒ|moriak|morka
ğŸ”|kura|sliepka
ğŸ“|kohÃºt
ğŸ£|kuriatko|liahnuce sa kurÄa|liahnuÅ¥ sa
ğŸ¤|kurÄa|kuriatko
ğŸ¥|kurÄa spredu|kuriatko
ğŸ¦|vtÃ¡k
ğŸ§|tuÄniak
ğŸ•Šï¸|holubica|lietaÅ¥|mier|vtÃ¡k
ğŸ¦…|orol|vtÃ¡k
ğŸ¦†|kaÄica|kaÄka|vtÃ¡k
ğŸ¦¢|labuÅ¥|Å¡karedÃ© kÃ¡Äatko|vtÃ¡k
ğŸ¦‰|mÃºdrosÅ¥|sova|vtÃ¡k
ğŸ¦¤|dodo|dront|maurÃ­cijskÃ½|vyhynutÃ½|vymretÃ½
ğŸª¶|lietanie|perie|pero|pierko|vtÃ¡k
ğŸ¦©|nÃ¡padnÃ½|okÃ¡zalÃ½|plameniak|tropickÃ½
ğŸ¦š|nadutÃ½|nafÃºkanÃ½|pÃ¡v|pyÅ¡nÃ½
ğŸ¦œ|papagÃ¡j|pirÃ¡t|rozprÃ¡vaÅ¥|vtÃ¡k
ğŸ¸|hlava|Å¾aba
ğŸŠ|krokodÃ­l
ğŸ¢|korytnaÄka
ğŸ¦|jaÅ¡terica|plaz
ğŸ|had|plaz
ğŸ²|drak|hlava draka|rozprÃ¡vka|Å¡arkan
ğŸ‰|drak|rozprÃ¡vka|Å¡arkan
ğŸ¦•|brachiosaurus|brontosaurus|dinosaurus|diplodocus|sauropÃ³d
ğŸ¦–|dinosaurus|rex|tyrannosaurus
ğŸ³|gejzÃ­r|veÄ¾ryba sÂ gejzÃ­rom
ğŸ‹|veÄ¾ryba
ğŸ¬|delfÃ­n|plutva
ğŸ¦­|more|tuleÅˆ|uÅ¡katec
ğŸŸ|ryba
ğŸ |ryba|tropickÃ¡
ğŸ¡|ryba|Å¡tvorzubec
ğŸ¦ˆ|ryba|Å¾ralok
ğŸ™|chobotnica
ğŸš|muÅ¡Ä¾a|Å¡pirÃ¡lovitÃ¡
ğŸŒ|slimÃ¡k
ğŸ¦‹|hmyz|motÃ½Ä¾
ğŸ›|hmyz|hÃºsenica
ğŸœ|hmyz|mravec
ğŸ|hmyz|vÄela
ğŸª²|chrobÃ¡k|hmyz
ğŸ|chrobÃ¡k|hmyz|lienka
ğŸ¦—|saranÄa|svrÄek
ğŸª³|hmyz|Å¡kodca|Å¡vÃ¡b
ğŸ•·ï¸|hmyz|pavÃºk
ğŸ•¸ï¸|pavuÄina|pavÃºk|sieÅ¥
ğŸ¦‚|Å¡korpiÃ³n
ğŸ¦Ÿ|hmyz|horÃºÄka|komÃ¡r|vÃ­rus
ğŸª°|Äerv|choroba|mucha|Å¡kodca|zhnitÃ©
ğŸª±|ÄervÃ­k|dÃ¡Å¾Äovka
ğŸ¦ |amÃ©ba|baktÃ©ria|mikrÃ³b|vÃ­rus
ğŸ’|kvetina|kytica|rastlina|romanca
ğŸŒ¸|ÄereÅ¡Åˆa|ÄereÅ¡ÅˆovÃ½ kvet|kvetina|rastlina
ğŸ’®|biely kvet|kvetina|rastlina|romanca
ğŸµï¸|rastlina|ruÅ¾iÄka
ğŸŒ¹|kvetina|rastlina|ruÅ¾a
ğŸ¥€|kvetina|zvÃ¤dnutÃ¡
ğŸŒº|ibiÅ¡tek|kvetina|rastlina
ğŸŒ»|kvetina|rastlina|slneÄnica|slnko
ğŸŒ¼|kvetina|rastlina
ğŸŒ·|kvetina|rastlina|tulipÃ¡n
ğŸŒ±|mladÃ¡|rastlina|sadenica
ğŸª´|doma|kvetinÃ¡Ä|rÃ¡sÂ´Â´Å¥|rastlina|zalievaÅ¥
ğŸŒ²|ihliÄnatÃ½ strom|neopadavÃ½|rastlina|strom
ğŸŒ³|listnatÃ½ strom|opadavÃ½|rastlina|strom
ğŸŒ´|palma|rastlina|strom
ğŸŒµ|kaktus|rastlina
ğŸŒ¾|klas|rastlina|ryÅ¾a|snop ryÅ¾e
ğŸŒ¿|bylina|bylinka|list|rastlina
ğŸ€|Äatelina|list|rastlina|Å¡tvorlÃ­stok|Å¡tyri
ğŸ|javorovÃ½ list|list|opadavÃ½|rastlina
ğŸ‚|list|opadavÃ½|opadnutÃ½ list|rastlina
ğŸƒ|fÃºkaÅ¥|list vo vetre|rastlina|vÃ¡nok|vietor
ğŸ‡|hrozno|ovocie|rastlina
ğŸˆ|cukrovÃ½ melÃ³n|ovocie|rastlina
ğŸ‰|melÃ³n|ovocie|rastlina
ğŸŠ|mandarÃ­nka|oranÅ¾ovÃ©|ovocie|rastlina
ğŸ‹|citrÃ³n|citrus|ovocie|rastlina
ğŸŒ|banÃ¡n|ovocie|rastlina
ğŸ|ananÃ¡s|ovocie|rastlina
ğŸ¥­|mango|ovocie|tropickÃ©
ğŸ|ÄervenÃ©|jablko|ovocie|rastlina
ğŸ|jablko|ovocie|rastlina|zelenÃ©
ğŸ|hruÅ¡ka|ovocie|rastlina
ğŸ‘|broskyÅˆa|ovocie|rastlina
ğŸ’|ÄereÅ¡Åˆa|ÄereÅ¡ne|ovocie|rastlina
ğŸ“|jahoda|ovocie|rastlina
ğŸ«|bobuÄ¾a|ÄuÄoriedka|ÄuÄoriedky|ovocie
ğŸ¥|jedlo|kivi|ovocie
ğŸ…|paradajka|rajÄina|rastlina|zelenina
ğŸ«’|jedlo|oliva
ğŸ¥¥|kokos|orech|palma
ğŸ¥‘|avokÃ¡do|jedlo|ovocie
ğŸ†|baklaÅ¾Ã¡n|Ä¾uÄ¾ok|rastlina|zelenina
ğŸ¥”|jedlo|zelenina|zemiak
ğŸ¥•|jedlo|mrkva|zelenina
ğŸŒ½|klas|kukurica|kukuriÄnÃ½ klas|rastlina
ğŸŒ¶ï¸|Äili papriÄka|pÃ¡livÃ¡|paprika|rastlina
ğŸ«‘|kapia|paprika|zelenina
ğŸ¥’|jedlo|kyslÃ¡|nakladanÃ¡|uhorka|zavÃ¡ranÃ¡|zelenina
ğŸ¥¬|kapusta|kel|listovÃ¡ zelenina|Å¡alÃ¡t
ğŸ¥¦|brokolica|kapusta
ğŸ§„|cesnak|dochutenie|korenie|ochutenie|zelenina
ğŸ§…|cibuÄ¾a|dochutenie|korenie|ochutenie|zelenina
ğŸ„|hrÃ­b|huba
ğŸ¥œ|araÅ¡idy|jedlo|orech|zelenina
ğŸŒ°|gaÅ¡tan|rastlina
ğŸ|bochnÃ­k|chlieb|peceÅˆ
ğŸ¥|croissant|francÃºzske|jedlo|peÄivo
ğŸ¥–|bageta|francÃºzske|jedlo|peÄivo
ğŸ«“|arabskÃ½|chlebovÃ¡ placka|chlieb|lavaÅ¡|naan|pita|tortilla
ğŸ¥¨|praclÃ­k|skrÃºtenÃ©|slanÃ©
ğŸ¥¯|bagel|peÄivo|pekÃ¡reÅˆ
ğŸ¥|jedlo|lievance|lievanec|palacinka
ğŸ§‡|forma|mrieÅ¾ka|mÃºÄnik|sendviÄovaÄ|vafÄ¾a|vaflovaÄ|vafÄ¾ovaÄ
ğŸ§€|kus syra|syr
ğŸ–|kosÅ¥|mÃ¤so s kosÅ¥ou
ğŸ—|hydina|kosÅ¥|kuracie stehno|mÃ¤so
ğŸ¥©|bravÄovÃ©|jahÅˆacie|plÃ¡tok mÃ¤sa|rezeÅˆ
ğŸ¥“|jedlo|mÃ¤so|slanina
ğŸ”|hamburger
ğŸŸ|hranolÄeky|pomfritky
ğŸ•|pizza|syr
ğŸŒ­|hotdog|pÃ¡rok v roÅ¾ku
ğŸ¥ª|chlieb|plÃ¡tky|sendviÄ
ğŸŒ®|jedlo|mexickÃ©|taco
ğŸŒ¯|burrito|jedlo|mexickÃ©
ğŸ«”|mexickÃ©|tamal
ğŸ¥™|falafel|gyros|jedlo|kebab|plnenÃ©
ğŸ§†|bÃ´by|cÃ­cer|falafel|faÅ¡Ã­rka|gule|guliÄky
ğŸ¥š|jedlo|vajce
ğŸ³|panvica|vajce|varenie
ğŸ¥˜|jedlo|panvica s jedlom
ğŸ²|jedlo|kastrÃ³l|kotlÃ­k s jedlom
ğŸ«•|ÄokolÃ¡da|fondue|rozpustiÅ¥|Å¡vajÄiarske|syr
ğŸ¥£|kaÅ¡a|misa sÂ lyÅ¾icou|puding|raÅˆajky
ğŸ¥—|jedlo|Å¡alÃ¡t|zelenÃ½
ğŸ¿|popcorn|pukance
ğŸ§ˆ|maslo|mlieÄne|mliekareÅˆ|mliekarenskÃ©
ğŸ§‚|ochutiÅ¥|soÄ¾niÄka
ğŸ¥«|konzerva|plechovka
ğŸ±|krabiÄka na jedlo|Å¡katuÄ¾ka
ğŸ˜|kreker|ryÅ¾a|ryÅ¾ovÃ¡ suÅ¡ienka
ğŸ™|kopÄek ryÅ¾e|ryÅ¾a
ğŸš|ryÅ¾a|uvarenÃ¡
ğŸ›|karÃ­|ryÅ¾a s karÃ­
ğŸœ|miska s horÃºcim jedlom|para|ramen|rezance
ğŸ|cestoviny|Å¡pagety
ğŸ |peÄenÃ½|sladkÃ½|zemiak
ğŸ¢|ihlica|jedlo na Å¡pajdli|kebab|raÅ¾eÅˆ
ğŸ£|suÅ¡i
ğŸ¤|garnÃ¡t|kreveta|praÅ¾enÃ¡ kreveta|smaÅ¾enÃ¡
ğŸ¥|faÅ¡Ã­rka|ryba|rybia faÅ¡Ã­rka
ğŸ¥®|jeseÅˆ|jÃ¼e-ping|mesaÄnÃ½ kolÃ¡Ä|slÃ¡vnosÅ¥
ğŸ¡|dango|dezert|paliÄka|sladkosÅ¥|Å¡pajÄ¾a
ğŸ¥Ÿ|haluÅ¡ka|knedliÄka|pirÃ´Å¾ok
ğŸ¥ |predpoveÄ|suÅ¡ienka sÂ predpoveÄou
ğŸ¥¡|jedlo|rÃ½chle obÄerstvenie|Å¡katuÄ¾ka
ğŸ¦€|krab|rak
ğŸ¦|dary mora|homÃ¡r|klepetÃ¡
ğŸ¦|jedlo|kreveta|mÃ¤kkÃ½Å¡
ğŸ¦‘|jedlo|kalmÃ¡r|mÃ¤kkÃ½Å¡
ğŸ¦ª|perla|potÃ¡panie|ustrica
ğŸ¦|ÄapovanÃ¡|dezert|krÃ©m|sladkosÅ¥|toÄenÃ¡ zmrzlina|zmrzlina
ğŸ§|dezert|dreÅˆ|mrazenÃ¡ dreÅˆ|sladkosÅ¥|zmrzlina
ğŸ¨|dezert|krÃ©m|sladkosÅ¥|zmrzlina
ğŸ©|dezert|Å¡iÅ¡ka|sladkosÅ¥
ğŸª|dezert|sladkosÅ¥|suÅ¡ienka
ğŸ‚|dezert|kolÃ¡Ä|narodeninovÃ¡ torta|narodeniny|oslava|sladkosÅ¥|torta
ğŸ°|dezert|kolÃ¡Ä|kus torty|sladkosÅ¥|torta
ğŸ§|koÅ¡Ã­Äek|peÄivo|sladkosÅ¥|zÃ¡kusok
ğŸ¥§|kolÃ¡Ä|peÄivo|plnka
ğŸ«|ÄokolÃ¡da|dezert|sladkosÅ¥|tyÄinka
ğŸ¬|cukrÃ­k|dezert|sladkosÅ¥
ğŸ­|dezert|lÃ­zanka|sladkosÅ¥
ğŸ®|dezert|puding|sladkosÅ¥
ğŸ¯|med|pohÃ¡r medu|sladkosÅ¥
ğŸ¼|detskÃ¡|fÄ¾aÅ¡a|mlieko|nÃ¡poj
ğŸ¥›|mlieko|nÃ¡poj|pohÃ¡r mlieka
ğŸ«–|ÄajnÃ­k|ÄajovÃ¡ kanvica|kanvica
ğŸµ|ÄajovÃ¡ Å¡Ã¡lka|drink|nÃ¡poj|pohÃ¡r|Å¡Ã¡lka
ğŸ¶|bar|drink|fÄ¾aÅ¡a|nÃ¡poj|pohÃ¡r|sakÃ©
ğŸ¾|bar|drink|fÄ¾aÅ¡a|otvÃ¡ranie zÃ¡tky|Å¡ampanskÃ©|zÃ¡tka
ğŸ·|bar|drink|nÃ¡poj|pohÃ¡r|vÃ­novÃ½ pohÃ¡r
ğŸ¸|bar|drink|kokteilovÃ½ pohÃ¡r|koktejl|pohÃ¡r
ğŸ¹|bar|drink|tropickÃ½ nÃ¡poj
ğŸº|bar|drink|pivovÃ½ pohÃ¡r|pohÃ¡r
ğŸ»|bar|drink|pivo|pohÃ¡r|Å¡trngajÃºce pivovÃ© pohÃ¡re|Å¡trngaÅ¥
ğŸ¥‚|nÃ¡poj|oslavovaÅ¥|pohÃ¡r|prÃ­pitok|Å¡trngajÃºce pohÃ¡riky|Å¡trngaÅ¥
ğŸ¥ƒ|alkohol|pohÃ¡r na whisky|pohÃ¡rik|whisky
ğŸ¥¤|dÅ¾Ãºs|limonÃ¡da|pohÃ¡r so slamkou
ğŸ§‹|bublinky|Äaj|mlieko|perlivÃ½ Äaj
ğŸ§ƒ|dÅ¾Ãºs v krabiÄke|krabicovÃ½ dÅ¾Ãºs|nÃ¡poj v krabiÄke|nÃ¡pojovÃ¡ krabiÄka|pitie v krabiÄke
ğŸ§‰|matÃ©|nÃ¡poj|pitie
ğŸ§Š|chlad|kocka Ä¾adu|Ä¾adovÃ¡ kocka|Ä¾adovec|studenÃ½
ğŸ¥¢|jedlo|paliÄky
ğŸ½ï¸|nÃ´Å¾|tanier|varenie|vidliÄka, nÃ´Å¾ a tanier
ğŸ´|nÃ´Å¾|varenie|vidliÄka a nÃ´Å¾
ğŸ¥„|lyÅ¾ica|prÃ­bor
ğŸ”ª|kuchynskÃ½ nÃ´Å¾|nÃ¡stroj|nÃ´Å¾|varenie|zbraÅˆ
ğŸº|amfora|krÄah|nÃ¡doba|nÃ¡poj|varenie
ğŸŒ|afrika|eurÃ³pa|glÃ³bus|svet|zemeguÄ¾a s eurÃ³pou a afrikou
ğŸŒ|amerika|glÃ³bus|svet|zemeguÄ¾a sÂ amerikou
ğŸŒ|austrÃ¡lia|Ã¡zia|glÃ³bus|svet|zemeguÄ¾a s Ã¡ziou a austrÃ¡liou
ğŸŒ|glÃ³bus|poludnÃ­ky|svet|zemeguÄ¾a s poludnÃ­kmi
ğŸ—ºï¸|mapa sveta|svet
ğŸ—¾|japonsko|mapa japonska
ğŸ§­|buzola|kompas|magnet|navigÃ¡cia|orientÃ¡cia
ğŸ”ï¸|chlad|hora|sneh|vrch|zasneÅ¾enÃ½ vrch
â›°ï¸|hora|Å¡tÃ­t|vrch
ğŸŒ‹|erupcia|hora|sopka|vrch
ğŸ—»|fudÅ¾isan|hora|vrch
ğŸ•ï¸|kemping|stanovanie|tÃ¡borenie
ğŸ–ï¸|plÃ¡Å¾ so slneÄnÃ­kom|slneÄnÃ­k
ğŸœï¸|pÃºÅ¡Å¥|pustatina
ğŸï¸|opustenÃ½|ostrov
ğŸï¸|nÃ¡rodnÃ½ park|park|rezervÃ¡cia
ğŸŸï¸|arÃ©na|ihrisko|Å¡tadiÃ³n
ğŸ›ï¸|dom|historickÃ¡ budova|historickÃ©
ğŸ—ï¸|budova|dom|stavba
ğŸ§±|hlina|malta|stena|tehla|tehly
ğŸª¨|balvan|kameÅˆ|skala
ğŸªµ|brvno|drevo|klÃ¡t|poleno
ğŸ›–|bÃºda|chatrÄ|chyÅ¾a|jurta
ğŸ˜ï¸|budova|domy
ğŸšï¸|budova|dom|opustenÃ½ dom|spustnutÃ½ dom
ğŸ |budova|bydlisko|domov
ğŸ¡|budova|bydlisko|dom so zÃ¡hradou|domov|zÃ¡hrada
ğŸ¢|administratÃ­va|budova|kancelÃ¡rie|kancelÃ¡rska budova
ğŸ£|budova|japonskÃ¡|poÅ¡ta
ğŸ¤|budova|eurÃ³pska|poÅ¡ta
ğŸ¥|budova|doktor|lekÃ¡r|nemocnica
ğŸ¦|banka|budova
ğŸ¨|budova|hotel
ğŸ©|hodinovÃ½|hotel|lÃ¡ska
ğŸª|obchod|potraviny|tovar|zmieÅ¡anÃ½ tovar
ğŸ«|budova|Å¡kola
ğŸ¬|budova|obchodnÃ½ dom|obchody
ğŸ­|budova|tovÃ¡reÅˆ
ğŸ¯|budova|hrad|japonskÃ½ zÃ¡mok
ğŸ°|budova|eurÃ³pska|zÃ¡mok
ğŸ’’|kaplnka|romantika|svadba
ğŸ—¼|tokijskÃ¡ veÅ¾a|tokio|veÅ¾a
ğŸ—½|sloboda|socha slobody
â›ª|budova|kostol|kresÅ¥an|krÃ­Å¾|nÃ¡boÅ¾enstvo
ğŸ•Œ|budova|islam|meÅ¡ita|moslim|nÃ¡boÅ¾enstvo
ğŸ›•|chrÃ¡m|hinduista|hinduistickÃ½ chrÃ¡m|hinduizmus|svÃ¤tyÅˆa
ğŸ•|budova|chrÃ¡m|nÃ¡boÅ¾enstvo|synagÃ³ga|Å¾id
â›©ï¸|nÃ¡boÅ¾enstvo|Å¡intÃ³|Å¡intoistickÃ¡ svÃ¤tyÅˆa|svÃ¤tyÅˆa
ğŸ•‹|islam|kÃ¡ba|moslim|nÃ¡boÅ¾enstvo
â›²|fontÃ¡na|vodomet|vodostrek
â›º|kempovaÅ¥|stan|tÃ¡boriÅ¥
ğŸŒ|hmla|hmlisto|poÄasie
ğŸŒƒ|hviezda|noc s hviezdami|poÄasie
ğŸ™ï¸|budova|mesto|mestskÃ¡ panorÃ¡ma
ğŸŒ„|hora|poÄasie|rÃ¡no|slnko|vÃ½chod slnka nad horami
ğŸŒ…|poÄasie|rÃ¡no|slnko|vÃ½chod slnka
ğŸŒ†|mesto|mestskÃ¡ panorÃ¡ma pri sÃºmraku|panorÃ¡ma|veÄer|zÃ¡pad slnka|zotmenie
ğŸŒ‡|budova|poÄasie|slnko|zÃ¡pad slnka|zotmenie
ğŸŒ‰|most v noci|noc|poÄasie
ğŸ |kolotoÄovÃ½ kÃ´Åˆ|kÃ´Åˆ
ğŸ¡|koleso|lunapark|ruskÃ©
ğŸ¢|drÃ¡ha|horskÃ¡ drÃ¡ha|lunapark
ğŸ’ˆ|holiÄ|pÃºtaÄ holiÄstva|ÃºÄes
ğŸª|cirkus|Å¡apito|stan
ğŸš‚|lokomotÃ­va|ruÅ¡eÅˆ|vlak|Å¾eleznica
ğŸšƒ|vagÃ³n|vlak|vozeÅˆ|Å¾eleznica
ğŸš„|dopravnÃ½ prostriedok|rÃ½chlostnÃ½|rÃ½chlovlak|Å¡inkansen|vlak|Å¾eleznica
ğŸš…|dopravnÃ½ prostriedok|japonskÃ½ rÃ½chlovlak|rÃ½chlostnÃ½|Å¡inkansen|vlak|Å¾eleznica
ğŸš†|dopravnÃ½ prostriedok|vlak|Å¾eleznica
ğŸš‡|dopravnÃ½ prostriedok|drÃ¡ha|metro|podzemnÃ¡
ğŸšˆ|dopravnÃ½ prostriedok|Ä¾ahkÃ© metro|Å¾eleznica
ğŸš‰|dopravnÃ½ prostriedok|stanica|vlak|Å¾eleznica
ğŸšŠ|dopravnÃ½ prostriedok|elektriÄka
ğŸš|dopravnÃ½ prostriedok|monorail
ğŸš|dopravnÃ½ prostriedok|horskÃ¡|vozeÅˆ|Å¾eleznica|zubaÄka
ğŸš‹|dopravnÃ½ prostriedok|elektriÄka|trolejbus|vozeÅˆ elektriÄky
ğŸšŒ|autobus|dopravnÃ½ prostriedok
ğŸš|autobus|dopravnÃ½ prostriedok|prichÃ¡dzajÃºce|prichÃ¡dzajÃºci autobus
ğŸš|autobus|dopravnÃ½ prostriedok|elektriÄka|trolejbus
ğŸš|autobus|dopravnÃ½ prostriedok|minibus
ğŸš‘|dopravnÃ½ prostriedok|sanitka
ğŸš’|auto|dopravnÃ½ prostriedok|hasiÄi|hasiÄskÃ© auto|oheÅˆ
ğŸš“|auto|dopravnÃ½ prostriedok|hliadka|policajnÃ© auto|polÃ­cia
ğŸš”|auto|dopravnÃ½ prostriedok|polÃ­cia|prichÃ¡dzajÃºce policajnÃ© auto
ğŸš•|dopravnÃ½ prostriedok|taxi|taxÃ­k
ğŸš–|dopravnÃ½ prostriedok|prichÃ¡dzajÃºce|prichÃ¡dzajÃºci taxÃ­k|taxi
ğŸš—|auto|dopravnÃ½ prostriedok
ğŸš˜|automobil|dopravnÃ½ prostriedok|prichÃ¡dzajÃºce
ğŸš™|dopravnÃ½ prostriedok|rekreaÄnÃ©|suv
ğŸ›»|auto|pikap|zÃ¡sobovanie
ğŸšš|dopravnÃ½ prostriedok|kamiÃ³n|zÃ¡sobovacie auto|zÃ¡sobovanie
ğŸš›|dopravnÃ½ prostriedok|kamiÃ³n|nÃ¡kladnÃ© auto|nÃ¡ves|Å¥ahaÄ s nÃ¡vesom
ğŸšœ|dopravnÃ½ prostriedok|traktor
ğŸï¸|auto|pretekÃ¡rske auto|preteky
ğŸï¸|motocykel|motorka|preteky
ğŸ›µ|motorka|skÃºter
ğŸ¦½|invalid|mechanickÃ½ invalidnÃ½ vozÃ­k|pomÃ´cka|prÃ­stupnosÅ¥
ğŸ¦¼|elektrickÃ½ invalidnÃ½ vozÃ­k|invalid|pomÃ´cka|prÃ­stupnosÅ¥
ğŸ›º|autorikÅ¡a|motorikÅ¡a|tukâ€‘tuk
ğŸš²|bicykel|dopravnÃ½ prostriedok
ğŸ›´|kolobeÅ¾ka
ğŸ›¹|doska|skejtbord
ğŸ›¼|kolieskovÃ¡|korÄuÄ¾a
ğŸš|autobusovÃ¡ zastÃ¡vka|zastÃ¡vka
ğŸ›£ï¸|cesta|diaÄ¾nica
ğŸ›¤ï¸|vlak|Å¾eleznica|Å¾elezniÄnÃ¡ traÅ¥
ğŸ›¢ï¸|barel|ropa|sud
â›½|benzÃ­n|Äerpacia stanica|Äerpacie zariadenie|palivo|pumpa|stanica
ğŸš¨|auto|dopravnÃ½ prostriedok|majÃ¡k|otÃ¡ÄajÃºce sa|policajnÃ½ majÃ¡k|polÃ­cia|svetlo
ğŸš¥|premÃ¡vka|signÃ¡l|svetlo|vodorovnÃ½ semafor
ğŸš¦|premÃ¡vka|signÃ¡l|svetlo|zvislÃ½ semafor
ğŸ›‘|osemuholnÃ­k|stop|zastaviÅ¥|znaÄka
ğŸš§|bariÃ©ra|prÃ¡ce na ceste
â›µ|dopravnÃ½ prostriedok|jachta|loÄ|more|plachetnica|stredisko
ğŸ›¶|kanoe|loÄ
ğŸš¤|Äln|loÄ|motorovÃ½ Äln|rÃ½chly Äln
ğŸ›³ï¸|dopravnÃ½ prostriedok|loÄ|pasaÅ¾ier|zaoceÃ¡nska loÄ
â›´ï¸|loÄ|trajekt
ğŸ›¥ï¸|dopravnÃ½ prostriedok|loÄ|motorovÃ¡ loÄ|motorovÃ½ Äln
ğŸš¢|dopravnÃ½ prostriedok|loÄ
ğŸ›©ï¸|dopravnÃ½ prostriedok|lietadlo|malÃ© lietadlo
ğŸ›«|dopravnÃ½ prostriedok|lietadlo|odlet lietadla|odlety|registrÃ¡cia
ğŸ›¬|dopravnÃ½ prostriedok|lietadlo|prÃ­let lietadla|prÃ­lety|pristÃ¡vajÃºce
ğŸª‚|padÃ¡k|paragliding|paraÅ¡utizmus|plachtenie|zÃ¡vesnÃ© lietanie|zoskok s padÃ¡kom
ğŸ’º|kreslo|sedadlo|stoliÄka
ğŸš|dopravnÃ½ prostriedok|helikoptÃ©ra|vrtuÄ¾nÃ­k
ğŸšŸ|dopravnÃ½ prostriedok|lanovka|zÃ¡vesnÃ¡|Å¾eleznica
ğŸš |dopravnÃ½ prostriedok|gondola|hora|horskÃ¡ lanovka|lanovka
ğŸš¡|dopravnÃ½ prostriedok|gondola|kabÃ­na|lanovka|lanovkovÃ¡ doprava|visutÃ¡
ğŸ›°ï¸|dopravnÃ½ prostriedok|druÅ¾ica|vesmÃ­r
ğŸš€|dopravnÃ½ prostriedok|raketa|vesmÃ­r
ğŸ›¸|lietajÃºci tanier|ufo|ufÃ³ni
ğŸ›ï¸|hotelovÃ½ sluha|recepÄnÃ½ zvonÄek|zvonÄek
ğŸ§³|baliÅ¥|batoÅ¾ina|cesta|cestovaÅ¥|dovolenka
âŒ›|meranie Äasu|piesok|presÃ½pacie hodiny
â³|beÅ¾iace presÃ½pacie hodiny|meranie Äasu|piesok
âŒš|hodinky|hodiny
â°|budÃ­k|hodiny
â±ï¸|hodiny|stopky
â²ï¸|ÄasovaÄ|hodiny|meranie Äasu
ğŸ•°ï¸|hodiny|kozubovÃ© hodiny
ğŸ•›|00|12:00|dvanÃ¡sÅ¥|hodÃ­n
ğŸ•§|12:30|30|dvanÃ¡sÅ¥|hodÃ­n|pol jednej|tridsaÅ¥
ğŸ•|00|1:00|hodiny|jedna hodina
ğŸ•œ|1:30|30|hodiny|pol druhej|tridsaÅ¥
ğŸ•‘|00|2:00|dve|hodiny
ğŸ•|2:30|30|dve|hodiny|pol tretej|tridsaÅ¥
ğŸ•’|00|3:00|hodiny|tri
ğŸ•|3:30|30|hodiny|pol Å¡tvrtej|tridsaÅ¥
ğŸ•“|00|4:00|hodiny|Å¡tyri
ğŸ•Ÿ|30|4:30|hodiny|pol piatej|Å¡tyri|tridsaÅ¥
ğŸ•”|00|5:00|hodiny|pÃ¤Å¥ hodÃ­n
ğŸ• |30|5:30|hodiny|pÃ¤Å¥|pol Å¡iestej|tridsaÅ¥
ğŸ••|00|6:00|hodiny|Å¡esÅ¥ hodÃ­n
ğŸ•¡|30|6:30|hodiny|pol siedmej|Å¡est|tridsaÅ¥
ğŸ•–|00|7:00|hodiny|sedem hodÃ­n
ğŸ•¢|30|7:30|hodiny|pol Ã´smej|sedem|tridsaÅ¥
ğŸ•—|00|8:00|hodiny|osem hodÃ­n
ğŸ•£|30|8:30|hodiny|osem|pol deviatej|tridsaÅ¥
ğŸ•˜|00|9:00|devÃ¤Å¥ hodÃ­n|hodiny
ğŸ•¤|30|9:30|devÃ¤Å¥|hodiny|pol desiatej|tridsaÅ¥
ğŸ•™|00|10:00|desaÅ¥ hodÃ­n|hodiny
ğŸ•¥|10:30|30|desaÅ¥|hodiny|pol jedenÃ¡stej|tridsaÅ¥
ğŸ•š|00|11:00|hodiny|jedenÃ¡sÅ¥ hodÃ­n
ğŸ•¦|11:30|30|hodiny|jedenÃ¡sÅ¥|pol dvanÃ¡stej|tridsaÅ¥
ğŸŒ‘|mesiac|nov|poÄasie|tmavÃ½|vesmÃ­r
ğŸŒ’|dorastajÃºci polmesiac|mesiac|narastajÃºci|poÄasie|polmesiac|vesmÃ­r
ğŸŒ“|mesiac|poÄasie|prvÃ¡ Å¡tvrÅ¥ mesiaca|Å¡tvrÅ¥|vesmÃ­r
ğŸŒ”|dorastajÃºci mesiac|mesiac|narastajÃºci|poÄasie|vesmÃ­r|vypuklÃ½
ğŸŒ•|mesiac|poÄasie|spln|vesmÃ­r
ğŸŒ–|mesiac|poÄasie|ubÃºdajÃºci|vesmÃ­r|vypuklÃ½
ğŸŒ—|mesiac|poÄasie|poslednÃ¡ Å¡tvrÅ¥ mesiaca|Å¡tvrÅ¥|vesmÃ­r
ğŸŒ˜|mesiac|poÄasie|polmesiac|ubÃºdajÃºci|vesmÃ­r
ğŸŒ™|mesiac|poÄasie|polmesiac|vesmÃ­r
ğŸŒš|mesiac|nov sÂ tvÃ¡rou|poÄasie|tvÃ¡r|vesmÃ­r
ğŸŒ›|mesiac v prvej Å¡tvrti s tvÃ¡rou|poÄasie|Å¡tvrÅ¥|tvÃ¡r|vesmÃ­r
ğŸŒœ|mesiac v poslednej Å¡tvrti s tvÃ¡rou|poÄasie|Å¡tvrÅ¥|tvÃ¡r|vesmÃ­r
ğŸŒ¡ï¸|poÄasie|teplomer
ğŸŒ|jas|mesiac|poÄasie|spln s tvÃ¡rou|tvÃ¡r|vesmÃ­r
ğŸŒ|jas|poÄasie|slnko s tvÃ¡rou|tvÃ¡r|vesmÃ­r
ğŸª|planÃ©ta s prstencom|saturn
â­|biela strednÃ¡ hviezda|hviezda
ğŸŒŸ|hviezda|jas|trblietaÅ¥|zÃ¡blesk|Å¾iariaca hviezda|Å¾iariÅ¥
ğŸŒ |hviezda|padajÃºca|vesmÃ­r
ğŸŒŒ|mlieÄna drÃ¡ha|poÄasie|vesmÃ­r
â›…|oblak|poÄasie|slnko za oblakom
â›ˆï¸|dÃ¡Å¾d|hrom|oblak s bleskom a daÅ¾Äom|poÄasie
ğŸŒ¤ï¸|oblak|poÄasie|slnko za malÃ½m oblakom
ğŸŒ¥ï¸|oblak|poÄasie|slnko za veÄ¾kÃ½m oblakom
ğŸŒ¦ï¸|dÃ¡Å¾Ä|oblak|poÄasie|slnko za daÅ¾ÄovÃ½m oblakom
ğŸŒ§ï¸|dÃ¡Å¾Ä|daÅ¾ÄovÃ½ oblak|oblak|poÄasie
ğŸŒ¨ï¸|oblak|poÄasie|snehovÃ½ oblak|studenÃ½
ğŸŒ©ï¸|blesk|oblak s bleskom|poÄasie
ğŸŒªï¸|oblak|poÄasie|tornÃ¡do|vzduÅ¡nÃ½ vÃ­r
ğŸŒ«ï¸|hmla|oblak|poÄasie
ğŸŒ¬ï¸|fÃºkanie|oblak|poÄasie|tvÃ¡r|vietor
ğŸŒ€|cyklÃ³n|kolotoÄ|poÄasie|tajfÃºn|toÄiaca sa hlava
ğŸŒˆ|dÃ¡Å¾Ä|dÃºha|poÄasie
ğŸŒ‚|dÃ¡Å¾Ä|dÃ¡Å¾dnik|obleÄenie|poÄasie|zatvorenÃ½ dÃ¡Å¾dnik
â›±ï¸|dÃ¡Å¾Ä|poÄasie|slneÄnÃ­k|slnko
âš¡|blesk|elektrina|napÃ¤tie|nebezpeÄenstvo|prÃºd|vysokÃ© napÃ¤tie
â›„|poÄasie|snehuliak bez snehu|studenÃ©
ğŸ”¥|oheÅˆ|plameÅˆ
ğŸ’§|kvapka|poÄasie|pot|studenÃ©
ğŸŒŠ|morskÃ¡ vlna|oceÃ¡n|poÄasie|vlna|voda
ğŸƒ|halloweenska tekvica|halloweenskÃ¡ tekvica|oslava|svietnik|tekvica
ğŸ„|oslava|stromÄek|vianoce|vianoÄnÃ½ stromÄek
ğŸ†|ohÅˆostroj|oslava
ğŸ‡|iskra|ohÅˆostroj|oslava|prskavka
ğŸ§¨|dynamit|ohÅˆostroj|petarda|vÃ½buÅ¡nina
ğŸˆ|balÃ³nik|oslava
ğŸ‰|konfety|oslava|pÃ¡rty|salÃ³nka
ğŸŠ|guÄ¾a|konfetovÃ¡ guÄ¾a|konfety|oslava
ğŸ‹|japonskÃ½|oslava|stromÄek|tanabata|zÃ¡stava
ğŸ|bambus|borovicovÃ¡ dekorÃ¡cia|ihliÄie|japonskÃ©|oslava|rastlina
ğŸ|bÃ¡bka|festival|japonskÃ© bÃ¡biky|japonskÃ½|oslava
ğŸ|kapor|koinobori|oslava|vlajka
ğŸ|oslava|veternÃ¡ zvonkohra|vietor|zvonec|zvonkohra
ğŸ‘|mesiac|obrad|oslava|slÃ¡vnosti mesiaca
ğŸ§§|ÄervenÃ¡ obÃ¡lka|chung-pao|darÄek|peniaze|Å¡Å¥astie
ğŸ€|oslava|stuha
ğŸ|balÃ­k|darÄek|oslava|zabalenÃ½
ğŸ—ï¸|oslava|pripomienka|stuÅ¾ka
ğŸŸï¸|lÃ­stok|vstupenka|vstupenky
ğŸ«|lÃ­stok|vstupenka
ğŸ–ï¸|armÃ¡da|oslava|vojenskÃ¡ medaila|vyznamenanie
ğŸ†|cena|trofej
ğŸ…|medaila|Å¡portovÃ¡ medaila|vÃ­Å¥az
ğŸ¥‡|medaila|prvÃ© miesto|Å¡port|vÃ­Å¥az|zlatÃ¡ medaila|zlato
ğŸ¥ˆ|druhÃ© miesto|medaila|Å¡port|striebornÃ¡ medaila|striebro
ğŸ¥‰|bronzovÃ¡ medaila|medaila|Å¡port|tretie miesto
âš½|futbal|lopta
âš¾|bejzbal|lopta
ğŸ¥|loptiÄka|rukavica|softbal
ğŸ€|basketbal|kÃ´Å¡|lopta
ğŸ|hra|lopta|volejbal
ğŸˆ|americkÃ½|futbal|lopta
ğŸ‰|futbal|lopta|ragby
ğŸ¾|lopta|raketa|tenis
ğŸ¥|disk|lietajÃºci disk|tanier
ğŸ³|bowling|guÄ¾a|hra
ğŸ|hra|kriket|lopta|pÃ¡lka
ğŸ‘|hokejka|hra|lopta|pole|pozemnÃ½ hokej
ğŸ’|hokejka|hra|Ä¾adovÃ½ hokej|puk
ğŸ¥|brÃ¡nka|lakros|loptiÄka|palica
ğŸ“|hra|lopta|raketa|stolnÃ½|tenis
ğŸ¸|bedminton|hra|loptiÄka|raketa
ğŸ¥Š|boxovacia rukavica|rukavica|Å¡port
ğŸ¥‹|bojovÃ© umenia|dÅ¾udo|karate|Å¡port|taekwondo|Ãºbor na bojovÃ© umenie
ğŸ¥…|brÃ¡nka|gÃ³l|sieÅ¥|Å¡port
â›³|golf|jamka|zÃ¡stava v jamke
â›¸ï¸|korÄuÄ¾a|Ä¾ad
ğŸ£|ryba|udica
ğŸ¤¿|okuliare|potÃ¡paÄskÃ¡ maska|potÃ¡paÄskÃ© okuliare|potÃ¡panie|Å¡norchel|Å¡norchlovanie
ğŸ½|beh|beÅ¾eckÃ© triÄko|Å¡erpa|triÄko
ğŸ¿|lyÅ¾e|sneh
ğŸ›·|sane|sÃ¡nky
ğŸ¥Œ|curlingovÃ½ kameÅˆ|kameÅˆ
ğŸ¯|cieÄ¾|hra|oko|presnÃ½ stred|presnÃ½ zÃ¡sah|Å¡Ã­pka|stred|zÃ¡sah
ğŸª€|cievka|hraÄka|jo-jo|jojo|kolÃ­sanie
ğŸª|let|lietanie|papierovÃ½ Å¡arkan|pÃºÅ¡Å¥anie|stÃºpanie|vzlietnutie
ğŸ±|8|biliardovÃ¡ guÄ¾a Ä. 8|guÄ¾a Ä. 8|hra|osem
ğŸ”®|fantasy|kriÅ¡tÃ¡Ä¾ovÃ¡ guÄ¾a|rozprÃ¡vka|veÅ¡tenie
ğŸª„|ÄarodejnÃ­Äka|ÄarodejnÃ­k|kÃºzelnÃ¡ paliÄka|kÃºzlo
ğŸ§¿|amulet|korÃ¡lka|modrÃ© oko|nazar|prÃ­vesok|talizman
ğŸ®|hra|ovlÃ¡daÄ|videohra
ğŸ•¹ï¸|hra|joystick|pÃ¡ka|videohra
ğŸ°|hazard|hra|vÃ½hernÃ½ automat|vÃ½hra
ğŸ²|hracia kocka|kocka|kocky
ğŸ§©|dieliky|puzzle|skladaÄka
ğŸ§¸|hraÄka|medvedÃ­k|plyÅ¡iak|plyÅ¡ovÃ½
ğŸª…|oslava|pÃ¡rty|piÃ±ata|veÄierok
ğŸª†|bÃ¡bika|matrioÅ¡ka|matrioÅ¡ky|ruskÃ¡
â™Ÿï¸|figÃºrka|peÅ¡iak|Å¡ach
ğŸƒ|hracie|karta|Å¾olÃ­k
ğŸ€„|ÄervenÃ½|hra|madÅ¾ongovÃ½ ÄervenÃ½ drak
ğŸ´|hracie|japonskÃ¡|japonskÃ© karty|karta|kvetovÃ¡
ğŸ­|divadelnÃ©|divadlo|maska|umenie
ğŸ–¼ï¸|maÄ¾ba|mÃºzeum|obraz|rÃ¡m|umenie|zarÃ¡movanÃ½ obraz
ğŸ¨|maÄ¾ba|maliarska paleta|mÃºzeum|paleta|umenie
ğŸ§µ|cievka nite|ihla|niÅ¥|Å¡itie|vlÃ¡kno
ğŸª¡|ihla|krajÄÃ­r|Å¡itie|stehy|vyÅ¡Ã­vanie
ğŸ§¶|hÃ¡Äkovanie|klbko|pletenie
ğŸª¢|lano|povraz|Å¡nÃºra|uzol|zamotanÃ©|zaviazaÅ¥
ğŸ‘“|oko|okuliare
ğŸ•¶ï¸|oko|okuliare|slneÄnÃ© okuliare|tmavÃ©
ğŸ¥½|ochrana oÄÃ­|ochrannÃ© okuliare|plÃ¡vanie|zvÃ¡ranie
ğŸ¥¼|doktor|laboratÃ³rny plÃ¡Å¡Å¥|pokus|vedec
ğŸ¦º|bezpeÄnosÅ¥|bezpeÄnostnÃ¡ vesta|nÃºdza|reflexnÃ¡|vesta|vÃ½straÅ¾nÃ¡
ğŸ‘”|kravata|obleÄenie
ğŸ‘•|koÅ¡eÄ¾a|obleÄenie|triÄko
ğŸ‘–|gate|nohavice|obleÄenie|rifle
ğŸ§£|krk|Å¡Ã¡l
ğŸ§¤|rukavice
ğŸ§¥|bunda|kabÃ¡t
ğŸ§¦|panÄucha|ponoÅ¾ky
ğŸ‘—|obleÄenie|Å¡aty
ğŸ‘˜|kimono|obleÄenie
ğŸ¥»|obleÄenie|odev|sÃ¡rÃ­|Å¡aty
ğŸ©±|dÃ¡mske plavky|jednodielne plavky
ğŸ©²|bielizeÅˆ|jednodielne|plavky|slipy|spodky
ğŸ©³|jednodielne|kraÅ¥asy|krÃ¡tke nohavice|plavky|Å¡ortky|spodky|trenÃ­rky
ğŸ‘™|bikini|obleÄenie|plÃ¡vanie|plÃ¡vaÅ¥
ğŸ‘š|dÃ¡mske obleÄenie|obleÄenie|Å¾ena
ğŸ‘›|koruna|obleÄenie|peÅˆaÅ¾enka
ğŸ‘œ|kabelka|obleÄenie|taÅ¡ka
ğŸ‘|malÃ¡ kabelka|obleÄenie|taÅ¡ka
ğŸ›ï¸|hotel|nÃ¡kupnÃ© taÅ¡ky|nakupovanie|taÅ¡ka
ğŸ’|aktovka|batoh|Å¡kola|Å¡kolskÃ½ batoh
ğŸ©´|plÃ¡Å¾|sandÃ¡le|Å¾abky
ğŸ‘|muÅ¾|obleÄenie|pÃ¡nska topÃ¡nka|topÃ¡nka
ğŸ‘Ÿ|beÅ¾eckÃ¡ topÃ¡nka|obleÄenie|Å¡portovÃ©|teniska|topÃ¡nka
ğŸ¥¾|kempovaÅ¥|pohorka|stanovaÅ¥|tÃ¡boriÅ¥|turistika
ğŸ¥¿|balerÃ­na|balerÃ­nka|cviÄka|papuÄka
ğŸ‘ |obleÄenie|podpÃ¤tok|topÃ¡nka na podpÃ¤tku|Å¾ena
ğŸ‘¡|dÃ¡msky sandÃ¡l|obleÄenie|sandÃ¡l|topÃ¡nka|Å¾ena
ğŸ©°|baletnÃ© Å¡pice|tanec
ğŸ‘¢|ÄiÅ¾ma|dÃ¡mska ÄiÅ¾ma|obleÄenie|obuv|Å¾ena
ğŸ‘‘|koruna|krÃ¡Ä¾ovnÃ¡|obleÄenie
ğŸ‘’|dÃ¡msky klobÃºk|klobÃºk|obleÄenie|Å¾ena
ğŸ©|cylinder|klobÃºk|obleÄenie|vysokÃ½
ğŸ“|Äiapka|klobÃºk|obleÄenie|oslava|promÃ³cia|promoÄnÃ¡ Äiapka
ğŸ§¢|bejzbalovÃ¡ Äiapka|Å¡iltovka
ğŸª–|armÃ¡da|helma|prilba|vojak|vojenskÃ¡ helma|vojsko
â›‘ï¸|helma|krÃ­Å¾|pomoc|prilba|tvÃ¡r|zÃ¡chranÃ¡rska helma
ğŸ“¿|korÃ¡liky|modlitba|modlitebnÃ© korÃ¡liky|nÃ¡hrdelnÃ­k|ruÅ¾enec
ğŸ’„|kozmetika|makeup|rÃºÅ¾
ğŸ’|diamant|prsteÅˆ|romanca
ğŸ’|diamant|drahokam|klenot|romanca
ğŸ”‡|hlasitosÅ¥|reproduktor|stlmenÃ½|tichÃ½|vypnutÃ½
ğŸ”ˆ|nÃ­zka hlasitosÅ¥|reproduktor
ğŸ”‰|reproduktor|strednÃ¡ hlasitosÅ¥
ğŸ”Š|reproduktor|vysokÃ¡ hlasitosÅ¥
ğŸ“¢|ampliÃ³n|nahlas|verejnÃ½ rozhlas
ğŸ“£|megafÃ³n|povzbudzovanie
ğŸ“¯|poÅ¡ta|poÅ¡tovÃ¡|trÃºba
ğŸ””|zvonÄek
ğŸ”•|preÄiarknutÃ½ zvon|stÃ­Å¡enÃ©|stlmenÃ©|ticho|zakÃ¡zanÃ© zvonenie
ğŸ¼|hudba|notovÃ¡ osnova|osnova
ğŸµ|hudba|nota
ğŸ¶|hudba|nota|noty
ğŸ™ï¸|hudba|mikrofÃ³n|Å¡tÃºdiovÃ½ mikrofÃ³n
ğŸšï¸|hudba|posÃºvaÄ|ÃºroveÅˆ
ğŸ›ï¸|gombÃ­ky|hudba|ovlÃ¡danie
ğŸ¤|karaoke|mikrofÃ³n
ğŸ§|slÃºchadlÃ¡|slÃºchadlo
ğŸ“»|rÃ¡dio|video
ğŸ·|hudba|nÃ¡stroj|saxofÃ³n
ğŸª—|akordeÃ³n|harmonika|Å¥ahacia
ğŸ¸|gitara|hudba|nÃ¡stroj
ğŸ¹|hudba|klÃ¡vesy|klavÃ­r|nÃ¡stroj
ğŸº|hudba|nÃ¡stroj|trÃºbka
ğŸ»|hudba|husle|nÃ¡stroj
ğŸª•|banjo|bendÅ¾o|hudba|nÃ¡stroj|strunovÃ½
ğŸ¥|bubenÃ­cke|bubon|hudba|paliÄky
ğŸª˜|bubenÃ­cke|bubon|kongo|rytmus
ğŸ“±|mobilnÃ½|telefÃ³n
ğŸ“²|hovor|mobil so Å¡Ã­pkou|mobilnÃ½|prijÃ­maÅ¥|Å¡Ã­pka|telefÃ³n
â˜ï¸|telefÃ³n
ğŸ“|slÃºchadlo telefÃ³nu|telefÃ³n
ğŸ“Ÿ|pager|pejdÅ¾er
ğŸ“ |fax|telefax
ğŸ”‹|batÃ©ria
ğŸ”Œ|elektrickÃ¡|elektrina|prÃ­pojka|zÃ¡strÄka
ğŸ’»|osobnÃ½|pc|poÄÃ­taÄ|prenosnÃ½ poÄÃ­taÄ
ğŸ–¥ï¸|stolnÃ½ poÄÃ­taÄ
ğŸ–¨ï¸|poÄÃ­taÄ|tlaÄiareÅˆ
ğŸ–±ï¸|myÅ¡|poÄÃ­taÄovÃ¡ myÅ¡|tlaÄidlo
ğŸ–²ï¸|poÄÃ­taÄ|trackball
ğŸ’½|disk|optickÃ½|poÄÃ­taÄovÃ½ disk
ğŸ’¾|disketa|poÄÃ­taÄ
ğŸ’¿|cd|dvd|optickÃ½ disk|poÄÃ­taÄ
ğŸ“€|blu-ray|cd|dvd|poÄÃ­taÄ
ğŸ§®|abakus|poÄÃ­tadlo|poÄÃ­tanie|poÄty
ğŸ¥|filmovÃ¡ kamera|kamera|kino
ğŸï¸|filmovÃ½|kino|pÃ¡s
ğŸ“½ï¸|filmovÃ½ projektor|kino|projektor|video
ğŸ¬|film|klapka
ğŸ“º|televÃ­zia|televÃ­zor|tv|video
ğŸ“·|fotoaparÃ¡t|video
ğŸ“¸|blesk|fotoaparÃ¡t s bleskom|video
ğŸ“¹|fotoaparÃ¡t|videokamera
ğŸ“¼|kazeta|vhs|videokazeta
ğŸ”|doÄ¾ava naklonenÃ¡ lupa|hÄ¾adanie|lupa|nÃ¡stroj|priblÃ­Å¾enie
ğŸ”|doprava naklonenÃ¡ lupa|hÄ¾adanie|lupa|nÃ¡stroj|priblÃ­Å¾enie
ğŸ•¯ï¸|svetlo|svieÄka
ğŸ’¡|elektrickÃ©|komiks|nÃ¡pad|svetlo|Å¾iarovka
ğŸ”¦|baterka|elektrickÃ©|nÃ¡stroj|svetlo|svietidlo
ğŸ®|bar|ÄervenÃ©|ÄervenÃ½ lampiÃ³n|japonskÃ½|lampiÃ³n|svetlo
ğŸª”|dija|indickÃ¡|lampa|olej
ğŸ“”|kniha|obal|zÃ¡pisnÃ­k so zdobenÃ½m obalom|zdobenÃ½
ğŸ“•|kniha|zatvorenÃ¡
ğŸ“–|kniha|otvorenÃ¡
ğŸ“—|kniha|zelenÃ¡
ğŸ“˜|kniha|modrÃ¡
ğŸ“™|kniha|oranÅ¾ovÃ¡
ğŸ“š|kniha|knihy|literatÃºra
ğŸ““|poznÃ¡mkovÃ½ zoÅ¡it|zÃ¡pisnÃ­k
ğŸ“’|poznÃ¡mkovÃ½ zoÅ¡it|ÃºÄtovnÃ¡ kniha
ğŸ“ƒ|dokument|ohnutÃ¡ strÃ¡nka|ohnutie|strÃ¡nka
ğŸ“œ|papier|zvitok
ğŸ“„|dokument|lÃ­ce strÃ¡nky|strÃ¡nka
ğŸ“°|noviny|sprÃ¡vy
ğŸ—ï¸|noviny|sprÃ¡vy|zrolovanÃ©|zvinutÃ©
ğŸ“‘|karty|oznaÄenie|zÃ¡loÅ¾ka|zÃ¡loÅ¾ky|znaÄka
ğŸ”–|karty|oznaÄenie|zÃ¡loÅ¾ka|znaÄka
ğŸ·ï¸|ceduÄ¾ka|menovka|Å¡tÃ­tok
ğŸ’°|dolÃ¡r|meÅ¡ec peÅˆazÃ­|peniaze|vrece na peniaze
ğŸª™|minca|peniaze|poklad|zlato
ğŸ’´|banka|bankovka|jenovÃ¡ bankovka|mena|peniaze|ÃºÄet
ğŸ’µ|banka|bankovka|dolÃ¡rovÃ¡ bankovka|mena|peniaze|ÃºÄet
ğŸ’¶|banka|bankovka|eurovÃ¡ bankovka|mena|peniaze|ÃºÄet
ğŸ’·|banka|bankovka|libra|librovÃ¡ bankovka|mena|peniaze|ÃºÄet
ğŸ’¸|bankovka|dolÃ¡r|krÃ­dla|lietaÅ¥|peniaze s krÃ­dlami
ğŸ’³|banka|karta|kredit|peniaze|platiÅ¥|platobnÃ¡ karta
ğŸ§¾|doklad|potvrdenie|ÃºÄtenka|ÃºÄtovnÃ­ctvo
ğŸ’¹|graf|mena|nÃ¡rast|peniaze|stÃºpajÃºci graf jenu|trend|trh
ğŸ“§|e-mail|email|list|poÅ¡ta
ğŸ“¨|e-mail|email|list|obÃ¡lka s prichÃ¡dzajÃºcou poÅ¡tou|poÅ¡ta|prichÃ¡dzajÃºca|prijaÅ¥
ğŸ“©|e-mail|list|obÃ¡lka so Å¡Ã­pkou|odchÃ¡dzajÃºca|odoslanÃ©|poÅ¡ta
ğŸ“¤|list|odchÃ¡dzajÃºca poÅ¡ta|odoslanÃ¡|poÅ¡ta|prieÄinok na odchÃ¡dzajÃºcu poÅ¡tu
ğŸ“¥|list|poÅ¡ta|prichÃ¡dzajÃºca poÅ¡ta|prieÄinok na prichÃ¡dzajÃºcu poÅ¡tu|prijatÃ¡
ğŸ“¦|Å¡katuÄ¾a|zÃ¡sielka
ğŸ“«|poÅ¡ta|poÅ¡tovÃ¡ schrÃ¡nka|zatvorenÃ¡ schrÃ¡nka so zdvihnutou zÃ¡stavkou
ğŸ“ª|poÅ¡ta|poÅ¡tovÃ¡ schrÃ¡nka|spustenÃ©|zatvorenÃ¡ schrÃ¡nka so spustenou zÃ¡stavkou
ğŸ“¬|otvorenÃ¡ schrÃ¡nka so zdvihnutou zÃ¡stavkou|poÅ¡ta|poÅ¡tovÃ¡ schrÃ¡nka
ğŸ“­|otvorenÃ¡ schrÃ¡nka so spustenou zÃ¡stavkou|poÅ¡ta|poÅ¡tovÃ¡ schrÃ¡nka|spustenÃ¡
ğŸ“®|poÅ¡ta|poÅ¡tovÃ¡ schrÃ¡nka
ğŸ—³ï¸|urna|volebnÃ¡ schrÃ¡nka s lÃ­stkom
âœï¸|ceruzka
ğŸ–‹ï¸|pero|plniace
ğŸ–Šï¸|guÄ¾Ã´ÄkovÃ© pero|pero
ğŸ–Œï¸|maÄ¾ovaÅ¥|Å¡tetec
ğŸ–ï¸|pastelka
ğŸ“|ceruzka|obeÅ¾nÃ­k|oznam
ğŸ’¼|aktovka
ğŸ“|fascikel|prieÄinok|sÃºbor
ğŸ“‚|otvorenÃ½ fascikel|prieÄinok|sÃºbor
ğŸ—‚ï¸|index|karta|rozdeÄ¾ovaÄe|Å¡tÃ­tky na indexovanie
ğŸ“…|dÃ¡tum|kalendÃ¡r
ğŸ“†|kalendÃ¡r|trhacÃ­ kalendÃ¡r
ğŸ—’ï¸|poznÃ¡mka|Å¡pirÃ¡la|Å¡pirÃ¡lovÃ½ zÃ¡pisnÃ­k|zÃ¡pisnÃ­k
ğŸ—“ï¸|kalendÃ¡r|Å¡pirÃ¡la|Å¡pirÃ¡lovÃ½ kalendÃ¡r
ğŸ“‡|index|karta|otÃ¡ÄacÃ­ stojan na vizitky|vizitka
ğŸ“ˆ|graf|nÃ¡rast|stÃºpajÃºci|trend
ğŸ“‰|graf|klesajÃºci|pokles|trend
ğŸ“Š|graf|pruhovÃ½ graf
ğŸ“‹|pÃ­sacia podloÅ¾ka|pÃ­sanie|podloÅ¾ka|poznÃ¡mka
ğŸ“Œ|Å¡pendlÃ­k
ğŸ“|guÄ¾atÃ½ Å¡pendlÃ­k|Å¡pendlÃ­k
ğŸ“|prÃ­loha|sponka na papier
ğŸ–‡ï¸|spojenÃ© sponky na papier|sponky
ğŸ“|pravÃ­tko|rovnÃ©
ğŸ“|pravÃ­tko|trojuholnÃ­kovÃ© pravÃ­tko
ğŸ—ƒï¸|karta|Å¡katuÄ¾a s kartotÃ©kou|sÃºbor
ğŸ—„ï¸|kabinet|kartotÃ©kovÃ¡ skriÅˆa|sÃºbor
ğŸ—‘ï¸|kÃ´Å¡|odpadkovÃ½ kÃ´Å¡
ğŸ”’|zÃ¡mka|zamknutÃ©|zatvorenÃ¡ zÃ¡mka|zatvorenÃ©
ğŸ”“|odomknutÃ©|otvorenÃ¡ zÃ¡mka|otvorenÃ©|zÃ¡mka
ğŸ”|atrament|hrot|pero|sÃºkromie|zÃ¡mka s perom
ğŸ”|kÄ¾ÃºÄ|zabezpeÄiÅ¥|zÃ¡mka s kÄ¾ÃºÄom|zatvorenÃ©
ğŸ”‘|heslo|kÄ¾ÃºÄ|zÃ¡mka
ğŸ—ï¸|kÄ¾ÃºÄ|starÃ©|starÃ½ kÄ¾ÃºÄ|vodidlo|zÃ¡mka
ğŸ”¨|kladivo|nÃ¡stroj
ğŸª“|drevo|rÃºbaÅ¥|sekaÅ¥|sekera|Å¡tiepaÅ¥
â›ï¸|dolovanie|krompÃ¡Ä|nÃ¡stroj
ğŸ› ï¸|francÃºzsky kÄ¾ÃºÄ|kladivo a kÄ¾ÃºÄ|nÃ¡stroj
ğŸ—¡ï¸|dÃ½ka|nÃ´Å¾|zbraÅˆ
ğŸ”«|nÃ¡stroj|piÅ¡toÄ¾|revolver|vodnÃ¡ piÅ¡toÄ¾|zbraÅˆ
ğŸªƒ|austrÃ¡lsky|bumerang|nÃ¡sledky|nÃ¡vrat
ğŸ¹|luk a Å¡Ã­p|lukostrelec|Å¡Ã­p|strelec|zbraÅˆ|zverokruh
ğŸ›¡ï¸|Å¡tÃ­t|zbraÅˆ
ğŸªš|drevo|pÃ­la|tesÃ¡rska pÃ­la
ğŸ”§|francÃºzsky kÄ¾ÃºÄ|nÃ¡stroj
ğŸª›|nÃ¡stroj|skrutka|skrutkovaÄ
ğŸ”©|matica a skrutka|matka|nÃ¡stroj|skrutka
ğŸ—œï¸|nÃ¡stroj|zverÃ¡k
ğŸ¦¯|handicap|hendikep|nevidiaci|postihnutie|slepeckÃ¡ palica|slepÃ½
ğŸ”—|odkaz|prepojenie|spojenie|spojovacÃ­ ÄlÃ¡nok
â›“ï¸|reÅ¥aze
ğŸª|hÃ¡Äik|hÃ¡k|lÃ¡kadlo|nachytaÅ¥|skoba
ğŸ§°|debna|kufrÃ­k na nÃ¡radie|nÃ¡radie|nÃ¡stroje
ğŸ§²|magnet|podkova|prÃ­Å¥aÅ¾livosÅ¥
ğŸªœ|prieÄka|rebrÃ­k|stÃºpadlo
ğŸ§ª|chÃ©mia|chemik|laboratÃ³rium|pokus|skÃºmavka|veda
ğŸ§«|baktÃ©ria|biolÃ³gia|kultÃºra|laboratÃ³rium|petriho miska
ğŸ§¬|biolÃ³g|gÃ©n|genetika|skrutkovica|Å¾ivot
ğŸ”¬|laboratÃ³rium|mikroskop|veda
ğŸ”­|ÄalekohÄ¾ad|nÃ¡stroj|teleskop
ğŸ“¡|antÃ©na|satelitnÃ¡ antÃ©na|tanier
ğŸ’‰|choroba|doktor|ihla|injekcia|medicÃ­na|nÃ¡stroj
ğŸ©¸|darcovstvo|darovanie|krv|kvapka krvi|lekÃ¡rstvo|medicÃ­na|menÅ¡truÃ¡cia
ğŸ’Š|choroba|doktor|medicÃ­na|tabletka
ğŸ©¹|leukoplast|nÃ¡plasÅ¥|obvÃ¤z
ğŸ©º|doktor|lekÃ¡rstvo|medicÃ­na|srdce|stetoskop
ğŸšª|dvere
ğŸ›—|vÃ½Å¥ah
ğŸª|odraz|zrkadlenie|zrkadlo
ğŸªŸ|okno|otvoriÅ¥|rÃ¡m|vÃ½hÄ¾ad|vzduch
ğŸ›ï¸|hotel|posteÄ¾|spÃ¡nok
ğŸ›‹ï¸|gauÄ a lampa|hotel|lampa
ğŸª‘|sedadlo|sedenie|sedieÅ¥|stoliÄka
ğŸš½|toaleta|zÃ¡chod
ğŸª |Äistiaci zvon|inÅ¡talatÃ©r|upchatÃ½|zÃ¡chod
ğŸš¿|sprcha|voda
ğŸ›|vaÅˆa
ğŸª¤|myÅ¡|nÃ¡straha|nÃ¡vnada|pasca na myÅ¡i|syr
ğŸª’|britva|holenie|holiace|holiÅ¥|oholiÅ¥|ostrÃ½
ğŸ§´|hydrataÄnÃ½ krÃ©m|Å¡ampÃ³n|slneÄnÃ½ krÃ©m|vodiÄka
ğŸ§·|pankÃ¡Äka|spÃ­nacÃ­ Å¡pendlÃ­k
ğŸ§¹|metla|striga|upratovaÅ¥|zametaÅ¥
ğŸ§º|kÃ´Å¡|piknik|pranie
ğŸ§»|papierovÃ¡ utierka|rolka papiera|toaletnÃ½ papier
ğŸª£|nÃ¡doba|sÃºdok|vedro
ğŸ§¼|kÃºpanie|mydlo|pena|sprchovanie|umÃ½vanie
ğŸª¥|ÄistiÅ¥|kefka|kÃºpeÄ¾Åˆa|zubnÃ¡ kefka|zuby
ğŸ§½|ÄistiÅ¥|kÃºpaÅ¥|Å¡pongia|sprchovaÅ¥|vsaÅ¥
ğŸ§¯|hasiaci prÃ­stroj|hasiÅ¥|poÅ¾iar
ğŸ›’|koÅ¡Ã­k|nÃ¡kupnÃ½|nakupovanie|vozÃ­k
ğŸš¬|cigareta|fajÄenie
âš°ï¸|rakva|smrÅ¥
ğŸª¦|cintorÃ­n|hrobka|nÃ¡hrobok
âš±ï¸|pohrebnÃ¡ urna|smrÅ¥
ğŸ—¿|moai|socha|tvÃ¡r
ğŸª§|demonÅ¡trÃ¡cia|protest|Å¡trajk|tabuÄ¾a|transparent
ğŸ§|automat|banka|bankomat|hotovosÅ¥
ğŸš®|odpadkovÃ½ kÃ´Å¡|odpadky|smeti|symbol odpadkovÃ©ho koÅ¡a
ğŸš°|pitie|pitnÃ¡|voda
â™¿|invalidnÃ½ vozÃ­k|prÃ­stup
ğŸš¹|muÅ¾|pÃ¡nske toalety|toaleta|wc|zÃ¡chod
ğŸšº|dÃ¡mske toalety|toaleta|wc|zÃ¡chod|Å¾ena
ğŸš»|toalety|wc|zÃ¡chod
ğŸš¼|dieÅ¥a|prebalenie|prebaÄ¾ovacia miestnosÅ¥
ğŸš¾|splachovacÃ­ zÃ¡chod|toaleta|voda|wc|zÃ¡chod
ğŸ›‚|hranica|kontrola|pasovÃ¡ kontrola
ğŸ›ƒ|colnÃ¡ prehliadka|colnica|hranica
ğŸ›„|batoÅ¾ina|vÃ½daj batoÅ¾iny
ğŸ›…|batoÅ¾ina|taÅ¡ky|ÃºschovÅˆa batoÅ¾iny
âš ï¸|varovanie
ğŸš¸|chodec|deti na ceste|dieÅ¥a|prechÃ¡dzajÃºce|premÃ¡vka
â›”|jednosmernÃ¡|premÃ¡vka|vjazd|zÃ¡kaz vjazdu
ğŸš«|vstup|zÃ¡kaz|zakÃ¡zanÃ½
ğŸš³|bicykel|zÃ¡kaz bicyklov|zakÃ¡zanÃ½
ğŸš­|fajÄenie|zÃ¡kaz fajÄenia|zakÃ¡zanÃ©
ğŸš¯|neodhadzujte odpadky|zÃ¡kaz|zakÃ¡zanÃ©
ğŸš±|nepitnÃ¡|voda|zakÃ¡zanÃ©
ğŸš·|chodec|zÃ¡kaz chodcov|zakÃ¡zanÃ©
ğŸ“µ|mobil|telefÃ³n|zÃ¡kaz mobilov|zakÃ¡zanÃ½
ğŸ”|18|maloletÃ­|osemnÃ¡sÅ¥|vekovÃ© obmedzenie|zÃ¡kaz vstupu osobÃ¡m mladÅ¡Ã­m ako osemnÃ¡sÅ¥ rokov|zakÃ¡zanÃ©
â¬†ï¸|hore|nahor|sever|Å¡Ã­pka
â¡ï¸|doprava|Å¡Ã­pka|vÃ½chod
â¬‡ï¸|dolu|juh|nadol|Å¡Ã­pka
â¬…ï¸|doÄ¾ava|Å¡Ã­pka|zÃ¡pad
â†©ï¸|Å¡Ã­pka doprava zakrivenÃ¡ doÄ¾ava
â†ªï¸|Å¡Ã­pka doÄ¾ava zakrivenÃ¡ doprava
ğŸ”ƒ|Å¡Ã­pka|v smere hodinovÃ½ch ruÄiÄiek|znovu naÄÃ­taÅ¥|zvislÃ© Å¡Ã­pky v smere hodinovÃ½ch ruÄiÄiek
ğŸ”„|proti smeru hodinovÃ½ch ruÄiÄiek|Å¡Ã­pka|tlaÄidlo so Å¡Ã­pkami proti smeru hodinovÃ½ch ruÄiÄiek
ğŸ”™|Å¡Ã­pka back|spÃ¤Å¥
ğŸ”š|koniec|Å¡Ã­pka end
ğŸ”›|Å¡Ã­pka on!|zapnutÃ©|znaÄka
ğŸ”œ|Äoskoro|Å¡Ã­pka soon
ğŸ”|nahor|navrch|Å¡Ã­pka top
ğŸ›|bohosluÅ¾ba|modlitba|modlitebnÃ© miesto|nÃ¡boÅ¾enstvo
âš›ï¸|atÃ³m|symbol atÃ³mu
ğŸ•‰ï¸|indickÃ©|nÃ¡boÅ¾enstvo|Ã³m
â˜¯ï¸|jang|jin a jang|nÃ¡boÅ¾enstvo|taoista
âœï¸|kresÅ¥anskÃ©|krÃ­Å¾|latinskÃ½ krÃ­Å¾|nÃ¡boÅ¾enstvo
â˜ªï¸|hviezda a polmesiac|islam|moslim|nÃ¡boÅ¾enstvo
â˜®ï¸|mier|symbol mieru
ğŸ•|menÃ³ra|nÃ¡boÅ¾enstvo|svietnik|Å¾idovstvo
ğŸ”¯|hviezda|Å¡esÅ¥cÃ­pa hviezda s bodkou uprostred|Å¡Å¥astie
â™Š|dvojiÄky|znamenie blÃ­Å¾encov|zverokruh
â™‹|rak|znamenie raka|zverokruh
â™Œ|lev|znamenie leva|zverokruh
â™|panna|znamenie panny|zverokruh
â™|rovnovÃ¡ha|spravodlivosÅ¥|vÃ¡hy|znamenie vÃ¡h|zverokruh
â™|Å¡korpiÃ³n|znamenie Å¡korpiÃ³na|zverokruh
â›|had|znamenie hadonosa|zverokruh
ğŸ”€|Å¡Ã­pka|skrÃ­Å¾enÃ¡|tlaÄidlo nÃ¡hodnÃ©ho prehrÃ¡vania
ğŸ”|opakovaÅ¥|proti smere hodinovÃ½ch ruÄiÄiek|Å¡Ã­pka|tlaÄidlo opakovania
ğŸ”‚|raz|Å¡Ã­pka|tlaÄidlo opakovania skladby|v smere hodinovÃ½ch ruÄiÄiek
â–¶ï¸|doprava|prehraÅ¥|Å¡Ã­pka|tlaÄidlo prehrÃ¡vania|trojuholnÃ­k
â©|dopredu|dvojitÃ¡|pretoÄiÅ¥|Å¡Ã­pka|tlaÄidlo pretÃ¡Äania dopredu
â­ï¸|ÄalÅ¡ia poloÅ¾ka|ÄalÅ¡ia skladba|Å¡Ã­pka|tlaÄidlo ÄalÅ¡ej skladby|trojuholnÃ­k
â¯ï¸|doprava|pozastaviÅ¥|prehraÅ¥|Å¡Ã­pka|tlaÄidlo prehrÃ¡vania a pozastavenia|trojuholnÃ­k
â—€ï¸|doÄ¾ava|pretoÄiÅ¥ spÃ¤Å¥|Å¡Ã­pka|tlaÄidlo spÃ¤tnÃ©ho prehrÃ¡vania|trojuholnÃ­k
âª|dvojitÃ¡|pretoÄiÅ¥|Å¡Ã­pka|tlaÄidlo pretÃ¡Äania spÃ¤Å¥
â®ï¸|predchÃ¡dzajÃºca poloÅ¾ka|predchÃ¡dzajÃºca skladba|Å¡Ã­pka|tlaÄidlo predoÅ¡lej skladby|trojuholnÃ­k
ğŸ”¼|ÄervenÃ©|Å¡Ã­pka|tlaÄidlo nahor
â«|dvojitÃ¡|Å¡Ã­pka|tlaÄidlo rÃ½chlo nahor
ğŸ”½|ÄervenÃ©|nadol|Å¡Ã­pka|tlaÄidlo
â¬|dvojitÃ¡|nadol|Å¡Ã­pka|tlaÄidlo rÃ½chlo nadol
â¸ï¸|dvojitÃ½|pÃ¡s|pozastaviÅ¥|tlaÄidlo pozastavenia|zvislÃ©
â¹ï¸|Å¡tvorec|tlaÄidlo zastavenia|zastaviÅ¥
âºï¸|kruh|nahraÅ¥|tlaÄidlo nahrÃ¡vania|zaznamenaÅ¥
âï¸|tlaÄidlo vysunutia|vysunÃºÅ¥
ğŸ¦|film|kamera|kino
ğŸ”…|jas|stlmiÅ¥|tlaÄidlo stlmenia jasu|znÃ­Å¾iÅ¥
ğŸ”†|jasnÃ½|tlaÄidlo jasu
ğŸ“¶|antÃ©na|mobilnÃ©|pÃ¡s|signÃ¡l|sila signÃ¡lu|telefÃ³n
ğŸ“³|mobilnÃ½|reÅ¾im|telefÃ³n|vibrÃ¡cia|vibraÄnÃ½ reÅ¾im
ğŸ“´|mobilÃ½|telefÃ³n|vypnutÃ©|vypnutÃ½ mobil
âš§ï¸|transgenderovÃ½ symbol
â™¾ï¸|navÅ¾dy|nekoneÄno|veÄnÃ½
â€¼ï¸|!!|dvojitÃ½ vÃ½kriÄnÃ­k|interpunkcia|vÃ½kriÄnÃ­k|znak|zvolanie
ğŸ’±|banka|mena|peniaze|zmenÃ¡reÅˆ
ğŸ’²|dolÃ¡r|mena|peniaze|znak dolÃ¡ra
â™»ï¸|recyklovaÅ¥|symbol recyklÃ¡cie
âšœï¸|heraldickÃ½ symbol Ä¾alie|Ä¾alia
ğŸ”±|emblÃ©m trojzubca|kotva|loÄ|nÃ¡stroj|trojzubec
ğŸ“›|menovka
ğŸ”°|japonskÃ¡|japonskÃ½ symbol pre zaÄiatoÄnÃ­ka|list|pÃ¡ska|zaÄiatoÄnÃ­k|zelenÃ¡|Å¾ltÃ¡
â­•|ÄervenÃ½|kruh|prÃ¡zdny ÄervenÃ½ kruh|veÄ¾kÃ½
âŒ|Ã—|krÃ­Å¾ik|nÃ¡sobenie|nÃ¡sobiÅ¥|x|znak|zruÅ¡iÅ¥
â|Ã—|Å¡tvorec|tlaÄidlo s krÃ­Å¾ikom|x|znak
â°|sluÄka
â¿|dvojitÃ¡|sluÄka
ã€½ï¸|part|znak zaÄiatku partu
ğŸ” |latinka|pÃ­smenÃ¡|veÄ¾kÃ© pÃ­smenÃ¡|zadaÅ¥|zadÃ¡vanie veÄ¾kÃ½ch pÃ­smen latinky
ğŸ”¡|abcd|latinka|malÃ© pÃ­smenÃ¡|pÃ­smenÃ¡|zadaÅ¥|zadÃ¡vanie malÃ½ch pÃ­smen latinky
ğŸ”¢|1234|ÄÃ­sla|zadaÅ¥|zadÃ¡vanie ÄÃ­sel
ğŸ”£|zadaÅ¥|zadÃ¡vanie symbolov
ğŸ”¤|abc|abeceda|latinka|pÃ­smenÃ¡|zadaÅ¥|zadÃ¡vanie pÃ­smen latinky
ğŸ…°ï¸|a|krv|Å¡tÃ­tok a
ğŸ†|ab|krv|Å¡tÃ­tok ab
ğŸ…±ï¸|b|krv|Å¡tÃ­tok b
ğŸ†‘|cl|Å¡tÃ­tok cl
ğŸ†’|cool|Å¡tÃ­tok cool
ğŸ†“|free|Å¡tÃ­tok free
ğŸ†”|identita|Å¡tÃ­tok id
â“‚ï¸|kruh|m v kruhu
ğŸ†•|new|Å¡tÃ­tok new
ğŸ†–|ng|Å¡tÃ­tok ng
ğŸ…¾ï¸|krv|o|Å¡tÃ­tok 0
ğŸ†—|ok|Å¡tÃ­tok ok
ğŸ…¿ï¸|parkovanie|Å¡tÃ­tok p
ğŸ†˜|pomoc|sos|Å¡tÃ­tok sos
ğŸ†™|Å¡tÃ­tok up!|up|znaÄka
ğŸ†š|Å¡tÃ­tok vs|verzus|vs
ğŸˆ|japonÄina|japonskÃ½ ideograf tu
ğŸˆ‚ï¸|japonÄina|japonskÃ½ ideograf poplatok za sluÅ¾bu
ğŸˆ·ï¸|japonÄina|japonskÃ½ ideograf mesaÄnÃ¡ suma
ğŸˆ¶|japonÄina|japonskÃ½ ideograf nie je zadarmo
ğŸˆ¯|japonÄina|japonskÃ½ ideograf vyhradenÃ©
ğŸ‰|japonÄina|japonskÃ½ ideograf vÃ½hodnÃ½ nÃ¡kup
ğŸˆ¹|japonÄina|japonskÃ½ ideograf zÄ¾ava
ğŸˆš|japonÄina|japonskÃ½ ideograf zadarmo
ğŸˆ²|japonÄina|japonskÃ½ ideograf zÃ¡kaz
ğŸ‰‘|japonÄina|japonskÃ½ ideograf prijateÄ¾nÃ©
ğŸˆ¸|japonÄina|japonskÃ½ ideograf Å¾iadosÅ¥
ğŸˆ´|japonÄina|japonskÃ½ ideograf ÃºspeÅ¡ne vykonanÃ¡ skÃºÅ¡ka
ğŸˆ³|japonÄina|japonskÃ½ ideograf voÄ¾nÃ©
ğŸˆº|japonÄina|japonskÃ½ ideograf otvorenÃ©
ğŸˆµ|japonÄina|japonskÃ½ ideograf Å¾iadne voÄ¾nÃ© miesta
ğŸ”´|ÄervenÃ½|geometria|kruh
ğŸŸ |koliesko|kruh|krÃºÅ¾ok|oranÅ¾ovÃ¡|oranÅ¾ovÃ½ kruh
ğŸŸ¡|koliesko|kruh|krÃºÅ¾ok|Å¾ltÃ¡|Å¾ltÃ½ kruh
ğŸŸ¢|koliesko|kruh|krÃºÅ¾ok|zelenÃ¡|zelenÃ½ kruh
ğŸ”µ|geometria|kruh|modrÃ½
ğŸŸ£|fialovÃ¡|fialovÃ½ kruh|koliesko|kruh|krÃºÅ¾ok
ğŸŸ¤|hnedÃ¡|hnedÃ½ kruh|koliesko|kruh|krÃºÅ¾ok
âš«|Äierny kruh|geometria|kruh
âšª|biely kruh|geometria|kruh
ğŸŸ¥|ÄervenÃ¡|ÄervenÃ½ Å¡tvorec|Å¡tvorÄek|Å¡tvorec
ğŸŸ§|oranÅ¾ovÃ¡|oranÅ¾ovÃ½ Å¡tvorec|Å¡tvorÄek|Å¡tvorec
ğŸŸ¨|Å¡tvorÄek|Å¡tvorec|Å¾ltÃ¡|Å¾ltÃ½ Å¡tvorec
ğŸŸ©|Å¡tvorÄek|Å¡tvorec|zelenÃ¡|zelenÃ½ Å¡tvorec
ğŸŸ¦|modrÃ¡|modrÃ½ Å¡tvorec|Å¡tvorÄek|Å¡tvorec
ğŸŸª|fialovÃ¡|fialovÃ½ Å¡tvorec|Å¡tvorÄek|Å¡tvorec
ğŸŸ«|hnedÃ¡|hnedÃ½ Å¡tvorec|Å¡tvorÄek|Å¡tvorec
â¬›|geometria|Å¡tvorec|veÄ¾kÃ½ Äierny Å¡tvorec
â¬œ|geometria|Å¡tvorec|veÄ¾kÃ½ biely Å¡tvorec
â—¼ï¸|geometria|strednÃ½ Äierny Å¡tvorec|Å¡tvorec
â—»ï¸|geometria|strednÃ½ biely Å¡tvorec|Å¡tvorec
â—¾|geometria|stredne malÃ½ Äierny Å¡tvorec|Å¡tvorec
â—½|geometria|stredne malÃ½ biely Å¡tvorec|Å¡tvorec
â–ªï¸|Äierny Å¡tvorÄek|geometria|Å¡tvorec
â–«ï¸|biely Å¡tvorÄek|geometria|Å¡tvorec
ğŸ”¶|diamant|geometria|oranÅ¾ovÃ½|veÄ¾kÃ½ oranÅ¾ovÃ½ kosoÅ¡tvorec
ğŸ”·|diamant|geometria|modrÃ½|veÄ¾kÃ½ modrÃ½ kosoÅ¡tvorec
ğŸ”¸|diamant|geometria|malÃ½ oranÅ¾ovÃ½ kosoÅ¡tvorec|oranÅ¾ovÃ½
ğŸ”¹|diamant|geometria|malÃ½ modrÃ½ kosoÅ¡tvorec|modrÃ½
ğŸ”º|ÄervenÃ½ trojuholnÃ­k nahor|geometria
ğŸ”»|ÄervenÃ¡|ÄervenÃ½ trojuholnÃ­k nadol|geometria|nadol
ğŸ’ |diamant|geometria|kosoÅ¡tvorec s bodkou|vnÃºtri
ğŸ”˜|geometria|okrÃºhle tlaÄidlo|otÃ¡Äacie|tlaÄidlo
ğŸ”³|biele hranatÃ© tlaÄidlo|geometria|obrys|Å¡tvorec|tlaÄidlo
ğŸ”²|Äierne hranatÃ© tlaÄidlo|geometria|Å¡tvorec|tlaÄidlo
ğŸ|kockovanÃ¡ zÃ¡stava|preteky|Å¡achovnicovÃ¡|vlajka
ğŸš©|trojuholnÃ­kovÃ¡ zÃ¡stava|vlajka
ğŸŒ|oslava|prekrÃ­Å¾enÃ©|skrÃ­Å¾enÃ© zÃ¡stavy|vlajky
ğŸ´|Äierna zÃ¡stava|vlajka
ğŸ³ï¸|biela zÃ¡stava|vlajka
ğŸ³ï¸â€ğŸŒˆ|dÃºha|dÃºhovÃ¡ zÃ¡stava|vlajka|zÃ¡stava
ğŸ³ï¸â€âš§ï¸|biela|ruÅ¾ovÃ¡|svetlomodrÃ¡|transgenderovÃ¡ zÃ¡stava|vlajka
ğŸ´â€â˜ ï¸|korisÅ¥|pirÃ¡tska zÃ¡stava|poklad
ğŸ‡¦ğŸ‡©|andorra
ğŸ‡¦ğŸ‡ª|spojenÃ© arabskÃ© emirÃ¡ty
ğŸ‡¦ğŸ‡«|afganistan
ğŸ‡¦ğŸ‡¬|antigua a barbuda
ğŸ‡¦ğŸ‡®|anguilla
ğŸ‡¦ğŸ‡±|albÃ¡nsko
ğŸ‡¦ğŸ‡²|armÃ©nsko
ğŸ‡¦ğŸ‡´|angola
ğŸ‡¦ğŸ‡¶|antarktÃ­da
ğŸ‡¦ğŸ‡·|argentÃ­na
ğŸ‡¦ğŸ‡¸|americkÃ¡ samoa
ğŸ‡¦ğŸ‡¹|rakÃºsko
ğŸ‡¦ğŸ‡º|austrÃ¡lia
ğŸ‡¦ğŸ‡¼|aruba
ğŸ‡¦ğŸ‡½|alandy
ğŸ‡¦ğŸ‡¿|azerbajdÅ¾an
ğŸ‡§ğŸ‡¦|bosna a hercegovina
ğŸ‡§ğŸ‡§|barbados
ğŸ‡§ğŸ‡©|bangladÃ©Å¡
ğŸ‡§ğŸ‡ª|belgicko
ğŸ‡§ğŸ‡«|burkina faso
ğŸ‡§ğŸ‡¬|bulharsko
ğŸ‡§ğŸ‡­|bahrajn
ğŸ‡§ğŸ‡®|burundi
ğŸ‡§ğŸ‡¯|benin
ğŸ‡§ğŸ‡±|svÃ¤tÃ½ bartolomej
ğŸ‡§ğŸ‡²|bermudy
ğŸ‡§ğŸ‡³|brunej
ğŸ‡§ğŸ‡´|bolÃ­via
ğŸ‡§ğŸ‡¶|karibskÃ© holandsko
ğŸ‡§ğŸ‡·|brazÃ­lia
ğŸ‡§ğŸ‡¸|bahamy
ğŸ‡§ğŸ‡¹|bhutÃ¡n
ğŸ‡§ğŸ‡¼|botswana
ğŸ‡§ğŸ‡¾|bielorusko
ğŸ‡§ğŸ‡¿|belize
ğŸ‡¨ğŸ‡¦|kanada
ğŸ‡¨ğŸ‡¨|kokosovÃ© ostrovy
ğŸ‡¨ğŸ‡©|konÅ¾skÃ¡ demokratickÃ¡ republika
ğŸ‡¨ğŸ‡«|stredoafrickÃ¡ republika
ğŸ‡¨ğŸ‡¬|konÅ¾skÃ¡ republika
ğŸ‡¨ğŸ‡­|Å¡vajÄiarsko
ğŸ‡¨ğŸ‡®|pobreÅ¾ie slonoviny
ğŸ‡¨ğŸ‡°|cookove ostrovy
ğŸ‡¨ğŸ‡±|Äile
ğŸ‡¨ğŸ‡²|kamerun
ğŸ‡¨ğŸ‡³|ÄÃ­na
ğŸ‡¨ğŸ‡´|kolumbia
ğŸ‡¨ğŸ‡·|kostarika
ğŸ‡¨ğŸ‡º|kuba
ğŸ‡¨ğŸ‡»|kapverdy
ğŸ‡¨ğŸ‡¼|curaÃ§ao
ğŸ‡¨ğŸ‡½|vianoÄnÃ½ ostrov
ğŸ‡¨ğŸ‡¾|cyprus
ğŸ‡¨ğŸ‡¿|Äesko
ğŸ‡©ğŸ‡ª|nemecko
ğŸ‡©ğŸ‡¯|dÅ¾ibutsko
ğŸ‡©ğŸ‡°|dÃ¡nsko
ğŸ‡©ğŸ‡²|dominika
ğŸ‡©ğŸ‡´|dominikÃ¡nska republika
ğŸ‡©ğŸ‡¿|alÅ¾Ã­rsko
ğŸ‡ªğŸ‡¨|ekvÃ¡dor
ğŸ‡ªğŸ‡ª|estÃ³nsko
ğŸ‡ªğŸ‡¬|egypt
ğŸ‡ªğŸ‡­|zÃ¡padnÃ¡ sahara
ğŸ‡ªğŸ‡·|eritrea
ğŸ‡ªğŸ‡¸|Å¡panielsko
ğŸ‡ªğŸ‡¹|etiÃ³pia
ğŸ‡ªğŸ‡º|eurÃ³pska Ãºnia
ğŸ‡«ğŸ‡®|fÃ­nsko
ğŸ‡«ğŸ‡¯|fidÅ¾i
ğŸ‡«ğŸ‡°|falklandy
ğŸ‡«ğŸ‡²|mikronÃ©zia
ğŸ‡«ğŸ‡´|faerskÃ© ostrovy
ğŸ‡«ğŸ‡·|francÃºzsko
ğŸ‡¬ğŸ‡¦|gabon
ğŸ‡¬ğŸ‡§|spojenÃ© krÃ¡Ä¾ovstvo
ğŸ‡¬ğŸ‡©|grenada
ğŸ‡¬ğŸ‡ª|gruzÃ­nsko
ğŸ‡¬ğŸ‡«|francÃºzska guyana
ğŸ‡¬ğŸ‡¬|guernsey
ğŸ‡¬ğŸ‡­|ghana
ğŸ‡¬ğŸ‡®|gibraltÃ¡r
ğŸ‡¬ğŸ‡±|grÃ³nsko
ğŸ‡¬ğŸ‡²|gambia
ğŸ‡¬ğŸ‡³|guinea
ğŸ‡¬ğŸ‡µ|guadeloupe
ğŸ‡¬ğŸ‡¶|rovnÃ­kovÃ¡ guinea
ğŸ‡¬ğŸ‡·|grÃ©cko
ğŸ‡¬ğŸ‡¸|juÅ¾nÃ¡ georgia a juÅ¾nÃ© sandwichove ostrovy
ğŸ‡¬ğŸ‡¹|guatemala
ğŸ‡¬ğŸ‡º|guam
ğŸ‡¬ğŸ‡¼|guinea-bissau
ğŸ‡¬ğŸ‡¾|guyana
ğŸ‡­ğŸ‡°|hongkong â€“ oao ÄÃ­ny
ğŸ‡­ğŸ‡³|honduras
ğŸ‡­ğŸ‡·|chorvÃ¡tsko
ğŸ‡­ğŸ‡¹|haiti
ğŸ‡­ğŸ‡º|maÄarsko
ğŸ‡®ğŸ‡¨|kanÃ¡rske ostrovy
ğŸ‡®ğŸ‡©|indonÃ©zia
ğŸ‡®ğŸ‡ª|Ã­rsko
ğŸ‡®ğŸ‡±|izrael
ğŸ‡®ğŸ‡²|ostrov man
ğŸ‡®ğŸ‡³|india
ğŸ‡®ğŸ‡´|britskÃ© indickooceÃ¡nske Ãºzemie
ğŸ‡®ğŸ‡¶|irak
ğŸ‡®ğŸ‡·|irÃ¡n
ğŸ‡®ğŸ‡¸|island
ğŸ‡®ğŸ‡¹|taliansko
ğŸ‡¯ğŸ‡ª|jersey
ğŸ‡¯ğŸ‡²|jamajka
ğŸ‡¯ğŸ‡´|jordÃ¡nsko
ğŸ‡¯ğŸ‡µ|japonsko
ğŸ‡°ğŸ‡ª|keÅˆa
ğŸ‡°ğŸ‡¬|kirgizsko
ğŸ‡°ğŸ‡­|kambodÅ¾a
ğŸ‡°ğŸ‡®|kiribati
ğŸ‡°ğŸ‡²|komory
ğŸ‡°ğŸ‡³|svÃ¤tÃ½ kriÅ¡tof a nevis
ğŸ‡°ğŸ‡µ|severnÃ¡ kÃ³rea
ğŸ‡°ğŸ‡·|juÅ¾nÃ¡ kÃ³rea
ğŸ‡°ğŸ‡¼|kuvajt
ğŸ‡°ğŸ‡¾|kajmanie ostrovy
ğŸ‡°ğŸ‡¿|kazachstan
ğŸ‡±ğŸ‡¦|laos
ğŸ‡±ğŸ‡§|libanon
ğŸ‡±ğŸ‡¨|svÃ¤tÃ¡ lucia
ğŸ‡±ğŸ‡®|lichtenÅ¡tajnsko
ğŸ‡±ğŸ‡°|srÃ­ lanka
ğŸ‡±ğŸ‡·|libÃ©ria
ğŸ‡±ğŸ‡¸|lesotho
ğŸ‡±ğŸ‡¹|litva
ğŸ‡±ğŸ‡º|luxembursko
ğŸ‡±ğŸ‡»|lotyÅ¡sko
ğŸ‡±ğŸ‡¾|lÃ­bya
ğŸ‡²ğŸ‡¦|maroko
ğŸ‡²ğŸ‡¨|monako
ğŸ‡²ğŸ‡©|moldavsko
ğŸ‡²ğŸ‡ª|Äierna hora
ğŸ‡²ğŸ‡¬|madagaskar
ğŸ‡²ğŸ‡­|marshallove ostrovy
ğŸ‡²ğŸ‡°|severnÃ© macedÃ³nsko
ğŸ‡²ğŸ‡±|mali
ğŸ‡²ğŸ‡²|mjanmarsko
ğŸ‡²ğŸ‡³|mongolsko
ğŸ‡²ğŸ‡´|macao â€“ oao ÄÃ­ny
ğŸ‡²ğŸ‡µ|severnÃ© mariÃ¡ny
ğŸ‡²ğŸ‡¶|martinik
ğŸ‡²ğŸ‡·|mauritÃ¡nia
ğŸ‡²ğŸ‡¸|montserrat
ğŸ‡²ğŸ‡¹|malta
ğŸ‡²ğŸ‡º|maurÃ­cius
ğŸ‡²ğŸ‡»|maldivy
ğŸ‡²ğŸ‡¼|malawi
ğŸ‡²ğŸ‡½|mexiko
ğŸ‡²ğŸ‡¾|malajzia
ğŸ‡²ğŸ‡¿|mozambik
ğŸ‡³ğŸ‡¦|namÃ­bia
ğŸ‡³ğŸ‡¨|novÃ¡ kaledÃ³nia
ğŸ‡³ğŸ‡ª|niger
ğŸ‡³ğŸ‡«|norfolk
ğŸ‡³ğŸ‡¬|nigÃ©ria
ğŸ‡³ğŸ‡®|nikaragua
ğŸ‡³ğŸ‡±|holandsko
ğŸ‡³ğŸ‡´|nÃ³rsko
ğŸ‡³ğŸ‡µ|nepÃ¡l
ğŸ‡³ğŸ‡·|nauru
ğŸ‡³ğŸ‡º|niue
ğŸ‡³ğŸ‡¿|novÃ½ zÃ©land
ğŸ‡´ğŸ‡²|omÃ¡n
ğŸ‡µğŸ‡¦|panama
ğŸ‡µğŸ‡ª|peru
ğŸ‡µğŸ‡«|francÃºzska polynÃ©zia
ğŸ‡µğŸ‡¬|papua-novÃ¡ guinea
ğŸ‡µğŸ‡­|filipÃ­ny
ğŸ‡µğŸ‡°|pakistan
ğŸ‡µğŸ‡±|poÄ¾sko
ğŸ‡µğŸ‡²|saint pierre a miquelon
ğŸ‡µğŸ‡³|pitcairnove ostrovy
ğŸ‡µğŸ‡·|portoriko
ğŸ‡µğŸ‡¸|palestÃ­nske Ãºzemia
ğŸ‡µğŸ‡¹|portugalsko
ğŸ‡µğŸ‡¼|palau
ğŸ‡µğŸ‡¾|paraguaj
ğŸ‡¶ğŸ‡¦|katar
ğŸ‡·ğŸ‡ª|rÃ©union
ğŸ‡·ğŸ‡´|rumunsko
ğŸ‡·ğŸ‡¸|srbsko
ğŸ‡·ğŸ‡º|rusko
ğŸ‡·ğŸ‡¼|rwanda
ğŸ‡¸ğŸ‡¦|saudskÃ¡ arÃ¡bia
ğŸ‡¸ğŸ‡§|Å¡alamÃºnove ostrovy
ğŸ‡¸ğŸ‡¨|seychely
ğŸ‡¸ğŸ‡©|sudÃ¡n
ğŸ‡¸ğŸ‡ª|Å¡vÃ©dsko
ğŸ‡¸ğŸ‡¬|singapur
ğŸ‡¸ğŸ‡­|svÃ¤tÃ¡ helena
ğŸ‡¸ğŸ‡®|slovinsko
ğŸ‡¸ğŸ‡°|slovensko
ğŸ‡¸ğŸ‡±|sierra leone
ğŸ‡¸ğŸ‡²|san marÃ­no
ğŸ‡¸ğŸ‡³|senegal
ğŸ‡¸ğŸ‡´|somÃ¡lsko
ğŸ‡¸ğŸ‡·|surinam
ğŸ‡¸ğŸ‡¸|juÅ¾nÃ½ sudÃ¡n
ğŸ‡¸ğŸ‡¹|svÃ¤tÃ½ tomÃ¡Å¡ a princov ostrov
ğŸ‡¸ğŸ‡»|salvÃ¡dor
ğŸ‡¸ğŸ‡½|svÃ¤tÃ½ martin (hol.)
ğŸ‡¸ğŸ‡¾|sÃ½ria
ğŸ‡¸ğŸ‡¿|eswatini
ğŸ‡¹ğŸ‡¨|turks a caicos
ğŸ‡¹ğŸ‡©|Äad
ğŸ‡¹ğŸ‡«|francÃºzske juÅ¾nÃ© a antarktickÃ© Ãºzemia
ğŸ‡¹ğŸ‡¬|togo
ğŸ‡¹ğŸ‡­|thajsko
ğŸ‡¹ğŸ‡¯|tadÅ¾ikistan
ğŸ‡¹ğŸ‡°|tokelau
ğŸ‡¹ğŸ‡±|vÃ½chodnÃ½ timor
ğŸ‡¹ğŸ‡²|turkmÃ©nsko
ğŸ‡¹ğŸ‡³|tunisko
ğŸ‡¹ğŸ‡´|tonga
ğŸ‡¹ğŸ‡·|turecko
ğŸ‡¹ğŸ‡¹|trinidad a tobago
ğŸ‡¹ğŸ‡»|tuvalu
ğŸ‡¹ğŸ‡¼|taiwan
ğŸ‡¹ğŸ‡¿|tanzÃ¡nia
ğŸ‡ºğŸ‡¦|ukrajina
ğŸ‡ºğŸ‡¬|uganda
ğŸ‡ºğŸ‡¸|spojenÃ© Å¡tÃ¡ty
ğŸ‡ºğŸ‡¾|uruguaj
ğŸ‡ºğŸ‡¿|uzbekistan
ğŸ‡»ğŸ‡¦|vatikÃ¡n
ğŸ‡»ğŸ‡¨|svÃ¤tÃ½ vincent a grenadÃ­ny
ğŸ‡»ğŸ‡ª|venezuela
ğŸ‡»ğŸ‡¬|britskÃ© panenskÃ© ostrovy
ğŸ‡»ğŸ‡®|americkÃ© panenskÃ© ostrovy
ğŸ‡»ğŸ‡³|vietnam
ğŸ‡»ğŸ‡º|vanuatu
ğŸ‡¼ğŸ‡«|wallis a futuna
ğŸ‡¼ğŸ‡¸|samoa
ğŸ‡½ğŸ‡°|kosovo
ğŸ‡¾ğŸ‡ª|jemen
ğŸ‡¾ğŸ‡¹|mayotte
ğŸ‡¿ğŸ‡¦|juÅ¾nÃ¡ afrika
ğŸ‡¿ğŸ‡²|zambia
ğŸ‡¿ğŸ‡¼|zimbabwe
ğŸ´ó §ó ¢ó ¥ó ®ó §ó ¿|anglicko
ğŸ´ó §ó ¢ó ³ó £ó ´ó ¿|Å¡kÃ³tsko
ğŸ´ó §ó ¢ó ·ó ¬ó ³ó ¿|wales