â‰ï¸|!?|?|iÅŸaret|noktalama|soru|Ã¼nlemli soru iÅŸareti
â„¹ï¸|bilgi|i harfi
â†”ï¸|ok|sol ve saÄŸ ok
â†•ï¸|ok|yukarÄ± ve aÅŸaÄŸÄ± ok
â†–ï¸|ara yÃ¶n|kuzey batÄ±|ok|sol yukarÄ± ok|yÃ¶n
â†—ï¸|ara yÃ¶n|kuzey doÄŸu|ok|saÄŸ yukarÄ± ok|yÃ¶n
â†˜ï¸|ara yÃ¶n|gÃ¼ney doÄŸu|ok|saÄŸ aÅŸaÄŸÄ± ok|yÃ¶n
â†™ï¸|ara yÃ¶n|gÃ¼ney batÄ±|ok|sol aÅŸaÄŸÄ± ok|yÃ¶n
âŒ¨ï¸|bilgisayar|klavye
â˜€ï¸|aydÄ±nlÄ±k|gÃ¼neÅŸli|hava durumu|Ä±ÅŸÄ±k|sÄ±cak|uzay
â˜ï¸|bulut|hava durumu
â˜‚ï¸|giyim|hava durumu|mor ÅŸemsiye|ÅŸemsiye|yaÄŸmur
â˜ƒï¸|hava durumu|kardan adam|kÄ±ÅŸ|soÄŸuk
â˜„ï¸|kuyruklu yÄ±ldÄ±z|uzay
â˜‘ï¸|âœ“|kutulu onay iÅŸareti|onay|seÃ§ili onay iÅŸareti|seÃ§ilmiÅŸ onay kutusu
â˜”|giyim|hava durumu|Ä±slak|mor ÅŸemsiye|ÅŸemsiye|yaÄŸmur damlalÄ± ÅŸemsiye|yaÄŸmurlu
â˜•|Ã§ay|dumanÄ± tÃ¼ten|iÃ§ecek|kahve|sÄ±cak
â˜˜ï¸|bitki|yeÅŸil yaprak|yonca
â˜ ï¸|canavar|iskelet|kemik|kuru kafa|Ã¶lÃ¼m|tehlike|yÃ¼z
â˜¢ï¸|nÃ¼kleer|radyoaktif
â˜£ï¸|biyolojik tehlike|sembol
â˜¦ï¸|din|haÃ§|hristiyan|isa|ortodoks haÃ§Ä±
â˜¸ï¸|budist|Ã§ember|darma Ã§emberi|dharma tekeri|din
â˜¹ï¸|asÄ±k surat|darÄ±lmÄ±ÅŸ|Ã¼zgÃ¼n|yÃ¼z
â™ˆ|burÃ§lar|koÃ§ burcu
â™‰|boÄŸa burcu|burÃ§lar
â™|burÃ§lar|yay burcu
â™‘|burÃ§lar|oÄŸlak burcu
â™’|burÃ§lar|kova burcu
â™“|balÄ±k burcu|burÃ§lar
â™ ï¸|iskambil|kart|maÃ§a|pik
â™£ï¸|iskambil|kart|sinek|trefl
â™¥ï¸|iskambil|kart|kÃ¶r|kupa
â™¦ï¸|baklava|iskambil|karo|kart|kÄ±rmÄ±zÄ±
â™¨ï¸|hamam|Ä±lÄ±ca|kaplÄ±ca|sÄ±cak
âš’ï¸|alet|Ã§ekiÃ§ ve kazma|inÅŸaat|kazma
âš“|Ã§apa|Ã§Ä±pa|denizcilik|gemi|iÅŸaret|tekne
âš”ï¸|Ã§apraz kÄ±lÄ±Ã§lar|Ã§arpÄ±|Ã§atma|kÄ±lÄ±Ã§|silah
âš–ï¸|adalet|aÄŸÄ±rlÄ±k|alet|burÃ§|denge|Ã¶lÃ§ek|terazi
âš—ï¸|alet|damÄ±tÄ±cÄ±|imbik|kimya
âš™ï¸|alet|diÅŸli
âœ‚ï¸|alet|makas
âœ…|âœ“|dÃ¼ÄŸme|iÅŸaret|kalÄ±n onay iÅŸareti|onay iÅŸareti dÃ¼ÄŸmesi
âœˆï¸|jet|seyahat|taÅŸÄ±t|uÃ§ak|uÃ§mak|yolculuk
âœ‰ï¸|e-mail|e-posta|mektup|zarf
âœ’ï¸|dolma kalem|kalem|siyah uÃ§
âœ”ï¸|âœ“|iÅŸaret|kalÄ±n onay iÅŸareti|onay iÅŸareti
âœ–ï¸|Ã—|Ã§arpÄ±m iÅŸareti|Ã§arpma|iptal|iÅŸaret|kalÄ±n Ã§arpÄ± iÅŸareti|x
âœ¡ï¸|davut yÄ±ldÄ±zÄ±|din|yahudi|yÄ±ldÄ±z
âœ¨|*|mucize|parÄ±ldayan yÄ±ldÄ±zlar|parÄ±ltÄ±lar|pÄ±rÄ±ldayan yÄ±ldÄ±zlar|pÄ±rÄ±ltÄ±|sihir|yÄ±ldÄ±zlar
âœ³ï¸|*|asterisk|sekiz uÃ§lu yÄ±ldÄ±z|yÄ±ldÄ±z
âœ´ï¸|*|sekiz noktalÄ± yÄ±ldÄ±z|yÄ±ldÄ±z
â„ï¸|buz|hava durumu|kar tanesi|kÄ±ÅŸ|soÄŸuk
â‡ï¸|*|parlama|pÄ±rÄ±ltÄ±
â“|?|iÅŸaret|kÄ±rmÄ±zÄ± soru iÅŸareti|noktalama|soru iÅŸareti
â”|?|beyaz soru iÅŸareti|iÅŸaret|noktalama|soru
â•|!|beyaz Ã¼nlem iÅŸareti|iÅŸaret|noktalama|Ã¼nlem
â—|!|iÅŸaret|kÄ±rmÄ±zÄ± Ã¼nlem iÅŸareti|noktalama|Ã¼nlem iÅŸareti
â£ï¸|iÅŸaret|kalp ÅŸeklinde Ã¼nlem iÅŸareti|noktalama|Ã¼nlem iÅŸareti
â¤ï¸|aÅŸk|kalp|kÄ±rmÄ±zÄ± kalp
â•|+|artÄ± iÅŸareti|iÅŸaret|koyu renk artÄ± iÅŸareti|matematik
â–|-|âˆ’|eksi iÅŸareti|iÅŸaret|koyu renk eksi iÅŸareti|matematik
â—|Ã·|bÃ¶lÃ¼ iÅŸareti|iÅŸaret|koyu renk bÃ¶lÃ¼ iÅŸareti|matematik
â¤´ï¸|ok|yukarÄ± kÄ±vrÄ±mlÄ± saÄŸ ok
â¤µï¸|aÅŸaÄŸÄ± kÄ±vrÄ±mlÄ± saÄŸ ok|ok
ã€°ï¸|Ã§izgi|dalgalÄ±|uzun ses iÅŸareti
ãŠ—ï¸|japonca "tebrikler" dÃ¼ÄŸmesi|kutlama|sembol|tebrik sembolÃ¼
ãŠ™ï¸|japonca "sÄ±r" dÃ¼ÄŸmesi|japonca "sÄ±r" simgesi|sembol|sÄ±r
ğŸ˜€|gÃ¼len yÃ¼z|gÃ¼lme|keyifli|lol|mutlu|neÅŸeli|sÄ±rÄ±tan yÃ¼z|sÄ±rÄ±tma|yÃ¼z
ğŸ˜ƒ|aÄŸzÄ± aÃ§Ä±k gÃ¼len yÃ¼z|aÄŸzÄ± aÃ§Ä±k gÃ¼lÃ¼mseme|aÄŸzÄ± aÃ§Ä±k sÄ±rÄ±tma|gÃ¼len yÃ¼z|gÃ¼lme|gÃ¼lÃ¼mseme|lol|neÅŸeli|yÃ¼z
ğŸ˜„|aÄŸzÄ± aÃ§Ä±k gÃ¼len gÃ¶zler|gÃ¼len gÃ¶zlerle aÄŸzÄ± aÃ§Ä±k gÃ¼lÃ¼mseme|gÃ¼len gÃ¶zlerle aÄŸzÄ± aÃ§Ä±k sÄ±rÄ±tma|gÃ¼len yÃ¼z|gÃ¼lme|gÃ¼lÃ¼mseme|lol|neÅŸeli|yÃ¼z
ğŸ˜|gÃ¼len gÃ¶zlerle sÄ±rÄ±tan yÃ¼z|gÃ¼len gÃ¶zlerle sÄ±rÄ±tma|gÃ¼len yÃ¼z|gÃ¼lme|gÃ¼lÃ¼mseme|gÃ¼lÃ¼mseyen gÃ¶zler|lol|neÅŸeli|yÃ¼z
ğŸ˜†|32 diÅŸ|aÄŸÄ±z aÃ§Ä±k|ahaha|Ã§ok komik|gÃ¶zler kapalÄ±|gÃ¼lmekten Ã¶lmek|hahaha|inanÄ±lmaz|kahkaha|kapalÄ± gÃ¶zlerle aÄŸzÄ± aÃ§Ä±k sÄ±rÄ±tma|kapalÄ± gÃ¶zlerle gÃ¼lÃ¼mseme|komik|lol|mutlu|yÃ¼z ifadesi
ğŸ˜…|heyecanlÄ±|soÄŸuk terli aÄŸzÄ± aÃ§Ä±k gÃ¼lÃ¼mseme|stresli|yÃ¼z
ğŸ¤£|ahaha|aÅŸÄ±rÄ± komik|Ã§ok komik|eheh|gÃ¶zÃ¼mden yaÅŸ geldi|gÃ¶zyaÅŸÄ±|gÃ¼lmekten Ã¶lmek|gÃ¼lmekten yerlere yatmak|hahaha|kahkaha|komik|lol|mutluluk|neÅŸe|yerlere yatmak|yÃ¼z ifadesi
ğŸ˜‚|aÄŸlamak|Ã§ok komik|gÃ¶zyaÅŸÄ±|gÃ¶zyaÅŸlarÄ±|gÃ¼lmekten aÄŸlamak|gÃ¼lmekten Ã¶lmek|gÃ¼lÃ¼ÅŸ|haha|harika|inanÄ±lmaz|kahkaha|katÄ±lmak|komik|lol|mutluluk|neÅŸe|sevinÃ§
ğŸ™‚|gÃ¼lme|gÃ¼lÃ¼mseme|hafifÃ§e gÃ¼lÃ¼mseme|hafifÃ§e gÃ¼lÃ¼mseyen yÃ¼z|mutlu|neÅŸeli|yÃ¼z
ğŸ™ƒ|gÃ¼lme|gÃ¼lÃ¼mseme|hehe|ters yÃ¼z|yÃ¼z
ğŸ« |aÅŸkÄ±ndan erimek|Ã§Ã¶zÃ¼lme|eridim|erimek|eriyen yÃ¼z|eriyorum|ifade|kaybolma|sÄ±cak|sÄ±vÄ±laÅŸma|utanÃ§|yÃ¼z ifadesi
ğŸ˜‰|cilve|gÃ¶z kÄ±rpan yÃ¼z|gÃ¶z kÄ±rpma|yÃ¼z
ğŸ˜Š|aÄŸzÄ± aÃ§Ä±k gÃ¼lme|gÃ¼len gÃ¶zlerle gÃ¼lÃ¼mseme|gÃ¼lÃ¼mseyen gÃ¶zler|gÃ¼lÃ¼mseyen yÃ¼z ve gÃ¶zler|samimi|sevecen|yÃ¼z
ğŸ˜‡|gÃ¼lÃ¼mseme|hare|Ä±ÅŸÄ±k halkalÄ± gÃ¼lÃ¼mseme|Ä±ÅŸÄ±k halkasÄ±|melek|yÃ¼z
ğŸ¥°|3 kalpli gÃ¼lÃ¼mseyen yÃ¼z|aÅŸÄ±k olma|aÅŸk|Ã§arpÄ±lma|gÃ¼len yÃ¼z|hayranlÄ±k|ilk gÃ¶rÃ¼ÅŸte aÅŸk|kalpler|kalpli gÃ¼lÃ¼mseyen yÃ¼z|mutluluk|romantik|seni seviyorum|sevgili|Ã¼Ã§ kalpli yÃ¼z|yÃ¼z ifadesi
ğŸ˜|aÅŸk|deÄŸer verme|gÃ¶zler|kalp gÃ¶zlÃ¼ gÃ¼lÃ¼mseme|kalpler|romantik|yÃ¼z
ğŸ¤©|gÃ¶zler|heyecanlÄ±|sÄ±rÄ±tan|surat|vov|yÄ±ldÄ±z Ã§arpmÄ±ÅŸ|yÃ¼z
ğŸ˜˜|aÅŸk|muah|muck|Ã¶ptÃ¼m|Ã¶pÃ¼cÃ¼k gÃ¶nderen yÃ¼z|romantik|sevgi|yÃ¼z
ğŸ˜—|aÅŸk|cilve|muah|muck|Ã¶pen yÃ¼z|Ã¶pÃ¼cÃ¼k|sevgi|yÃ¼z
â˜ºï¸|gÃ¼len yÃ¼z|iÃ§i boÅŸ gÃ¼len yÃ¼z|masum|mutlu|utandÄ±m|utanmÄ±ÅŸ|yÃ¼z
ğŸ˜š|aÅŸk|gÃ¶zler kapalÄ± Ã¶pÃ¼ÅŸme|kapalÄ± gÃ¶zlerle Ã¶pen yÃ¼z|Ã¶pÃ¼cÃ¼k yollama|yÃ¼z
ğŸ˜™|gÃ¼len gÃ¶zlerle Ã¶pen yÃ¼z|gÃ¼lÃ¼mseme|gÃ¼lÃ¼mseyen gÃ¶zler|gÃ¼lÃ¼mseyerek Ã¶pen yÃ¼z|Ã¶ptÃ¼m|Ã¶pÃ¼cÃ¼k|yÃ¼z
ğŸ¥²|acÄ±|duygulanmÄ±ÅŸ|gÃ¶zÃ¼ yaÅŸlÄ± gÃ¼lÃ¼mseyen yÃ¼z|gÃ¶zyaÅŸÄ±|gÃ¼lÃ¼mseme|gururlu|hislenmiÅŸ|memnun|minnettar|mutluluk|rahatlamÄ±ÅŸ|sevinÃ§|yÃ¼z ifadesi
ğŸ˜‹|gÃ¼lÃ¼mseyen yÃ¼z|harika yemek|keyifli yemek|lezzetli yiyecek beÄŸenen yÃ¼z|oh oh harika|yÃ¼z
ğŸ˜›|dil Ã§Ä±karmÄ±ÅŸ yÃ¼z|dil dÄ±ÅŸarÄ±da kalmÄ±ÅŸ|komik|ÅŸapÅŸal|yÃ¼z
ğŸ˜œ|dil dÄ±ÅŸardayken gÃ¶z kÄ±rpma|dili dÄ±ÅŸarda gÃ¶z kÄ±rpma|gÃ¶z kÄ±rpma|haylaz|kÄ±ÅŸkÄ±rtma|ÅŸaka|yaramaz|yÃ¼z
ğŸ¤ª|bÃ¼yÃ¼k|Ã§Ä±lgÄ±n|deli|gÃ¶zler|kÃ¼Ã§Ã¼k|surat
ğŸ˜|dil dÄ±ÅŸarÄ±da ve gÃ¶zler kapalÄ±|gÃ¶zler kapalÄ± ve dil dÄ±ÅŸarÄ±da|iÄŸrenÃ§|korkunÃ§|Ã¶ÄŸk|yÃ¼z
ğŸ¤‘|aÄŸÄ±z|gÃ¶zÃ¼nÃ¼ para bÃ¼rÃ¼mÃ¼ÅŸ|para aÄŸÄ±zlÄ± yÃ¼z|para gÃ¶z|yÃ¼z
ğŸ¤—|heyecanlÄ±|kucaklama|kucaklayarak gÃ¼lÃ¼mseme|sarÄ±lma|yÃ¼z
ğŸ¤­|a ah|eliyle aÄŸzÄ±nÄ± kapatan yÃ¼z|sÄ±r|ÅŸok olmak|sÃ¼priz|surat|tÃ¼h
ğŸ«¢|gÃ¶zleri aÃ§Ä±k ve eliyle aÄŸzÄ±nÄ± kapatan yÃ¼z|hayret|ifade|inanamama|inanÄ±lmaz|korku|ÅŸaÅŸkÄ±nlÄ±k|ÅŸok|sÃ¼rpriz|utanma|yÃ¼z ifadesi
ğŸ«£|Ã§aktÄ±rmadan|dikizleme|gizlice bakan yÃ¼z|gizlice bakma|gÃ¶zetleme|ifade|korkma|saklanma|Ã¼rkek|utanma|yÃ¼z ifadesi
ğŸ¤«|sessiz|ÅŸiÅŸt|ÅŸÅŸ|surat|sus iÅŸareti yapan yÃ¼z
ğŸ¤”|dÃ¼ÅŸÃ¼nen yÃ¼z|dÃ¼ÅŸÃ¼nme|yÃ¼z
ğŸ«¡|anlaÅŸtÄ±k|asker|baÅŸÃ¼stÃ¼ne|emredersiniz|gÃ¼neÅŸli|ifade|komutan|onay|saygÄ±|selamlayan yÃ¼z|yÃ¼z ifadesi
ğŸ¤|aÄŸÄ±z|aÄŸzÄ± fermuarlÄ± yÃ¼z|aÄŸzÄ±m kapalÄ±|fermuar|sÄ±r|yÃ¼z
ğŸ¤¨|gÃ¼venmeyen|ÅŸÃ¼pheci|surat|tek kaÅŸÄ± Ã§atÄ±k yÃ¼z|tek kaÅŸÄ± havada
ğŸ˜|duygusuz|etkilenmemiÅŸ|nÃ¶tr|umurumda deÄŸil|yorum yok|yÃ¼z
ğŸ˜‘|ifadesiz yÃ¼z|ifadesizlik|kÄ±skanÃ§|umurumda deÄŸil|yorum yok|yÃ¼z
ğŸ˜¶|aÄŸÄ±z|aÄŸzÄ± olmayan yÃ¼z|ifadesiz|sakin|sesi kesilmiÅŸ|sessiz|sÄ±r|suskun|yÃ¼z
ğŸ«¥|bilinmez|depresif|eh|endiÅŸe|gizlenme|gizli|gÃ¶rÃ¼nmez|iÃ§e dÃ¶nÃ¼k|ifade|kaybolma|kaygÄ±lÄ±|neyse|noktalÄ± Ã§izgili yÃ¼z|yÃ¼z ifadesi
ğŸ˜¶â€ğŸŒ«ï¸|bulutlardaki kafa|bulutlardaki yÃ¼z|dalgÄ±n|sisler arasÄ±ndaki yÃ¼z
ğŸ˜|hin|imalÄ± gÃ¼lÃ¼mseme|kuÅŸkucu|sinsi|yapmacÄ±k gÃ¼lÃ¼mseme|yapmacÄ±k gÃ¼lÃ¼mseyen yÃ¼z|yÃ¼z
ğŸ˜’|canÄ± sÄ±kkÄ±n|canÄ±m sÄ±kÄ±ldÄ±|garip|keyifsiz|mutsuz|neyse|sÄ±kÄ±lmÄ±ÅŸ|yÃ¼z
ğŸ™„|bana ne|banane|beni ilgilendirmez|bilemiyorum|gÃ¶z devirme|gÃ¶zlerini deviren yÃ¼z|her neyse|hmm|neyse|yani|yÃ¼z ifadesi
ğŸ˜¬|diÅŸÃ§i|diÅŸlerini gÃ¶steren yÃ¼z|diÅŸlerini sÄ±kmak|endiÅŸeli|tedirgin|yÃ¼zÃ¼nÃ¼ ekÅŸitme
ğŸ˜®â€ğŸ’¨|bitik|duman|fÄ±sÄ±ldama|iÃ§ Ã§ekme|Ä±slÄ±k|nefes veren yÃ¼z|nefes verme|off|rahatlama|sÄ±zlanma|Ã¼fleme|yorgun|yÃ¼z ifadesi
ğŸ¤¥|pinokyo|yalan sÃ¶yleme|yalan sÃ¶yleyen yÃ¼z|yÃ¼z
ğŸ«¨|deprem|olamaz|panik|sallama|sallanan yÃ¼z|sallanma|sersemlik|ÅŸok|sÃ¼rpriz|titreme|titreÅŸim|titreyen yÃ¼z|yÃ¼z
ğŸ™‚â€â†”ï¸|hayÄ±r|sallama|yatay olarak sallanan yÃ¼z
ğŸ™‚â€â†•ï¸|dikey olarak sallanan yÃ¼z|evet|onay
ğŸ˜Œ|huzur|rahatlamÄ±ÅŸ|yÃ¼z
ğŸ˜”|dargÄ±n|dÃ¼ÅŸÃ¼nceli|gemileri batmÄ±ÅŸ|karamsar|Ã¼zgÃ¼n|yÃ¼z
ğŸ˜ª|aÄŸlayan yÃ¼z|uykulu yÃ¼z|yorgun|yÃ¼z
ğŸ¤¤|aÄŸzÄ± sulanmÄ±ÅŸ|salya akÄ±tan yÃ¼z|salya akÄ±tma|yÃ¼z
ğŸ˜´|esnemek|geÃ§ oldu|iyi geceler|iyi uykular|kestirme|ÅŸekerleme|tatlÄ± rÃ¼yalar|uyku saati|uykulu|uykum geldi|uyumak|uyuyan yÃ¼z|yatak|yatÄ±yorum|yatmak|yorgun|yÃ¼z ifadesi|zzz
ğŸ˜·|grip|hasta|maskeli yÃ¼z|nezle|rahatsÄ±z|soÄŸuk|tÄ±bbi maske|yÃ¼z
ğŸ¤’|aÄŸzÄ±nda termometre olan yÃ¼z|ateÅŸ|grip|hasta|nezle|termometre|yÃ¼z
ğŸ¤•|bandaj|kafasÄ± sarÄ±lÄ± yÃ¼z|yaralÄ±|yÃ¼z
ğŸ¤¢|iÄŸrenÃ§|istifra|kusmak Ã¼zere olan yÃ¼z|midesi bulanmÄ±ÅŸ|yÃ¼z
ğŸ¤®|hasta|istifra|kusan yÃ¼z|kusmak|kusmuk|surat
ğŸ¤§|Ã§ok yaÅŸa|grip|hapÅŸÄ±ran yÃ¼z|hapÅŸÄ±rma|hasta|nezle|yÃ¼z
ğŸ¥µ|ateÅŸi Ã§Ä±kmÄ±ÅŸ|ateÅŸlenmek|bitmek|Ã§arpÄ±ntÄ±|Ã§ok sÄ±cak|hararet|kÄ±rmÄ±zÄ± surat|kÄ±rmÄ±zÄ± yÃ¼z|kÄ±zarmÄ±ÅŸ yÃ¼z|nefes nefese|sÄ±cak Ã§arpmasÄ±|sÄ±caklamak|surat|terlemek|tÃ¼kenmek|yorgunluktan Ã¶lmek|yÃ¼z ifadesi
ğŸ¥¶|buz gibi|buz kesme|donma|kÄ±ÅŸ|mavi surat|morarmÄ±ÅŸ yÃ¼z|sÄ±fÄ±rÄ±n altÄ±|soÄŸuktan donmak|titremek|Ã¼ÅŸÃ¼mek|Ã¼ÅŸÃ¼mÃ¼ÅŸ yÃ¼z
ğŸ¥´|akÅŸamdan kalma|alkollÃ¼|baÅŸ dÃ¶nmesi|Ã§akÄ±rkeyif|kaymÄ±ÅŸ gÃ¶zler|ÅŸapÅŸal|sarhoÅŸ yÃ¼z|ÅŸaÅŸÄ±|sersemlemiÅŸ|titreyen aÄŸÄ±z|yamuk aÄŸÄ±z|yamulmak|yÃ¼z ifadesi
ğŸ˜µ|baÅŸÄ± dÃ¶nen|baygÄ±nlÄ±k|hasta|sersemlemiÅŸ|yÃ¼z
ğŸ˜µâ€ğŸ’«|aklÄ± karÄ±ÅŸÄ±k|aman tanrÄ±m|baÅŸÄ±m dÃ¶ndÃ¼|gÃ¼len yÃ¼z|hipnotize|inanamÄ±yorum|kafasÄ± bulanÄ±k|kafasÄ± karÄ±ÅŸÄ±k|mide bulantÄ±sÄ±|sarmal gÃ¶zlÃ¼ yÃ¼z|sersem|sÄ±kÄ±ntÄ±|yÃ¼z ifadesi
ğŸ¤¯|aklÄ±nÄ± baÅŸÄ±ndan almak|patlayan kafa|ÅŸaÅŸÄ±rmÄ±ÅŸ|ÅŸok olmuÅŸ|ÅŸoke|surat
ğŸ¤ |kadÄ±n kovboy|kovboy ÅŸapkalÄ± yÃ¼z|kovboy ÅŸapkasÄ± yÃ¼zÃ¼|ÅŸapka|yÃ¼z
ğŸ¥³|doÄŸum gÃ¼nÃ¼|eÄŸlence|eÄŸlenmek|iyi ki doÄŸdun|konfeti|kutlamak|mutlu yÄ±llar|neÅŸeli|oley|parti dÃ¼dÃ¼ÄŸÃ¼|parti ÅŸapkasÄ±|partide eÄŸlenen yÃ¼z|ÅŸapka|yaÅŸasÄ±n|yÄ±lbaÅŸÄ±
ğŸ¥¸|ajan|bÄ±yÄ±k|burun|casus|gizlenmiÅŸ yÃ¼z|gizli|gÃ¶zlÃ¼k|kalÄ±n kaÅŸlar|kimliÄŸini gizlemek|kimliÄŸini gizleyen|kiÅŸi|kÄ±lÄ±k deÄŸiÅŸtirmek|maskeli|yÃ¼z ifadesi
ğŸ˜|cool|gÃ¼lÃ¼mseme|gÃ¼neÅŸ gÃ¶zlÃ¼ÄŸÃ¼|gÃ¼neÅŸ gÃ¶zlÃ¼kleriyle gÃ¼lÃ¼mseme|gÃ¼neÅŸ gÃ¶zlÃ¼klÃ¼ gÃ¼lÃ¼mseme|havalÄ±|janti|kanka|kanki|yÃ¼z
ğŸ¤“|akÄ±llÄ±|bilgili|bilmiÅŸ|Ã§alÄ±ÅŸkan|gÃ¶zlÃ¼klÃ¼|inek Ã¶ÄŸrenci|ukala|yÃ¼z|zeki
ğŸ§|havalÄ±|kendini beÄŸenmiÅŸ|klas|surat|tek cam gÃ¶zlÃ¼klÃ¼ yÃ¼z|varlÄ±klÄ±|zengin
ğŸ˜•|bilmiyorum|emin olmayan|kafasÄ± karÄ±ÅŸÄ±k yÃ¼z|kafasÄ± karÄ±ÅŸmÄ±ÅŸ|yÃ¼z
ğŸ«¤|eh|hayal kÄ±rÄ±klÄ±ÄŸÄ±na uÄŸramÄ±ÅŸ|hÃ¼sran|ifade|kararsÄ±z|kÄ±rgÄ±n|meh|memnuniyetsiz|ÅŸÃ¼pheli yÃ¼z|yamuk aÄŸÄ±zlÄ± yÃ¼z|yÃ¼z ifadesi
ğŸ˜Ÿ|endiÅŸeli|gergin|yÃ¼z
ğŸ™|asÄ±k surat|biraz asÄ±k surat|endiÅŸeli|yÃ¼z
ğŸ˜®|aÄŸÄ±z|aÄŸzÄ± aÃ§Ä±k yÃ¼z|ÅŸaÅŸkÄ±n|ÅŸok|sÃ¼priz|yÃ¼z
ğŸ˜¯|ÅŸaÅŸÄ±rmÄ±ÅŸ|ÅŸaÅŸkÄ±n yÃ¼z|ÅŸok olmuÅŸ|yÃ¼z
ğŸ˜²|afallamÄ±ÅŸ|ÅŸaÅŸkÄ±n|ÅŸoke olmuÅŸ|tamamen ÅŸoke olmuÅŸ|yÃ¼z
ğŸ˜³|kÄ±zarmÄ±ÅŸ ve ÅŸaÅŸkÄ±n yÃ¼z|ÅŸaÅŸÄ±rmÄ±ÅŸ|ÅŸaÅŸkÄ±nlÄ±k iÃ§inde|ÅŸok|tuhaf|yÃ¼z
ğŸ¥º|acÄ±klÄ± bakÄ±ÅŸlar|af dilemek|gÃ¶zleri dolmak|koca gÃ¶z|lÃ¼tfen|merhamet|piÅŸmanlÄ±k|Ã¼zgÃ¼n|Ã¼zÃ¼lmek|yalvaran gÃ¶zler|yalvaran yÃ¼z|yalvarÄ±rÄ±m|yalvarmak|yÃ¼z ifadesi
ğŸ¥¹|aÄŸlamaklÄ±|direnme|duygusal|gÃ¶zleri dolmak|gÃ¶zleri dolmuÅŸ yÃ¼z|gÃ¶zyaÅŸÄ±|gÃ¶zyaÅŸlarÄ±nÄ± tutan yÃ¼z|gurur|ifade|kÄ±zgÄ±n|mutlu|sevinÃ§ gÃ¶zyaÅŸlarÄ±|sulugÃ¶z|Ã¼zgÃ¼n|yÃ¼z ifadesi
ğŸ˜¦|aÃ§Ä±k aÄŸÄ±zlÄ± hoÅŸnutsuz yÃ¼z|aÄŸzÄ± aÃ§Ä±k|boÅŸ bulunmuÅŸ|hoÅŸnutsuz|korkmuÅŸ|yÃ¼z
ğŸ˜§|acÄ± Ã§eken|kederli|mutsuz|ÅŸaÅŸkÄ±n|yÃ¼z
ğŸ˜¨|endiÅŸeli|korkmuÅŸ|korkulu|yÃ¼z
ğŸ˜°|aÃ§Ä±k aÄŸÄ±z|endiÅŸeli|korkmuÅŸ|korkulu yÃ¼z|soÄŸuk ter dÃ¶ken mavi yÃ¼z|terli ve endiÅŸeli yÃ¼z|yÃ¼z
ğŸ˜¥|canÄ± sÄ±kkÄ±n ama rahatlamÄ±ÅŸ|endiÅŸeli|kafasÄ± karÄ±ÅŸmÄ±ÅŸ|karÄ±ÅŸÄ±k|rahatlamÄ±ÅŸ|Ã¼zgÃ¼n ama rahatlamÄ±ÅŸ yÃ¼z|yÄ±rttÄ±k!|yÃ¼z
ğŸ˜¢|aÄŸlama|aÄŸlayan yÃ¼z|gÃ¶zyaÅŸlarÄ±|mutsuz|Ã¼zgÃ¼n|Ã¼zÃ¼ntÃ¼lÃ¼|yÃ¼z
ğŸ˜­|aÄŸlama|avaz avaz aÄŸlama|avaz avaz aÄŸlayan yÃ¼z|gÃ¶zyaÅŸlarÄ±|mutsuz|Ã¼zgÃ¼n|yÃ¼z
ğŸ˜±|korkmuÅŸ|korku iÃ§inde baÄŸÄ±ran yÃ¼z|korkunÃ§|korkuyla Ã§Ä±ÄŸlÄ±k atan yÃ¼z|korkuyla haykÄ±ran yÃ¼z|yÃ¼z
ğŸ˜–|kafasÄ± Ã§ok karÄ±ÅŸÄ±k yÃ¼z|kafasÄ± Ã§ok karÄ±ÅŸmÄ±ÅŸ|kÄ±zgÄ±n|piÅŸman|yÃ¼z
ğŸ˜£|baÅŸ aÄŸrÄ±sÄ±|dayanÄ±klÄ±|dikkatli|inatÃ§Ä±|kararlÄ±|konsantre olmuÅŸ|yÃ¼z|zorlanan yÃ¼z
ğŸ˜|kÄ±rgÄ±nlÄ±k|memnuniyetsiz yÃ¼z|mutsuz|umutsuz|yÃ¼z
ğŸ˜“|baÅŸ aÄŸrÄ±sÄ±|endiÅŸeli|soÄŸuk terli yÃ¼z|yÃ¼z
ğŸ˜©|acÄ±kmÄ±ÅŸ|Ã§ok yorgun|hayÄ±r|olamaz|piÅŸman|uykulu|yorgun yÃ¼z|yorulmuÅŸ|yÃ¼z
ğŸ˜«|hapÅŸuran yÃ¼z|periÅŸan|piÅŸman|Ã¼zgÃ¼n|yorgun|yÃ¼z
ğŸ¥±|esnemek|esneyen yÃ¼z|gece|iyi geceler|iyi uykular|ÅŸekerleme|sÄ±kÄ±cÄ±|sÄ±kÄ±ldÄ±m|sÄ±kÄ±lmÄ±ÅŸ|uykulu|uykusuz|uyuklama|uyumak|yatÄ±yorum|yatmak|yorgun|yÃ¼z ifadesi|zzz
ğŸ˜¤|ben kazandÄ±m yÃ¼zÃ¼|burnundan soluyan yÃ¼z|kÄ±zgÄ±n|mutsuz|sinirli|yÃ¼z|zafer
ğŸ˜¡|deli gibi|kÄ±rmÄ±zÄ± somurtkan yÃ¼z|kÄ±rmÄ±zÄ± yÃ¼z|Ã¶fkeli|somurtkan|yÃ¼z
ğŸ˜ |deli gibi|kÄ±zgÄ±n|mutsuz|Ã¶fkeli|yÃ¼z
ğŸ¤¬|aÄŸzÄ±nda semboller olan yÃ¼z|kÄ±zgÄ±n|kÄ±zmÄ±ÅŸ|kÃ¼fÃ¼r eden|kÃ¼fÃ¼r etmek|sembol surat|sensÃ¶r|surat
ğŸ˜ˆ|boynuzlar|boynuzlu gÃ¼len yÃ¼z|boynuzlu gÃ¼lÃ¼mseme|gÃ¼lÃ¼mseme|ÅŸeytani gÃ¼lÃ¼mseme|yÃ¼z
ğŸ‘¿|boynuzlu kÄ±zgÄ±n yÃ¼z|kÄ±zgÄ±n|kÃ¼Ã§Ã¼k ÅŸeytan|ÅŸeytani|yÃ¼z
ğŸ’€|cadÄ±lar bayramÄ±|canavar|iskelet|kafatasÄ±|masal|Ã¶lÃ¼m|yÃ¼z
ğŸ’©|kaka yÄ±ÄŸÄ±nÄ±|leÅŸ|pislik|yÄ±ÄŸÄ±n
ğŸ¤¡|palyaÃ§o yÃ¼zÃ¼|yÃ¼z
ğŸ‘¹|canavar|dev|japon canavarÄ±|korkunÃ§|maske|oni|peri masalÄ±|yaratÄ±k|yÃ¼z
ğŸ‘º|canavar|cin|goblin|japon cini|maske|peri masalÄ±|tengu|yaratÄ±k|yÃ¼z
ğŸ‘»|cadÄ±lar bayramÄ±|hayalet|Ã¶cÃ¼|peri masalÄ±|yÃ¼z
ğŸ‘½|dÃ¼nya dÄ±ÅŸÄ±|fantastik|peri masalÄ±|ufo|uzaylÄ±|yabancÄ±|yaratÄ±k|yÃ¼z
ğŸ‘¾|canavar|dÃ¼nya dÄ±ÅŸÄ±|peri masalÄ±|ufo|uzaylÄ±|yabancÄ± canavar|yaratÄ±k|yÃ¼z
ğŸ¤–|canavar|robot|yÃ¼z
ğŸ˜º|aÃ§Ä±k|aÄŸÄ±z|gÃ¼lÃ¼mseme|gÃ¼lÃ¼mseyen kedi yÃ¼zÃ¼|gÃ¼lÃ¼mseyen ve aÄŸzÄ± aÃ§Ä±k kedi yÃ¼zÃ¼|kedi yÃ¼zÃ¼|sÄ±rÄ±tan|yÃ¼z
ğŸ˜¸|gÃ¶z|gÃ¼len gÃ¶zlerle sÄ±rÄ±tan kedi|gÃ¼lÃ¼mseme|kedi yÃ¼zÃ¼|sÄ±rÄ±tan kedi yÃ¼zÃ¼|sÄ±rÄ±tan ve gÃ¶zleri gÃ¼lÃ¼mseyen kedi yÃ¼zÃ¼|sÄ±rÄ±tma|yÃ¼z
ğŸ˜¹|gÃ¶z yaÅŸÄ±|gÃ¼len kedi|kahkaha atan kedi|kedi yÃ¼zÃ¼|komik kedi|sevinÃ§ gÃ¶zyaÅŸlarÄ± dÃ¶ken kedi yÃ¼zÃ¼|yÃ¼z
ğŸ˜»|aÅŸÄ±k|aÅŸk|gÃ¶zler|gÃ¼lÃ¼mseme|gÃ¼lÃ¼mseyen ve kalp ÅŸeklinde gÃ¶zleri olan kedi yÃ¼zÃ¼|kalp gÃ¶zlÃ¼ gÃ¼lÃ¼mseyen kedi yÃ¼zÃ¼|kedi yÃ¼zÃ¼|sevgi|yÃ¼z
ğŸ˜¼|iÄŸneleyici gÃ¼lÃ¼mseme|iÄŸneleyici kedi yÃ¼zÃ¼|ironik|kedi yÃ¼zÃ¼|kurnaz|muzÄ±r|yÃ¼z
ğŸ˜½|gÃ¶zler|kapalÄ±|kedi|Ã¶pen|Ã¶ptÃ¼m|Ã¶pÃ¼cÃ¼k|yÃ¼z
ğŸ™€|aman tanrÄ±m|kedi|korkuyla baÄŸÄ±ran kedi|sahiden ÅŸaÅŸÄ±rmÄ±ÅŸ|ÅŸaÅŸkÄ±n kedi yÃ¼zÃ¼|yÃ¼z
ğŸ˜¿|aÄŸlama|aÄŸlayan kedi yÃ¼zÃ¼|gÃ¶z yaÅŸÄ±|kedi yÃ¼zÃ¼|Ã¼zgÃ¼n|yÃ¼z
ğŸ˜¾|kedi yÃ¼zÃ¼|somurtan kedi yÃ¼zÃ¼|somurtma|yÃ¼z
ğŸ™ˆ|gÃ¶rmedim|gÃ¶rmeyen maymun|hayvan|komik|maymun|oyun|saklambaÃ§
ğŸ™‰|duymadÄ±m|duymayan maymun|hayvan|kulak|maymun|Ã¼Ã§ maymun
ğŸ™Š|aÄŸzÄ± kapalÄ± maymun|bilmiyorum|hayvan|konuÅŸmadÄ±m|maymun|sÃ¶ylemedim|sÃ¶ylemeyen maymun|sus|Ã¼Ã§ maymun
ğŸ’Œ|aÅŸk mektubu|kalpli mektup|mektup|romantizm
ğŸ’˜|aÅŸk|duygu|kalp|ok saplanmÄ±ÅŸ kalp
ğŸ’|duygu|kalp|kurdeleli kalp|sevgililer gÃ¼nÃ¼
ğŸ’–|duygu|heyecanlÄ±|kalp|pembe kalp|pÄ±rÄ±ldayan
ğŸ’—|aÅŸk|bÃ¼yÃ¼yen kalp|coÅŸkulu|duygu|kalp|sinirli
ğŸ’“|aÅŸk|Ã§arpan kalp|duygu|heyecan|kalp atÄ±ÅŸÄ±
ğŸ’|aÅŸk|dÃ¶nen kalpler|kalp|kawaii|sevimli
ğŸ’•|aÅŸÄ±klar|aÅŸk|duygu|evlilik yÄ±ldÃ¶nÃ¼mÃ¼|iki kalp|seni seviyorum|sevgili
ğŸ’Ÿ|kalpli dekorasyon
ğŸ’”|duygu|hÃ¼sran|kalp|kÄ±rÄ±k kalp|kÄ±rÄ±lmÄ±ÅŸ|kÄ±rma
â¤ï¸â€ğŸ”¥|alev|arzu|aÅŸk|ateÅŸli kalp|kalp|kutsal kalp|tutku
â¤ï¸â€ğŸ©¹|daha saÄŸlÄ±klÄ±|iyileÅŸen kalp|onarÄ±lan
ğŸ©·|aÅŸk|beÄŸen|duygu|kalp|Ã¶zel kiÅŸi|pembe|seni seviyorum|sevgi|sevimli|ÅŸirin
ğŸ§¡|kalp|portakal|turuncu
ğŸ’›|duygu|kalp|sarÄ±
ğŸ’š|duygu|kalp|yeÅŸil
ğŸ’™|duygu|kalp|mavi
ğŸ©µ|aÃ§Ä±k mavi kalp|aÅŸk|camgÃ¶beÄŸi|deniz mavisi|duygu|gÃ¶kyÃ¼zÃ¼ mavisi|kalp|Ã¶zel kiÅŸi|sevgi
ğŸ’œ|duygu|kalp|mor
ğŸ¤|kahverengi|kalp
ğŸ–¤|fena|kalp|kÃ¶tÃ¼|siyah
ğŸ©¶|aÅŸk|duygu|gri|gÃ¼mÃ¼ÅŸ|kalp|kurÅŸun|Ã¶zel kiÅŸi|sevgi|taÅŸ
ğŸ¤|beyaz|kalp
ğŸ’‹|aÅŸk|dudaklar|Ã¶pÃ¼cÃ¼k izi|romantizm|seksi
ğŸ’¯|100 puan|skor|yuz|yÃ¼z puan
ğŸ’¢|Ã§izgi roman|duygu|Ã¶fke iÅŸareti|Ã¶fke simgesi|Ã¶fkeli
ğŸ’¥|bomba|bum|Ã§arpÄ±ÅŸma iÅŸareti|Ã§izgi roman|duygu|patlama
ğŸ’«|baÅŸ dÃ¶nmesi|Ã§izgi roman|dilek|duygu|gece|gÃ¶kyÃ¼zÃ¼|kayan yÄ±ldÄ±z|uzay|yÄ±ldÄ±zlarÄ± gÃ¶rme
ğŸ’¦|Ã§izgi roman|damla|duygu|fÄ±ÅŸkÄ±r|su|ter damlasÄ±|terli
ğŸ’¨|Ã§izgi roman|duygu|fÄ±rla|gaz Ã§Ä±karma|hÄ±zla fÄ±rlama|hÄ±zlÄ±|kaÃ§ma|koÅŸma|rÃ¼zgar
ğŸ•³ï¸|Ã§ukur|delik
ğŸ’¬|balon|Ã§izgi roman|iletiÅŸim balonu|konuÅŸma balonu
ğŸ‘ï¸â€ğŸ—¨ï¸|gÃ¶z boncuÄŸu|konuÅŸma balonunda gÃ¶z|nazar|tanÄ±klÄ±k
ğŸ—¨ï¸|diyalog|konuÅŸma|sol konuÅŸma balonu
ğŸ—¯ï¸|balon|kÄ±zgÄ±n|Ã¶fke|saÄŸ Ã¶fke balonu
ğŸ’­|balon|bulut|Ã§izgi roman|dÃ¼ÅŸÃ¼nce balonu|fikir
ğŸ’¤|Ã§izgi roman|gece|iyi geceler|iyi uykular|uyku|uyuklama|uyuma|yorgun|zzz
ğŸ‘‹|bay bay|bye|el|gÃ¶rÃ¼ÅŸÃ¼rÃ¼z|gÃ¼le gÃ¼le|hey|merhaba|orada mÄ±sÄ±n|sallamak|selam
ğŸ¤š|elinin tersini kaldÄ±rma|kaldÄ±rma
ğŸ–ï¸|avuÃ§|beden|dur|el|izin isteme|parmaklar aÃ§Ä±k el kaldÄ±rma
âœ‹|beÅŸ parmak|dur iÅŸareti|el kaldÄ±rma|havada el
ğŸ––|beden|el|parmak|spock|star trek|uzay yolu|volkanlÄ± selamÄ±|vulcan selamÄ±|vulkan selamÄ±
ğŸ«±|anlaÅŸma|dokun|el uzatma|merhaba|saÄŸa bakan el|selam|temas|tokalaÅŸmak
ğŸ«²|anlaÅŸma|dokun|el uzatma|merhaba|selam|sola bakan el|temas|tokalaÅŸma
ğŸ«³|al|atmak|avuÃ§ iÃ§i aÅŸaÄŸÄ± bakan el|bÄ±rak|dÃ¼ÅŸÃ¼rmek|el|kÄ±ÅŸkÄ±ÅŸlamak|uzanmak|uzat
ğŸ«´|avuÃ§ iÃ§i yukarÄ± bakan el|Ã§aÄŸÄ±rmak|Ã§aÄŸrÄ±|davet|el etmek|el uzatmak|gel|sunmak|teklif|yakalamak|yardÄ±m
ğŸ«·|bekletme|Ã§akma|durdurma|itme|reddetme|sola iten el
ğŸ«¸|bekletme|Ã§akma|durdurma|itme|reddetme|saÄŸa iten el
ğŸ‘Œ|anlaÅŸtÄ±k|budur|el|harika|inanÄ±lmaz|iÅŸaret|iÅŸte bu|kÄ±stÄ±rma|leziz|mÃ¼kemmel|mÃ¼thiÅŸ|okey|sÃ¼per|tam olarak|tamam el iÅŸareti|tamam iÅŸareti|tamamdÄ±r|yes
ğŸ¤Œ|bravo|Ã§ok gÃ¼zel|el hareketleri|harika|kÄ±stÄ±rma hareketi yapan parmaklar|lezzetli|parmaklar
ğŸ¤|azÄ±cÄ±k|bir tutam|biraz|kÄ±stÄ±rma hareketi yapan el|kÄ±stÄ±rma hareketi yapan parmaklar|kÃ¼Ã§Ã¼k|parmaklar
âœŒï¸|barÄ±ÅŸ|el|oleey|zafer eli|zafer iÅŸareti
ğŸ¤|Ã§apraz|el|parmak|ÅŸans dileme|sÃ¶z verme
ğŸ«°|<3|aÅŸk|borÃ§|el|hesap|iÅŸaret parmaÄŸÄ± ve baÅŸ parmak birbirine geÃ§miÅŸ el|kalp|nakit|pahalÄ±|para|parmak|sevgi
ğŸ¤Ÿ|el|seni seviyorum iÅŸareti|ss
ğŸ¤˜|beden|boynuz iÅŸareti|el|metalci|parmak|rock|sÃ¼per|yeah|yes
ğŸ¤™|ara|beni ara iÅŸareti|elle beni ara iÅŸareti
ğŸ‘ˆ|elin arkasÄ±|elinin tersiyle solu gÃ¶steren iÅŸaret parmaÄŸÄ±|iÅŸaret parmaÄŸÄ±|parmak|solu gÃ¶steren parmak
ğŸ‘‰|elin arkasÄ±|elinin tersiyle saÄŸÄ± gÃ¶steren iÅŸaret parmaÄŸÄ±|iÅŸaret parmaÄŸÄ±|parmak|saÄŸÄ± gÃ¶steren parmak
ğŸ‘†|elin arkasÄ±|elinin tersiyle yukarÄ±yÄ± gÃ¶steren iÅŸaret parmaÄŸÄ±|iÅŸaret parmaÄŸÄ±|parmak|yukarÄ±yÄ± gÃ¶steren parmak
ğŸ–•|beden|el|orta parmak|parmak
ğŸ‘‡|aÅŸaÄŸÄ±yÄ± gÃ¶steren parmak|elin arkasÄ±|elinin tersiyle aÅŸaÄŸÄ±yÄ± gÃ¶steren iÅŸaret parmaÄŸÄ±|iÅŸaret parmaÄŸÄ±|parmak
â˜ï¸|beden|el|gÃ¶sterme|iÅŸaret parmaÄŸÄ±|izin isteme|parmak|yukarÄ±yÄ± gÃ¶steren iÅŸaret parmaÄŸÄ±
ğŸ«µ|dÃ¼rtmek|el|gÃ¶stermek|iÅŸaret parmaÄŸÄ±|karÅŸÄ±yÄ± iÅŸaret eden iÅŸaret parmaÄŸÄ±|onlar|orasÄ±|parmak|sen
ğŸ‘|+1|anlaÅŸtÄ±k|beÄŸendim|bence de|el|iyi|onay|tamam
ğŸ‘|aÅŸaÄŸÄ±|baÅŸ parmak aÅŸaÄŸÄ±da|el|iÅŸaret
âœŠ|el|havada yumruk|yumruk kaldÄ±rma
ğŸ‘Š|anlaÅŸtÄ±k|bam|el|katÄ±lÄ±yorum|tamam|yaklaÅŸan yumruk|yumruk
ğŸ¤›|el|gÃ¼m|sola bakan yumruk|sola doÄŸru|yumruk
ğŸ¤œ|el|gÃ¼m|saÄŸa bakan yumruk|saÄŸa doÄŸru|yumruk
ğŸ‘|alkÄ±ÅŸ|bravo|Ã§Ä±rpma|eller|iÅŸaret|tebrik
ğŸ™Œ|Ã§ak|eller havaya|her iki el|kutlamak iÃ§in iki eli birden kaldÄ±rma|tebrikler
ğŸ«¶|<3|aÅŸk|birlikte|biz|el|kalp oluÅŸturan eller|sevgi|seviyorum
ğŸ‘|aÃ§Ä±k|eller aÃ§Ä±k iÅŸareti|iÅŸaret
ğŸ¤²|dilek|dua eden eller|dua etmek|ellerini aÃ§mak|iki avuÃ§ aÃ§Ä±k
ğŸ¤|anlaÅŸma|el sÄ±kÄ±ÅŸma|sallama|toplantÄ±
ğŸ™|birleÅŸen eller|dua etme|el|hareket
âœï¸|beden|el|kalem tutma|yazÄ± yazan el|yazma
ğŸ’…|kozmetik|manikÃ¼r|oje sÃ¼rme|tÄ±rnak bakÄ±mÄ±
ğŸ¤³|kamera|kendi Ã§ekim|Ã¶z Ã§ekim|Ã¶zÃ§ekim|selfie|telefon
ğŸ’ª|Ã§izgi roman|esnek|gÃ¼Ã§lÃ¼|kas esnetme|pazÄ±|vÃ¼cutcu
ğŸ¦¾|eriÅŸilebilirlik|mekanik kol|protez
ğŸ¦¿|eriÅŸilebilirlik|mekanik bacak|protez
ğŸ¦µ|ayak|bacak|diz|tekme atmak|uzuv
ğŸ¦¶|ayak|bilek|parmak|tekme|topuk
ğŸ‘‚|dinlemek|gÃ¶vde|gÃ¼rÃ¼ltÃ¼|kulak|ses
ğŸ¦»|eriÅŸilebilirlik|iÅŸitme cihazÄ± olan kulak|iÅŸitme gÃ¼Ã§lÃ¼ÄŸÃ¼
ğŸ‘ƒ|burun|gÃ¶vde|koklamak|koku|nefes|yÃ¼z
ğŸ§ |akÄ±llÄ±|beyin|zeka|zeki
ğŸ«€|anatomi|kalp atÄ±ÅŸÄ±|kan|kardiyoloji|kÄ±rmÄ±zÄ±|merkez|nabÄ±z|organ
ğŸ«|akciÄŸer|beden|ciÄŸerler|nefes almak|organ|soluk|solumak|solunum|vÃ¼cut
ğŸ¦·|aÄŸÄ±z saÄŸlÄ±ÄŸÄ±|aÄŸrÄ±|azÄ± diÅŸi|beyaz|diÅŸ aÄŸrÄ±sÄ±|diÅŸ hekimi|diÅŸ perisi|diÅŸÃ§i|inci gibi|kÃ¶pek diÅŸi|sÃ¼t diÅŸi
ğŸ¦´|iskelet|kemik|kÃ¶pek kemiÄŸi|mama
ğŸ‘€|bakmak|gÃ¶rmek|gÃ¶zcÃ¼|gÃ¶zetlemek|gÃ¶zler|yÃ¼z
ğŸ‘ï¸|beden|gÃ¶z|kahverengi gÃ¶z
ğŸ‘…|aÄŸÄ±z|dil|gÃ¶vde|yalamak|yÃ¼z
ğŸ‘„|aÄŸÄ±z|aÅŸk|dudaklar|gÃ¶vde|Ã¶pme|Ã¶ptÃ¼m|Ã¶pÃ¼cÃ¼k|yÃ¼z
ğŸ«¦|davetkar|davetkÃ¢r|dudak|endiÅŸeli|flÃ¶rt|gergin|Ä±sÄ±rÄ±lan dudak|korku|Ã¶pÃ¼cÃ¼k|rahatsÄ±z|seksi|tutku
ğŸ‘¶|bebek|kiÅŸiler
ğŸ§’|Ã§ocuk|genÃ§|insan|kiÅŸi|kÃ¼Ã§Ã¼k Ã§ocuk|surat
ğŸ‘¦|erkek Ã§ocuk|insan|kiÅŸiler|oÄŸlan Ã§ocuk
ğŸ‘§|genÃ§|insan|kiÅŸiler|kÄ±z Ã§ocuk
ğŸ§‘|adam|insan|kiÅŸi|yetiÅŸkin|yÃ¼z
ğŸ‘±|erkek|insan|kiÅŸiler|saÃ§|sarÄ± saÃ§lÄ± kiÅŸi|sarÄ±ÅŸÄ±n|yÃ¼z
ğŸ‘¨|adam|erkek|insan|kiÅŸiler|sarÄ±ÅŸÄ±n erkek
ğŸ§”|insan|sakallÄ± kiÅŸi|yÃ¼z
ğŸ§”â€â™‚ï¸|erkek: sakal|sakal
ğŸ‘±â€â™‚ï¸|adam|erkek|sarÄ±ÅŸÄ±n
ğŸ‘©|insan|kadÄ±n|kiÅŸiler|sarÄ±ÅŸÄ±n kadÄ±n
ğŸ§”â€â™€ï¸|kadÄ±n: sakal|sakal
ğŸ‘±â€â™€ï¸|bayan|insan|kadÄ±n|kÄ±z|sarÄ±ÅŸÄ±n
ğŸ§“|insan|kiÅŸi|yaÅŸlÄ± yetiÅŸkin
ğŸ‘´|bÃ¼yÃ¼kbaba|dede|erkek|insan|kiÅŸiler|yaÅŸlÄ±
ğŸ‘µ|anneanne|babaanne|insan|kadÄ±n|kiÅŸiler|yaÅŸlÄ±
ğŸ™|beÄŸenmeme|hareket|hayal kÄ±rÄ±klÄ±ÄŸÄ±|kiÅŸi|mimik|Ã¶fkeli|rahatsÄ±z|sÄ±kkÄ±n|somurtan kiÅŸi|somurtma|surat asma
ğŸ™â€â™‚ï¸|adam|erkek|insan|mimik|mutsuz|somurtan erkek|somurtma
ğŸ™â€â™€ï¸|bayan|kadÄ±n|mimik|somurtan kadÄ±n|somurtma
ğŸ™|darÄ±lan kiÅŸi|darÄ±lma|hareket|hayal kÄ±rÄ±klÄ±ÄŸÄ±|kiÅŸi|kÄ±rgÄ±n|kÃ¼sme|mimik|Ã¶fkeli|somurtma|surat asma|Ã¼zgÃ¼n
ğŸ™â€â™‚ï¸|adam|darÄ±lan erkek|darÄ±lma|erkek|mimik
ğŸ™â€â™€ï¸|bayan|darÄ±lan kadÄ±n|darÄ±lma|kadÄ±n|mimik
ğŸ™…|asla|hareket|hayÄ±r hareketi|insan|iyi deÄŸil|izin vermiyorum|izinsiz|kiÅŸi|olmaz|vÃ¼cut|yasak|yÃ¼z
ğŸ™…â€â™‚ï¸|el|erkek|hareket|hayÄ±r hareketi yapan erkek|insan|iyi deÄŸil|yasak|yok
ğŸ™…â€â™€ï¸|bayan|el|hareket|hayÄ±r hareketi yapan kadÄ±n|iyi deÄŸil|kadÄ±n|yasak
ğŸ™†|aman tanrÄ±m|egzersiz|el|hareket|kiÅŸi|kocaman|oldu|tamam hareketi|vÃ¼cut|yÃ¼z
ğŸ™†â€â™‚ï¸|adam|aman allah|aman tanrÄ±m|egzersiz|eller yukarÄ±|erkek|hareket|insan|tamam hareketi yapan erkek
ğŸ™†â€â™€ï¸|bayan|el|hareket|kadÄ±n|tamam hareketi yapan kadÄ±n
ğŸ’|alaycÄ±|bilgilendirme|dedikodu|elini yana yatÄ±rma|keyfin bilir|kiÅŸiler|neyse|saÃ§Ä±nÄ± savurma|sen bilirsin|umurumda deÄŸil|yardÄ±m
ğŸ’â€â™‚ï¸|adam|bilgi|dedikodu|elini yana yatÄ±ran erkek|erkek|insan|kÃ¼stah|sarkastik|yana yatmÄ±ÅŸ el
ğŸ’â€â™€ï¸|bayan|elini yana yatÄ±ran kadÄ±n|kadÄ±n|kÃ¼stah|yana yatmÄ±ÅŸ el
ğŸ™‹|ben|burada|el kaldÄ±ran kiÅŸi|el kaldÄ±rma|elini kaldÄ±rma|hareket|kalkan el|kiÅŸi|merhaba|mutlu|selam|soru|sÃ¶z isteme|vÃ¼cut
ğŸ™‹â€â™‚ï¸|adam|el hareketi|el kaldÄ±rma|elini kaldÄ±ran erkek|erkek|hareket|insan|soru
ğŸ™‹â€â™€ï¸|bayan|el kaldÄ±rma|elini kaldÄ±ran kadÄ±n|hareket|kadÄ±n
ğŸ§|duyma|eriÅŸilebilirlik|iÅŸitme engelli kiÅŸi|kulak
ğŸ§â€â™‚ï¸|adam|erkek|iÅŸitme engelli erkek
ğŸ§â€â™€ï¸|iÅŸitme engelli kadÄ±n|kadÄ±n
ğŸ™‡|affetme|baÄŸÄ±ÅŸlama|baÅŸÄ±nÄ± Ã¶ne eÄŸme|eÄŸilme|hareket|kiÅŸi|merhamet|Ã¶zÃ¼r dilerim|Ã¼zgÃ¼nÃ¼m|yakarma|yalvarma
ğŸ™‡â€â™‚ï¸|adam|baÅŸ eÄŸme|baÅŸÄ±nÄ± Ã¶ne eÄŸen erkek|erkek|hareket|lÃ¼tuf|Ã¶zÃ¼r
ğŸ™‡â€â™€ï¸|baÅŸ eÄŸme|baÅŸÄ±nÄ± Ã¶ne eÄŸen kadÄ±n|bayan|hareket|kadÄ±n|lÃ¼tuf|Ã¶zÃ¼r
ğŸ¤¦|aman tanrÄ±m|avuÃ§|Ã§ileden Ã§Ä±kma|inanamÄ±yorum|inanmama|inanmÄ±yorum|kiÅŸi|kÄ±zgÄ±nlÄ±k|Ã¶fke|olamaz|ÅŸok|vÃ¼cut|yÃ¼zÃ¼nÃ¼ eliyle kapama
ğŸ¤¦â€â™‚ï¸|adam|aman tanrÄ±m|Ã§ileden Ã§Ä±kma|eliyle yÃ¼zÃ¼nÃ¼ kapatan erkek|erkek|inanamÄ±yorum|inanmama|kiÅŸi|Ã¶fke|olamaz|sinir|utancÄ±ndan eliyle yÃ¼zÃ¼nÃ¼ kapatma|utanma
ğŸ¤¦â€â™€ï¸|aman tanrÄ±m|bayan|Ã§ileden Ã§Ä±kma|eliyle yÃ¼zÃ¼nÃ¼ kapatan kadÄ±n|inanamÄ±yorum|inanmama|kadÄ±n|Ã¶fke|olamaz|piÅŸman|sinir|utanÃ§|utancÄ±ndan eliyle yÃ¼zÃ¼nÃ¼ kapatma
ğŸ¤·|bilemem|bilmeme|bilmiyorum|ilgisizlik|kararsÄ±z|kiÅŸi|ne bileyim|ne yapalÄ±m|omuz silkme|sanÄ±rÄ±m|vÃ¼cut
ğŸ¤·â€â™‚ï¸|adam|belki|bilmem|cahillik|cehalet|erkek|her neyse|ilgisizlik|kiÅŸi|kuÅŸku|omuz silken erkek|omuz silkme|sanÄ±rÄ±m|ÅŸÃ¼phe|vÃ¼cut
ğŸ¤·â€â™€ï¸|bayan|belki|bilmem|cahillik|cehalet|her neyse|ilgisizlik|kadÄ±n|kiÅŸi|kuÅŸku|omuz silken kadÄ±n|omuz silkme|sanÄ±rÄ±m|ÅŸÃ¼phe|vÃ¼cut
ğŸ§‘â€âš•ï¸|doktor|hasta bakÄ±cÄ±|hemÅŸire|saÄŸlÄ±k Ã§alÄ±ÅŸanÄ±|saÄŸlÄ±k personeli|terapist
ğŸ‘¨â€âš•ï¸|adam|doktor|erkek saÄŸlÄ±k Ã§alÄ±ÅŸanÄ±|hastabakÄ±cÄ±|meslek|saÄŸlÄ±k|terapist
ğŸ‘©â€âš•ï¸|bayan|doktor|hemÅŸire|kadÄ±n saÄŸlÄ±k Ã§alÄ±ÅŸanÄ±|meslek|saÄŸlÄ±k|terapist
ğŸ§‘â€ğŸ“|mezun|Ã¶ÄŸrenci|talebe
ğŸ‘¨â€ğŸ“|adam|erkek|mezun|Ã¶ÄŸrenci
ğŸ‘©â€ğŸ“|bayan|kadÄ±n|kÄ±z Ã¶ÄŸrenci|mezun|Ã¶ÄŸrenci
ğŸ§‘â€ğŸ«|doÃ§ent|eÄŸitimci|Ã¶ÄŸretmen|profesÃ¶r
ğŸ‘¨â€ğŸ«|adam|eÄŸitmen|erkek|meslek|Ã¶ÄŸretmen|profesÃ¶r
ğŸ‘©â€ğŸ«|bayan|eÄŸitmen|kadÄ±n|meslek|Ã¶ÄŸretmen|profesÃ¶r
ğŸ§‘â€âš–ï¸|adalet|hakim|terazi|yargÄ±Ã§
ğŸ‘¨â€âš–ï¸|adalet|adam|erkek hakim|meslek|terazi|yargÄ±Ã§
ğŸ‘©â€âš–ï¸|adalet|bayan|insan|kadÄ±n hakim|meslek|savcÄ±|terazi
ğŸ§‘â€ğŸŒ¾|bahÃ§Ä±van|Ã§iftÃ§i|renÃ§per
ğŸ‘¨â€ğŸŒ¾|adam|bahÃ§Ä±van|Ã§iftÃ§i|Ã§iftlik sahibi|erkek|meslek
ğŸ‘©â€ğŸŒ¾|bahÃ§Ä±van|bayan|Ã§iftÃ§i|Ã§iftlik sahibi|kadÄ±n|meslek
ğŸ§‘â€ğŸ³|aÅŸÃ§Ä±|yemek piÅŸirme
ğŸ‘¨â€ğŸ³|adam|erkek aÅŸÃ§Ä±|meslek|ÅŸef|yemek yapma
ğŸ‘©â€ğŸ³|bayan|kadÄ±n aÅŸÃ§Ä±|ÅŸef|yemek yapma
ğŸ§‘â€ğŸ”§|elektrikÃ§i|tamirci|tesisatÃ§Ä±
ğŸ‘¨â€ğŸ”§|adam|elektrikÃ§i|erkek|esnaf|meslek|tamirci|tesisatÃ§Ä±
ğŸ‘©â€ğŸ”§|bayan|elektrikÃ§i|esnaf|kadÄ±n|meslek|tamirci|tesisatÃ§Ä±
ğŸ§‘â€ğŸ­|endÃ¼stri|fabrika iÅŸÃ§isi|iÅŸÃ§i|montaj|sanayi
ğŸ‘¨â€ğŸ­|adam|erkek fabrika iÅŸÃ§isi|fabrika|iÅŸÃ§i|meslek|montaj|sanayi
ğŸ‘©â€ğŸ­|bayan|fabrika|iÅŸÃ§i|kadÄ±n fabrika iÅŸÃ§isi|meslek|montaj|sanayi
ğŸ§‘â€ğŸ’¼|beyaz yakalÄ±|iÅŸ yeri|mimar|mÃ¼dÃ¼r|ofis Ã§alÄ±ÅŸanÄ±|yÃ¶netici
ğŸ‘¨â€ğŸ’¼|adam|beyaz yaka|erkek ofis Ã§alÄ±ÅŸanÄ±|iÅŸ|meslek|mimar|ofis|yÃ¶netici
ğŸ‘©â€ğŸ’¼|bayan|beyaz yaka|iÅŸ kadÄ±nÄ±|iÅŸkadÄ±nÄ±|kadÄ±n ofis Ã§alÄ±ÅŸanÄ±|meslek|mimar|ofis|yÃ¶netici
ğŸ§‘â€ğŸ”¬|bilim insanÄ±|biyolog|fizikÃ§i|kimyacÄ±|kimyager
ğŸ‘¨â€ğŸ”¬|adam|bilim adamÄ±|biyolog|erkek bilim insanÄ±|fizikÃ§i|kimyacÄ±|matematikÃ§i|meslek|mÃ¼hendis
ğŸ‘©â€ğŸ”¬|bayan|bilim adamÄ±|biyolog|fizikÃ§i|kadÄ±n bilim insanÄ±|kimyacÄ±|matematikÃ§i|meslek|mÃ¼hendis
ğŸ§‘â€ğŸ’»|geliÅŸtirici|kodlayÄ±cÄ±|mucit|teknolog|teknoloji uzmanÄ±|yazÄ±lÄ±mcÄ±
ğŸ‘¨â€ğŸ’»|adam|bilgisayar mÃ¼hendisi|erkek bilgisayar mÃ¼hendisi|erkek teknoloji uzmanÄ±|geliÅŸtirici|kodlayÄ±cÄ±|meslek|mucit|mÃ¼hendis|programlamacÄ±|teknoloji uzmanÄ±|yazÄ±lÄ±m
ğŸ‘©â€ğŸ’»|bayan|geliÅŸtirici|kadÄ±n mÃ¼hendis|kadÄ±n teknoloji uzmanÄ±|kodlayÄ±cÄ±|meslek|mucit|teknoloji uzmanÄ±|yazÄ±lÄ±m
ğŸ§‘â€ğŸ¤|aktÃ¶r|aktris|gÃ¶sterici|ÅŸarkÄ±cÄ±|star|yÄ±ldÄ±z
ğŸ‘¨â€ğŸ¤|adam|aktÃ¶r|erkek|gÃ¶sterici|meslek|rock|ÅŸarkÄ±cÄ±|star
ğŸ‘©â€ğŸ¤|aktÃ¶r|bayan|gÃ¶sterici|kadÄ±n|meslek|rock|ÅŸarkÄ±cÄ±|star
ğŸ§‘â€ğŸ¨|palet|ressam|sanatÃ§Ä±
ğŸ‘¨â€ğŸ¨|adam|erkek|meslek|palet|ressam|sanatÃ§Ä±
ğŸ‘©â€ğŸ¨|bayan|kadÄ±n|meslek|palet|ressam|sanatÃ§Ä±
ğŸ§‘â€âœˆï¸|pilot|uÃ§ak
ğŸ‘¨â€âœˆï¸|adam|erkek|insan|meslek|pilot|uÃ§ak
ğŸ‘©â€âœˆï¸|bayan|kadÄ±n|meslek|pilot|uÃ§ak
ğŸ§‘â€ğŸš€|astronot|roket|uzay
ğŸ‘¨â€ğŸš€|adam|astronot|erkek|meslek|roket|uzay
ğŸ‘©â€ğŸš€|astronot|bayan|kadÄ±n|meslek|roket|uzay
ğŸ§‘â€ğŸš’|itfaiye aracÄ±|itfaiyeci
ğŸ‘¨â€ğŸš’|adam|erkek|itfaiye aracÄ±|itfaiyeci|meslek
ğŸ‘©â€ğŸš’|bayan|itfaiye aracÄ±|itfaiyeci|kadÄ±n|meslek
ğŸ‘®|ceza|erkek polis|gÃ¶revli|gÃ¶zaltÄ±|kanun|kiÅŸiler|meslek|polis memuru|tutuklama|yasa
ğŸ‘®â€â™‚ï¸|adam|aynasÄ±z|erkek polis memuru|memur|polis
ğŸ‘®â€â™€ï¸|aynasÄ±z|bayan|ceza|gÃ¶zaltÄ±|kadÄ±n polis memuru|kanun|kiÅŸi|kolluk|memur|polis memuru|tutuklama|vÃ¼cut|yasa
ğŸ•µï¸|casus|dedektif|erkek casus|hafiye|meslek
ğŸ•µï¸â€â™‚ï¸|adam|casus|dedektif|erkek|hafiye
ğŸ•µï¸â€â™€ï¸|bayan|casus|dedektif|hafiye|kadÄ±n|meslek
ğŸ’‚|bekÃ§i|kiÅŸiler|koruma gÃ¶revlisi|londra|muhafÄ±z
ğŸ’‚â€â™‚ï¸|adam|erkek|muhafÄ±z
ğŸ’‚â€â™€ï¸|bayan|buckingham sarayÄ±|kadÄ±n|londra|muhafÄ±z
ğŸ¥·|asker|dÃ¶vÃ¼ÅŸÃ§Ã¼|gizli|insan|katana|kavga|kiralÄ±k katil|ninja|saklÄ±|savaÅŸ|suikast
ğŸ‘·|baret|inÅŸaat iÅŸÃ§isi|iÅŸÃ§i|kiÅŸiler|meslek|onarÄ±m|tadilat|tamirat|vÃ¼cut
ğŸ‘·â€â™‚ï¸|adam|erkek inÅŸaat iÅŸÃ§isi|inÅŸaat|iÅŸÃ§i
ğŸ‘·â€â™€ï¸|bayan|inÅŸaat|insan|iÅŸÃ§i|kadÄ±n inÅŸaat iÅŸÃ§isi|kask|meslek
ğŸ«…|asil|insan|kraliÃ§e|kraliyet|soylu|taÃ§ takmÄ±ÅŸ insan|taht
ğŸ¤´|insan|kraliyet|prens
ğŸ‘¸|insan|kiÅŸiler|kraliÃ§e|peri masalÄ±|prenses
ğŸ‘³|baÅŸÃ¶rtÃ¼sÃ¼|insan|kiÅŸiler|sarÄ±klÄ± erkek|sarÄ±klÄ± kiÅŸi|tÃ¼rbanlÄ± kiÅŸi|vÃ¼cut
ğŸ‘³â€â™‚ï¸|adam|erkek|sarÄ±klÄ± erkek
ğŸ‘³â€â™€ï¸|bayan|insan|kadÄ±n|sarÄ±klÄ± kadÄ±n|tÃ¼rbanlÄ± kadÄ±n
ğŸ‘²|adam|Ã§in ÅŸapkalÄ± erkek|Ã§inli ÅŸapkasÄ± olan adam|erkek|gua pi mao takan erkek|kiÅŸiler|meslek
ğŸ§•|baÅŸ Ã¶rtÃ¼sÃ¼|baÅŸÃ¶rtÃ¼lÃ¼ kadÄ±n|insan|tÃ¼rbanlÄ±
ğŸ¤µ|adam|damat|kiÅŸi|simokin|smokinli adam|smokinli kiÅŸi
ğŸ¤µâ€â™‚ï¸|adam|smokinli adam|smokinli erkek
ğŸ¤µâ€â™€ï¸|kadÄ±n|smokinli kadÄ±n
ğŸ‘°|duvaklÄ± gelin|evlilik|gelin|kiÅŸiler
ğŸ‘°â€â™‚ï¸|adam|duvaklÄ± adam|duvaklÄ± erkek
ğŸ‘°â€â™€ï¸|duvaklÄ± kadÄ±n|kadÄ±n
ğŸ¤°|hamile|kadÄ±n
ğŸ«ƒ|gaz|gÃ¶bekli|hamile adam|iki canlÄ±|insan|karnÄ± ÅŸiÅŸ|obur|ÅŸiÅŸmiÅŸ
ğŸ«„|Ã§ok yemek|gaz|gÃ¶bekli|hamile kiÅŸi|iki canlÄ±|insan|karnÄ± ÅŸiÅŸ|obur|ÅŸiÅŸmiÅŸ
ğŸ¤±|anne sÃ¼tÃ¼|bebek|emziren kadÄ±n|emzirme|gÃ¶ÄŸÃ¼s|meme verme|sÃ¼t izni
ğŸ‘©â€ğŸ¼|anne|bakÄ±cÄ±|bakÄ±m|bebek bakÄ±cÄ±sÄ±|bebek emziren kadÄ±n|beslemek|emzirme|insan|kadÄ±n|kucak|sevgi|yenidoÄŸan
ğŸ‘¨â€ğŸ¼|baba|bakÄ±cÄ±lÄ±k|bebek bakÄ±cÄ±sÄ±|bebek emziren erkek|beslemek|emzirme|erkek|insan|kucak|sevgi|yenidoÄŸan
ğŸ§‘â€ğŸ¼|anne|baba|bakÄ±cÄ±lÄ±k|bebek bakÄ±cÄ±sÄ±|bebek emziren kiÅŸi|beslemek|emzirme|erkek|insan|kadÄ±n|kiÅŸi|yenidoÄŸan
ğŸ‘¼|bebek|melek|peri masalÄ±|yÃ¼z
ğŸ…|insan|kutlama|noel baba|santa claus
ğŸ¤¶|anne|insan|noel annesi
ğŸ§‘â€ğŸ„|christmas|cinsiyet belirtmeyen noel karakteri|insan|mutlu noeller|mutlu yÄ±llar|noel baba|noel figÃ¼rÃ¼|santa claus|ÅŸapka|tatil|yÄ±lbaÅŸÄ±
ğŸ¦¸|iyilik|kahraman|kurtarmak|pelerin|sÃ¼per gÃ¼Ã§|sÃ¼per kahraman|uÃ§mak
ğŸ¦¸â€â™‚ï¸|erkek sÃ¼per kahraman|iyi|kahraman|sÃ¼per gÃ¼Ã§
ğŸ¦¸â€â™€ï¸|iyi|kadÄ±n sÃ¼per kahraman|kahraman|sÃ¼per gÃ¼Ã§
ğŸ¦¹|acÄ±masÄ±z|hain|kÃ¶tÃ¼ adam|pelerin|ÅŸeytani|suÃ§lu|sÃ¼per gÃ¼Ã§|sÃ¼per kahraman|sÃ¼per kÃ¶tÃ¼|vampir|zalim
ğŸ¦¹â€â™‚ï¸|erkek sÃ¼per kÃ¶tÃ¼|kÃ¶tÃ¼|ÅŸeytani|suÃ§lu|sÃ¼per gÃ¼Ã§
ğŸ¦¹â€â™€ï¸|kadÄ±n sÃ¼per kÃ¶tÃ¼|kÃ¶tÃ¼|ÅŸeytani|suÃ§lu|sÃ¼per gÃ¼Ã§
ğŸ§™|bÃ¼yÃ¼cÃ¼|cadÄ±|sihirbaz
ğŸ§™â€â™‚ï¸|bÃ¼yÃ¼cÃ¼|erkek bÃ¼yÃ¼cÃ¼|sihirbaz
ğŸ§™â€â™€ï¸|bÃ¼yÃ¼cÃ¼|cadÄ±|kadÄ±n bÃ¼yÃ¼cÃ¼
ğŸ§š|kanat|masal|mitoloji|oberon|peri|puck|titania
ğŸ§šâ€â™‚ï¸|erkek peri|oberon|puck
ğŸ§šâ€â™€ï¸|kadÄ±n peri|titania
ğŸ§›|drakula|hortlak|kan|vampir
ğŸ§›â€â™‚ï¸|drakula|erkek vampir|hortlak
ğŸ§›â€â™€ï¸|hortlak|kadÄ±n vampir
ğŸ§œ|balÄ±k insan|balÄ±k kadÄ±n|deniz altÄ±|deniz kÄ±zÄ±|mitoloji|peri masalÄ±|poseidon|su altÄ±|Ã¼Ã§ diÅŸli Ã§atal
ğŸ§œâ€â™‚ï¸|balÄ±k adam
ğŸ§œâ€â™€ï¸|balÄ±k kadÄ±n|denizkÄ±zÄ±
ğŸ§|elf|legolas|sihirli|sivri kulak
ğŸ§â€â™‚ï¸|erkek elf|sihirli
ğŸ§â€â™€ï¸|kadÄ±n elf|sihirli
ğŸ§|alaaddinâ€™in sihirli lambasÄ±|alaaddinin sihirli lambasÄ±|cin|dilek|lamba|sihir
ğŸ§â€â™‚ï¸|cin|erkek cin
ğŸ§â€â™€ï¸|cin|kadÄ±n cin
ğŸ§Ÿ|hortlak|kiÅŸi|kÄ±yamet|korkunÃ§|Ã¼rkÃ¼nÃ§|yaÅŸayan Ã¶lÃ¼|yÃ¼rÃ¼yen Ã¶lÃ¼|zombi
ğŸ§Ÿâ€â™‚ï¸|erkek zombi|hortlak|yÃ¼rÃ¼yen Ã¶lÃ¼
ğŸ§Ÿâ€â™€ï¸|hortlak|kadÄ±n zombi|yÃ¼rÃ¼yen Ã¶lÃ¼
ğŸ§Œ|canavar|dev|fantezi|gerÃ§ek dÄ±ÅŸÄ±|hayali|hulk|ork|peri masalÄ±|trol|yaratÄ±k|yeÅŸil dev
ğŸ’†|baÅŸ aÄŸrÄ±sÄ±|gerginlik|kiÅŸi|masaj yaptÄ±ran kiÅŸi|rahatlama|salon|spa|terapi|yÃ¼z masajÄ±
ğŸ’†â€â™‚ï¸|adam|erkek|masaj|yÃ¼z masajÄ± yaptÄ±ran erkek
ğŸ’†â€â™€ï¸|bayan|kadÄ±n|masaj|yÃ¼z masajÄ± yaptÄ±ran kadÄ±n
ğŸ’‡|bakÄ±m|gÃ¼zellik salonu|kes|kiÅŸi|kuafÃ¶r|makas|saÃ§ kesimi|saÃ§ kestirme|saÃ§ stili|salon|tarz
ğŸ’‡â€â™‚ï¸|adam|berber|erkek|insan|saÃ§ kesimi|saÃ§ kestiren erkek|saÃ§ kestirmek
ğŸ’‡â€â™€ï¸|bayan|kadÄ±n|saÃ§ kesimi|saÃ§ kestiren kadÄ±n
ğŸš¶|aylak|gezinti|kiÅŸi|salÄ±nma|tempo|vÃ¼cut|yaya|yÃ¼rÃ¼me|yÃ¼rÃ¼yen adam|yÃ¼rÃ¼yÃ¼ÅŸ
ğŸš¶â€â™‚ï¸|adam|dolaÅŸma|erkek|yÃ¼rÃ¼me|yÃ¼rÃ¼yen erkek
ğŸš¶â€â™€ï¸|bayan|dolaÅŸma|kadÄ±n|yaya|yÃ¼rÃ¼me|yÃ¼rÃ¼yen kadÄ±n
ğŸ§|ayakta duran kiÅŸi|ayakta durma
ğŸ§â€â™‚ï¸|adam|ayakta duran erkek|erkek
ğŸ§â€â™€ï¸|ayakta duran kadÄ±n|kadÄ±n
ğŸ§|diz Ã§Ã¶ken kiÅŸi|diz Ã§Ã¶kme|dizler
ğŸ§â€â™‚ï¸|adam|diz Ã§Ã¶ken erkek|erkek
ğŸ§â€â™€ï¸|diz Ã§Ã¶ken kadÄ±n|kadÄ±n
ğŸ§‘â€ğŸ¦¯|eriÅŸilebilirlik|gÃ¶rme engelli bastonlu kiÅŸi|kÃ¶r
ğŸ‘¨â€ğŸ¦¯|eriÅŸilebilirlik|erkek|gÃ¶rme engelli bastonlu erkek
ğŸ‘©â€ğŸ¦¯|eriÅŸilebilirlik|gÃ¶rme engelli bastonlu kadÄ±n|kadÄ±n
ğŸ§‘â€ğŸ¦¼|elektrikli tekerlekli sandalyede kiÅŸi|eriÅŸilebilirlik|tekerlekli sandalye
ğŸ‘¨â€ğŸ¦¼|elektrikli tekerlekli sandalyede erkek|eriÅŸilebilirlik|erkek|tekerlekli sandalye
ğŸ‘©â€ğŸ¦¼|elektrikli tekerlekli sandalyede kadÄ±n|eriÅŸilebilirlik|kadÄ±n|tekerlekli sandalye
ğŸ§‘â€ğŸ¦½|eriÅŸilebilirlik|tekerlekli sandalyede kiÅŸi
ğŸ‘¨â€ğŸ¦½|eriÅŸilebilirlik|erkek|tekerlekli sandalyede erkek
ğŸ‘©â€ğŸ¦½|eriÅŸilebilirlik|kadÄ±n|tekerlekli sandalyede kadÄ±n
ğŸƒ|acele|Ã§abuk|hÄ±zlÄ±|kiÅŸi|koÅŸan kiÅŸi|koÅŸucu|maraton|spor|vÃ¼cut|yarÄ±ÅŸ
ğŸƒâ€â™‚ï¸|adam|erkek|koÅŸan erkek|koÅŸma|maraton|yarÄ±ÅŸ
ğŸƒâ€â™€ï¸|bayan|kadÄ±n|koÅŸan kadÄ±n|koÅŸma|maraton|yarÄ±ÅŸ
ğŸ’ƒ|dans eden kadÄ±n|dansÃ§Ä±|festival|kadÄ±n dansÃ§Ä±|kiÅŸiler|meslek|tango
ğŸ•º|adam|dans eden adam|meslek
ğŸ•´ï¸|erkek|havalanan takÄ±m elbiseli adam|iÅŸadamÄ±|takÄ±m elbise|yukarÄ±da sÃ¼zÃ¼len takÄ±m elbiseli iÅŸ adamÄ±
ğŸ‘¯|aynÄ±sÄ±|dansÃ§Ä±|ikiz|kadÄ±n|parti|ruh ikizi|tavÅŸan kulaklar|tavÅŸan kulaklÄ± kiÅŸiler|vÃ¼cut
ğŸ‘¯â€â™‚ï¸|adam|dans eden erkekler|dansÃ§Ä±|erkek|partiye katÄ±lan erkek|partiye katÄ±lma|tavÅŸan kulaklÄ± erkekler
ğŸ‘¯â€â™€ï¸|bayan|dansÃ§Ä±|kadÄ±n|partiye katÄ±lma|tavÅŸan kulaklÄ± kadÄ±nlar
ğŸ§–|buhar banyosu|buhar odasÄ±ndaki kiÅŸi|hamam|rahatlamak|sauna
ğŸ§–â€â™‚ï¸|buhar odasÄ±ndaki erkek|sauna
ğŸ§–â€â™€ï¸|buhar odasÄ±ndaki kadÄ±n|sauna
ğŸ§—|daÄŸcÄ± kiÅŸi|kaya tÄ±rmanÄ±ÅŸÄ±|tÄ±rmanÄ±cÄ±|tÄ±rmanmak
ğŸ§—â€â™‚ï¸|daÄŸcÄ± erkek
ğŸ§—â€â™€ï¸|daÄŸcÄ± kadÄ±n
ğŸ¤º|birey|eskrimci|kÄ±lÄ±Ã§|spor
ğŸ‡|at yarÄ±ÅŸÄ±|jokey|spor|yarÄ±ÅŸ atÄ±
â›·ï¸|kar|kayakÃ§Ä±
ğŸ‚|kar kayaÄŸÄ± yapan|snowboard yapmak|snowbordÃ§u|spor
ğŸŒï¸|golf oynayan kiÅŸi|golf sahasÄ±|golf sopasÄ±|golfÃ§Ã¼|kiÅŸi|top|vÃ¼cut|vuruÅŸ
ğŸŒï¸â€â™‚ï¸|adam|erkek|golf oynayan erkek
ğŸŒï¸â€â™€ï¸|bayan|gol oynayan kadÄ±n|golf oynayan kadÄ±n|kadÄ±n
ğŸ„|dalga sÃ¶rfÃ¼|erkek sÃ¶rfÃ§Ã¼|kiÅŸi|okyanus|plaj|sahil|sÃ¶rf yapan kiÅŸi|sÃ¶rfÃ§Ã¼|spor|vÃ¼cut
ğŸ„â€â™‚ï¸|adam|erkek|sÃ¶rf yapan erkek
ğŸ„â€â™€ï¸|bayan|kadÄ±n|sÃ¶rf yapan kadÄ±n
ğŸš£|gÃ¶l|Ä±rmak|kano|kayÄ±k|kÃ¼rek Ã§eken erkek|nehir|sandalda kÃ¼rek Ã§eken kiÅŸi|taÅŸÄ±t|tekne
ğŸš£â€â™‚ï¸|adam|erkek|kayÄ±k|sandalda kÃ¼rek Ã§eken erkek
ğŸš£â€â™€ï¸|bayan|kadÄ±n|kayÄ±k|sandalda kÃ¼rek Ã§eken kadÄ±n
ğŸŠ|antrenman|hareket|havuz|kiÅŸi|serbest stil|spor|triatlon|vÃ¼cut|yÃ¼zen kiÅŸi|yÃ¼zme|yÃ¼zÃ¼cÃ¼
ğŸŠâ€â™‚ï¸|adam|erkek|yÃ¼zen erkek|yÃ¼zme
ğŸŠâ€â™€ï¸|bayan|kadÄ±n|yÃ¼zen kadÄ±n|yÃ¼zme
â›¹ï¸|atletik|basketbolcu|kiÅŸi|sporcu|top sektiren kiÅŸi|top sÃ¼rme|vÃ¼cut
â›¹ï¸â€â™‚ï¸|adam|erkek|top sektiren erkek
â›¹ï¸â€â™€ï¸|basketbolcu|bayan|kadÄ±n|top sektiren kadÄ±n
ğŸ‹ï¸|aÄŸÄ±rlÄ±k kaldÄ±ran kiÅŸi|aÄŸÄ±rlÄ±k kaldÄ±rma|antrenman|erkek halterci|halterci|kiÅŸi|vÃ¼cut
ğŸ‹ï¸â€â™‚ï¸|adam|aÄŸÄ±rlÄ±k kaldÄ±ran erkek|erkek
ğŸ‹ï¸â€â™€ï¸|aÄŸÄ±rlÄ±k kaldÄ±ran kadÄ±n|bayan|halter|kadÄ±n
ğŸš´|antrenman|bisiklet sÃ¼ren kiÅŸi|bisiklet sÃ¼rÃ¼cÃ¼sÃ¼|bisikletÃ§i|hareket|kiÅŸi|spor|vÃ¼cut
ğŸš´â€â™‚ï¸|adam|bisiklet sÃ¼ren erkek|bisiklet sÃ¼rme|bisikletÃ§i|erkek
ğŸš´â€â™€ï¸|bayan|bisiklet sÃ¼ren kadÄ±n|bisiklet sÃ¼rme|bisikletÃ§i|kadÄ±n
ğŸšµ|antrenman|atletik|bisikletÃ§i|daÄŸ bisikletÃ§isi|kiÅŸi|spor|sÃ¼rÃ¼ÅŸ|vÃ¼cut
ğŸšµâ€â™‚ï¸|adam|bisiklet sÃ¼rme|bisikletÃ§i|daÄŸ bisikleti sÃ¼ren erkek|erkek
ğŸšµâ€â™€ï¸|bayan|bisiklet sÃ¼rme|bisikletÃ§i|daÄŸ bisikleti sÃ¼ren kadÄ±n|kadÄ±n
ğŸ¤¸|aktif|birey|jimnastik|kiÅŸi|mutlu|neÅŸe|perende atan kadÄ±n|perende atan kiÅŸi|sevinÃ§|spor|vÃ¼cut|yanlamasÄ±na takla
ğŸ¤¸â€â™‚ï¸|adam|aktif|Ã§ember hareketi|erkek|heyecanlÄ±|jimnastik|kiÅŸi|mutlu|neÅŸe|perende atan erkek|spor|vÃ¼cut
ğŸ¤¸â€â™€ï¸|aktif|bayan|Ã§ember hareketi|heyecanlÄ±|jimnastik|kadÄ±n|kiÅŸi|mutlu|neÅŸe|oyun|perende atan kadÄ±n|sevinÃ§|spor
ğŸ¤¼|birey|dÃ¶vÃ¼ÅŸ|dÃ¼ello|gÃ¼reÅŸ minderi|gÃ¼reÅŸÃ§ilik|gÃ¼reÅŸen kiÅŸiler|kiÅŸi|spor|vÃ¼cut
ğŸ¤¼â€â™‚ï¸|adam|antrenman|dÃ¶vÃ¼ÅŸ|dÃ¼ello|er meydanÄ±|erkek|gÃ¼reÅŸ yapan erkek|kiÅŸi|kÄ±rkpÄ±nar|spor
ğŸ¤¼â€â™€ï¸|bayan|dÃ¶vÃ¼ÅŸ|er meydanÄ±|gÃ¼reÅŸ turnuvasÄ±|gÃ¼reÅŸ yapan kadÄ±n|gÃ¼reÅŸÃ§i|kadÄ±n|kiÅŸi|kÄ±rkpÄ±nar|spor|vÃ¼cut
ğŸ¤½|antrenman|birey|havuz|kiÅŸi|spor|su sporlarÄ±|su topu|top|vÃ¼cut|yÃ¼zme
ğŸ¤½â€â™‚ï¸|adam|antrenman|erkek|havuz|kiÅŸi|spor|su sporu|su topu oynayan erkek|top|vÃ¼cut
ğŸ¤½â€â™€ï¸|antrenman|bayan|havuz|kadÄ±n|kiÅŸi|spor|su sporlarÄ±|su topu oynayan kadÄ±n|vÃ¼cut|yÃ¼zme
ğŸ¤¾|atÄ±ÅŸ|atletik|birey|el|hentbol|kiÅŸi|spor|top|vÃ¼cut
ğŸ¤¾â€â™‚ï¸|adam|erkek|hentbol oynayan erkek|spor
ğŸ¤¾â€â™€ï¸|antrenman|atÄ±ÅŸ|atletik|bayan|hentbol oynayan kadÄ±n|kadÄ±n|kiÅŸi|spor|top|vÃ¼cut
ğŸ¤¹|aynÄ± anda birÃ§ok iÅŸ yapma|denge|el becerisi|hokkabazlÄ±k|jonglÃ¶rlÃ¼k|kiÅŸi|top Ã§eviren erkek|top Ã§evirme|vÃ¼cut|yetenek
ğŸ¤¹â€â™‚ï¸|adam|aynÄ± anda birÃ§ok iÅŸ|denge|erkek|hokkabazlÄ±k|jonglÃ¶r|top Ã§evirme|vÃ¼cut
ğŸ¤¹â€â™€ï¸|aynÄ± anda birÃ§ok iÅŸ|bayan|hokkabazlÄ±k yapan kadÄ±n|jonglÃ¶r kadÄ±n|kadÄ±n
ğŸ§˜|baÄŸdaÅŸ kurmak|lotus pozisyonundaki kiÅŸi|meditasyon|rahatlamak|yoga
ğŸ§˜â€â™‚ï¸|lotus pozisyonundaki erkek|meditasyon|yoga
ğŸ§˜â€â™€ï¸|lotus pozisyonundaki kadÄ±n|meditasyon|yoga
ğŸ›€|banyo yapan kiÅŸi|kÃ¼vet
ğŸ›Œ|gece|insan|iyi geceler|iyi uykular|kestirme|Ã¶ÄŸle uykusu|otel|uyku saati|uyumak|yastÄ±k|yatakta yatan kiÅŸi|yatan insan|yatÄ±yorum|yatmak|zzz
ğŸ§‘â€ğŸ¤â€ğŸ§‘|Ã§ift|el ele tutuÅŸan insanlar|kiÅŸi|tutmak|tutuÅŸan eller
ğŸ‘­|arkadaÅŸ|Ã§ift|dost|el ele tutuÅŸan iki kadÄ±n|el ele tutuÅŸan kadÄ±nlar|kadÄ±nlar|kanki|kiÅŸiler|kÄ±zkardeÅŸler
ğŸ‘«|Ã§ift|el ele tutuÅŸan erkek ve kadÄ±n|el ele tutuÅŸan kÄ±z ve erkek|erkek|kadÄ±n|kiÅŸiler|sevgili
ğŸ‘¬|Ã§ift|el ele tutuÅŸan erkekler|el ele tutuÅŸan iki erkek|erkek|ikizler|kiÅŸiler
ğŸ’|aÅŸk|kiÅŸiler|Ã¶pÃ¼cÃ¼k|Ã¶pÃ¼ÅŸme|romantizm|seni seviyorum|yÄ±ldÃ¶nÃ¼mÃ¼
ğŸ’‘|aÅŸk|kadÄ±n erkek|kalpli Ã§ift|kiÅŸiler|romantizm
ğŸ—£ï¸|baÄŸÄ±rma|kafa|konuÅŸan kiÅŸi|konuÅŸma|profil|siluet|yÃ¼z
ğŸ‘¤|bÃ¼st|kiÅŸiler|siluet
ğŸ‘¥|bÃ¼st|kiÅŸiler|siluet bÃ¼stler
ğŸ«‚|aÅŸk|elveda|gÃ¼le gÃ¼le|hoÅŸÃ§akalÄ±n|insan|kucaklaÅŸan insanlar|kucaklaÅŸma|merhaba|saÄŸolun|sarÄ±lma|selam|sevgi|teÅŸekkÃ¼rler|teselli|veda
ğŸ‘ª|aile|anne|baba|bir erkek bir kadÄ±n bir erkek Ã§ocuk|Ã§ocuk|erkek Ã§ocuk|kiÅŸiler
ğŸ§‘â€ğŸ§‘â€ğŸ§’|aile|Ã§ocuk|yetiÅŸkin
ğŸ§‘â€ğŸ§‘â€ğŸ§’â€ğŸ§’|aile|Ã§ocuk|yetiÅŸkin
ğŸ§‘â€ğŸ§’|aile|Ã§ocuk|yetiÅŸkin
ğŸ§‘â€ğŸ§’â€ğŸ§’|aile|Ã§ocuk|yetiÅŸkin
ğŸ‘£|ayak izi|gÃ¶vde|iz
ğŸµ|hayvan|komik|maymun yÃ¼zÃ¼|meraklÄ± maymun|muz|neÅŸeli|yÃ¼z
ğŸ’|hayvan|maymun|muz|orman
ğŸ¦|goril|hayvan
ğŸ¦§|hayvan|maymun|orangutan
ğŸ¶|hayvan|kÃ¶pek yÃ¼zÃ¼|yÃ¼z
ğŸ•|hav hav|hayvan|kÃ¶pek|kuÃ§u kuÃ§u|sÃ¼s kÃ¶peÄŸi
ğŸ¦®|eriÅŸilebilirlik|gÃ¶rme engelli|rehber kÃ¶pek
ğŸ•â€ğŸ¦º|eriÅŸilebilirlik|kÃ¶pek|rehber kÃ¶pek|rehberlik|yardÄ±mcÄ± kÃ¶pek
ğŸ©|hayvan|kaniÅŸ|kÃ¶pek
ğŸº|hayvan|kurt yÃ¼zÃ¼|orman|yÃ¼z
ğŸ¦Š|akÄ±llÄ±|hayvan|kurnaz|tilki yÃ¼zÃ¼|yÃ¼z
ğŸ¦|gri|hayvan|meraklÄ±|rakun|sinsi
ğŸ±|ev hayvanÄ±|hayvan|kedi yÃ¼zÃ¼|miyav|mÄ±ndÄ±k|mÄ±rnav|pisi pisi|ÅŸirin|yÃ¼z
ğŸˆ|hayvan|kedi|pisi pisi|sarman
ğŸˆâ€â¬›|cadÄ±lar bayramÄ±|halloween|hayvan|kara|kedi|miyav|uÄŸursuz
ğŸ¦|aslan yÃ¼zÃ¼|burÃ§|hayvan|ormanlarÄ±n kralÄ±|yÃ¼z
ğŸ¯|bÃ¼yÃ¼k kedi|etobur|hayvan|kaplan yÃ¼zÃ¼|kedigiller|vahÅŸi|yÃ¼z
ğŸ…|bÃ¼yÃ¼k kedi|etobur|hayvanat bahÃ§esi|kaplan|kedigiller|vahÅŸi
ğŸ†|bÃ¼yÃ¼k kedi|hayvanat bahÃ§esi|kedigiller|leopar|vahÅŸi
ğŸ´|at yÃ¼zÃ¼|hayvan|yÃ¼z
ğŸ«|boynuzlar|elk|geyik boynuzlarÄ±|hayvan|memeli|mus|sÄ±ÄŸÄ±n
ğŸ«|eÅŸek|hayvan|inatÃ§Ä±|katÄ±r|memeli|merkep|sÄ±pa
ğŸ|at|hayvan|yarÄ±ÅŸ atÄ±
ğŸ¦„|hayal|hayvan|sihirli|tek boynuzlu at|unicorn|yÃ¼z
ğŸ¦“|Ã§izgili|hayvan|hÄ±zlÄ±|ÅŸeritli|zebra
ğŸ¦Œ|boynuz|geyik|hayvan|orman|ren geyiÄŸi
ğŸ¦¬|bizon|boynuz|bufalo|hayvan|sÃ¼rÃ¼
ğŸ®|hayvan|inek yÃ¼zÃ¼|yÃ¼z
ğŸ‚|boÄŸa burcu|burÃ§lar|Ã§iftlik|hayvan|Ã¶kÃ¼z
ğŸƒ|buffalo|hayvan|manda|su
ğŸ„|bÃ¼yÃ¼kbaÅŸ hayvan|Ã§iftlik|inek|siyah beyaz|sÃ¼t
ğŸ·|domuz yÃ¼zÃ¼|hayvan|yÃ¼z
ğŸ–|Ã§iftlik|diÅŸi domuz|domuz|pembe domuz|ÅŸiÅŸko
ğŸ—|domuz|hayvan|inatÃ§Ä±|yaban domuzu
ğŸ½|burun|domuz burnu|hayvan|yÃ¼z
ğŸ|burÃ§|hayvan|koÃ§ burcu|orman
ğŸ‘|Ã§iftlik|diÅŸi koyun|koyun|kÃ¼Ã§Ã¼k baÅŸ hayvan|yÃ¼n
ğŸ|burÃ§lar|Ã§iftlik|hayvan|keÃ§i|koÃ§|oÄŸlak burcu burÃ§lar|peynir|sÃ¼t
ğŸª|deve|hayvan|hecin devesi|hÃ¶rgÃ¼Ã§
ğŸ«|Ã§Ã¶l|deve|hayvan|hÃ¶rgÃ¼Ã§|iki hÃ¶rgÃ¼Ã§lÃ¼ deve|kinci|sahara
ğŸ¦™|alpaka|beyaz|guanako|hayvan|lama|sevimli|tatlÄ±|vikunya|yÃ¼n
ğŸ¦’|hayvan|noktalar|puanlar|uzun|zÃ¼rafa
ğŸ˜|fil|hayvan|safari
ğŸ¦£|bÃ¼yÃ¼k|diÅŸ|fil diÅŸi|hayvan|mamut|nesli tÃ¼kenen|soyu tÃ¼kenen|yÃ¼nlÃ¼ mamut
ğŸ¦|afrika|gergedan|hayvan|safari
ğŸ¦›|Ã§amur|hayvan|hipopotam|mor hayvan|sevimli|su aygÄ±rÄ±
ğŸ­|fare yÃ¼zÃ¼|hayvan|sÄ±Ã§an|yÃ¼z
ğŸ|beyaz fare|fare|fil|hayvan|kemirgen
ğŸ€|hayvan|kemirgen|laÄŸÄ±m faresi|sÄ±Ã§an
ğŸ¹|evcil hayvan|hamster yÃ¼zÃ¼|hayvan|kemirgen|yÃ¼z
ğŸ°|havuÃ§|hayvan|kemirgen|tavÅŸan yÃ¼zÃ¼|yÃ¼z
ğŸ‡|diÅŸ|havuÃ§|hayvan|kemirgen|pamuk|ÅŸirin|tavÅŸan|zÄ±p zÄ±p
ğŸ¿ï¸|fÄ±ndÄ±k|sincap
ğŸ¦«|baraj|diÅŸ|hayvan|kemirgen|kemirmek|kunduz|kuyruk
ğŸ¦”|dikenli|hayvan|kirpi|ÅŸirin
ğŸ¦‡|drakula|hayvan|kan emen|kanatlÄ±|kuÅŸ|maÄŸara|siyah|vampir|yarasa
ğŸ»|ayÄ± yÃ¼zÃ¼|hayvan|orman|yÃ¼z
ğŸ»â€â„ï¸|arktik|ayÄ±|beyaz|kutup ayÄ±sÄ±
ğŸ¨|hayvan|koala ayÄ±sÄ±
ğŸ¼|bambu|hayvan|panda yÃ¼zÃ¼|tembel|yÃ¼z
ğŸ¦¥|tembel hayvan|yavaÅŸ
ğŸ¦¦|balÄ±k avlayan|oyuncu|su samuru
ğŸ¦¨|kokan|kokarca
ğŸ¦˜|avustralya|hayvan|kanguru|keseli|kulak|memeli|otÃ§ul|sÄ±Ã§rama|yavru|zÄ±plamak
ğŸ¦¡|bal porsuÄŸu|bela|hayvan|porsuk|sevimli
ğŸ¾|hayvan|iz|pati izi|penÃ§e izi
ğŸ¦ƒ|hayvan|hindi|kuÅŸ|ÅŸÃ¼kran gÃ¼nÃ¼
ğŸ”|hayvan|kuÅŸ|tavuk
ğŸ“|hayvan|horoz|kuÅŸ
ğŸ£|civciv|hayvan|kuluÃ§ka tavuÄŸu|piliÃ§|tavuk|yavru|yumurtadan Ã§Ä±kan civciv
ğŸ¤|civciv baÅŸÄ±|hayvan|piliÃ§|tavuk|yavru
ğŸ¥|civciv|hayvan|Ã¶nden civciv|piliÃ§|sarÄ± civciv|ÅŸirin|tavuk|yavru|yÃ¼zÃ¼ dÃ¶nÃ¼k civciv
ğŸ¦|hayvan|kuÅŸ
ğŸ§|antartika|buz|hayvan|penguen|soÄŸuk
ğŸ•Šï¸|barÄ±ÅŸ|beyaz gÃ¼vercin|gÃ¼vercin|kuÅŸ|uÃ§ma
ğŸ¦…|amerika|beÅŸiktaÅŸ|beyaz baÅŸlÄ± kartal|hayvan|kara kartal|kartal|kuÅŸ
ğŸ¦†|hayvan|kuÅŸ|Ã¶rdek|suna
ğŸ¦¢|beyaz|Ã§irkin Ã¶rdek yavrusu|gaga|gÃ¶l|hayvan|kuÄŸu yavrusu|kuÅŸ|Ã¶rdek
ğŸ¦‰|baykuÅŸ|bilge|hayvan|kuÅŸ
ğŸ¦¤|bÃ¼yÃ¼k|dodo kuÅŸu|hayvan|kuÅŸ|mauritius|nesli tÃ¼kenmiÅŸ|soyu tÃ¼kenmiÅŸ
ğŸª¶|gÄ±dÄ±klamak|hafif|hayvan|kuÅŸ tÃ¼yÃ¼|tÃ¼ylÃ¼|uÃ§ma
ğŸ¦©|flamingo|gÃ¶steriÅŸli|tropikal
ğŸ¦š|diÅŸi tavus kuÅŸu|gÃ¶steriÅŸli|gururlu|hayvan|kuÅŸ|mavi kuÅŸ|renkli|tavus kuÅŸu|tavuskuÅŸu|zÃ¼ppe
ğŸ¦œ|hayvan|kÄ±rmÄ±zÄ± kuÅŸ|kÄ±rmÄ±zÄ± papaÄŸan|konuÅŸma|korsan|kuÅŸ|papaÄŸan|renkli kuÅŸ
ğŸª½|cennet|havacÄ±lÄ±k|kanat|kuÅŸ|kutsal|melek gibi|mitoloji|semavi|uÃ§ma|uÃ§uÅŸ
ğŸ¦â€â¬›|gaga|gak|hayvan|hilebaz|kara|kargagil|kuÅŸ|kuzgun|siyah
ğŸª¿|hayvan|kaz sesi|kÃ¼mes hayvanÄ±|kuÅŸ|Ã¶rdek|paytak|ÅŸapÅŸal|vak
ğŸ¦â€ğŸ”¥|anka|ateÅŸ kuÅŸu|dÃ¶nÃ¼ÅŸÃ¼m|fantezi|hayvan|kÃ¼llerinden doÄŸmak|Ã¶lÃ¼msÃ¼z|reenkarnasyon|yeniden doÄŸuÅŸ|yenilenme|zafer
ğŸ¸|hayvan|kurbaÄŸa yÃ¼zÃ¼|vÄ±rak|yÃ¼z|zÄ±p zÄ±p
ğŸŠ|hayvan|timsah
ğŸ¢|hayvan|kaplumbaÄŸa
ğŸ¦|hayvan|kertenkele|sÃ¼rÃ¼ngen
ğŸ|hayvan|yÄ±lan
ğŸ²|ejderha yÃ¼zÃ¼|hayvan|masal|yÃ¼z
ğŸ‰|Ã§in|efsane|ejderha|hayvan|masal
ğŸ¦•|brachiosaurus|brontosaurus|brontozor|dinazor|diplodocus|hayvan|korkunÃ§|soropod
ğŸ¦–|dinazor|hayvan|korkunÃ§|t-rex|tyrannosaurus rex
ğŸ³|balina|deniz|hayvan|mavi balina|okyanus|su pÃ¼skÃ¼rten balina
ğŸ‹|balina|hayvan|okyanus
ğŸ¬|balÄ±k|deniz|hayvan|mavi yunus|okyanus|yunus
ğŸ¦­|ayÄ± balÄ±ÄŸÄ±|balÄ±k|bÄ±yÄ±klÄ±|deniz aslanÄ±|denizaslanÄ±|fok balÄ±ÄŸÄ±|hayvan|okyanus
ğŸŸ|balÄ±k|burÃ§|deniz|hayvan|mavi balÄ±k
ğŸ |balÄ±k|hayvan|okyanus|tropikal balÄ±k
ğŸ¡|balÄ±k|balon balÄ±ÄŸÄ±|hayvan
ğŸ¦ˆ|balÄ±k|deniz|hayvan|jaws|kÃ¶pek balÄ±ÄŸÄ±|okyanus
ğŸ™|ahtapot|hayvan|okyanus
ğŸš|deniz kabuÄŸu|deniz sesi|hayvan|midye|okyanus|spiral deniz kabuÄŸu
ğŸª¸|canlÄ±|dalÄ±ÅŸ|deniz|doÄŸa|hayvan|iklim deÄŸiÅŸikliÄŸi|mercan|okyanus|resif|su altÄ±
ğŸª¼|ahh|akvaryum|Ã§arpma|denizanasÄ±|dokunaÃ§|hayvan|iÄŸne|medÃ¼z|okyanus|omurgasÄ±z|plankton|sokma|yanma
ğŸŒ|bÃ¶cek|hayvan|salyangoz|sÃ¼mÃ¼klÃ¼ bÃ¶cek|yavaÅŸ
ğŸ¦‹|bÃ¶cek|kelebek|ÅŸirin
ğŸ›|bÃ¶cek|hayvan|kÄ±rkayak|tÄ±rtÄ±l
ğŸœ|bahÃ§e|bÃ¶cek|Ã§alÄ±ÅŸkan|hayvan|karÄ±nca
ğŸ|arÄ±|bal arÄ±sÄ±|hayvan|iÄŸne|vÄ±z vÄ±z
ğŸª²|bÃ¶cek|haÅŸere|hayvan
ğŸ|benekli|bÃ¶cek|hanÄ±mbÃ¶ceÄŸi|hayvan|uÄŸur bÃ¶ceÄŸi
ğŸ¦—|bÃ¶cek|Ã§ekirge|cÄ±rcÄ±r bÃ¶ceÄŸi|hayvan
ğŸª³|bÃ¶cek|hamam bÃ¶ceÄŸi|haÅŸere|hayvan|iÄŸrenÃ§|kabuklu|karafatma
ğŸ•·ï¸|bÃ¶cek|Ã¶rÃ¼mcek
ğŸ•¸ï¸|Ã¶rÃ¼mcek aÄŸÄ±
ğŸ¦‚|akrep|burÃ§|hayvan|iÄŸne|zehir
ğŸ¦Ÿ|ateÅŸ|bÃ¶cek|hastalÄ±k|hayvan|Ä±sÄ±rmak|kaÅŸÄ±ntÄ±|malarya|sinek Ä±sÄ±rÄ±ÄŸÄ±|sivrisinek|sÄ±tma|virÃ¼s|vÄ±zÄ±ltÄ±
ğŸª°|at sineÄŸi|bÃ¶cek|Ã§Ã¼rÃ¼me|hastalÄ±k|hayvan|karasinek|kurt sineÄŸi|larva|sinek|uÃ§mak
ğŸª±|hayvan|kurtÃ§uk|parazit|solucan|sÃ¼rÃ¼ngen
ğŸ¦ |amip|bakteri|bilim|deney|hastalÄ±k|hÃ¼cre|laboratuvar|mikrop|tek hÃ¼creli|virÃ¼s
ğŸ’|aÅŸk|buket|Ã§iÃ§ek|doÄŸum gÃ¼nÃ¼|gÃ¼l|romantizm
ğŸŒ¸|bahar|Ã§iÃ§ek izleme|kiraz Ã§iÃ§eÄŸi
ğŸ’®|beyaz Ã§iÃ§ek|Ã§iÃ§ek damgasÄ±|damga|iyi Ã§alÄ±ÅŸma damgasÄ±
ğŸª·|bitki|budizm|Ã§iÃ§ek|hindistan|hinduizm|huzur|lotus|namaste|nilÃ¼fer|saflÄ±k|sakin|vietnam|yoga
ğŸµï¸|bitki|Ã§iÃ§ek rozet|gÃ¼lce|sarÄ± Ã§iÃ§ek
ğŸŒ¹|aÅŸk|bitki|Ã§iÃ§ek|gÃ¼l|kÄ±rmÄ±zÄ± gÃ¼l
ğŸ¥€|boynu bÃ¼kÃ¼k|Ã§iÃ§ek|gÃ¼l|kÄ±rgÄ±n|kÄ±rmÄ±zÄ± gÃ¼l|solmuÅŸ|Ã¼zgÃ¼n
ğŸŒº|atatÃ¼rk Ã§iÃ§eÄŸi|bitki|Ã§iÃ§ek|Ã§ingÃ¼lÃ¼|hatmi Ã§iÃ§eÄŸi
ğŸŒ»|ayÃ§iÃ§eÄŸi|bitki|Ã§iÃ§ek|gÃ¼neÅŸ
ğŸŒ¼|bitki|Ã§iÃ§ek aÃ§ma|sarÄ± Ã§iÃ§ek
ğŸŒ·|bitki|Ã§iÃ§ek|kÄ±rmÄ±zÄ± lale|lale
ğŸª»|acÄ± bakla|aslanaÄŸzÄ±|bahar|bitki|Ã§iÃ§ek|doÄŸa|eflatun|lavanta|lila|lupin|mor|sÃ¼mbÃ¼l
ğŸŒ±|fide|filizlenme|genÃ§ bitki|yeÅŸil
ğŸª´|bitki|Ã§iÃ§ek|dekor|doÄŸa|ev bitkisi|saksÄ± bitkisi|yeÅŸil|yetiÅŸtirme
ğŸŒ²|aÄŸaÃ§|Ã§am|noel aÄŸacÄ±|orman|yaprak dÃ¶kmeyen aÄŸaÃ§|yeni yÄ±l|yeÅŸil
ğŸŒ³|aÄŸaÃ§|orman|yaprak dÃ¶ken aÄŸaÃ§|yeÅŸil aÄŸaÃ§
ğŸŒ´|aÄŸaÃ§|palmiye aÄŸacÄ±|yaz|yeÅŸil
ğŸŒµ|bitki|Ã§Ã¶l|diken|kaktÃ¼s
ğŸŒ¾|baÅŸak|pirinÃ§ baÅŸaÄŸÄ±|pirinÃ§ bitkisi
ğŸŒ¿|bitki|ot|yaprak
ğŸ€|bitki|dÃ¶rt yapraklÄ± yonca|iskoÃ§|ÅŸanslÄ±|yaprak|yeÅŸil|yonca
ğŸ|akÃ§aaÄŸaÃ§ yapraÄŸÄ±|dÃ¼ÅŸen yaprak|kÄ±rmÄ±zÄ± yaprak|sarÄ± yaprak|sonbahar|turuncu yaprak|yaprak
ğŸ‚|dÃ¼ÅŸen|dÃ¼ÅŸmÃ¼ÅŸ|gÃ¼z|sonbahar|yapraklar
ğŸƒ|esen|rÃ¼zgardaki yaprak|yaprak
ğŸª¹|boÅŸ yuva|dal|doÄŸa|ev|kuÅŸ|yuva
ğŸªº|dal|doÄŸa|hayvan|huzur|kuÅŸ yuvasÄ±|yavru kuÅŸ|yumurta bulunan yuva|yuva
ğŸ„|bitki|kÄ±rmÄ±zÄ± mantar|mantar|masal
ğŸ‡|gÄ±da|meyve|salkÄ±m|Ã¼zÃ¼m
ğŸˆ|gÄ±da|kavun|meyve|meze|rakÄ±|yemek
ğŸ‰|gÄ±da|karpuz|meyve
ğŸŠ|gÄ±da|mandalina|meyve|portakal|turunÃ§
ğŸ‹|gÄ±da|limon|meyve|narenciye
ğŸ‹â€ğŸŸ©|limonlu turta|margarita|meyve|misket limonu|narenciye|salsa|tekila|tropik|yeÅŸil|yiyecek
ğŸŒ|gÄ±da|maymun|meyve|muz
ğŸ|ananas|gÄ±da|meyve|tropik
ğŸ¥­|mango|meyve|tropikal|yiyecek
ğŸ|elma|gÄ±da|kÄ±rmÄ±zÄ±|meyve
ğŸ|ekÅŸi elma|elma|gÄ±da|meyve|yeÅŸil|yiyecek
ğŸ|armut|ayÄ±|gÄ±da|meyve
ğŸ‘|gÄ±da|meyve|ÅŸeftali
ğŸ’|gÄ±da|kiraz|meyve
ğŸ“|Ã§ilek|gÄ±da|meyve|yumuÅŸak meyve
ğŸ«|daÄŸ mersini|likapa|mavi|mersin|meyve|orman meyvesi|yaban mersini|yemek|yiyecek
ğŸ¥|gÄ±da|kivi|meyve|yiyecek
ğŸ…|domates|gÄ±da|meyve|sebze
ğŸ«’|dal|yemek|yeÅŸil zeytin|yiyecek|zeytin dalÄ±
ğŸ¥¥|gÄ±da|hindistan cevizi|maymun|palmiye|pina colada|tropikal
ğŸ¥‘|avokado|gÄ±da|meyve|tropik|yiyecek
ğŸ†|gÄ±da|patlÄ±can|sebze|yemek
ğŸ¥”|gÄ±da|patates|sebze|yiyecek
ğŸ¥•|gÄ±da|havuÃ§|sebze|tavÅŸan|yiyecek
ğŸŒ½|baÅŸak|gÄ±da|mÄ±sÄ±r baÅŸaÄŸÄ±|mÄ±sÄ±r koÃ§anÄ±
ğŸŒ¶ï¸|acÄ±|biber|bitki|gÄ±da|kÄ±rmÄ±zÄ± biber
ğŸ«‘|biber|dolmalÄ±k biber|sebze|yemek|yeÅŸil biber|yiyecek
ğŸ¥’|gÄ±da|hÄ±yar|salatalÄ±k|sebze|turÅŸu|yiyecek
ğŸ¥¬|Ã§in lahanasÄ±|karalahana|lahana|marul|salata|sebze|yaprak|yemek|yeÅŸil yapraklÄ± sebze|yeÅŸillik|yiyecek
ğŸ¥¦|bitki|brokoli|gÄ±da|sebze|yabani lahana|yemek|yeÅŸil
ğŸ§„|baharat|sarÄ±msak
ğŸ§…|baharat|sebze|soÄŸan|yiyecek
ğŸ¥œ|fÄ±ndÄ±k|fÄ±stÄ±k|gÄ±da|kuruyemiÅŸ|sebze|yer fÄ±stÄ±ÄŸÄ±|yiyecek
ğŸ«˜|baklagil|barbunya|bitki|fasulye|gÄ±da|tohum|vegan|vejetaryen|yiyecek
ğŸŒ°|aÄŸaÃ§|bitki|gÄ±da|kestane
ğŸ«š|baharat|bira|bitki|Ã§eÅŸni|doÄŸal|kÃ¶k|saÄŸlÄ±k|ÅŸifalÄ±|yiyecek|yumru|zencefil
ğŸ«›|baklagil|barbunya|bezelye|edamame|fasulye sÄ±rÄ±ÄŸÄ±|kabuklu bezelye|sebze|vejetaryen
ğŸ„â€ğŸŸ«|doÄŸa|gÄ±da|kahverengi mantar|mantar|pizza malzemesi|portobello|sebze|ÅŸitaki|trÃ¼f|yiyecek
ğŸ|ekmek dilimi|gÄ±da|kahvaltÄ±|restoran|yemek
ğŸ¥|ay Ã§Ã¶reÄŸi|ekmek|fransÄ±z|gÄ±da|kruvasan|pastane|yiyecek
ğŸ¥–|baget|ekmek|fransÄ±z|gÄ±da|yiyecek
ğŸ«“|bazlama|ekmek|lavaÅŸ|naan|pide|pita|yassÄ± ekmek|yemek|yiyecek
ğŸ¥¨|burgu|Ã§ubuk kraker|gÄ±da|pretzel
ğŸ¥¯|bagel|donut|ekmek|fÄ±rÄ±n|kahvaltÄ±|pasta|peynirli simit|simit|sÃ¼rme peynir
ğŸ¥|gÄ±da|gÃ¶zleme|kahvaltÄ±|krep|pancake|pankek|yiyecek
ğŸ§‡|hamur|kahvaltÄ±|vafÄ±l|waffle
ğŸ§€|fare|gÄ±da|peynir dilimi
ğŸ–|et|gÄ±da|kemikli et|restoran|yemek
ğŸ—|but|gÄ±da|restoran|tavuk butu|yemek
ğŸ¥©|biftek|bonfile|et|gÄ±da|Ä±zgara|kÄ±rmÄ±zÄ± et|kuÅŸbaÅŸÄ±|parÃ§a et|sote|steak|yemek
ğŸ¥“|bacon|domuz pastÄ±rmasÄ±|et|gÄ±da|kahvaltÄ±|yiyecek
ğŸ”|Ã§izburger|gÄ±da|hamburger|restoran|yemek|yiyecek
ğŸŸ|gÄ±da|kÄ±zartma patates|mcdonaldâ€™s|patates kÄ±zartmasÄ±|restoran
ğŸ•|dilim|gÄ±da|peynirli pizza|pizza dilimi|restoran|yiyecek
ğŸŒ­|gÄ±da|hot dog|sosisli sandviÃ§
ğŸ¥ª|ekmek|gÄ±da|sandviÃ§|tost|yemek
ğŸŒ®|gÄ±da|meksika sandviÃ§i|tako
ğŸŒ¯|burito|dÃ¼rÃ¼m|gÄ±da|meksika dÃ¼rÃ¼mÃ¼|yemek
ğŸ«”|dÃ¼rÃ¼m|meksika yemeÄŸi|tamale|yemek|yiyecek
ğŸ¥™|dÃ¶ner|dÃ¼rÃ¼m|ekmek arasÄ±|falafel|gÄ±da|kebap|pide arasÄ±|sarma|yiyecek
ğŸ§†|falafel|kÃ¶fte|nohut
ğŸ¥š|gÄ±da|kahvaltÄ±|tavuk|yiyecek|yumurta
ğŸ³|gÄ±da|kahvaltÄ±|kÄ±zartma tavasÄ±|piÅŸirme|restoran|sahanda yumurta|tavada yumurta|yemek|yiyecek|yumurta
ğŸ¥˜|gÄ±da|gÃ¼veÃ§|kahvaltÄ±|krep tavasÄ±|kÃ¼Ã§Ã¼k|menemen|paella|sahanda yemek|tava|yemek|yiyecek
ğŸ²|gÄ±da|restoran|tencere yemeÄŸi|yahni|yemek tenceresi|yiyecek
ğŸ«•|Ã§ikolata|Ã§ubuk|daÄŸ|erimiÅŸ|fondÃ¼|isviÃ§re|kap|kayak|peynir|raklet|yemek|yiyecek
ğŸ¥£|Ã§orba|gÄ±da|kahvaltÄ±|kase|kaÅŸÄ±klÄ± kase|pirinÃ§ lapasÄ±|tahÄ±l gevreÄŸi|yemek
ğŸ¥—|gÄ±da|saÄŸlÄ±klÄ±|salata|yemek|yeÅŸil|yiyecek
ğŸ¿|gÄ±da|mÄ±sÄ±r|patlamÄ±ÅŸ mÄ±sÄ±r|sinema
ğŸ§ˆ|sÃ¼t Ã¼rÃ¼nÃ¼|tereyaÄŸÄ±
ğŸ§‚|baharatlÄ±k|beyaz|Ã§eÅŸni|tuzluk|yemek
ğŸ¥«|konserve domates|konserve gÄ±da
ğŸ±|bento paketi|gÄ±da|paket|restoran|sushi|yemek
ğŸ˜|gÄ±da|pirinÃ§ gevreÄŸi|yemek
ğŸ™|gÄ±da|onigiri|pirinÃ§ topu|restoran|yemek|yiyecek
ğŸš|gÄ±da|pilav|pirinÃ§|restoran
ğŸ›|gÄ±da|kÃ¶rili pilav|pirinÃ§|restoran|yemek
ğŸœ|buharda piÅŸmiÅŸ|eriÅŸte|gÄ±da|makarna|noodle tabaÄŸÄ±|restoran|tabak
ğŸ|gÄ±da|makarna|restoran|spagetti|yemek
ğŸ |fÄ±rÄ±nlanmÄ±ÅŸ patates|fÄ±rÄ±nlanmÄ±ÅŸ tatlÄ± patates|gÄ±da|restoran|tatlÄ± patates|tÄ±rÄ±nlanmÄ±ÅŸ
ğŸ¢|Ã§ubukta deniz Ã¼rÃ¼nleri|gÄ±da|kebap|oden|restoran|ÅŸiÅŸ kebap
ğŸ£|Ã§iÄŸ balÄ±k|gÄ±da|japon|restoran|sushi|suÅŸi nigiri
ğŸ¤|deniz Ã¼rÃ¼nÃ¼|gÄ±da|karides|kÄ±zarmÄ±ÅŸ karides|restoran|yiyecek
ğŸ¥|balÄ±k kÃ¶ftesi|Ã§Ã¶rek|gÄ±da|restoran|rulo balÄ±k kÃ¶ftesi|yiyecek
ğŸ¥®|ay pastasÄ±|Ã§Ã¶rek|festival|kek|pasta|sonbahar|tatlÄ±|yemek|yiyecek|yuÃ¨bÇng
ğŸ¡|Ã§ubukta pirinÃ§ tatlÄ±sÄ± toplarÄ±|dango|gÄ±da|japon pirinÃ§ tatlÄ±sÄ±|pirinÃ§ tatlÄ±sÄ± toplarÄ±|restoran|tatlÄ±
ğŸ¥Ÿ|empanada|gÄ±da|gyÅza|hamur kÃ¶ftesi|haÅŸlanmÄ±ÅŸ iÃ§li hamur|jiaozi|mantÄ±|pierogi|potsticker
ğŸ¥ |fal kurabiyesi|gÄ±da|iÃ§inden fal Ã§Ä±kan Ã§in kurabiye|kehanet|ÅŸans kurabiyesi|talih kurabiyesi
ğŸ¥¡|Ã§in yemeÄŸi|eve servis|gÄ±da|kutu|paket yemek|yemek|yiyecek paketi
ğŸ¦€|burÃ§|deniz|Ä±stakoz|yengeÃ§
ğŸ¦|bisque|deniz Ã¼rÃ¼nÃ¼|hayvan|Ä±stakoz|kabuklu|kÄ±rmÄ±zÄ±|kÄ±skaÃ§
ğŸ¦|deniz mahsulÃ¼|kabuklu deniz hayvanÄ±|karides|kÃ¼Ã§Ã¼k|okyanus|yiyecek
ğŸ¦‘|mÃ¼rekkep balÄ±ÄŸÄ±|okyanus|yiyecek|yumuÅŸakÃ§alar sÄ±nÄ±fÄ±
ğŸ¦ª|dalma|inci|istiridye
ğŸ¦|dondurma kÃ¼lahÄ±|gÄ±da|krema|kÃ¼lah|restoran|vanilyalÄ± dondurma|yumuÅŸak dondurma
ğŸ§|buz|meyveli|restoran
ğŸ¨|buz|dondurma|gÄ±da|krema|kup|restoran|tatlÄ±
ğŸ©|Ã§ikolatalÄ± donut|Ã§ikolatalÄ± lokma|donat|donut|doughnut|gÄ±da|restoran|tatlÄ±|yiyecek
ğŸª|Ã§ikolatalÄ± kurabiye|cookie|gÄ±da|kurabiye|restoran
ğŸ‚|dilek|doÄŸum gÃ¼nÃ¼ pastasÄ±|gÄ±da|iyi ki doÄŸdun|kek|krema|kutlama|mum|mutlu yÄ±llar|nice senelere|parti|pasta|tatlÄ±|Ã¼flemek|yaÅŸ gÃ¼nÃ¼|yemek|yiyecek
ğŸ°|dilim pasta|doÄŸum gÃ¼nÃ¼|gÄ±da|pasta dilimi|restoran
ğŸ§|cupcake|fÄ±rÄ±n|kapkek|kek|krema|muffin|pastane|pembe krema|ÅŸekerli|tatlÄ±|top kek|yemek
ğŸ¥§|elmalÄ± pay|gÄ±da|pasta|pay|poÄŸaÃ§a|ÅŸeftalili pay|tart|tatlÄ±|yemek
ğŸ«|bar|Ã§ikolata barÄ±|gÄ±da|restoran|tatlÄ±
ğŸ¬|bayram|restoran|ÅŸekerleme
ğŸ­|bayram|Ã§ocuk|gÄ±da|lolipop|restoran|ÅŸekerleme
ğŸ®|gÄ±da|krem karamel|puding|restoran|tatlÄ±
ğŸ¯|bal kabÄ±|gÄ±da|kahvaltÄ±|kap|restoran|tatlÄ±
ğŸ¼|bebek|biberon|iÃ§ecek|kÃ¼Ã§Ã¼k ÅŸiÅŸe|ÅŸiÅŸe|sÃ¼t
ğŸ¥›|bardak|gÄ±da|iÃ§ecek|sÃ¼t bardaÄŸÄ±
ğŸ«–|Ã§ay demlemek|Ã§aydanlÄ±k|demleme|demlik|iÃ§ecek
ğŸµ|Ã§ay fincanÄ±|iÃ§ecek|yeÅŸil Ã§ay
ğŸ¶|bar|fincan|iÃ§ecek|restoran|sake ÅŸiÅŸesi ve fincanÄ±|ÅŸiÅŸe
ğŸ¾|bar|iÃ§ki|kutlama|mantar|patlayan mantarlÄ± ÅŸiÅŸe|ÅŸampanya|ÅŸiÅŸe
ğŸ·|bardak ÅŸarap|iÃ§ecek|iÃ§edek|kadeh|kÄ±rmÄ±zÄ± ÅŸarap|restoran|ÅŸarap bardaÄŸÄ±|ÅŸarap kadehi
ğŸ¸|bar|kokteyl bardaÄŸÄ±|kokteyl kadehi|restoran
ğŸ¹|bar|iÃ§ecek|kokteyl|restoran|tropik
ğŸº|bar|bira kupasÄ±|kupa|restoran
ğŸ»|bar|bira kupalarÄ± tokuÅŸturma|iÃ§ki|kupalar|restoran
ğŸ¥‚|bardak|iÃ§ecek|kadeh tokuÅŸturma|kutlama|ÅŸampanya|tokuÅŸturma
ğŸ¥ƒ|bardak|iÃ§ki|kÄ±sa ve geniÅŸ bardak|likÃ¶r|tek iÃ§ki|viski
ğŸ«—|bardak|boÅŸ|cam|dÃ¶kmek|dÃ¶kÃ¼len sÄ±vÄ±|iÃ§ecek|kaza|sÄ±vÄ±
ğŸ¥¤|ayran|gazoz|iÃ§ecek|kamÄ±ÅŸlÄ± bardak|kola|pipetli bardak|plastik bardak
ğŸ§‹|baloncuk|boba|bubble tea|Ã§ay|iÃ§ecek|inci Ã§ayÄ±|sÃ¼t|tayvan
ğŸ§ƒ|iÃ§ecek kutusu|kutu meyve suyu|meyve suyu|pipet
ğŸ§‰|iÃ§ecek|mate Ã§ayÄ±
ğŸ§Š|aysberg|buz kÃ¼pÃ¼|soÄŸuk
ğŸ¥¢|chopsticks|Ã§in yemek Ã§ubuÄŸu|yemek Ã§ubuÄŸu|yemek Ã§ubuklarÄ±
ğŸ½ï¸|bÄ±Ã§ak|Ã§atal|tabakla birlikte Ã§atal ve bÄ±Ã§ak|yemek
ğŸ´|aÃ§|akÅŸam yemeÄŸi|beslenmek|bÄ±Ã§ak|brunch|Ã§atal ve bÄ±Ã§ak|eline saÄŸlÄ±k|kahvaltÄ±|leziz|meyhane|mutfak|Ã¶ÄŸle yemeÄŸi|piÅŸirmek|restoran|yemek|yiyecek
ğŸ¥„|kaÅŸÄ±k|yemek takÄ±mÄ±
ğŸ”ª|bÄ±Ã§ak|mutfak bÄ±Ã§aÄŸÄ±
ğŸ«™|baharatlÄ±k|bitmiÅŸ|boÅŸ|cam|kap|kavanoz|mutfak|saklama kabÄ±|sos|tamtakÄ±r
ğŸº|alet|amfora|antika|iÃ§ecek|kap|silah
ğŸŒ|afrika|avrupa|dÃ¼nya|yerkÃ¼rede avrupa-afrika
ğŸŒ|amerika bÃ¶lgeleri|dÃ¼nya|yerkÃ¼rede amerika
ğŸŒ|asya|avustralya|dÃ¼nya|yerkÃ¼rede asya-avustralya
ğŸŒ|boylamlar|dÃ¼nya|meridyenli yerkÃ¼re|yerkÃ¼re
ğŸ—ºï¸|dÃ¼nya haritasÄ±|harita
ğŸ—¾|harita|japonya haritasÄ±
ğŸ§­|hedef bulma|kaybolmak|manyetik|navigasyon|oryantiring|pusula|yÃ¶n bulma
ğŸ”ï¸|daÄŸ|karla kaplÄ± daÄŸ|soÄŸuk|uludaÄŸ
â›°ï¸|daÄŸ
ğŸŒ‹|daÄŸ|doÄŸa|volkan|yanardaÄŸ patlamasÄ±
ğŸ—»|daÄŸ|fuji daÄŸÄ±
ğŸ•ï¸|kamp yapma
ğŸ–ï¸|ada|kumsal|plaj ve ÅŸemsiye|ÅŸemsiye|tatil
ğŸœï¸|Ã§Ã¶l|gÃ¼neÅŸ|sÄ±cak
ğŸï¸|ada|Ã§Ã¶l|Ä±ssÄ±z ada
ğŸï¸|aÃ§Ä±k hava|doÄŸa|milli park|orman|park|ulusal park
ğŸŸï¸|maÃ§|stadyum
ğŸ›ï¸|bina|klasik|tarihi yapÄ±
ğŸ—ï¸|bina inÅŸaatÄ±|inÅŸaat|iÅŸ makinasÄ±|vinÃ§
ğŸ§±|duvar Ã¶rmek|harÃ§|inÅŸaat|kil|kiremit|kÄ±rmÄ±zÄ±|seramik|taÅŸ|tuÄŸlalar
ğŸª¨|aÄŸÄ±r|bÃ¼yÃ¼k kaya|Ã§akÄ±l|katÄ±|kayalÄ±k|sert|seyahat|taÅŸ
ğŸªµ|aÄŸaÃ§|ahÅŸap|kereste|kÃ¼tÃ¼k|odun|seyahat|tomruk
ğŸ›–|baraka|ev|kulÃ¼be|seyahat|sÄ±ÄŸÄ±nak|yer|yurt
ğŸ˜ï¸|bina|evler|komÅŸu|konut|site
ğŸšï¸|bina|ev|harabe|terkedilmiÅŸ ev
ğŸ |bina|ev|konut|yuva
ğŸ¡|bahÃ§eli ev|bina|evim evim gÃ¼zel evim|yazlÄ±k
ğŸ¢|belediye|bina|devlet dairesi|ofis binasÄ±
ğŸ£|bina|japon postanesi|postane
ğŸ¤|avrupa postanesi|bina|postane
ğŸ¥|bina|hastane|klinik|saÄŸlÄ±k ocaÄŸÄ±
ğŸ¦|banka|bina|dolar|para
ğŸ¨|bina|kalacak yer|otel
ğŸ©|aÅŸk oteli|bina|otel
ğŸª|24 saat aÃ§Ä±k|bina|market|sÃ¼rekli aÃ§Ä±k market
ğŸ«|bina|ilkokul|lise|okul binasÄ±
ğŸ¬|bÃ¼yÃ¼k maÄŸaza|Ã§ok katlÄ± maÄŸaza|maÄŸaza
ğŸ­|bina|fabrika|sanayi
ğŸ¯|bina|japon kalesi|japon ÅŸatosu|kale|ÅŸato
ğŸ°|avrupalÄ±|bina|kale|ÅŸato
ğŸ’’|dÃ¼ÄŸÃ¼n|evlenme|kilisede evlenme|romantizm
ğŸ—¼|kule|tokyo kulesi
ğŸ—½|heykel|new york|nyc|Ã¶zgÃ¼rlÃ¼k heykeli
â›ª|bina|din|haÃ§|hristiyan|kilise|papaz
ğŸ•Œ|cami|din|ibadethane|islam|mescit|mÃ¼slÃ¼man
ğŸ›•|hindu tapÄ±naÄŸÄ±|tapÄ±nak
ğŸ•|din|musevi|sinagog|tapÄ±nak|yahudi
â›©ï¸|din|ÅŸinto tapÄ±naÄŸÄ±|tapÄ±nak
ğŸ•‹|din|islam|kabe|kÃ¢be|mÃ¼slÃ¼man
â›²|Ã§eÅŸme|fÄ±skiye|sÃ¼s havuzu
â›º|Ã§adÄ±r|kamp yeri
ğŸŒ|sisli
ğŸŒƒ|gece|ÅŸehir|yÄ±ldÄ±zlar|yÄ±ldÄ±zlÄ± gece
ğŸ™ï¸|bina|gÃ¶kdelen|ÅŸehir manzarasÄ±
ğŸŒ„|daÄŸlarÄ±n arasÄ±ndan gÃ¼neÅŸin doÄŸuÅŸu|daÄŸlarÄ±n ardÄ±nda gÃ¼neÅŸ|gÃ¼neÅŸ|sabah gÃ¼neÅŸi
ğŸŒ…|gÃ¼n doÄŸumu|gÃ¼neÅŸin doÄŸuÅŸu|sabah gÃ¼neÅŸi|ÅŸafak
ğŸŒ†|akÅŸam|alacakaranlÄ±k|bina|gÃ¼n batÄ±mÄ±|manzara|ÅŸehirde alacakaranlÄ±k
ğŸŒ‡|alacakaranlÄ±k|binalarÄ±n Ã¼zerinden gÃ¼n batÄ±mÄ±|gÃ¶kdelen|gÃ¼n batÄ±mÄ±|maslak|new york|ÅŸehir
ğŸŒ‰|boÄŸaz|gece vakti kÃ¶prÃ¼|golden gate|kÃ¶prÃ¼|manzara
ğŸ |atlÄ± karÄ±nca|atlÄ±karÄ±nca atÄ±|eÄŸlence|karusel
ğŸ›|Ã§ocuk parkÄ±|eÄŸlence parkÄ±|kaydÄ±rak|kaymak|oyun|park
ğŸ¡|dolap|dÃ¶nme|eÄŸlence parkÄ±|lunapark
ğŸ¢|eÄŸlence parkÄ±|hÄ±z treni|lunapark|roller coaster|tren
ğŸ’ˆ|berber dÃ¼kkanÄ±|berber iÅŸareti|iÅŸaret
ğŸª|Ã§adÄ±r|eÄŸlence|sirk Ã§adÄ±rÄ±
ğŸš‚|buharlÄ± lokomotif|lokomotif|seyahat|taÅŸÄ±t|tren yolu
ğŸšƒ|demir yolu|demiryolu|elektrikli tren|taÅŸÄ±t|toplu taÅŸÄ±ma|tramvay|vagon
ğŸš„|hÄ±zlÄ± tren|marmaray|metro|shinkansen|taÅŸÄ±t|tren|yÃ¼ksek hÄ±zlÄ± tren
ğŸš…|hÄ±zlÄ± tren|mermi burunlu shinkansen|shinkansen|taÅŸÄ±t|tren|yuvarlak uÃ§lu yÃ¼ksek hÄ±zlÄ± tren
ğŸš†|demiryolu|taÅŸÄ±t|tren
ğŸš‡|marmaray|metro|taÅŸÄ±t|toplu taÅŸÄ±ma|tren|ulaÅŸÄ±m
ğŸšˆ|demiryolu|hafif raylÄ±|taÅŸÄ±t|tren yolculuÄŸu|tren yolu
ğŸš‰|istasyon|taÅŸÄ±t|tren istasyonu|tren yolu
ğŸšŠ|metrobÃ¼s|taÅŸÄ±t|tramvay
ğŸš|araÃ§|metro|monoray|taÅŸÄ±t|tramvay
ğŸš|daÄŸ teleferiÄŸi|demiryolu|taÅŸÄ±t|teleferik|tren|vagon|yolculuk
ğŸš‹|taÅŸÄ±t|toplu taÅŸÄ±ma|tramvay vagonu|vagon
ğŸšŒ|minibÃ¼s|otobÃ¼s|taÅŸÄ±t|toplu taÅŸÄ±ma
ğŸš|araba|otobÃ¼s|servis|taÅŸÄ±t|toplu taÅŸÄ±ma|yaklaÅŸan
ğŸš|otobÃ¼s|taÅŸÄ±t|toplu taÅŸÄ±ma|troleybÃ¼s
ğŸš|minibÃ¼s|otobÃ¼s|taÅŸÄ±t|toplu taÅŸÄ±ma
ğŸš‘|acil|ambulans|taÅŸÄ±t
ğŸš’|araba|itfaiye arabasÄ±|itfaiye kamyonu|taÅŸÄ±t|yangÄ±n
ğŸš“|araba|devriye arabasÄ±|polis arabasÄ±|taÅŸÄ±t
ğŸš”|polis arabasÄ±|taÅŸÄ±t|yaklaÅŸan polis arabasÄ±
ğŸš•|araba|sarÄ± taksi|taksi|taÅŸÄ±t
ğŸš–|taksi|taÅŸÄ±t|yaklaÅŸan taksi
ğŸš—|araba|araÃ§|otomobil|taÅŸÄ±t
ğŸš˜|araba|araÃ§|otomobil|taÅŸÄ±t|yaklaÅŸan
ğŸš™|aile arabasÄ±|araba|cip|eÄŸlence taÅŸÄ±tÄ±|karavan|mavi araba|minivan|spor araba|taÅŸÄ±t
ğŸ›»|araba|araÃ§|gitmek|kamyonet|otomobil|pikap|seyahat|ulaÅŸÄ±m|yol
ğŸšš|eve servis|kamyon|nakliye kamyonu|taÅŸÄ±t|teslimat kamyonu|ulaÅŸtÄ±rma
ğŸš›|araba|araÃ§|Ã§ekici|kamyon|taÅŸÄ±t|tÄ±r|treyler
ğŸšœ|taÅŸÄ±t|traktÃ¶r
ğŸï¸|araba|gokart|yarÄ±ÅŸ arabasÄ±
ğŸï¸|motor|motosiklet|yarÄ±ÅŸ
ğŸ›µ|motorlu skuter|skuter
ğŸ¦½|eriÅŸilebilirlik|tekerlekli sandalye
ğŸ¦¼|akÃ¼lÃ¼ tekerlekli sandalye|elektrikli tekerlekli sandalye|eriÅŸilebilirlik
ğŸ›º|elektrikli Ã§ekÃ§ek|tuk tuk
ğŸš²|bisiklete binmek|cycling|sÃ¼rÃ¼ÅŸ|taÅŸÄ±t
ğŸ›´|ayakla sÃ¼rÃ¼len skuter|skuter
ğŸ›¹|kaykaycÄ±|kaymak|rampa|spor|tahta|tekerlek
ğŸ›¼|paten kaymak|patenle kaymak|roller blade|roller skate|seyahat|spor|tekerlekli patenler
ğŸš|durak|minibÃ¼s duraÄŸÄ±|otobÃ¼s duraÄŸÄ±|toplu taÅŸÄ±ma
ğŸ›£ï¸|anayol|cadde|Ã§evre yolu|otoban|otoyol
ğŸ›¤ï¸|demiryolu|tren yolu
ğŸ›¢ï¸|benzin fÄ±Ã§Ä±sÄ±|fÄ±Ã§Ä±|petrol varili|varil
â›½|akaryakÄ±t istasyonu|benzin istasyonu|benzinci|gaz|istasyon|pompa|yakÄ±t pompasÄ±
ğŸ›|araba|Ã§ark|dÃ¶nÃ¼ÅŸ|jant|lastik|otomobil|seyahat|tekerlek|yedek parÃ§a|yolculuk
ğŸš¨|alarm|araba|polis arabasÄ±|polis lambasÄ±|polis tepe lambasÄ±|siren|tepe lambasÄ±
ğŸš¥|Ä±ÅŸÄ±k|trafik lambasÄ±|trafik sinyalleri|yatay trafik Ä±ÅŸÄ±ÄŸÄ±|yatay trafik Ä±ÅŸÄ±klarÄ±
ğŸš¦|dikey trafik Ä±ÅŸÄ±ÄŸÄ±|dikey trafik Ä±ÅŸÄ±klarÄ±|Ä±ÅŸÄ±k|trafik Ä±ÅŸÄ±klarÄ±|trafik lambasÄ±|trafik sinyalleri
ğŸ›‘|dur iÅŸareti|iÅŸaret|sekizgen
ğŸš§|inÅŸaat iÅŸareti|iÅŸaret
ğŸ›Ÿ|can simidi|cankurtaran simidi|deniz|gÃ¼venlik|havuz|hayat kurtaran|kurtarmak|Ã¶nlem|simit|yÃ¼zme
â›µ|deniz tatil yeri|deniz tatili|tatil yeri|tekne|yat|yelkenli tekne
ğŸ›¶|bot|kano|kayÄ±k|tekne
ğŸš¤|bot|sÃ¼rat teknesi|taÅŸÄ±t|tekne
ğŸ›³ï¸|gemi|motor|taÅŸÄ±t|tekne|vapur|yolcu gemisi
â›´ï¸|arabalÄ± vapur|feribot|gemi|tekne|vapur
ğŸ›¥ï¸|motorlu tekne|taÅŸÄ±t|tekne|toplu taÅŸÄ±ma|vapur|yat
ğŸš¢|gemi|seyahat|taÅŸÄ±t|titanik|toplu taÅŸÄ±ma|tur|vapur
ğŸ›©ï¸|kÃ¼Ã§Ã¼k uÃ§ak|taÅŸÄ±t|uÃ§ak
ğŸ›«|check in|chek in|kalkan uÃ§ak|kalkÄ±ÅŸ|taÅŸÄ±t|uÃ§ak
ğŸ›¬|inen uÃ§ak|iniÅŸ|inmek|taÅŸÄ±t|uÃ§ak|varÄ±ÅŸ|varmak
ğŸª‚|delta kanat|deniz paraÅŸÃ¼tÃ¼|paraÅŸÃ¼tle atlama
ğŸ’º|koltuk|sandalye
ğŸš|helikopter|taÅŸÄ±t
ğŸšŸ|asma|demiryolu|taÅŸÄ±t
ğŸš |daÄŸ teleferiÄŸi|daÄŸ teleferik hattÄ±|kablo|taÅŸÄ±t|teleferik|telesiyej|vagon
ğŸš¡|gondol|hava tramvayÄ±|havadan yol|kablo yolu|taÅŸÄ±t|teleferik|tramvay
ğŸ›°ï¸|araÃ§|uydu|uzay
ğŸš€|Ã§Ä±kÄ±ÅŸ|roket|taÅŸÄ±t|uzay|yolculuk
ğŸ›¸|uÃ§an daire|ufo|uzaylÄ±
ğŸ›ï¸|Ã§an|otel|resepsiyon zili|zil
ğŸ§³|bagaj|bavul|Ã§anta|seyahat|tatil|valiz|yolculuk
âŒ›|kum saati
â³|akan kum saati|kum akan kum saati|kum saati|sayaÃ§|zamanlayÄ±cÄ±
âŒš|kol saati|saat
â°|alarm|Ã§alar saat|saat
â±ï¸|kronometre|saat
â²ï¸|alarm|saat|zamanlayÄ±cÄ±
ğŸ•°ï¸|raf saati|saat
ğŸ•›|12:00|on iki|saat 12
ğŸ•§|12:30|on iki buÃ§uk|on iki otuz|saat|yarÄ±m
ğŸ•|1:00|bir|saat 1
ğŸ•œ|1:30|bir buÃ§uk|saat
ğŸ•‘|2:00|iki|saat 2
ğŸ•|2:30|iki buÃ§uk|saat
ğŸ•’|3:00|saat 3|Ã¼Ã§
ğŸ•|3:30|saat|Ã¼Ã§ buÃ§uk
ğŸ•“|4:00|dÃ¶rt|saat 4
ğŸ•Ÿ|4:30|dÃ¶rt buÃ§uk|saat
ğŸ•”|5:00|beÅŸ|saat 5
ğŸ• |5:30|beÅŸ buÃ§uk|saat
ğŸ••|6:00|altÄ±|saat 6
ğŸ•¡|6:30|altÄ± buÃ§uk|saat
ğŸ•–|7:00|saat 7|yedi
ğŸ•¢|7:30|saat|yedi buÃ§uk
ğŸ•—|8:00|saat 8|sekiz
ğŸ•£|8:30|saat|sekiz buÃ§uk
ğŸ•˜|9:00|dokuz|saat 9
ğŸ•¤|9:30|dokuz buÃ§uk|saat
ğŸ•™|10:00|on|saat 10
ğŸ•¥|10:30|on buÃ§uk|saat
ğŸ•š|11:00|on bir|saat 11
ğŸ•¦|11:30|on bir buÃ§uk|saat
ğŸŒ‘|ay|karanlÄ±k|yeni
ğŸŒ’|ay|bÃ¼yÃ¼yen ay|hilal|yÃ¼kselen
ğŸŒ“|ay|ilk dÃ¶rdÃ¼n|uzay
ğŸŒ”|ay|geniÅŸ ay|ÅŸiÅŸkin|yÃ¼kselen
ğŸŒ•|ay|dolunay|parlak|tam ay
ğŸŒ–|ay|kÃ¼Ã§Ã¼len ay|ÅŸiÅŸkin|solgun|uzay
ğŸŒ—|ay|dÃ¶rdÃ¼n|son dÃ¶rdÃ¼n
ğŸŒ˜|ay kararmasÄ±|ay tutulmasÄ±|gece|gÃ¶kyÃ¼zÃ¼|hilal|ince ay|solgun|uzay
ğŸŒ™|ay|dilek|gece|gÃ¶kyÃ¼zÃ¼|hilal|uzay|yeni ay
ğŸŒš|ay|gece|yeni ay yÃ¼zÃ¼|yÃ¼zÃ¼ olan yeni ay
ğŸŒ›|ay|dÃ¶rdÃ¼n|ilk dÃ¶rdÃ¼n ay yÃ¼zÃ¼|yÃ¼zÃ¼ olan ay|yÃ¼zÃ¼ olan ilk dÃ¶rdÃ¼n
ğŸŒœ|ay|dÃ¶rdÃ¼n|son dÃ¶rdÃ¼n ay yÃ¼zÃ¼|yÃ¼zÃ¼ olan ay|yÃ¼zÃ¼ olan son dÃ¶rdÃ¼n
ğŸŒ¡ï¸|derece|hava durumu|termometre
ğŸŒ|ay|dolunay yÃ¼zÃ¼|yÃ¼zÃ¼ olan ay|yÃ¼zÃ¼ olan dolunay
ğŸŒ|gÃ¼neÅŸ|parlak|sÄ±cak|yaz|yÃ¼z
ğŸª|halkalÄ± gezegen|satÃ¼rn
â­|beyaz orta yÄ±ldÄ±z|gece|gÃ¶kyÃ¼zÃ¼|kutup yÄ±ldÄ±zÄ±|yÄ±ldÄ±z
ğŸŒŸ|dilek yÄ±ldÄ±zÄ±|kÄ±vÄ±lcÄ±m|kutup yÄ±ldÄ±zÄ±|parÄ±ldama|parÄ±ldayan yÄ±ldÄ±z|parlak|parlayan yÄ±ldÄ±z|pÄ±rÄ±ltÄ±|yÄ±ldÄ±z
ğŸŒ |gece|kayan|meteor yaÄŸmuru|uzay|yÄ±ldÄ±z kaymasÄ±
ğŸŒŒ|gÃ¶kyÃ¼zÃ¼|samanyolu|uzay
â›…|bulutlar ardÄ±ndaki gÃ¼neÅŸ|bulutlu gÃ¼neÅŸ|gÃ¼neÅŸ|hava|parÃ§alÄ± bulutlu
â›ˆï¸|bulut|gÃ¶kgÃ¼rÃ¼ltÃ¼sÃ¼|hava durumu|ÅŸimÅŸek ve yaÄŸmurlu bulut|yaÄŸmur
ğŸŒ¤ï¸|bulutun arkasÄ±ndaki gÃ¼neÅŸ|gÃ¼neÅŸ|hava durumu|parÃ§alÄ± bulutlu
ğŸŒ¥ï¸|bulutta kaybolan gÃ¼neÅŸ|gÃ¼neÅŸ|hava durumu|parÃ§alÄ± bulutlu
ğŸŒ¦ï¸|bulut|gÃ¼neÅŸ|hava durumu|parÃ§alÄ± bulutlu|yaÄŸmur bulutunun arkasÄ±ndaki gÃ¼neÅŸ|yer yer yaÄŸmur
ğŸŒ§ï¸|bulut|hava durumu|yaÄŸmur bulutu
ğŸŒ¨ï¸|bulut|hava durumu|kar bulutu|soÄŸuk
ğŸŒ©ï¸|bulut|fÄ±rtÄ±na|hava durumu|ÅŸimÅŸek bulutu|yÄ±ldÄ±rÄ±m
ğŸŒªï¸|bulut|fÄ±rtÄ±na|hava durumu|hortum|tayfun
ğŸŒ«ï¸|bulut|gÃ¶kyÃ¼zÃ¼|hava durumu|sis
ğŸŒ¬ï¸|esme|hava durumu|rÃ¼zgar
ğŸŒ€|baÅŸ dÃ¶nmesi|hortum|siklon|tayfun
ğŸŒˆ|biseksÃ¼el|gay|gÃ¶kkuÅŸaÄŸÄ±|hava durumu|lezbiyen|yaÄŸmur
ğŸŒ‚|kapalÄ± ÅŸemsiye|ÅŸemsiye|yaÄŸmurlu
â›±ï¸|gÃ¶lge|gÃ¼neÅŸ|hava durumu|kumsal|plaj|sabit ÅŸemsiye|ÅŸemsiye|yaÄŸmur
âš¡|doÄŸa|elektrik|fÄ±rtÄ±na|iÅŸaret|ÅŸimÅŸek|tehlike|voltaj|yÄ±ldÄ±rÄ±m|yÃ¼ksek voltaj iÅŸareti|yÃ¼ksek voltaj tehlikesi
â›„|kar yaÄŸmadan kardan adam|kardan adam|karsÄ±z kardan adam|kÄ±ÅŸ|soÄŸuk
ğŸ”¥|alev|ateÅŸ|sÄ±cak|yakmak
ğŸ’§|Ã§izgi roman|damlacÄ±k|su|terli
ğŸŒŠ|dalga|okyanus dalgasÄ±|sÃ¶rf|su dalgasÄ±
ğŸƒ|cadÄ±lar bayramÄ±|fener|halloween|jack|kabak|kutlama
ğŸ„|aÄŸaÃ§|Ã§am|kutlama|noel aÄŸacÄ±|sÃ¼s|yÄ±lbaÅŸÄ±
ğŸ†|eÄŸlence|havai fiÅŸek|Ä±ÅŸÄ±k|kutlama
ğŸ‡|fiÅŸek|havai fiÅŸek|kÄ±vÄ±lcÄ±m|kutlama|patlama
ğŸ§¨|ateÅŸ|bomba|dinamit|havai fiÅŸek|kÄ±rmÄ±zÄ±|kÄ±vÄ±lcÄ±m|maytap|patlama|patlayÄ±cÄ±
ğŸˆ|balon|doÄŸumgÃ¼nÃ¼|kÄ±rmÄ±zÄ± balon|kutlama|parti
ğŸ‰|harika|konfeti|kutlama|parti konfetisi|tebrikler
ğŸŠ|konfeti topu|kutlama|top
ğŸ‹|aÄŸaÃ§ ve kaÄŸÄ±t ÅŸeritler|japon|kaÄŸÄ±t ÅŸeritler|kutlama|star festivali|tanabata aÄŸacÄ±
ğŸ|bambu|Ã§am sÃ¼sleme|japon|kutlama|yeni yÄ±l
ğŸ|bebek festivali|festival|japon oyuncak bebekleri|kutlama
ğŸ|flama|kutlama|sazan ÅŸekilli flama
ğŸ|Ã§an|rÃ¼zgar Ã§anÄ±
ğŸ‘|ay izleme tÃ¶reni|izleme|kutlama
ğŸ§§|Ã§in hediyesi|hediye|hÃ³ngbÄo|iyi ÅŸanslar|kÄ±rmÄ±zÄ± kaÄŸÄ±t|kÄ±rmÄ±zÄ± zarf|lai see|para|uzak doÄŸu|zarf
ğŸ€|kÄ±z|kurdele|kutlama|pembe kurdele
ğŸ|doÄŸum gÃ¼nÃ¼|hediye|kutlama|paketlenmiÅŸ hediye|paketli
ğŸ—ï¸|anma kurdelesi|kurdele|kutlama
ğŸŸï¸|bilet|giriÅŸ bileti
ğŸ«|bilet|eÄŸlence|giriÅŸ
ğŸ–ï¸|askeri|kutlama|madalya
ğŸ†|kupa|Ã¶dÃ¼l|zafer kupasÄ±
ğŸ…|altÄ±n madalya|madalya|spor madalyasÄ±
ğŸ¥‡|altÄ±n|birincilik madalyasÄ±|madalya
ğŸ¥ˆ|gÃ¼mÃ¼ÅŸ|ikincilik madalyasÄ±|madalya
ğŸ¥‰|bronz|madalya|Ã¼Ã§Ã¼ncÃ¼lÃ¼k madalyasÄ±
âš½|futbol|spor|topu
âš¾|beyzbol topu|spor|top
ğŸ¥|beyzbol eldiveni|eldiven|kol|oyun|softball|spor|tenis topu|top oynamak|yuvarlak
ğŸ€|basketbol potasÄ±|basketbol topu|pota|spor|top
ğŸ|maÃ§|top|voleybol topu
ğŸˆ|amerikan futbolu|spor|top
ğŸ‰|futbol topu|ragbi futbolu|ragbi topu|spor|top
ğŸ¾|spor|tenis raketi ve topu|tenis topu|top
ğŸ¥|atmak|disk|fÄ±rlatmak|frizbi|oynamak|oyuncak|turuncu|tutmak|ultimate
ğŸ³|bovling ekipmanÄ±|bovling topu|oyun|top
ğŸ|kriket|maÃ§|sopa|top
ğŸ‘|Ã§im hokeyi|hokey|maÃ§|saha|sopa|top
ğŸ’|buz hokeyi ve disk|disk|hokey|maÃ§|sopa
ğŸ¥|atÄ±ÅŸ|gol|lakros|maÃ§|oyun|raket|sayÄ±|sopa|spor|top|vurmak
ğŸ“|maÃ§|masa tenisi|pinpon|raket|top
ğŸ¸|badminton|maÃ§|raket|tÃ¼ylÃ¼ top
ğŸ¥Š|boks eldiveni|eldiven|spor
ğŸ¥‹|dÃ¶vÃ¼ÅŸ sporu formasÄ±|forma|judo|karate|spor|tekvando
ğŸ¥…|aÄŸ|kale aÄŸÄ±|spor
â›³|delikteki bayrak|golf bayraÄŸÄ±
â›¸ï¸|buz pateni|paten
ğŸ£|balÄ±kÃ§Ä±|dinlenme|eÄŸlence|kamÄ±ÅŸ olta ve balÄ±k|olta
ğŸ¤¿|aletli dalÄ±ÅŸ|dalgÄ±Ã§ maskesi|dalÄ±ÅŸ maskesi|skuba|ÅŸnorkelle dalÄ±ÅŸ
ğŸ½|Ã§izgili koÅŸu tiÅŸÃ¶rtÃ¼|koÅŸu tiÅŸÃ¶rtÃ¼|spor|tiÅŸÃ¶rt
ğŸ¿|bot|kayak ve bot|spor
ğŸ›·|kar|kaymak|kÄ±zak
ğŸ¥Œ|curling taÅŸÄ±|kÃ¶rling oyunu|kÃ¶rling taÅŸÄ±|oyun|taÅŸ
ğŸ¯|hedefe isabet|isabet|on ikiden vurma|oyun|tam isabet
ğŸª€|inip Ã§Ä±kma|oyuncak|yoyo
ğŸª|sÃ¼zÃ¼lme|uÃ§ma|uÃ§urtma
ğŸ”«|revolver|silah|su tabancasÄ±|tabanca
ğŸ±|bilardo|oyun|sekiz top
ğŸ”®|fal bakma|kristal|kÃ¼re
ğŸª„|aktivite|asa|bÃ¼yÃ¼cÃ¼|cadÄ±|deÄŸnek|etkinlik|sihirbaz|sihirli asa|sihirli deÄŸnek
ğŸ®|kontrol cihazÄ±|oyun konsolu|oyun kontrol cihazÄ±|video oyunu|xbox
ğŸ•¹ï¸|oyun Ã§ubuÄŸu|video oyunu
ğŸ°|kollu makina|kumar makinesi|oyun|ÅŸans oyunu
ğŸ²|oyun zarÄ±|tavla|zar
ğŸ§©|bulmaca|ipucu|karmaÅŸÄ±k|kenetleme|oyun|parÃ§a|puzzle|yap boz|yapboz parÃ§asÄ±
ğŸ§¸|ayÄ±cÄ±k|Ã§ocuk|dolgu|oyuncak|peluÅŸ|pelÃ¼ÅŸ|sevimli|uyku
ğŸª…|aktivite|cinco de mayo|etkinlik|kutlama|meksika|parti|pinata|pinyata|ÅŸapka|ÅŸeker
ğŸª©|90â€˜lar|aynalÄ± kÃ¼re|dans|disko topu|eÄŸlence|gece hayatÄ±|gece kulÃ¼bÃ¼|parlak|parti
ğŸª†|aktivite|babuÅŸka|bebekler|etkinlik|iÃ§ iÃ§e|matruÅŸka bebekleri|oyuncak|rusya
â™Ÿï¸|harcanabilir|kullanÄ±lma|piyon|satranÃ§
ğŸƒ|iskambil kartÄ±|joker|kart
ğŸ€„|ejderha|kÄ±zÄ±l ejder mahjong taÅŸÄ±|mahjong|taÅŸ
ğŸ´|Ã§iÃ§ekli kart|Ã§iÃ§ekli oyun kaÄŸÄ±tlarÄ±|hanafuda|kaÄŸÄ±t oyunu|kart|oyun
ğŸ­|eÄŸlence|performans sanatÄ±|sahne sanatlarÄ±|sanat|tiyatro
ğŸ–¼ï¸|Ã§erÃ§eve|mÃ¼ze|resimli Ã§erÃ§eve|sanat|yaÄŸlÄ± boya
ğŸ¨|boya paleti|palet|ressam|sanatÃ§Ä± paleti
ğŸ§µ|dikiÅŸ|dikmek|iÄŸne|iplik|kÄ±rmÄ±zÄ± ip|makara|terzi
ğŸª¡|aktivite|dikiÅŸ iÄŸnesi|dikme|etkinlik|iÄŸne|iplik|nakÄ±ÅŸ|sÃ¶kÃ¼k|terzi
ğŸ§¶|iplik yumaÄŸÄ±|kedi|kroÅŸe|Ã¶rgÃ¼ ipi|tÄ±ÄŸ|top|yumak|yÃ¼n
ğŸª¢|aktivite|baÄŸlama|baÄŸlÄ±|denizci dÃ¼ÄŸÃ¼mÃ¼|dolaÅŸÄ±k|dÃ¼ÄŸÃ¼m|halat|sicim
ğŸ‘“|giyim|gÃ¶zlÃ¼k
ğŸ•¶ï¸|gÃ¶zlÃ¼k|gÃ¼neÅŸ gÃ¶zlÃ¼ÄŸÃ¼|kara|siyah gÃ¶zlÃ¼k
ğŸ¥½|dalgÄ±Ã§ gÃ¶zlÃ¼ÄŸÃ¼|dalÄ±ÅŸ gÃ¶zlÃ¼ÄŸÃ¼|dalmak|emniyet gÃ¶zlÃ¼ÄŸÃ¼|gÃ¶z korumasÄ±|gÃ¶zlÃ¼k|iÅŸ gÃ¶zlÃ¼ÄŸÃ¼|kar gÃ¶zlÃ¼ÄŸÃ¼|kayak gÃ¶zlÃ¼ÄŸÃ¼|kaynak gÃ¶zlÃ¼ÄŸÃ¼|kaynakÃ§Ä± gÃ¶zlÃ¼ÄŸÃ¼|koruma gÃ¶zlÃ¼ÄŸÃ¼|koruyucu gÃ¶zlÃ¼k|yÃ¼zme|yÃ¼zÃ¼cÃ¼ gÃ¶zlÃ¼ÄŸÃ¼
ğŸ¥¼|beyaz Ã¶nlÃ¼k|bilim insanÄ±|deney|doktor Ã¶nlÃ¼ÄŸÃ¼|dr|giysi|gÃ¶mlek|hasta bakÄ±cÄ±|hastane|laboratuvar Ã¶nlÃ¼ÄŸÃ¼|Ã¶nlÃ¼k
ğŸ¦º|acil durum|gÃ¼venlik yeleÄŸi|yelek
ğŸ‘”|giyim|gÃ¶mlek|iÅŸ adamÄ±|kravat|takÄ±m kÄ±yafet
ğŸ‘•|alÄ±ÅŸveriÅŸ|giyim|gÃ¶mlek|tiÅŸÃ¶rt
ğŸ‘–|blucin|blue jean|bluejean|giyim|kot pantalon|pantolon
ğŸ§£|atkÄ±|sÄ±kÄ± giyinmek|soÄŸuk|yaka
ğŸ§¤|eldiven|mavi eldiven
ğŸ§¥|ceket|kaban|manto|mont|sÄ±kÄ± giyinmek|soÄŸuk
ğŸ§¦|Ã§orap
ğŸ‘—|alÄ±ÅŸveriÅŸ|elbise|giyim|kokteyl elbisesi|ÅŸÄ±k|tek parÃ§a
ğŸ‘˜|elbise|giyim|kimono
ğŸ¥»|elbise|giysi|sari
ğŸ©±|mayo|tek parÃ§a mayo
ğŸ©²|alt|iÃ§ Ã§amaÅŸÄ±rÄ±|mayo|slip|tek parÃ§a
ğŸ©³|alt|iÃ§ Ã§amaÅŸÄ±rÄ±|mayo|ÅŸort
ğŸ‘™|benekli bikini|bikini|deniz giysisi|giyim|havuz|kumsal|tatil|yaz
ğŸ‘š|alÄ±ÅŸveriÅŸ|bluz|giyim|giysiler|kadÄ±n giysisi
ğŸª­|Ã§Ä±rpma|dans|flÃ¶rt|heyecan|nesne|ÅŸak|serinletme|sÄ±cak|utangaÃ§|yelleme|yelpaze
ğŸ‘›|bozuk para Ã§antasÄ±|cÃ¼zdan|giyim
ğŸ‘œ|Ã§anta|el Ã§antasÄ±|giyim|kadÄ±n el Ã§antasÄ±
ğŸ‘|Ã§anta|giyim|para kesesi
ğŸ›ï¸|alÄ±ÅŸveriÅŸ Ã§antasÄ±|Ã§anta|hediye|otel|paket
ğŸ’|kÄ±rmÄ±zÄ± sÄ±rt Ã§antasÄ±|okul Ã§antasÄ±|okul sÄ±rt Ã§antasÄ±|sÄ±rt Ã§antasÄ±
ğŸ©´|ayakkabÄ±|deniz terliÄŸi|eÅŸya|flip flop|kumsal terliÄŸi|parmak arasÄ± terlik|sahil|sandalet|terlik|zori
ğŸ‘|ayakkabÄ±|erkek ayakkabÄ±sÄ±|giyim
ğŸ‘Ÿ|ayakkabÄ±|bez ayakkabÄ±|giyim|koÅŸu ayakkabÄ±sÄ±|spor
ğŸ¥¾|ayakkabÄ±|bot|daÄŸcÄ±lÄ±k|kamp|kar botu|kÄ±ÅŸlÄ±k|sÄ±rt Ã§antasÄ±|yÃ¼rÃ¼mek|yÃ¼rÃ¼yÃ¼ÅŸ botu
ğŸ¥¿|ayakkabÄ±|babet|bale ayakkabÄ±sÄ±|dans|dÃ¼z ayakkabÄ±|pabuÃ§|patik|puant|rahat|terlik|topuksuz|yeÅŸil ayakkabÄ±|yÃ¼rÃ¼mek|yÃ¼rÃ¼yÃ¼ÅŸ
ğŸ‘ |ayakkabÄ±|giyim|kÄ±rmÄ±zÄ± ayakkabÄ±|topuklu ayakkabÄ±|yÃ¼ksek topuklu ayakkabÄ±
ğŸ‘¡|ayakkabÄ±|giyim|kadÄ±n sandaleti|sandalet|topuklu ayakkabÄ±
ğŸ©°|bale ayakkabÄ±larÄ±|bale pabucu|dans
ğŸ‘¢|bot|Ã§izme|giyim|kadÄ±n botu|kadÄ±n Ã§izmesi
ğŸª®|afro saÃ§|kÄ±vÄ±rcÄ±k saÃ§|nesne|perma taraÄŸÄ±|saÃ§|seÃ§me|tarak|tarama|toka
ğŸ‘‘|giyim|kraliÃ§e|kraliyet|taÃ§
ğŸ‘’|giyim|kadÄ±n ÅŸapkasÄ±|ÅŸapka
ğŸ©|eÄŸlence|ÅŸapka|sihirbaz|silindir ÅŸapka
ğŸ“|kep|kutlama|mezuniyet kepi
ğŸ§¢|beyzbol ÅŸapkasÄ±|ÅŸapka|siperli ÅŸapka
ğŸª–|asker kaskÄ±|askerlik|eÅŸya|kafa|kask|miÄŸfer|ordu|savaÅŸÃ§Ä±
â›‘ï¸|beyaz haÃ§lÄ± kask|haÃ§|kask|meslek|ÅŸapka|yardÄ±m ekibi kaskÄ±|yÃ¼z
ğŸ“¿|boncuk|din|dua|giyim|kolye|tesbih|tespih
ğŸ’„|kÄ±rmÄ±zÄ± ruj|kozmetik|makyaj|ruj
ğŸ’|alyans|evlilik|nikah|niÅŸan|pÄ±rlanta yÃ¼zÃ¼k|romantizm|tek taÅŸ|yÃ¼zÃ¼k
ğŸ’|elmas|mÃ¼cevher taÅŸÄ±|pÄ±rlanta|romantizm
ğŸ”‡|iptal iÅŸaretli hoparlÃ¶r|lÃ¼tfen sessiz olun|ses kapalÄ±|sessiz olun
ğŸ”ˆ|hoparlÃ¶r ses dÃ¼zeyi|kÄ±sÄ±k ses|ses dÃ¼zeyi
ğŸ”‰|dÃ¼ÅŸÃ¼k sesli hoparlÃ¶r|ses aÃ§Ä±k
ğŸ”Š|yÃ¼ksek sesli hoparlÃ¶r
ğŸ“¢|halka hitap|hoparlÃ¶r|iletiÅŸim|megafon
ğŸ“£|iletiÅŸim|karÅŸÄ±lama|megafon
ğŸ“¯|borozan|klakson|posta klaksonu
ğŸ””|Ã§an|kilise|ses|tenefÃ¼s|zil
ğŸ”•|Ã§an yok|iptal iÅŸaretli Ã§an|ses yok|sessiz|Ã¼zeri Ã§izili zil
ğŸ¼|mÃ¼zik partisyonu|partisyon|sol anahtarÄ±
ğŸµ|mÃ¼zik notasÄ±|nota
ğŸ¶|mÃ¼zik notalarÄ±|notalar
ğŸ™ï¸|mikrofon|mÃ¼zik|stÃ¼dyo mikrofonu
ğŸšï¸|ayar Ã§ubuÄŸu|ayarlama Ã§ubuÄŸu|kol|mÃ¼zik
ğŸ›ï¸|dÃ¼ÄŸme|kontrol dÃ¼ÄŸmeleri|mÃ¼zik
ğŸ¤|eÄŸlence|karaoke|mikrofon|mÃ¼zik|ÅŸarkÄ±cÄ±
ğŸ§|eÄŸlence|kulaklÄ±k|mÃ¼zik
ğŸ“»|radyo|video
ğŸ·|alet|mÃ¼zik aleti|saksafon
ğŸª—|akordeon|akordiyon|armonika|Ã§almak|enstrÃ¼man|eÅŸya|kÃ¶rÃ¼k|mÃ¼zik aleti|tuÅŸ
ğŸ¸|alet|elektrik gitar|gitar|mÃ¼zik aleti
ğŸ¹|alet|klavye|mÃ¼zik aleti|mÃ¼zik klavyesi|piyano
ğŸº|alet|mÃ¼zik aleti|trompet
ğŸ»|alet|keman|mÃ¼zik aleti
ğŸª•|banjo|mÃ¼zik|yaylÄ±
ğŸ¥|bateri|davul|mÃ¼zik|ramazan davulu|tokmak
ğŸª˜|conga|davul Ã§almak|enstrÃ¼man|eÅŸya|mÃ¼zik aleti|perkÃ¼syon|ritim|ritm|tempo|tumba|uzun davul|vurmak|vuruÅŸ
ğŸª‡|alet|Ã§aÃ§a|Ã§Ä±ngÄ±rak|dans|enstrÃ¼man|marakas|mÃ¼zik aleti|nesne|parti|perkÃ¼syon|sallamalÄ±|vurmalÄ±
ğŸªˆ|ahÅŸap Ã¼flemeli|bando|blokflÃ¼t|boru|enstrÃ¼man|fife|fifre|flÃ¼t|kaval|mÃ¼zik|nefesli|orkestra|recorder|Ã¼flemeli
ğŸ“±|cep telefonu|iphone|mobil telefon|telefon
ğŸ“²|Ã§aÄŸrÄ± yapmak|cep telefonu|mobil telefon|ok iÅŸaretli cep telefonu|telefon
â˜ï¸|kÄ±rmÄ±zÄ± telefon|telefon
ğŸ“|ahize|alÄ±cÄ±|telefon
ğŸ“Ÿ|Ã§aÄŸrÄ± cihazÄ±|iletiÅŸim
ğŸ“ |faks makinesi|iletiÅŸim
ğŸ”‹|pil
ğŸª«|az ÅŸarj|batarya|dÃ¼ÅŸÃ¼k enerji|dÃ¼ÅŸÃ¼k pil|elektronik|gÃ¼Ã§sÃ¼z|nesne|pil|ÅŸarj
ğŸ”Œ|elektrik fiÅŸi
ğŸ’»|bilgisayar|dizÃ¼stÃ¼ bilgisayar|kiÅŸisel
ğŸ–¥ï¸|bilgisayar|masaÃ¼stÃ¼
ğŸ–¨ï¸|bilgisayar|yazÄ±cÄ±
ğŸ–±ï¸|bilgisayar faresi|dÃ¼ÄŸme|fare
ğŸ–²ï¸|bilgisayar|iz topu
ğŸ’½|bilgisayar|disk|mini disk
ğŸ’¾|disket|floppy
ğŸ’¿|cd|disk|dvd|optik disk
ğŸ“€|blu-ray|cd|disk|dvd|mÃ¼zik
ğŸ§®|abakÃ¼s|Ã§ocuk|hesaplama|renkli abakÃ¼s
ğŸ¥|eÄŸlence|film kamerasÄ±|sinema
ğŸï¸|film kareleri|film karesi|sinema
ğŸ“½ï¸|film projektÃ¶rÃ¼|projektÃ¶r|sinema|video
ğŸ¬|eÄŸlence|film tahtasÄ±|tahta
ğŸ“º|televizyon|tv|video
ğŸ“·|fotoÄŸraf makinesi|video
ğŸ“¸|flaÅŸlÄ± fotoÄŸraf makinesi|kamera|video
ğŸ“¹|kamera|video
ğŸ“¼|teyp|video kaseti|videokaset
ğŸ”|arama|bÃ¼yÃ¼teÃ§|cam|sola dÃ¶nÃ¼k bÃ¼yÃ¼teÃ§|solu gÃ¶steren bÃ¼yÃ¼teÃ§
ğŸ”|arama|bÃ¼yÃ¼teÃ§|cam|saÄŸa dÃ¶nÃ¼k bÃ¼yÃ¼teÃ§|saÄŸÄ± gÃ¶steren bÃ¼yÃ¼teÃ§
ğŸ•¯ï¸|Ä±ÅŸÄ±k|mum
ğŸ’¡|ampul|bir fikrim var|Ã§izgi roman|elektrik|Ä±ÅŸÄ±k
ğŸ”¦|el feneri|elektrik|Ä±ÅŸÄ±k
ğŸ®|bar|fener|izakaya|kÄ±rmÄ±zÄ± kaÄŸÄ±t fener|restoran
ğŸª”|diya|lamba|yaÄŸ
ğŸ“”|dekorasyonlu not defteri|kapak|not defteri|sÃ¼slÃ¼ not defteri
ğŸ“•|kapalÄ± kitap|kitap|kÄ±rmÄ±zÄ± kitap
ğŸ“–|aÃ§Ä±k defter|aÃ§Ä±k kitap|defter|kitap|okul
ğŸ“—|eÄŸitim|kitap|kÃ¼tÃ¼phane|okul|yeÅŸil kitap
ğŸ“˜|kitap|mavi kitap
ğŸ“™|kitap|turuncu kitap
ğŸ“š|kitaplar
ğŸ““|defter|not defteri
ğŸ“’|not defteri|resmi defter
ğŸ“ƒ|kenarÄ± kÄ±vrÄ±lmÄ±ÅŸ sayfa|kÄ±vrÄ±k sayfa|sayfa
ğŸ“œ|bildiri|kaÄŸÄ±t|parÅŸÃ¶men
ğŸ“„|dokÃ¼man|Ã¶n yÃ¼zÃ¼ gÃ¶rÃ¼nen sayfa|sayfa|yÃ¼zÃ¼ yukarÄ±da sayfa
ğŸ“°|gazete|haber|kaÄŸÄ±t|kÃ¢ÄŸÄ±t
ğŸ—ï¸|gazete|haber|kaÄŸÄ±t|rulo
ğŸ“‘|ayraÃ§lar|iÅŸaretÃ§i|sayfa ayraÃ§larÄ±|sayfa iÅŸareti
ğŸ”–|defter|iÅŸaret|kitap|not|yer iÅŸareti
ğŸ·ï¸|etiket
ğŸ’°|Ã§anta|dolar Ã§antasÄ±|para Ã§uvalÄ±|para torbasÄ±|zengin
ğŸª™|altÄ±n|avro|bozuk para|dolar|eÅŸya|euro|gÃ¼mÃ¼ÅŸ|hazine|jeton|madeni para|metal|para|sikke|zengin
ğŸ’´|banknot|dÃ¶viz|para|yen
ğŸ’µ|banknot|dolar|dÃ¶viz|fatura|para
ğŸ’¶|avro|banknot|dÃ¶viz|euro|fatura|para
ğŸ’·|banknot|dÃ¶viz|para|sterlin
ğŸ’¸|banka|banknot|kanatlÄ± para|para|uÃ§an banknot
ğŸ’³|kart|kredi kartÄ±
ğŸ§¾|bakiye|belge|defter tutma|dekont|ekstre|evrak|fatura|finans|fiÅŸ|hesap|irsaliye|kaÄŸÄ±t|kanÄ±t|kayÄ±t|makbuz|maliyet|muhasebe|senet
ğŸ’¹|banka|grafik|para|piyasa|yen simgeli artÄ±ÅŸ grafiÄŸi|yukarÄ± giden grafik|yukarÄ± yÃ¶nlÃ¼
ğŸ“§|e-posta|iletiÅŸim|mektup|posta
ğŸ“¨|alÄ±nan posta|e-posta|gelen|iletiÅŸim|mektup|posta|zarf
ğŸ“©|e-posta|giden|gÃ¶nderilen posta|iletiÅŸim|mektup|oklu zarf|posta|zarf
ğŸ“¤|giden kutusu|iletiÅŸim|kutu|posta|tepsi
ğŸ“¥|gelen kutusu|iletiÅŸim|kutu|posta|tepsi
ğŸ“¦|kutu|paket|posta
ğŸ“«|iÅŸareti kaldÄ±rÄ±lmÄ±ÅŸ posta kutusu|iÅŸareti yukarÄ±da kapalÄ± posta kutusu|kapalÄ±|posta
ğŸ“ª|iÅŸareti aÅŸaÄŸÄ±da kapalÄ± posta kutusu|iÅŸareti indirilmiÅŸ posta kutusu|kapalÄ±|posta
ğŸ“¬|aÃ§Ä±k|iÅŸareti kaldÄ±rÄ±lmÄ±ÅŸ aÃ§Ä±k posta kutusu|iÅŸareti yukarÄ±da aÃ§Ä±k posta kutusu|posta
ğŸ“­|aÃ§Ä±k|iÅŸareti aÅŸaÄŸÄ±da aÃ§Ä±k posta kutusu|iÅŸareti indirilmiÅŸ aÃ§Ä±k posta kutusu|posta
ğŸ“®|posta kutusu
ğŸ—³ï¸|kutu|oy sandÄ±ÄŸÄ±|sandÄ±k|seÃ§im
âœï¸|kurÅŸun kalem
ğŸ–‹ï¸|dolma kalem|kalem|mÃ¼rekkepli kalem
ğŸ–Šï¸|kalem|tÃ¼kenmez kalem
ğŸ–Œï¸|boya fÄ±rÃ§asÄ±|boyama|fÄ±rÃ§a
ğŸ–ï¸|boya|mum|pastel
ğŸ“|ders|iletiÅŸim|kalem kaÄŸÄ±t|not defteri
ğŸ’¼|evrak Ã§antasÄ±|mÃ¼fettiÅŸ|ofis
ğŸ“|dosya klasÃ¶rÃ¼|klasÃ¶r
ğŸ“‚|aÃ§Ä±k dosya klasÃ¶rÃ¼|dosya|klasÃ¶r
ğŸ—‚ï¸|ayÄ±rÄ±cÄ±|dizin|dosya|kart
ğŸ“…|takvim|tarih
ğŸ“†|koparmalÄ± takvim|takvim sayfasÄ±|tarih
ğŸ—’ï¸|defter|not|spiral not defteri
ğŸ—“ï¸|defter|spiral|takvim
ğŸ“‡|dizin|kart dizini|rolodeks
ğŸ“ˆ|artÄ±ÅŸ grafiÄŸi|grafik|yukarÄ± yÃ¶nlÃ¼|yÃ¼kselen grafik
ğŸ“‰|alÃ§alan grafik|aÅŸaÄŸÄ± yÃ¶nlÃ¼|grafik|iniÅŸ grafiÄŸi
ğŸ“Š|Ã§ubuk grafiÄŸi|grafik
ğŸ“‹|duyuru|pano
ğŸ“Œ|iÄŸne|raptiye
ğŸ“|iÄŸne|raptiye|yuvarlak raptiye
ğŸ“|ataÅŸ|klips
ğŸ–‡ï¸|ataÅŸ|baÄŸlantÄ±|iÃ§ iÃ§e geÃ§miÅŸ ataÅŸlar
ğŸ“|cetvel|dÃ¼z cetvel
ğŸ“|cetvel|gÃ¶nye|Ã¼Ã§gen
ğŸ—ƒï¸|dosya kutusu|kart kutusu|kutu
ğŸ—„ï¸|dolap|dosya dolabÄ±
ğŸ—‘ï¸|Ã§Ã¶p sepeti
ğŸ”’|kapalÄ± kilit|kilit
ğŸ”“|aÃ§Ä±k|kilidini aÃ§ma|kilit
ğŸ”|gizlilik|kilit ve kalem|mÃ¼rekkepli kalemli kilit
ğŸ”|anahtarlÄ± kapalÄ± kilit|anahtarlÄ± kilit|gÃ¼venli
ğŸ”‘|anahtar|kilit|parola|ÅŸifre
ğŸ—ï¸|anahtar|eski|ipucu|kilit
ğŸ”¨|araÃ§|Ã§ekiÃ§
ğŸª“|aÄŸaÃ§|balta|kesme|kÄ±sa balta|odun|yarma
â›ï¸|alet|kazma|maden
ğŸ› ï¸|alet|Ã§ekiÃ§ ve ingiliz anahtarÄ±|Ã§ekiÃ§ ve somun anahtarÄ±|ingiliz anahtarÄ±
ğŸ—¡ï¸|bÄ±Ã§ak|hanÃ§er|silah
ğŸ’£|bomba|Ã§izgi roman|duygu
ğŸªƒ|aborjin|atmak|avustralya|boomerang|bumerang|eÅŸya|fÄ±rlatmak|geri gelmek|geri tepme|oyun|sekme|silah|tepki
ğŸ¹|araÃ§|burÃ§|ok ve yay|okÃ§u|silah|yay
ğŸ›¡ï¸|kalkan|silah
ğŸªš|alet|eÅŸya|kereste|kesmek|marangoz|odun|testere
ğŸ”§|araÃ§|ingiliz anahtarÄ±|somun anahtarÄ±
ğŸª›|alet|dÃ¼z uÃ§lu|eÅŸya|montaj|sÄ±kÄ±ÅŸtÄ±rmak|sÄ±kma|tamirci|tornavida|usta|vida
ğŸ”©|araÃ§|somun ve vida|vida
ğŸ—œï¸|alet|mengene|sÄ±kÄ±ÅŸtÄ±rma
ğŸ¦¯|eriÅŸilebilirlik|gÃ¶rme engelli bastonu
ğŸ”—|baÄŸlantÄ± iÅŸareti|baÄŸlantÄ±lar|iki halka
â›“ï¸â€ğŸ’¥|kelepÃ§e|kÄ±rÄ±k zincir|kÄ±rmak|Ã¶zgÃ¼rlÃ¼k|patlama|zincirleri kÄ±rmak
â›“ï¸|zincir
ğŸª|askÄ±|asmak|Ã§engellemek|eÄŸri|eÅŸya|kanca
ğŸ§°|alet Ã§antasÄ±|alet kutusu|Ã§anta|ingiliz anahtarÄ±|kÄ±rmÄ±zÄ±|kutu|onarmak|sandÄ±k|tamirat|tamirci
ğŸ§²|at nalÄ±|Ã§ekim|Ã§ekmek|elektrik yÃ¼kÃ¼|eÅŸ kutuplar|manyetik|mÄ±knatÄ±s|pozitif negatif|zÄ±t kutuplar
ğŸªœ|adÄ±m|aÅŸaÄŸÄ±|ayaklÄ± merdiven|basamak|Ã§Ä±kmak|eÅŸya|merdiven|tÄ±rmanÄ±ÅŸ|tÄ±rmanmak|yukarÄ±
ğŸ§ª|beher|bilim adamÄ±|bilim insanÄ±|bilim kadÄ±nÄ±|biyoloji|deney tÃ¼pÃ¼|deney yapmak|doktor|fizik|genetik|kimyacÄ±|kimyager|laboratuvar|test|tÃ¼p|yeÅŸil sÄ±vÄ±
ğŸ§«|bakteri|bilim|biyolog|biyoloji|damlatmak|deney tÃ¼pÃ¼|kimya|kÃ¼ltÃ¼r|laboratuvar|mikrop|petri kabÄ±|tÄ±p|virÃ¼s
ğŸ§¬|biyolog|biyoloji|dna|evrim|genetik|sarmal|yaÅŸam
ğŸ”¬|alet|bilim|labrotuar|mikroskop|test
ğŸ”­|alet|teleskop|uzay gÃ¶zlemleme
ğŸ“¡|anten|Ã§anak|iletiÅŸim|uydu anteni
ğŸ’‰|doktor|iÄŸne|ilaÃ§|ÅŸÄ±rÄ±nga
ğŸ©¸|Ã¢det|aybaÅŸÄ±|ilaÃ§|kan baÄŸÄ±ÅŸÄ±|kan damlasÄ±|menstrÃ¼asyon|regl|tÄ±p|yaralanma
ğŸ’Š|doktor|hap|ilaÃ§
ğŸ©¹|bandaj|bant|yapÄ±ÅŸkanlÄ± bandaj|yara bandÄ±
ğŸ©¼|araÃ§|baston|deÄŸnek|engellilik|kÄ±rÄ±k|koltuk deÄŸneÄŸi|nesne|sakatlanmak|yaralÄ±|yÃ¼rÃ¼me engelli|yÃ¼rÃ¼me yardÄ±mÄ±
ğŸ©º|doktor|kalp|stetoskop|tÄ±p
ğŸ©»|doktor|film|iskelet|kaburga|kemik|medikal|muayene|nesne|rÃ¶ntgen|tÄ±bbi|x Ä±ÅŸÄ±nÄ±
ğŸšª|kapÄ±
ğŸ›—|alt kat|aÅŸaÄŸÄ±|asansÃ¶r|Ã§aÄŸÄ±rmak|Ã§Ä±kmak|eriÅŸilebilirlik|eÅŸya|inmek|lift|Ã¼st kat|yukarÄ±
ğŸª|ayna|eÅŸya|gÃ¶rÃ¼ntÃ¼|makyaj|reflektÃ¶r|spekulum|yansÄ±ma|yansÄ±tÄ±cÄ±
ğŸªŸ|cam|Ã§erÃ§eve|dÄ±ÅŸarÄ± bakmak|eÅŸya|izlemek|manzara|pencere|saydam|ÅŸeffaf|temiz hava
ğŸ›ï¸|otel|uyku|uyuma|yatak
ğŸ›‹ï¸|kanepe ve lamba|koltuk|lamba|otel
ğŸª‘|iskemle|oturma|sandalye
ğŸš½|alafranga tuvalet|klozet|tuvalet|wc
ğŸª |aÃ§Ä±cÄ±|Ã§ekme|eÅŸya|lavabo aÃ§Ä±cÄ±|lavabo pompasÄ±|pompa|tuvalet|vakum
ğŸš¿|duÅŸ|su
ğŸ›|banyo kÃ¼veti|kÃ¶pÃ¼klÃ¼ banyo
ğŸª¤|eÅŸya|fare kapanÄ±|kapan|kÄ±skaÃ§|kÄ±stÄ±rmak|peynir|tuzak|yem
ğŸª’|jilet|keskin|tÄ±raÅŸ|ustura
ğŸ§´|gÃ¼neÅŸ koruyucu|gÃ¼neÅŸ kremi|krem|losyon ÅŸiÅŸesi|nemlendirici|saÃ§ kremi|ÅŸampuan ÅŸiÅŸesi|ÅŸiÅŸe
ğŸ§·|bebek bezi|Ã§engelli|dikiÅŸ|iÄŸne kancasÄ±|iÄŸnelemek|kanca|punk rock|tutturmak
ğŸ§¹|bÃ¼yÃ¼cÃ¼|cadÄ±|ev iÅŸi|harry potter|sÃ¼pÃ¼rge|sÃ¼pÃ¼rmek|temizlik|uÃ§mak
ğŸ§º|Ã§amaÅŸÄ±r sepeti|Ã§iftÃ§ilik|hasÄ±r|piknik sepeti|sepet
ğŸ§»|banyo|emici|havlu|kaÄŸÄ±t rulosu|rulo|silmek|temizlik|tuvalet kaÄŸÄ±dÄ±
ğŸª£|bakraÃ§|eÅŸya|fÄ±Ã§Ä±|gerdel|kap|kepÃ§e|kova|sap|silmek|temizlik
ğŸ§¼|banyo yapmak|el sabunu|el yÄ±kamak|kalÄ±p|katÄ± sabun|kÃ¶pÃ¼k|kÃ¶pÃ¼rmek|kÃ¶pÃ¼rtmek|sabun kÃ¶pÃ¼ÄŸÃ¼|sabunlamak|sabunluk|temizlik|yÄ±kamak|yÄ±kanmak
ğŸ«§|baloncuk|hava kabarcÄ±ÄŸÄ±|kabarcÄ±k|kÃ¶pÃ¼k|nesne|sabun|su altÄ±|temiz
ğŸª¥|aÄŸÄ±z|banyo|dental|diÅŸ fÄ±rÃ§asÄ±|eÅŸya|fÄ±rÃ§a|hijyen|lavabo|oral hijyen|temizlik
ğŸ§½|banyo yapmak|bulaÅŸÄ±k|emici|emmek|ev iÅŸi|gÃ¶zenekli|keselemek|kÃ¶pÃ¼rmek|kÃ¶pÃ¼rtmek|silmek|sÃ¼nger|temizlik|yÄ±kamak|yÄ±kanmak
ğŸ§¯|ateÅŸ|sÃ¶ndÃ¼rmek|yangÄ±n sÃ¶ndÃ¼rÃ¼cÃ¼|yangÄ±n tÃ¼pÃ¼
ğŸ›’|alÄ±ÅŸveriÅŸ arabasÄ±|araba|pazar arabasÄ±
ğŸš¬|duman|iÅŸaret|sigara iÃ§ilebilir|sigara iÃ§me iÅŸareti
âš°ï¸|cenaze|Ã¶lÃ¼m|tabut
ğŸª¦|cenaze|defin|defnetmek|eÅŸya|huzur iÃ§inde uyu|huzur iÃ§inde yat|mezar taÅŸÄ±|mezarlÄ±k|nur iÃ§inde yat|Ã¶lÃ¼m
âš±ï¸|cenaze|kÃ¼l kavanozu|Ã¶lÃ¼m|vazo
ğŸ§¿|boncuk|gÃ¶z|iyi ÅŸans|kem gÃ¶z|kÃ¶tÃ¼ ÅŸans|maÅŸallah|mavi boncuk|muska|nazar boncuÄŸu|nazar deÄŸmesin|nazarlÄ±k|tÄ±lsÄ±m
ğŸª¬|fatÄ±maâ€™nÄ±n eli|fatma anaâ€™nÄ±n eli|fatmaâ€™nÄ±n eli|hamsa|koruyucu|meryem|muska|nazarlÄ±k|ÅŸans|sembol
ğŸ—¿|heykel|moyai heykeli|taÅŸtan surat
ğŸª§|bildiri|dÃ¶viz|eÅŸya|gÃ¶steri|iÅŸaret|levha|pankart|plaka|protesto|tabela
ğŸªª|belge|ehliyet|gÃ¼venlik|kart|kimlik bilgisi|kimlik kartÄ±|lisans|nesne|nÃ¼fus cÃ¼zdanÄ±
ğŸ§|atm iÅŸareti|otomatik|vezne
ğŸš®|Ã§Ã¶p kutusu iÅŸareti|Ã§Ã¶pÃ¼ yerine atÄ±n|iÅŸaret
ğŸš°|iÃ§ilebilir su|iÃ§me suyu|iÅŸaret|musluk ve bardak|su
â™¿|eriÅŸim|iÅŸaret|tekerlekli sandalye eriÅŸimi|tekerlekli sandalye sembolÃ¼|tekerlekli sandalye simgesi
ğŸš¹|erkekler tuvaleti|iÅŸaret|tuvalet
ğŸšº|bayanlar tuvaleti|iÅŸaret|kadÄ±nlar tuvaleti|tuvalet
ğŸš»|lavabo|tuvalet|wc
ğŸš¼|bebek alt deÄŸiÅŸtirme yeri|bebek iÅŸareti|bebek teknede
ğŸš¾|lavabo|tuvalet|wc
ğŸ›‚|kontrol|pasaport kontrolÃ¼
ğŸ›ƒ|gÃ¼mrÃ¼k
ğŸ›„|bagaj alma yeri|bagaj teslim|bavul|Ã§anta|seyahat
ğŸ›…|bagaj hizmeti|eÅŸya emanet|kasa|kayÄ±p bagaj
âš ï¸|dikkat|iÅŸaret|uyarÄ± iÅŸareti
ğŸš¸|Ã§ocuklar|iÅŸaret|karÅŸÄ±ya geÃ§en Ã§ocuklar|karÅŸÄ±ya geÃ§iÅŸ
â›”|girilmez iÅŸareti|hayÄ±r|iÅŸaret|yasak
ğŸš«|girilmez|girmek yasak|iÅŸaret
ğŸš³|bisiklet giremez|bisiklet yasak|taÅŸÄ±t
ğŸš­|duman|sigara iÃ§ilmez iÅŸareti|tÃ¼tÃ¼n|yasak
ğŸš¯|Ã§Ã¶p atÄ±lmaz|Ã§Ã¶p atmayÄ±n iÅŸareti|iÅŸaret
ğŸš±|iÃ§ilmeyen|iÃ§ilmez|su
ğŸš·|iÅŸaret|yayalar giremez|yayalara yasak|yÃ¼rÃ¼yen
ğŸ“µ|Ã§aÄŸrÄ± yapÄ±lmaz|cep telefonu yasak|mobil|telefon
ğŸ”|18 yaÅŸ altÄ± yasaktÄ±r|18â€˜den kÃ¼Ã§Ã¼kler giremez
â¬†ï¸|ana yÃ¶n|kuzey|ok|yÃ¶n|yukarÄ± ok|yukarÄ± yÃ¶nlÃ¼ ok
â¡ï¸|ana yÃ¶n|doÄŸu|ok|saÄŸ ok|yÃ¶n
â¬‡ï¸|ana yÃ¶n|aÅŸaÄŸÄ± yÃ¶nlÃ¼ ok|gÃ¼ney|ok|yÃ¶n
â¬…ï¸|ana yÃ¶n|batÄ±|ok|sol ok|yÃ¶n
â†©ï¸|ok|sola kÄ±vrÄ±mlÄ± saÄŸ ok
â†ªï¸|ok|saÄŸa kÄ±vrÄ±mlÄ± sol ok
ğŸ”ƒ|oklar|saat yÃ¶nÃ¼nde dikey oklar|saat yÃ¶nÃ¼nde dÃ¶nen oklar|saat yÃ¶nÃ¼ne dÃ¶nen oklar|yeniden yÃ¼kle iÅŸareti
ğŸ”„|oklar|saat yÃ¶nÃ¼nÃ¼n tersinde dÃ¶nen oklar|saat yÃ¶nÃ¼nÃ¼n tersine dÃ¶nen oklar
ğŸ”™|geri oku|ok|sol geri ok|sol ok
ğŸ”š|bitiÅŸ oku|ok|sol bitiÅŸ oku|sol ok
ğŸ”›|aÃ§Ä±k oku|ok|Ã¼nlem iÅŸareti ve okla aÃ§Ä±k
ğŸ”œ|ok|saÄŸ okla yakÄ±nda|yakÄ±nda iÅŸareti
ğŸ”|yukarÄ± iÅŸareti|yukarÄ± okla yukarÄ±|yukarÄ± oku
ğŸ›|din|ibadethane|tapÄ±nma
âš›ï¸|ateist|atom sembolÃ¼
ğŸ•‰ï¸|din|hinduizm|om
â˜¯ï¸|din|taocu|yang|yin
âœï¸|din|haÃ§|hristiyan|isa|latin haÃ§Ä±
â˜ªï¸|ay yÄ±ldÄ±z|din|islam|mÃ¼slÃ¼man
â˜®ï¸|barÄ±ÅŸ sembolÃ¼
ğŸ•|din|menora|mumluk|ÅŸamdan|yahudi ÅŸamdanÄ±
ğŸ”¯|altÄ± kÃ¶ÅŸeli yÄ±ldÄ±z|fal bakma|yÄ±ldÄ±z
ğŸª¯|deg tegh fateh|din|inanÃ§|khalsa|khanda|sihizm
â™Š|burÃ§lar|ikizler burcu
â™‹|burÃ§lar|yengeÃ§ burcu
â™Œ|aslan burcu|burÃ§lar
â™|baÅŸak burcu|burÃ§lar
â™|burÃ§lar|terazi burcu
â™|akrep burcu|burÃ§lar
â›|burÃ§lar|hain|iblis|yÄ±lancÄ±|zodyak
ğŸ”€|Ã§apraz saÄŸ oklar|oklar|parÃ§a karÄ±ÅŸtÄ±rma dÃ¼ÄŸmesi
ğŸ”|oklar|saat yÃ¶nÃ¼nde|tekrarlama dÃ¼ÄŸmesi
ğŸ”‚|1 sayÄ±sÄ± olan saat yÃ¶nÃ¼nde oklar|oklar|saat yÃ¶nÃ¼nde|tek parÃ§a tekrarlama dÃ¼ÄŸmesi
â–¶ï¸|ok|oynatma dÃ¼ÄŸmesi|saÄŸ|Ã¼Ã§gen
â©|ileri sarma dÃ¼ÄŸmesi|ok|saÄŸa Ã§ift ok
â­ï¸|ok|sonraki parÃ§a dÃ¼ÄŸmesi|sonraki sahne|Ã¼Ã§gen
â¯ï¸|duraklatma|ok|oynatma veya duraklatma dÃ¼ÄŸmesi|saÄŸ|Ã¼Ã§gen
â—€ï¸|geri dÃ¼ÄŸmesi|ok|sol|ters|Ã¼Ã§gen
âª|geri sarma dÃ¼ÄŸmesi|hÄ±zlÄ± geri dÃ¼ÄŸmesi|ok|sola Ã§ift ok
â®ï¸|ok|Ã¶nceki parÃ§a|Ã¶nceki sahne|parÃ§a atlama dÃ¼ÄŸmesi|son parÃ§a dÃ¼ÄŸmesi|Ã¼Ã§gen
ğŸ”¼|dÃ¼ÄŸme|Ã¼Ã§gen|yukarÄ± dÃ¼ÄŸmesi|yukarÄ± Ã¼Ã§gen dÃ¼ÄŸmesi
â«|hÄ±zlÄ± yukarÄ± dÃ¼ÄŸmesi|ok|yukarÄ± Ã§ift ok
ğŸ”½|aÅŸaÄŸÄ± dÃ¼ÄŸmesi|aÅŸaÄŸÄ± Ã¼Ã§gen dÃ¼ÄŸmesi|dÃ¼ÄŸme|Ã¼Ã§gen
â¬|aÅŸaÄŸÄ± Ã§ift ok|hÄ±zlÄ± aÅŸaÄŸÄ± dÃ¼ÄŸmesi|ok
â¸ï¸|Ã§ift Ã§izgi|Ã§ubuk|dikey|duraklatma dÃ¼ÄŸmesi
â¹ï¸|durdurma dÃ¼ÄŸmesi|kare
âºï¸|daire|kayÄ±t dÃ¼ÄŸmesi
âï¸|Ã§Ä±karma dÃ¼ÄŸmesi
ğŸ¦|eÄŸlence|film iÅŸareti|sinema
ğŸ”…|dÃ¼ÅŸÃ¼k parlaklÄ±k iÅŸareti|karanlÄ±k|parlaklÄ±k
ğŸ”†|parlaklÄ±k|yÃ¼ksek parlaklÄ±k iÅŸareti
ğŸ“¶|anten|Ã§ubuk iÅŸaretli anten|mobil|sinyal gÃ¼cÃ¼|telefon
ğŸ›œ|aÄŸ|akÄ±llÄ± telefon|baÄŸlantÄ±|bilgisayar|geniÅŸ bant|internet|kablosuz|modem|wifi|wlan
ğŸ“³|cep telefonu|mobil|mod|telefon|titreÅŸim modu
ğŸ“´|cep telefonu kapalÄ±|kapalÄ±|mobil|telefon
âš§ï¸|transgender sembolÃ¼|transseksÃ¼el
ğŸŸ°|eÅŸitlik|eÅŸittir iÅŸareti|iÅŸaret|kalÄ±n eÅŸittir iÅŸareti|matematik|sembol
â™¾ï¸|evrensel|sÄ±nÄ±rsÄ±z|sonsuzluk
â€¼ï¸|!!|Ã§ift Ã¼nlem|iÅŸaret|noktalama|Ã¼nlem
ğŸ’±|bozdurma|dÃ¶viz|kambiyo|para
ğŸ’²|dolar iÅŸareti|koyu renk dolar iÅŸareti|para
â™»ï¸|evrensel|geri dÃ¶nÃ¼ÅŸÃ¼m simgesi|iÅŸaret|koyu renk evrensel geri dÃ¶nÃ¼ÅŸÃ¼m simgesi
âšœï¸|fleur-de-lis|zambak
ğŸ”±|amblem|Ã§Ä±pa|Ã¼Ã§lÃ¼ Ã§atal iÅŸareti
ğŸ“›|ad rozeti|rozet
ğŸ”°|japonca yeni baÅŸlayan sembolÃ¼|yeni baÅŸlayan|yeÅŸil ve sarÄ± yaprak
â­•|Ã§ember|kalÄ±n Ã§ember|kalÄ±n kÄ±rmÄ±zÄ± Ã§ember|o
âŒ|Ã—|Ã§arpÄ± iÅŸareti|Ã§arpma|iptal|iÅŸaret|x
â|Ã—|Ã§arpÄ± iÅŸareti dÃ¼ÄŸmesi|Ã§arpÄ±m|Ã§arpma|kare|x kare iÃ§inde
â°|dÃ¶ngÃ¼|dÃ¶nÃ¼ÅŸ|kÄ±vrÄ±k dÃ¶ngÃ¼
â¿|Ã§ift kÄ±vrÄ±k dÃ¶ngÃ¼|japonya|kÄ±vrÄ±k dÃ¶ngÃ¼|Ã¼cretsiz numara
ã€½ï¸|bÃ¶lÃ¼m deÄŸiÅŸtirme iÅŸareti|iÅŸaret|parÃ§a deÄŸiÅŸtirme iÅŸareti
ğŸ” |abcd|bÃ¼yÃ¼k harfler|latin bÃ¼yÃ¼k harfleriyle giriÅŸ
ğŸ”¡|abcd|alfabe|kÃ¼Ã§Ã¼k harfler|latin kÃ¼Ã§Ã¼k harfleriyle giriÅŸ
ğŸ”¢|1234|sayÄ± giriÅŸi|sayÄ±lar
ğŸ”£|iÅŸaret giriÅŸi|iÅŸaretler
ğŸ”¤|abc|ingilizce|latin alfabesiyle giriÅŸ
ğŸ…°ï¸|a dÃ¼ÄŸmesi (kan grubu)|a grubu kan|kan grubu a|kÄ±rmÄ±zÄ± kutuda a harfi
ğŸ†|ab dÃ¼ÄŸmesi (kan grubu)|ab grubu kan|kan grubu ab
ğŸ…±ï¸|b grubu (kan grubu)|b grubu kan|b tuÅŸu|kan grubu b|kÄ±rmÄ±zÄ± kutuda b harfi
ğŸ†‘|cl dÃ¼ÄŸmesi|cl iÅŸareti|sil
ğŸ†’|cool dÃ¼ÄŸmesi|harika|hoÅŸ|serin iÅŸareti
ğŸ†“|bedava|bedelsiz|free dÃ¼ÄŸmesi|iÅŸaret|Ã¼cretsiz iÅŸareti
ğŸ†”|Ä±d dÃ¼ÄŸmesi|iÅŸaret|kimlik iÅŸareti
â“‚ï¸|daire iÃ§inde m harfi|m
ğŸ†•|iÅŸaret|new dÃ¼ÄŸmesi|yeni iÅŸareti
ğŸ†–|iÅŸaret|ng dÃ¼ÄŸmesi|ng iÅŸareti
ğŸ…¾ï¸|0 dÃ¼ÄŸmesi (kan grubu)|kan grubu o|o grubu kan
ğŸ†—|ok dÃ¼ÄŸmesi|ok iÅŸareti|tamam iÅŸareti
ğŸ…¿ï¸|p dÃ¼ÄŸmesi|park yeri
ğŸ†˜|iÅŸaret|sos dÃ¼ÄŸmesi|sos iÅŸareti|yardÄ±m
ğŸ†™|iÅŸaret|up! dÃ¼ÄŸmesi|yukarÄ±! iÅŸareti
ğŸ†š|iÅŸaret|karÅŸÄ±laÅŸtÄ±rma iÅŸareti|vs dÃ¼ÄŸmesi
ğŸˆ|burada|japonca "burada" dÃ¼ÄŸmesi|japonca burada iÅŸareti
ğŸˆ‚ï¸|japonca "servis Ã¼creti" dÃ¼ÄŸmesi|japonca "servis Ã¼creti" simgesi|servis Ã¼creti
ğŸˆ·ï¸|aylÄ±k|japonca "aylÄ±k Ã¼cret" dÃ¼ÄŸmesi|japonca "aylÄ±k" dÃ¼ÄŸmesi|japonca "aylÄ±k" sembolÃ¼
ğŸˆ¶|bedava deÄŸil|japonca "bedava deÄŸil" dÃ¼ÄŸmesi|japonca "bedava deÄŸil" simgesi|japonca "Ã¼cretsiz deÄŸil" dÃ¼ÄŸmesi
ğŸˆ¯|japonca "rezerve" dÃ¼ÄŸmesi|japonca rezerve sembolÃ¼|rezerve dÃ¼ÄŸmesi
ğŸ‰|indirim|japonca "avantaj" dÃ¼ÄŸmesi|japonca "indirim" dÃ¼ÄŸmesi|japonca "indirim" simgesi
ğŸˆ¹|indirim|japonca "indirim" dÃ¼ÄŸmesi|japonca "indirim" sembolÃ¼
ğŸˆš|bedava iÅŸareti|japonca "Ã¼cretsiz" dÃ¼ÄŸmesi|japonca bedava dÃ¼ÄŸmesi
ğŸˆ²|japon "yasak" dÃ¼ÄŸmesi|japon "yasak" sembolÃ¼|japonca "yasak" dÃ¼ÄŸmesi
ğŸ‰‘|japonca "kabul edilebilir" dÃ¼ÄŸmesi|japonca "kabul edilebilir" iÅŸareti|kabul edilebilir
ğŸˆ¸|baÅŸvuru|japonca "baÅŸvuru" dÃ¼ÄŸmesi|japonca "baÅŸvuru" simgesi|japonca "uygulama" dÃ¼ÄŸmesi
ğŸˆ´|geÃ§er not|japonca "geÃ§er not" dÃ¼ÄŸmesi
ğŸˆ³|Ã§ince|japonca "yer var" dÃ¼ÄŸmesi
ğŸˆº|iÅŸletme aÃ§Ä±k|japinca "iÅŸletme aÃ§Ä±k" dÃ¼ÄŸmesi|japonca "hizmete hazÄ±r" dÃ¼ÄŸmesi|japonca "iÅŸletme aÃ§Ä±k" sembolÃ¼
ğŸˆµ|japonca "yer yok" dÃ¼ÄŸmesi|yer yok
ğŸ”´|bÃ¼yÃ¼k kÄ±rmÄ±zÄ± Ã§ember|Ã§ember|kÄ±rmÄ±zÄ± daire
ğŸŸ |daire|turuncu
ğŸŸ¡|daire|sarÄ±
ğŸŸ¢|daire|yeÅŸil
ğŸ”µ|bÃ¼yÃ¼k mavi Ã§ember|Ã§ember|mavi daire
ğŸŸ£|daire|mor
ğŸŸ¤|daire|kahverengi
âš«|daire|geometri|siyah daire
âšª|beyaz daire|daire|geometri
ğŸŸ¥|kare|kÄ±rmÄ±zÄ±
ğŸŸ§|kare|turuncu
ğŸŸ¨|kare|sarÄ±
ğŸŸ©|kare|yeÅŸil
ğŸŸ¦|kare|mavi
ğŸŸª|kare|mor
ğŸŸ«|kahverengi|kare
â¬›|bÃ¼yÃ¼k siyah kare|geometri|kare|siyah kare
â¬œ|bÃ¼yÃ¼k beyaz kare|geometri|kare
â—¼ï¸|geometri|kare|orta boy siyah kare|siyah
â—»ï¸|geometri|gri|kare|orta boy beyaz kare
â—¾|geometri|kare|kÃ¼Ã§Ã¼k-orta siyah kare
â—½|geometri|gri|kare|kÃ¼Ã§Ã¼k-orta beyaz kare
â–ªï¸|geometri|kare|kÃ¼Ã§Ã¼k siyah kare
â–«ï¸|geometri|kare|kÃ¼Ã§Ã¼k beyaz kare
ğŸ”¶|bÃ¼yÃ¼k turuncu karo|karo|turuncu
ğŸ”·|bÃ¼yÃ¼k mavi karo|karo|mavi
ğŸ”¸|karo|kÃ¼Ã§Ã¼k turuncu karo|turuncu
ğŸ”¹|karo|kÃ¼Ã§Ã¼k mavi karo|mavi
ğŸ”º|kÄ±rmÄ±zÄ±|Ã¼Ã§gen|yukarÄ± bakan kÄ±rmÄ±zÄ± Ã¼Ã§gen|yukarÄ± kÄ±rmÄ±zÄ± Ã¼Ã§gen
ğŸ”»|aÅŸaÄŸÄ± bakan kÄ±rmÄ±zÄ± Ã¼Ã§gen|aÅŸaÄŸÄ± kÄ±rmÄ±zÄ± Ã¼Ã§gen|kÄ±rmÄ±zÄ±|Ã¼Ã§gen
ğŸ’ |baklava|Ã§izgi roman|elmas biÃ§imli|geometrik|iÃ§inde noktalÄ± baklava ÅŸekli|iÃ§inde noktalÄ± elmas biÃ§imi|iÃ§inde noktalÄ± karo|karo
ğŸ”˜|dÃ¼ÄŸme|radyo dÃ¼ÄŸmesi
ğŸ”³|beyaz kare dÃ¼ÄŸme|dÃ¼ÄŸme|kare
ğŸ”²|dÃ¼ÄŸme|kare|siyah kare dÃ¼ÄŸme
ğŸ|bayrak|bitiÅŸ|damalÄ±|ralli|spor|yarÄ±ÅŸ
ğŸš©|bayrak|iÅŸaret|kÄ±rmÄ±zÄ± bayrak|konum bilgisi iÅŸareti|konum iÅŸareti|Ã¼Ã§gen bayrak|Ã¼Ã§gen iÅŸaret|Ã¼Ã§gen konum iÅŸareti
ğŸŒ|bayraklar|Ã§apraz japon bayraklarÄ±|japon|kutlama
ğŸ´|bayrak|dalgalanan siyah bayrak|siyah bayrak
ğŸ³ï¸|bayrak|beyaz bayrak|dalgalanan bayrak
ğŸ³ï¸â€ğŸŒˆ|bayrak|biseksÃ¼el|gay|gÃ¶kkuÅŸaÄŸÄ± bayraÄŸÄ±|homoseksÃ¼el|lezbiyen|lgbt|trans
ğŸ³ï¸â€âš§ï¸|aÃ§Ä±k mavi|bayrak|beyaz|pembe|transgender bayraÄŸÄ±
ğŸ´â€â˜ ï¸|hazine|jolly roger|korsan bayraÄŸÄ±|yaÄŸmacÄ±
ğŸ‡¦ğŸ‡©|andorra
ğŸ‡¦ğŸ‡ª|birleÅŸik arap emirlikleri
ğŸ‡¦ğŸ‡«|afganistan
ğŸ‡¦ğŸ‡¬|antigua ve barbuda
ğŸ‡¦ğŸ‡®|anguilla
ğŸ‡¦ğŸ‡±|arnavutluk
ğŸ‡¦ğŸ‡²|ermenistan
ğŸ‡¦ğŸ‡´|angola
ğŸ‡¦ğŸ‡¶|antarktika
ğŸ‡¦ğŸ‡·|arjantin
ğŸ‡¦ğŸ‡¸|amerikan samoasÄ±
ğŸ‡¦ğŸ‡¹|avusturya
ğŸ‡¦ğŸ‡º|avustralya
ğŸ‡¦ğŸ‡¼|aruba
ğŸ‡¦ğŸ‡½|Ã¥land adalarÄ±
ğŸ‡¦ğŸ‡¿|azerbaycan
ğŸ‡§ğŸ‡¦|bosna-hersek
ğŸ‡§ğŸ‡§|barbados
ğŸ‡§ğŸ‡©|bangladeÅŸ
ğŸ‡§ğŸ‡ª|belÃ§ika
ğŸ‡§ğŸ‡«|burkina faso
ğŸ‡§ğŸ‡¬|bulgaristan
ğŸ‡§ğŸ‡­|bahreyn
ğŸ‡§ğŸ‡®|burundi
ğŸ‡§ğŸ‡¯|benin
ğŸ‡§ğŸ‡±|saint barthelemy
ğŸ‡§ğŸ‡²|bermuda
ğŸ‡§ğŸ‡³|brunei
ğŸ‡§ğŸ‡´|bolivya
ğŸ‡§ğŸ‡¶|karayip hollandasÄ±
ğŸ‡§ğŸ‡·|brezilya
ğŸ‡§ğŸ‡¸|bahamalar
ğŸ‡§ğŸ‡¹|butan
ğŸ‡§ğŸ‡¼|botsvana
ğŸ‡§ğŸ‡¾|belarus
ğŸ‡§ğŸ‡¿|belize
ğŸ‡¨ğŸ‡¦|kanada
ğŸ‡¨ğŸ‡¨|cocos (keeling) adalarÄ±
ğŸ‡¨ğŸ‡©|kongo - kinÅŸasa
ğŸ‡¨ğŸ‡«|orta afrika cumhuriyeti
ğŸ‡¨ğŸ‡¬|kongo - brazavil
ğŸ‡¨ğŸ‡­|isviÃ§re
ğŸ‡¨ğŸ‡®|cÃ´te dâ€™Ä±voire
ğŸ‡¨ğŸ‡°|cook adalarÄ±
ğŸ‡¨ğŸ‡±|ÅŸili
ğŸ‡¨ğŸ‡²|kamerun
ğŸ‡¨ğŸ‡³|Ã§in
ğŸ‡¨ğŸ‡´|kolombiya
ğŸ‡¨ğŸ‡·|kosta rika
ğŸ‡¨ğŸ‡º|kÃ¼ba
ğŸ‡¨ğŸ‡»|cabo verde
ğŸ‡¨ğŸ‡¼|curaÃ§ao
ğŸ‡¨ğŸ‡½|christmas adasÄ±
ğŸ‡¨ğŸ‡¾|kÄ±brÄ±s
ğŸ‡¨ğŸ‡¿|Ã§ekya
ğŸ‡©ğŸ‡ª|almanya
ğŸ‡©ğŸ‡¯|cibuti
ğŸ‡©ğŸ‡°|danimarka
ğŸ‡©ğŸ‡²|dominika
ğŸ‡©ğŸ‡´|dominik cumhuriyeti
ğŸ‡©ğŸ‡¿|cezayir
ğŸ‡ªğŸ‡¨|ekvador
ğŸ‡ªğŸ‡ª|estonya
ğŸ‡ªğŸ‡¬|mÄ±sÄ±r
ğŸ‡ªğŸ‡­|batÄ± sahra
ğŸ‡ªğŸ‡·|eritre
ğŸ‡ªğŸ‡¸|ispanya
ğŸ‡ªğŸ‡¹|etiyopya
ğŸ‡ªğŸ‡º|avrupa birliÄŸi
ğŸ‡«ğŸ‡®|finlandiya
ğŸ‡«ğŸ‡¯|fiji
ğŸ‡«ğŸ‡°|falkland adalarÄ±
ğŸ‡«ğŸ‡²|mikronezya
ğŸ‡«ğŸ‡´|faroe adalarÄ±
ğŸ‡«ğŸ‡·|fransa
ğŸ‡¬ğŸ‡¦|gabon
ğŸ‡¬ğŸ‡§|birleÅŸik krallÄ±k
ğŸ‡¬ğŸ‡©|grenada
ğŸ‡¬ğŸ‡ª|gÃ¼rcistan
ğŸ‡¬ğŸ‡«|fransÄ±z guyanasÄ±
ğŸ‡¬ğŸ‡¬|guernsey
ğŸ‡¬ğŸ‡­|gana
ğŸ‡¬ğŸ‡®|cebelitarÄ±k
ğŸ‡¬ğŸ‡±|grÃ¶nland
ğŸ‡¬ğŸ‡²|gambiya
ğŸ‡¬ğŸ‡³|gine
ğŸ‡¬ğŸ‡µ|guadeloupe
ğŸ‡¬ğŸ‡¶|ekvator ginesi
ğŸ‡¬ğŸ‡·|yunanistan
ğŸ‡¬ğŸ‡¸|gÃ¼ney georgia ve gÃ¼ney sandwich adalarÄ±
ğŸ‡¬ğŸ‡¹|guatemala
ğŸ‡¬ğŸ‡º|guam
ğŸ‡¬ğŸ‡¼|gine-bissau
ğŸ‡¬ğŸ‡¾|guyana
ğŸ‡­ğŸ‡°|Ã§in hong kong Ã¶ib
ğŸ‡­ğŸ‡³|honduras
ğŸ‡­ğŸ‡·|hÄ±rvatistan
ğŸ‡­ğŸ‡¹|haiti
ğŸ‡­ğŸ‡º|macaristan
ğŸ‡®ğŸ‡¨|kanarya adalarÄ±
ğŸ‡®ğŸ‡©|endonezya
ğŸ‡®ğŸ‡ª|irlanda
ğŸ‡®ğŸ‡±|israil
ğŸ‡®ğŸ‡²|man adasÄ±
ğŸ‡®ğŸ‡³|hindistan
ğŸ‡®ğŸ‡´|britanya hint okyanusu topraklarÄ±
ğŸ‡®ğŸ‡¶|Ä±rak
ğŸ‡®ğŸ‡·|iran
ğŸ‡®ğŸ‡¸|izlanda
ğŸ‡®ğŸ‡¹|italya
ğŸ‡¯ğŸ‡ª|jersey
ğŸ‡¯ğŸ‡²|jamaika
ğŸ‡¯ğŸ‡´|Ã¼rdÃ¼n
ğŸ‡¯ğŸ‡µ|japonya
ğŸ‡°ğŸ‡ª|kenya
ğŸ‡°ğŸ‡¬|kÄ±rgÄ±zistan
ğŸ‡°ğŸ‡­|kamboÃ§ya
ğŸ‡°ğŸ‡®|kiribati
ğŸ‡°ğŸ‡²|komorlar
ğŸ‡°ğŸ‡³|saint kitts ve nevis
ğŸ‡°ğŸ‡µ|kuzey kore
ğŸ‡°ğŸ‡·|gÃ¼ney kore
ğŸ‡°ğŸ‡¼|kuveyt
ğŸ‡°ğŸ‡¾|cayman adalarÄ±
ğŸ‡°ğŸ‡¿|kazakistan
ğŸ‡±ğŸ‡¦|laos
ğŸ‡±ğŸ‡§|lÃ¼bnan
ğŸ‡±ğŸ‡¨|saint lucia
ğŸ‡±ğŸ‡®|liechtenstein
ğŸ‡±ğŸ‡°|sri lanka
ğŸ‡±ğŸ‡·|liberya
ğŸ‡±ğŸ‡¸|lesotho
ğŸ‡±ğŸ‡¹|litvanya
ğŸ‡±ğŸ‡º|lÃ¼ksemburg
ğŸ‡±ğŸ‡»|letonya
ğŸ‡±ğŸ‡¾|libya
ğŸ‡²ğŸ‡¦|fas
ğŸ‡²ğŸ‡¨|monako
ğŸ‡²ğŸ‡©|moldova
ğŸ‡²ğŸ‡ª|karadaÄŸ
ğŸ‡²ğŸ‡¬|madagaskar
ğŸ‡²ğŸ‡­|marshall adalarÄ±
ğŸ‡²ğŸ‡°|kuzey makedonya
ğŸ‡²ğŸ‡±|mali
ğŸ‡²ğŸ‡²|myanmar (burma)
ğŸ‡²ğŸ‡³|moÄŸolistan
ğŸ‡²ğŸ‡´|Ã§in makao Ã¶ib
ğŸ‡²ğŸ‡µ|kuzey mariana adalarÄ±
ğŸ‡²ğŸ‡¶|martinik
ğŸ‡²ğŸ‡·|moritanya
ğŸ‡²ğŸ‡¸|montserrat
ğŸ‡²ğŸ‡¹|malta
ğŸ‡²ğŸ‡º|mauritius
ğŸ‡²ğŸ‡»|maldivler
ğŸ‡²ğŸ‡¼|malavi
ğŸ‡²ğŸ‡½|meksika
ğŸ‡²ğŸ‡¾|malezya
ğŸ‡²ğŸ‡¿|mozambik
ğŸ‡³ğŸ‡¦|namibya
ğŸ‡³ğŸ‡¨|yeni kaledonya
ğŸ‡³ğŸ‡ª|nijer
ğŸ‡³ğŸ‡«|norfolk adasÄ±
ğŸ‡³ğŸ‡¬|nijerya
ğŸ‡³ğŸ‡®|nikaragua
ğŸ‡³ğŸ‡±|hollanda
ğŸ‡³ğŸ‡´|norveÃ§
ğŸ‡³ğŸ‡µ|nepal
ğŸ‡³ğŸ‡·|nauru
ğŸ‡³ğŸ‡º|niue
ğŸ‡³ğŸ‡¿|yeni zelanda
ğŸ‡´ğŸ‡²|umman
ğŸ‡µğŸ‡¦|panama
ğŸ‡µğŸ‡ª|peru
ğŸ‡µğŸ‡«|fransÄ±z polinezyasÄ±
ğŸ‡µğŸ‡¬|papua yeni gine
ğŸ‡µğŸ‡­|filipinler
ğŸ‡µğŸ‡°|pakistan
ğŸ‡µğŸ‡±|polonya
ğŸ‡µğŸ‡²|saint pierre ve miquelon
ğŸ‡µğŸ‡³|pitcairn adalarÄ±
ğŸ‡µğŸ‡·|porto riko
ğŸ‡µğŸ‡¸|filistin bÃ¶lgeleri
ğŸ‡µğŸ‡¹|portekiz
ğŸ‡µğŸ‡¼|palau
ğŸ‡µğŸ‡¾|paraguay
ğŸ‡¶ğŸ‡¦|katar
ğŸ‡·ğŸ‡ª|reunion
ğŸ‡·ğŸ‡´|romanya
ğŸ‡·ğŸ‡¸|sÄ±rbistan
ğŸ‡·ğŸ‡º|rusya
ğŸ‡·ğŸ‡¼|ruanda
ğŸ‡¸ğŸ‡¦|suudi arabistan
ğŸ‡¸ğŸ‡§|solomon adalarÄ±
ğŸ‡¸ğŸ‡¨|seyÅŸeller
ğŸ‡¸ğŸ‡©|sudan
ğŸ‡¸ğŸ‡ª|isveÃ§
ğŸ‡¸ğŸ‡¬|singapur
ğŸ‡¸ğŸ‡­|saint helena
ğŸ‡¸ğŸ‡®|slovenya
ğŸ‡¸ğŸ‡°|slovakya
ğŸ‡¸ğŸ‡±|sierra leone
ğŸ‡¸ğŸ‡²|san marino
ğŸ‡¸ğŸ‡³|senegal
ğŸ‡¸ğŸ‡´|somali
ğŸ‡¸ğŸ‡·|surinam
ğŸ‡¸ğŸ‡¸|gÃ¼ney sudan
ğŸ‡¸ğŸ‡¹|sao tome ve principe
ğŸ‡¸ğŸ‡»|el salvador
ğŸ‡¸ğŸ‡½|sint maarten
ğŸ‡¸ğŸ‡¾|suriye
ğŸ‡¸ğŸ‡¿|esvatini
ğŸ‡¹ğŸ‡¨|turks ve caicos adalarÄ±
ğŸ‡¹ğŸ‡©|Ã§ad
ğŸ‡¹ğŸ‡«|fransÄ±z gÃ¼ney topraklarÄ±
ğŸ‡¹ğŸ‡¬|togo
ğŸ‡¹ğŸ‡­|tayland
ğŸ‡¹ğŸ‡¯|tacikistan
ğŸ‡¹ğŸ‡°|tokelau
ğŸ‡¹ğŸ‡±|timor-leste
ğŸ‡¹ğŸ‡²|tÃ¼rkmenistan
ğŸ‡¹ğŸ‡³|tunus
ğŸ‡¹ğŸ‡´|tonga
ğŸ‡¹ğŸ‡·|tÃ¼rkiye
ğŸ‡¹ğŸ‡¹|trinidad ve tobago
ğŸ‡¹ğŸ‡»|tuvalu
ğŸ‡¹ğŸ‡¼|tayvan
ğŸ‡¹ğŸ‡¿|tanzanya
ğŸ‡ºğŸ‡¦|ukrayna
ğŸ‡ºğŸ‡¬|uganda
ğŸ‡ºğŸ‡¸|amerika birleÅŸik devletleri
ğŸ‡ºğŸ‡¾|uruguay
ğŸ‡ºğŸ‡¿|Ã¶zbekistan
ğŸ‡»ğŸ‡¦|vatikan
ğŸ‡»ğŸ‡¨|saint vincent ve grenadinler
ğŸ‡»ğŸ‡ª|venezuela
ğŸ‡»ğŸ‡¬|britanya virjin adalarÄ±
ğŸ‡»ğŸ‡®|abd virjin adalarÄ±
ğŸ‡»ğŸ‡³|vietnam
ğŸ‡»ğŸ‡º|vanuatu
ğŸ‡¼ğŸ‡«|wallis ve futuna
ğŸ‡¼ğŸ‡¸|samoa
ğŸ‡½ğŸ‡°|kosova
ğŸ‡¾ğŸ‡ª|yemen
ğŸ‡¾ğŸ‡¹|mayotte
ğŸ‡¿ğŸ‡¦|gÃ¼ney afrika
ğŸ‡¿ğŸ‡²|zambiya
ğŸ‡¿ğŸ‡¼|zimbabve
ğŸ´ó §ó ¢ó ¥ó ®ó §ó ¿|ingiltere
ğŸ´ó §ó ¢ó ³ó £ó ´ó ¿|iskoÃ§ya
ğŸ´ó §ó ¢ó ·ó ¬ó ³ó ¿|galler